2026-07-13 23:05:26,410 DEBUG AlphaScanner.UI.Scanner render_tab(scan_type=Breakout, universe=Nifty 500, scan_mode=Entry Scanner, timeframe=1d, use_cache=False, run_scan=False)
2026-07-13 23:05:37,908 DEBUG AlphaScanner.UI.Scanner render_tab(scan_type=Modular Momentum, universe=Nifty 500, scan_mode=Entry Scanner, timeframe=1d, use_cache=False, run_scan=False)
2026-07-13 23:05:41,755 DEBUG AlphaScanner.UI.Scanner render_tab(scan_type=Modular Momentum, universe=Nifty 500, scan_mode=Entry Scanner, timeframe=1d, use_cache=False, run_scan=True)
2026-07-13 23:05:42,514 DEBUG AlphaScanner.UI.Scanner Starting fresh scan with min_cap=0 max_cap=0 sector_map_size=500
2026-07-13 23:05:42,514 DEBUG AlphaScanner.Service perform_fresh_scan(scanner_type=Modular Momentum, universe=Nifty 500, timeframe=1d, scan_mode=Entry Scanner, use_cache=False, vol_thresh=0.6, rsi_min=35, rsi_max=75, dist_thresh=5.0, min_mkt_cap_cr=0, max_mkt_cap_cr=0)
2026-07-13 23:05:42,515 DEBUG AlphaScanner.Service Routing to modular scanner with config={'universe': 'Nifty 500', 'min_candles': 300, 'interval': '1d', 'lookback_period': '2y', 'max_candidates': 15, 'min_total_score': 25.0, 'watchlist_min_score': 60.0, 'entry_min_score': 70.0, 'watchlist_trend_weight': 0.2, 'watchlist_base_weight': 0.35, 'watchlist_volume_weight': 0.2, 'watchlist_rs_weight': 0.15, 'watchlist_sector_weight': 0.1, 'entry_trend_weight': 0.2, 'entry_breakout_weight': 0.25, 'entry_volume_weight': 0.2, 'entry_rs_weight': 0.15, 'entry_sector_weight': 0.15, 'entry_risk_weight': 0.1, 'watchlist_price_above_ema200': True, 'watchlist_base_high_pct': 5.0, 'watchlist_base_range_pct': 10.0, 'watchlist_base_days_min': 10, 'watchlist_atr_contraction_pct': -15.0, 'watchlist_bbw_contraction_pct': -20.0, 'watchlist_volume_dryup_pct': -25.0, 'watchlist_rs_min': 60.0, 'watchlist_sector_strength_min': 0.0, 'entry_breakout_volume_ratio': 2.0, 'entry_rs_rank_min': 80.0, 'entry_risk_reward_min': 2.0, 'entry_extension_pct': 10.0, 'entry_atr_expansion_pct': 1.8, 'quality_filter_enabled': True, 'quality_min_avg_volume': 0.0, 'quality_min_avg_turnover': 0.0, 'quality_min_market_cap_cr': 0.0, 'quality_max_market_cap_cr': 0.0, 'quality_market_cap_mode': 'Custom', 'quality_market_cap_custom_symbols': [], 'quality_min_relative_strength': 0.0, 'quality_min_sector_strength': 0.0, 'quality_require_price_above_ema200': False, 'quality_require_ema_alignment': False, 'quality_require_trend_template': False, 'quality_require_higher_highs': False, 'quality_require_higher_lows': False, 'quality_market_bearish_multiplier': 1.25, 'quality_market_bullish_multiplier': 1.0, 'quality_market_neutral_multiplier': 1.0, 'quality_market_caution_multiplier': 1.1, 'setup_engine_enabled': True, 'setup_min_base_weeks': 8, 'setup_max_base_depth_pct': 18.0, 'setup_max_base_duration_weeks': 24, 'setup_max_distance_to_high_pct': 8.0, 'setup_volume_long_window': 50, 'setup_volume_short_window': 20, 'setup_min_compression_score': 40.0, 'setup_min_volume_score': 35.0, 'setup_min_resistance_score': 35.0, 'setup_min_structure_score': 40.0, 'setup_min_risk_score': 35.0, 'setup_weight_base': 0.2, 'setup_weight_compression': 0.2, 'setup_weight_volume': 0.15, 'setup_weight_resistance': 0.2, 'setup_weight_structure': 0.15, 'setup_weight_risk': 0.1, 'setup_professional_threshold': 90.0, 'setup_excellent_threshold': 80.0, 'setup_good_threshold': 70.0, 'setup_average_threshold': 55.0, 'transition_engine_enabled': True, 'transition_history_window': 10, 'transition_min_setup_velocity_score': 55.0, 'transition_min_rs_acceleration_score': 55.0, 'transition_min_volume_transition_score': 55.0, 'transition_min_compression_evolution_score': 55.0, 'transition_min_resistance_pressure_score': 50.0, 'transition_min_price_acceptance_score': 50.0, 'transition_min_opportunity_velocity_score': 60.0, 'transition_weight_setup_velocity': 0.18, 'transition_weight_rs_acceleration': 0.14, 'transition_weight_volume_transition': 0.18, 'transition_weight_compression_evolution': 0.14, 'transition_weight_resistance_pressure': 0.12, 'transition_weight_price_acceptance': 0.1, 'transition_weight_opportunity_velocity': 0.14, 'transition_professional_threshold': 90.0, 'transition_strong_threshold': 80.0, 'transition_building_threshold': 70.0, 'transition_watch_threshold': 55.0, 'trigger_engine_enabled': True, 'trigger_enable_pocket_pivot': True, 'trigger_enable_relative_volume': True, 'trigger_enable_breakout_confirmation': True, 'trigger_enable_closing_strength': True, 'trigger_enable_rs_confirmation': True, 'trigger_enable_volume_confirmation': True, 'trigger_enable_intraday_confirmation': False, 'trigger_min_setup_score': 70.0, 'trigger_min_transition_score': 70.0, 'trigger_pocket_pivot_volume_ratio': 1.5, 'trigger_pocket_pivot_close_location_min': 0.7, 'trigger_relative_volume_5d_min': 1.2, 'trigger_relative_volume_10d_min': 1.1, 'trigger_relative_volume_20d_min': 1.0, 'trigger_breakout_buffer_pct': 0.25, 'trigger_breakout_volume_ratio_min': 1.5, 'trigger_close_location_min': 0.8, 'trigger_close_strength_min': 0.75, 'trigger_rs_proxy_min': 105.0, 'trigger_rs_transition_min': 55.0, 'trigger_volume_transition_min': 60.0, 'trigger_intraday_vwap_hold_min': 0.0, 'trigger_intraday_rvol_min': 1.2, 'trigger_intraday_high_hold_min': 0.95, 'trigger_buy_min_passes': 5, 'trigger_watch_min_passes': 3, 'trigger_wait_min_passes': 2, 'market_regime_trend_weight': 0.3, 'market_regime_breadth_weight': 0.25, 'market_regime_momentum_weight': 0.2, 'market_regime_volume_weight': 0.15, 'market_regime_volatility_weight': 0.1, 'market_regime_bullish_threshold': 75.0, 'market_regime_neutral_threshold': 55.0, 'market_regime_caution_threshold': 40.0, 'market_regime_bearish_threshold': 0.0, 'market_regime_bullish_penalty': 1.0, 'market_regime_neutral_penalty': 0.95, 'market_regime_caution_penalty': 0.85, 'market_regime_bearish_penalty': 0.7, 'market_regime_buy_min_bullish': 80.0, 'market_regime_buy_min_neutral': 85.0, 'market_regime_buy_min_caution': 90.0, 'market_regime_buy_min_bearish': 95.0, 'market_regime_nifty50_period': '2y', 'market_regime_nifty500_period': '2y', 'market_regime_breadth_min_above_ema20': 45.0, 'market_regime_breadth_min_above_ema50': 40.0, 'market_regime_breadth_min_above_ema200': 25.0, 'market_regime_atr_window': 14, 'market_regime_volume_window': 20, 'market_regime_volatility_window': 20, 'market_regime_momentum_return_cap_pct': 10.0, 'market_regime_ema_buffer_pct': 0.5, 'market_regime_distribution_day_window': 20, 'market_regime_accumulation_day_window': 20, 'market_regime_volume_trend_threshold_pct': 10.0, 'market_regime_volatility_high_threshold_pct': 15.0, 'market_regime_volatility_mid_threshold_pct': 8.0, 'market_regime_accumulation_edge_days': 2, 'market_regime_distribution_edge_days': 2, 'mtf_weekly_weight': 20.0, 'mtf_daily_weight': 50.0, 'mtf_hourly_weight': 30.0, 'mtf_weekly_max_points': 20.0, 'mtf_daily_max_points': 50.0, 'mtf_hourly_max_points': 30.0, 'mtf_strong_buy_threshold': 90.0, 'mtf_buy_threshold': 80.0, 'mtf_watch_threshold': 65.0, 'mtf_wait_threshold': 50.0, 'mtf_weekly_bullish_threshold': 14.0, 'mtf_weekly_neutral_threshold': 10.0, 'mtf_weekly_bearish_threshold': 6.0, 'mtf_daily_bullish_threshold': 35.0, 'mtf_daily_neutral_threshold': 25.0, 'mtf_hourly_bullish_threshold': 20.0, 'mtf_hourly_neutral_threshold': 12.0, 'mtf_weekly_lookback_period': '2y', 'mtf_daily_lookback_period': '1y', 'mtf_hourly_lookback_period': '60d', 'mtf_hourly_ema_fast': 20, 'mtf_hourly_ema_slow': 50, 'mtf_weekly_veto_enabled': True, 'mtf_enable_confirmation': False, 'ema_fast': 20, 'ema_medium': 50, 'ema_slow': 200, 'atr_window': 20, 'contraction_window': 20, 'volume_sma_window': 20, 'volume_contraction_lookback': 20, 'volume_multiplier': 1.6, 'relative_strength_window': 90, 'relative_strength_period_1': 30, 'relative_strength_period_2': 60, 'relative_strength_period_3': 90, 'relative_strength_min_data': 30, 'sector_lookback': 60, 'risk_atr_multiplier': 2.5, 'sector_blacklist': ['Financial Services', 'Utilities'], 'required_columns': ['Open', 'High', 'Low', 'Close', 'Volume']}
2026-07-13 23:05:42,516 INFO AlphaScanner.Scanner Starting dual-mode scanner with config {'universe': 'Nifty 500', 'min_candles': 300, 'interval': '1d', 'lookback_period': '2y', 'max_candidates': 15, 'min_total_score': 25.0, 'watchlist_min_score': 60.0, 'entry_min_score': 70.0, 'watchlist_trend_weight': 0.2, 'watchlist_base_weight': 0.35, 'watchlist_volume_weight': 0.2, 'watchlist_rs_weight': 0.15, 'watchlist_sector_weight': 0.1, 'entry_trend_weight': 0.2, 'entry_breakout_weight': 0.25, 'entry_volume_weight': 0.2, 'entry_rs_weight': 0.15, 'entry_sector_weight': 0.15, 'entry_risk_weight': 0.1, 'watchlist_price_above_ema200': True, 'watchlist_base_high_pct': 5.0, 'watchlist_base_range_pct': 10.0, 'watchlist_base_days_min': 10, 'watchlist_atr_contraction_pct': -15.0, 'watchlist_bbw_contraction_pct': -20.0, 'watchlist_volume_dryup_pct': -25.0, 'watchlist_rs_min': 60.0, 'watchlist_sector_strength_min': 0.0, 'entry_breakout_volume_ratio': 2.0, 'entry_rs_rank_min': 80.0, 'entry_risk_reward_min': 2.0, 'entry_extension_pct': 10.0, 'entry_atr_expansion_pct': 1.8, 'quality_filter_enabled': True, 'quality_min_avg_volume': 0.0, 'quality_min_avg_turnover': 0.0, 'quality_min_market_cap_cr': 0.0, 'quality_max_market_cap_cr': 0.0, 'quality_market_cap_mode': 'Custom', 'quality_market_cap_custom_symbols': [], 'quality_min_relative_strength': 0.0, 'quality_min_sector_strength': 0.0, 'quality_require_price_above_ema200': False, 'quality_require_ema_alignment': False, 'quality_require_trend_template': False, 'quality_require_higher_highs': False, 'quality_require_higher_lows': False, 'quality_market_bearish_multiplier': 1.25, 'quality_market_bullish_multiplier': 1.0, 'quality_market_neutral_multiplier': 1.0, 'quality_market_caution_multiplier': 1.1, 'setup_engine_enabled': True, 'setup_min_base_weeks': 8, 'setup_max_base_depth_pct': 18.0, 'setup_max_base_duration_weeks': 24, 'setup_max_distance_to_high_pct': 8.0, 'setup_volume_long_window': 50, 'setup_volume_short_window': 20, 'setup_min_compression_score': 40.0, 'setup_min_volume_score': 35.0, 'setup_min_resistance_score': 35.0, 'setup_min_structure_score': 40.0, 'setup_min_risk_score': 35.0, 'setup_weight_base': 0.2, 'setup_weight_compression': 0.2, 'setup_weight_volume': 0.15, 'setup_weight_resistance': 0.2, 'setup_weight_structure': 0.15, 'setup_weight_risk': 0.1, 'setup_professional_threshold': 90.0, 'setup_excellent_threshold': 80.0, 'setup_good_threshold': 70.0, 'setup_average_threshold': 55.0, 'transition_engine_enabled': True, 'transition_history_window': 10, 'transition_min_setup_velocity_score': 55.0, 'transition_min_rs_acceleration_score': 55.0, 'transition_min_volume_transition_score': 55.0, 'transition_min_compression_evolution_score': 55.0, 'transition_min_resistance_pressure_score': 50.0, 'transition_min_price_acceptance_score': 50.0, 'transition_min_opportunity_velocity_score': 60.0, 'transition_weight_setup_velocity': 0.18, 'transition_weight_rs_acceleration': 0.14, 'transition_weight_volume_transition': 0.18, 'transition_weight_compression_evolution': 0.14, 'transition_weight_resistance_pressure': 0.12, 'transition_weight_price_acceptance': 0.1, 'transition_weight_opportunity_velocity': 0.14, 'transition_professional_threshold': 90.0, 'transition_strong_threshold': 80.0, 'transition_building_threshold': 70.0, 'transition_watch_threshold': 55.0, 'trigger_engine_enabled': True, 'trigger_enable_pocket_pivot': True, 'trigger_enable_relative_volume': True, 'trigger_enable_breakout_confirmation': True, 'trigger_enable_closing_strength': True, 'trigger_enable_rs_confirmation': True, 'trigger_enable_volume_confirmation': True, 'trigger_enable_intraday_confirmation': False, 'trigger_min_setup_score': 70.0, 'trigger_min_transition_score': 70.0, 'trigger_pocket_pivot_volume_ratio': 1.5, 'trigger_pocket_pivot_close_location_min': 0.7, 'trigger_relative_volume_5d_min': 1.2, 'trigger_relative_volume_10d_min': 1.1, 'trigger_relative_volume_20d_min': 1.0, 'trigger_breakout_buffer_pct': 0.25, 'trigger_breakout_volume_ratio_min': 1.5, 'trigger_close_location_min': 0.8, 'trigger_close_strength_min': 0.75, 'trigger_rs_proxy_min': 105.0, 'trigger_rs_transition_min': 55.0, 'trigger_volume_transition_min': 60.0, 'trigger_intraday_vwap_hold_min': 0.0, 'trigger_intraday_rvol_min': 1.2, 'trigger_intraday_high_hold_min': 0.95, 'trigger_buy_min_passes': 5, 'trigger_watch_min_passes': 3, 'trigger_wait_min_passes': 2, 'market_regime_trend_weight': 0.3, 'market_regime_breadth_weight': 0.25, 'market_regime_momentum_weight': 0.2, 'market_regime_volume_weight': 0.15, 'market_regime_volatility_weight': 0.1, 'market_regime_bullish_threshold': 75.0, 'market_regime_neutral_threshold': 55.0, 'market_regime_caution_threshold': 40.0, 'market_regime_bearish_threshold': 0.0, 'market_regime_bullish_penalty': 1.0, 'market_regime_neutral_penalty': 0.95, 'market_regime_caution_penalty': 0.85, 'market_regime_bearish_penalty': 0.7, 'market_regime_buy_min_bullish': 80.0, 'market_regime_buy_min_neutral': 85.0, 'market_regime_buy_min_caution': 90.0, 'market_regime_buy_min_bearish': 95.0, 'market_regime_nifty50_period': '2y', 'market_regime_nifty500_period': '2y', 'market_regime_breadth_min_above_ema20': 45.0, 'market_regime_breadth_min_above_ema50': 40.0, 'market_regime_breadth_min_above_ema200': 25.0, 'market_regime_atr_window': 14, 'market_regime_volume_window': 20, 'market_regime_volatility_window': 20, 'market_regime_momentum_return_cap_pct': 10.0, 'market_regime_ema_buffer_pct': 0.5, 'market_regime_distribution_day_window': 20, 'market_regime_accumulation_day_window': 20, 'market_regime_volume_trend_threshold_pct': 10.0, 'market_regime_volatility_high_threshold_pct': 15.0, 'market_regime_volatility_mid_threshold_pct': 8.0, 'market_regime_accumulation_edge_days': 2, 'market_regime_distribution_edge_days': 2, 'mtf_weekly_weight': 20.0, 'mtf_daily_weight': 50.0, 'mtf_hourly_weight': 30.0, 'mtf_weekly_max_points': 20.0, 'mtf_daily_max_points': 50.0, 'mtf_hourly_max_points': 30.0, 'mtf_strong_buy_threshold': 90.0, 'mtf_buy_threshold': 80.0, 'mtf_watch_threshold': 65.0, 'mtf_wait_threshold': 50.0, 'mtf_weekly_bullish_threshold': 14.0, 'mtf_weekly_neutral_threshold': 10.0, 'mtf_weekly_bearish_threshold': 6.0, 'mtf_daily_bullish_threshold': 35.0, 'mtf_daily_neutral_threshold': 25.0, 'mtf_hourly_bullish_threshold': 20.0, 'mtf_hourly_neutral_threshold': 12.0, 'mtf_weekly_lookback_period': '2y', 'mtf_daily_lookback_period': '1y', 'mtf_hourly_lookback_period': '60d', 'mtf_hourly_ema_fast': 20, 'mtf_hourly_ema_slow': 50, 'mtf_weekly_veto_enabled': True, 'mtf_enable_confirmation': False, 'ema_fast': 20, 'ema_medium': 50, 'ema_slow': 200, 'atr_window': 20, 'contraction_window': 20, 'volume_sma_window': 20, 'volume_contraction_lookback': 20, 'volume_multiplier': 1.6, 'relative_strength_window': 90, 'relative_strength_period_1': 30, 'relative_strength_period_2': 60, 'relative_strength_period_3': 90, 'relative_strength_min_data': 30, 'sector_lookback': 60, 'risk_atr_multiplier': 2.5, 'sector_blacklist': ['Financial Services', 'Utilities'], 'required_columns': ['Open', 'High', 'Low', 'Close', 'Volume']}
2026-07-13 23:05:42,517 DEBUG AlphaScanner.Scanner Dual-mode scan requested with universe=Nifty 500 interval=1d min_candles=300 use_cache=False
2026-07-13 23:05:42,658 INFO AlphaScanner.Engine Fetched 500 symbols for Nifty 500 from https://archives.nseindia.com/content/indices/ind_nifty500list.csv
2026-07-13 23:05:42,741 DEBUG AlphaScanner.Data get_universe(Nifty 500) -> 500 symbols
2026-07-13 23:05:42,741 DEBUG AlphaScanner.Scanner Resolved universe size=500 head=['360ONE.NS', '3MINDIA.NS', 'ABB.NS', 'ACC.NS', 'ACMESOLAR.NS']
2026-07-13 23:05:42,745 INFO AlphaScanner.Scanner Downloading history for 500 tickers...
2026-07-13 23:05:42,747 DEBUG AlphaScanner.Data download_history_batch(size=500, period=2y, interval=1d, use_cache=False, head=['360ONE.NS', '3MINDIA.NS', 'AADHARHFC.NS', 'AARTIIND.NS', 'AAVAS.NS'])
2026-07-13 23:07:19,056 DEBUG AlphaScanner.Data download_history_batch result count=500
2026-07-13 23:07:19,058 INFO AlphaScanner.Scanner Downloaded history for 500 tickers.
2026-07-13 23:07:19,059 INFO AlphaScanner.Scanner Processing 500 tickers...
2026-07-13 23:07:19,240 WARNING AlphaScanner.Transition Transition history lookup failed for 360ONE.NS: no such column: transition_score
2026-07-13 23:07:19,245 WARNING AlphaScanner.Transition Transition history lookup failed for ABCAPITAL.NS: no such column: transition_score
2026-07-13 23:07:19,285 WARNING AlphaScanner.Transition Transition history lookup failed for AADHARHFC.NS: no such column: transition_score
2026-07-13 23:07:19,322 WARNING AlphaScanner.Transition Transition history lookup failed for AAVAS.NS: no such column: transition_score
2026-07-13 23:07:19,350 WARNING AlphaScanner.Transition Transition history lookup failed for ABB.NS: no such column: transition_score
2026-07-13 23:07:19,395 WARNING AlphaScanner.Transition Transition history lookup failed for AARTIIND.NS: no such column: transition_score
2026-07-13 23:07:19,413 WARNING AlphaScanner.Transition Transition history lookup failed for ABBOTINDIA.NS: no such column: transition_score
2026-07-13 23:07:19,428 WARNING AlphaScanner.Transition Transition history lookup failed for 3MINDIA.NS: no such column: transition_score
2026-07-13 23:07:19,624 WARNING AlphaScanner.Transition Transition history lookup failed for ABCAPITAL.NS: no such column: transition_score
2026-07-13 23:07:19,659 WARNING AlphaScanner.Transition Transition history lookup failed for AADHARHFC.NS: no such column: transition_score
2026-07-13 23:07:19,809 WARNING AlphaScanner.Transition Transition history lookup failed for ABBOTINDIA.NS: no such column: transition_score
2026-07-13 23:07:19,810 WARNING AlphaScanner.Transition Transition history lookup failed for AARTIIND.NS: no such column: transition_score
2026-07-13 23:07:19,810 WARNING AlphaScanner.Transition Transition history lookup failed for 360ONE.NS: no such column: transition_score
2026-07-13 23:07:19,810 WARNING AlphaScanner.Transition Transition history lookup failed for AAVAS.NS: no such column: transition_score
2026-07-13 23:07:19,959 WARNING AlphaScanner.Transition Transition history lookup failed for ABB.NS: no such column: transition_score
2026-07-13 23:07:19,959 WARNING AlphaScanner.Transition Transition history lookup failed for 3MINDIA.NS: no such column: transition_score
2026-07-13 23:07:20,161 WARNING AlphaScanner.Transition Transition history lookup failed for ABFRL.NS: no such column: transition_score
2026-07-13 23:07:20,165 WARNING AlphaScanner.Transition Transition history lookup failed for ABDL.NS: no such column: transition_score
2026-07-13 23:07:20,166 WARNING AlphaScanner.Transition Transition history lookup failed for ABREL.NS: no such column: transition_score
2026-07-13 23:07:20,278 WARNING AlphaScanner.Transition Transition history lookup failed for ACC.NS: no such column: transition_score
2026-07-13 23:07:20,309 WARNING AlphaScanner.Transition Transition history lookup failed for ABSLAMC.NS: no such column: transition_score
2026-07-13 23:07:20,391 WARNING AlphaScanner.Transition Transition history lookup failed for ABDL.NS: no such column: transition_score
2026-07-13 23:07:20,520 WARNING AlphaScanner.Transition Transition history lookup failed for ABFRL.NS: no such column: transition_score
2026-07-13 23:07:20,548 WARNING AlphaScanner.Transition Transition history lookup failed for ACE.NS: no such column: transition_score
2026-07-13 23:07:20,582 WARNING AlphaScanner.Transition Transition history lookup failed for ACMESOLAR.NS: no such column: transition_score
2026-07-13 23:07:20,688 WARNING AlphaScanner.Transition Transition history lookup failed for ABREL.NS: no such column: transition_score
2026-07-13 23:07:20,808 WARNING AlphaScanner.Transition Transition history lookup failed for ACUTAAS.NS: no such column: transition_score
2026-07-13 23:07:20,875 WARNING AlphaScanner.Transition Transition history lookup failed for ADANIENSOL.NS: no such column: transition_score
2026-07-13 23:07:20,879 WARNING AlphaScanner.Transition Transition history lookup failed for ABSLAMC.NS: no such column: transition_score
2026-07-13 23:07:20,912 WARNING AlphaScanner.Transition Transition history lookup failed for ACMESOLAR.NS: no such column: transition_score
2026-07-13 23:07:20,913 WARNING AlphaScanner.Transition Transition history lookup failed for ACE.NS: no such column: transition_score
2026-07-13 23:07:20,950 WARNING AlphaScanner.Transition Transition history lookup failed for ACC.NS: no such column: transition_score
2026-07-13 23:07:20,963 WARNING AlphaScanner.Transition Transition history lookup failed for ADANIENT.NS: no such column: transition_score
2026-07-13 23:07:21,082 WARNING AlphaScanner.Transition Transition history lookup failed for ADANIGREEN.NS: no such column: transition_score
2026-07-13 23:07:21,179 WARNING AlphaScanner.Transition Transition history lookup failed for ACUTAAS.NS: no such column: transition_score
2026-07-13 23:07:21,273 WARNING AlphaScanner.Transition Transition history lookup failed for ADANIENSOL.NS: no such column: transition_score
2026-07-13 23:07:21,302 WARNING AlphaScanner.Transition Transition history lookup failed for ADANIPORTS.NS: no such column: transition_score
2026-07-13 23:07:21,476 WARNING AlphaScanner.Transition Transition history lookup failed for AEGISLOG.NS: no such column: transition_score
2026-07-13 23:07:21,482 WARNING AlphaScanner.Transition Transition history lookup failed for ADANIPOWER.NS: no such column: transition_score
2026-07-13 23:07:21,569 WARNING AlphaScanner.Transition Transition history lookup failed for ADANIGREEN.NS: no such column: transition_score
2026-07-13 23:07:21,651 WARNING AlphaScanner.Transition Transition history lookup failed for AFCONS.NS: no such column: transition_score
2026-07-13 23:07:21,688 WARNING AlphaScanner.Transition Transition history lookup failed for ADANIENT.NS: no such column: transition_score
2026-07-13 23:07:21,800 WARNING AlphaScanner.Transition Transition history lookup failed for AFFLE.NS: no such column: transition_score
2026-07-13 23:07:21,849 WARNING AlphaScanner.Transition Transition history lookup failed for ADANIPORTS.NS: no such column: transition_score
2026-07-13 23:07:21,854 WARNING AlphaScanner.Transition Transition history lookup failed for AIAENG.NS: no such column: transition_score
2026-07-13 23:07:21,855 WARNING AlphaScanner.Transition Transition history lookup failed for AIIL.NS: no such column: transition_score
2026-07-13 23:07:21,861 WARNING AlphaScanner.Transition Transition history lookup failed for AEGISLOG.NS: no such column: transition_score
2026-07-13 23:07:21,938 WARNING AlphaScanner.Transition Transition history lookup failed for AJANTPHARM.NS: no such column: transition_score
2026-07-13 23:07:22,067 WARNING AlphaScanner.Transition Transition history lookup failed for ADANIPOWER.NS: no such column: transition_score
2026-07-13 23:07:22,228 WARNING AlphaScanner.Transition Transition history lookup failed for AFCONS.NS: no such column: transition_score
2026-07-13 23:07:22,318 WARNING AlphaScanner.Transition Transition history lookup failed for AIIL.NS: no such column: transition_score
2026-07-13 23:07:22,324 WARNING AlphaScanner.Transition Transition history lookup failed for ALKEM.NS: no such column: transition_score
2026-07-13 23:07:22,326 WARNING AlphaScanner.Transition Transition history lookup failed for AFFLE.NS: no such column: transition_score
2026-07-13 23:07:22,397 WARNING AlphaScanner.Transition Transition history lookup failed for AMBER.NS: no such column: transition_score
2026-07-13 23:07:22,540 WARNING AlphaScanner.Transition Transition history lookup failed for AMBUJACEM.NS: no such column: transition_score
2026-07-13 23:07:22,540 WARNING AlphaScanner.Transition Transition history lookup failed for AIAENG.NS: no such column: transition_score
2026-07-13 23:07:22,552 WARNING AlphaScanner.Transition Transition history lookup failed for AJANTPHARM.NS: no such column: transition_score
2026-07-13 23:07:22,644 WARNING AlphaScanner.Transition Transition history lookup failed for ALKEM.NS: no such column: transition_score
2026-07-13 23:07:22,756 WARNING AlphaScanner.Transition Transition history lookup failed for AMBER.NS: no such column: transition_score
2026-07-13 23:07:22,767 WARNING AlphaScanner.Transition Transition history lookup failed for AMBUJACEM.NS: no such column: transition_score
2026-07-13 23:07:22,967 WARNING AlphaScanner.Transition Transition history lookup failed for ANANDRATHI.NS: no such column: transition_score
2026-07-13 23:07:23,024 WARNING AlphaScanner.Transition Transition history lookup failed for ANURAS.NS: no such column: transition_score
2026-07-13 23:07:23,032 WARNING AlphaScanner.Transition Transition history lookup failed for ANGELONE.NS: no such column: transition_score
2026-07-13 23:07:23,064 WARNING AlphaScanner.Transition Transition history lookup failed for ANANTRAJ.NS: no such column: transition_score
2026-07-13 23:07:23,133 WARNING AlphaScanner.Transition Transition history lookup failed for APLAPOLLO.NS: no such column: transition_score
2026-07-13 23:07:23,161 WARNING AlphaScanner.Transition Transition history lookup failed for APARINDS.NS: no such column: transition_score
2026-07-13 23:07:23,240 WARNING AlphaScanner.Transition Transition history lookup failed for APOLLOHOSP.NS: no such column: transition_score
2026-07-13 23:07:23,335 WARNING AlphaScanner.Transition Transition history lookup failed for APOLLOTYRE.NS: no such column: transition_score
2026-07-13 23:07:23,389 WARNING AlphaScanner.Transition Transition history lookup failed for ANANTRAJ.NS: no such column: transition_score
2026-07-13 23:07:23,423 WARNING AlphaScanner.Transition Transition history lookup failed for ANANDRATHI.NS: no such column: transition_score
2026-07-13 23:07:23,456 WARNING AlphaScanner.Transition Transition history lookup failed for APLAPOLLO.NS: no such column: transition_score
2026-07-13 23:07:23,475 WARNING AlphaScanner.Transition Transition history lookup failed for ANGELONE.NS: no such column: transition_score
2026-07-13 23:07:23,475 WARNING AlphaScanner.Transition Transition history lookup failed for ANURAS.NS: no such column: transition_score
2026-07-13 23:07:23,669 WARNING AlphaScanner.Transition Transition history lookup failed for APOLLOHOSP.NS: no such column: transition_score
2026-07-13 23:07:23,744 WARNING AlphaScanner.Transition Transition history lookup failed for APARINDS.NS: no such column: transition_score
2026-07-13 23:07:23,839 WARNING AlphaScanner.Transition Transition history lookup failed for APOLLOTYRE.NS: no such column: transition_score
2026-07-13 23:07:23,968 WARNING AlphaScanner.Transition Transition history lookup failed for ARE&M.NS: no such column: transition_score
2026-07-13 23:07:23,969 WARNING AlphaScanner.Transition Transition history lookup failed for APTUS.NS: no such column: transition_score
2026-07-13 23:07:24,098 WARNING AlphaScanner.Transition Transition history lookup failed for ASAHIINDIA.NS: no such column: transition_score
2026-07-13 23:07:24,190 WARNING AlphaScanner.Transition Transition history lookup failed for ARE&M.NS: no such column: transition_score
2026-07-13 23:07:24,210 WARNING AlphaScanner.Transition Transition history lookup failed for ASTERDM.NS: no such column: transition_score
2026-07-13 23:07:24,211 WARNING AlphaScanner.Transition Transition history lookup failed for ASHOKLEY.NS: no such column: transition_score
2026-07-13 23:07:24,299 WARNING AlphaScanner.Transition Transition history lookup failed for ASTRAL.NS: no such column: transition_score
2026-07-13 23:07:24,340 WARNING AlphaScanner.Transition Transition history lookup failed for ATGL.NS: no such column: transition_score
2026-07-13 23:07:24,445 WARNING AlphaScanner.Transition Transition history lookup failed for ASAHIINDIA.NS: no such column: transition_score
2026-07-13 23:07:24,517 WARNING AlphaScanner.Transition Transition history lookup failed for ASIANPAINT.NS: no such column: transition_score
2026-07-13 23:07:24,586 WARNING AlphaScanner.Transition Transition history lookup failed for ATUL.NS: no such column: transition_score
2026-07-13 23:07:24,586 WARNING AlphaScanner.Transition Transition history lookup failed for ASTERDM.NS: no such column: transition_score
2026-07-13 23:07:24,592 WARNING AlphaScanner.Transition Transition history lookup failed for APTUS.NS: no such column: transition_score
2026-07-13 23:07:24,753 WARNING AlphaScanner.Transition Transition history lookup failed for ASTRAL.NS: no such column: transition_score
2026-07-13 23:07:24,784 WARNING AlphaScanner.Transition Transition history lookup failed for ASHOKLEY.NS: no such column: transition_score
2026-07-13 23:07:24,786 WARNING AlphaScanner.Transition Transition history lookup failed for AUBANK.NS: no such column: transition_score
2026-07-13 23:07:24,796 WARNING AlphaScanner.Transition Transition history lookup failed for ATGL.NS: no such column: transition_score
2026-07-13 23:07:24,954 WARNING AlphaScanner.Transition Transition history lookup failed for AUROPHARMA.NS: no such column: transition_score
2026-07-13 23:07:25,019 WARNING AlphaScanner.Transition Transition history lookup failed for AWL.NS: no such column: transition_score
2026-07-13 23:07:25,079 WARNING AlphaScanner.Transition Transition history lookup failed for ASIANPAINT.NS: no such column: transition_score
2026-07-13 23:07:25,115 WARNING AlphaScanner.Transition Transition history lookup failed for AUBANK.NS: no such column: transition_score
2026-07-13 23:07:25,116 WARNING AlphaScanner.Transition Transition history lookup failed for ATUL.NS: no such column: transition_score
2026-07-13 23:07:25,185 WARNING AlphaScanner.Transition Transition history lookup failed for AXISBANK.NS: no such column: transition_score
2026-07-13 23:07:25,292 WARNING AlphaScanner.Transition Transition history lookup failed for BAJAJFINSV.NS: no such column: transition_score
2026-07-13 23:07:25,334 WARNING AlphaScanner.Transition Transition history lookup failed for AWL.NS: no such column: transition_score
2026-07-13 23:07:25,366 WARNING AlphaScanner.Transition Transition history lookup failed for BAJAJHFL.NS: no such column: transition_score
2026-07-13 23:07:25,387 WARNING AlphaScanner.Transition Transition history lookup failed for AUROPHARMA.NS: no such column: transition_score
2026-07-13 23:07:25,391 WARNING AlphaScanner.Transition Transition history lookup failed for BAJAJ-AUTO.NS: no such column: transition_score
2026-07-13 23:07:25,560 WARNING AlphaScanner.Transition Transition history lookup failed for BAJAJFINSV.NS: no such column: transition_score
2026-07-13 23:07:25,565 WARNING AlphaScanner.Transition Transition history lookup failed for AXISBANK.NS: no such column: transition_score
2026-07-13 23:07:25,575 WARNING AlphaScanner.Transition Transition history lookup failed for BAJAJHLDNG.NS: no such column: transition_score
2026-07-13 23:07:25,623 WARNING AlphaScanner.Transition Transition history lookup failed for BAJAJHFL.NS: no such column: transition_score
2026-07-13 23:07:25,721 WARNING AlphaScanner.Transition Transition history lookup failed for BAJFINANCE.NS: no such column: transition_score
2026-07-13 23:07:25,823 WARNING AlphaScanner.Transition Transition history lookup failed for BALRAMCHIN.NS: no such column: transition_score
2026-07-13 23:07:25,851 WARNING AlphaScanner.Transition Transition history lookup failed for BALKRISIND.NS: no such column: transition_score
2026-07-13 23:07:25,851 WARNING AlphaScanner.Transition Transition history lookup failed for BAJAJ-AUTO.NS: no such column: transition_score
2026-07-13 23:07:26,069 WARNING AlphaScanner.Transition Transition history lookup failed for BAJAJHLDNG.NS: no such column: transition_score
2026-07-13 23:07:26,097 WARNING AlphaScanner.Transition Transition history lookup failed for BANDHANBNK.NS: no such column: transition_score
2026-07-13 23:07:26,204 WARNING AlphaScanner.Transition Transition history lookup failed for BAJFINANCE.NS: no such column: transition_score
2026-07-13 23:07:26,209 WARNING AlphaScanner.Transition Transition history lookup failed for BANKBARODA.NS: no such column: transition_score
2026-07-13 23:07:26,215 WARNING AlphaScanner.Transition Transition history lookup failed for BALRAMCHIN.NS: no such column: transition_score
2026-07-13 23:07:26,221 WARNING AlphaScanner.Transition Transition history lookup failed for BALKRISIND.NS: no such column: transition_score
2026-07-13 23:07:26,286 WARNING AlphaScanner.Transition Transition history lookup failed for BANKINDIA.NS: no such column: transition_score
2026-07-13 23:07:26,443 WARNING AlphaScanner.Transition Transition history lookup failed for BATAINDIA.NS: no such column: transition_score
2026-07-13 23:07:26,461 WARNING AlphaScanner.Transition Transition history lookup failed for BAYERCROP.NS: no such column: transition_score
2026-07-13 23:07:26,505 WARNING AlphaScanner.Transition Transition history lookup failed for BBTC.NS: no such column: transition_score
2026-07-13 23:07:26,561 WARNING AlphaScanner.Transition Transition history lookup failed for BANDHANBNK.NS: no such column: transition_score
2026-07-13 23:07:26,636 WARNING AlphaScanner.Transition Transition history lookup failed for BANKBARODA.NS: no such column: transition_score
2026-07-13 23:07:26,636 WARNING AlphaScanner.Transition Transition history lookup failed for BANKINDIA.NS: no such column: transition_score
2026-07-13 23:07:26,830 WARNING AlphaScanner.Transition Transition history lookup failed for BATAINDIA.NS: no such column: transition_score
2026-07-13 23:07:26,872 WARNING AlphaScanner.Transition Transition history lookup failed for BAYERCROP.NS: no such column: transition_score
2026-07-13 23:07:26,874 WARNING AlphaScanner.Transition Transition history lookup failed for BBTC.NS: no such column: transition_score
2026-07-13 23:07:26,973 WARNING AlphaScanner.Transition Transition history lookup failed for BDL.NS: no such column: transition_score
2026-07-13 23:07:26,997 WARNING AlphaScanner.Transition Transition history lookup failed for BEL.NS: no such column: transition_score
2026-07-13 23:07:26,997 WARNING AlphaScanner.Transition Transition history lookup failed for BEML.NS: no such column: transition_score
2026-07-13 23:07:27,175 WARNING AlphaScanner.Transition Transition history lookup failed for BERGEPAINT.NS: no such column: transition_score
2026-07-13 23:07:27,308 WARNING AlphaScanner.Transition Transition history lookup failed for BHARATFORG.NS: no such column: transition_score
2026-07-13 23:07:27,399 WARNING AlphaScanner.Transition Transition history lookup failed for BDL.NS: no such column: transition_score
2026-07-13 23:07:27,428 WARNING AlphaScanner.Transition Transition history lookup failed for BHARTIARTL.NS: no such column: transition_score
2026-07-13 23:07:27,442 WARNING AlphaScanner.Transition Transition history lookup failed for BEL.NS: no such column: transition_score
2026-07-13 23:07:27,533 WARNING AlphaScanner.Transition Transition history lookup failed for BEML.NS: no such column: transition_score
2026-07-13 23:07:27,607 WARNING AlphaScanner.Transition Transition history lookup failed for BERGEPAINT.NS: no such column: transition_score
2026-07-13 23:07:27,627 WARNING AlphaScanner.Transition Transition history lookup failed for BHEL.NS: no such column: transition_score
2026-07-13 23:07:27,765 WARNING AlphaScanner.Transition Transition history lookup failed for BHARTIHEXA.NS: no such column: transition_score
2026-07-13 23:07:27,768 WARNING AlphaScanner.Transition Transition history lookup failed for BHARATFORG.NS: no such column: transition_score
2026-07-13 23:07:27,945 WARNING AlphaScanner.Transition Transition history lookup failed for BIOCON.NS: no such column: transition_score
2026-07-13 23:07:28,006 WARNING AlphaScanner.Transition Transition history lookup failed for BIKAJI.NS: no such column: transition_score
2026-07-13 23:07:28,055 WARNING AlphaScanner.Transition Transition history lookup failed for BHARTIARTL.NS: no such column: transition_score
2026-07-13 23:07:28,055 WARNING AlphaScanner.Transition Transition history lookup failed for BLS.NS: no such column: transition_score
2026-07-13 23:07:28,070 WARNING AlphaScanner.Transition Transition history lookup failed for BHEL.NS: no such column: transition_score
2026-07-13 23:07:28,174 WARNING AlphaScanner.Transition Transition history lookup failed for BHARTIHEXA.NS: no such column: transition_score
2026-07-13 23:07:28,209 WARNING AlphaScanner.Transition Transition history lookup failed for BLUEDART.NS: no such column: transition_score
2026-07-13 23:07:28,258 WARNING AlphaScanner.Transition Transition history lookup failed for BIOCON.NS: no such column: transition_score
2026-07-13 23:07:28,369 WARNING AlphaScanner.Transition Transition history lookup failed for BLUEJET.NS: no such column: transition_score
2026-07-13 23:07:28,389 WARNING AlphaScanner.Transition Transition history lookup failed for BLUESTARCO.NS: no such column: transition_score
2026-07-13 23:07:28,473 WARNING AlphaScanner.Transition Transition history lookup failed for BPCL.NS: no such column: transition_score
2026-07-13 23:07:28,509 WARNING AlphaScanner.Transition Transition history lookup failed for BOSCHLTD.NS: no such column: transition_score
2026-07-13 23:07:28,550 WARNING AlphaScanner.Transition Transition history lookup failed for BIKAJI.NS: no such column: transition_score
2026-07-13 23:07:28,713 WARNING AlphaScanner.Transition Transition history lookup failed for BLS.NS: no such column: transition_score
2026-07-13 23:07:28,713 WARNING AlphaScanner.Transition Transition history lookup failed for BLUEDART.NS: no such column: transition_score
2026-07-13 23:07:28,745 WARNING AlphaScanner.Transition Transition history lookup failed for BLUEJET.NS: no such column: transition_score
2026-07-13 23:07:28,891 WARNING AlphaScanner.Transition Transition history lookup failed for BRIGADE.NS: no such column: transition_score
2026-07-13 23:07:29,040 WARNING AlphaScanner.Transition Transition history lookup failed for BSOFT.NS: no such column: transition_score
2026-07-13 23:07:29,069 WARNING AlphaScanner.Transition Transition history lookup failed for BRITANNIA.NS: no such column: transition_score
2026-07-13 23:07:29,071 WARNING AlphaScanner.Transition Transition history lookup failed for BOSCHLTD.NS: no such column: transition_score
2026-07-13 23:07:29,072 WARNING AlphaScanner.Transition Transition history lookup failed for BLUESTARCO.NS: no such column: transition_score
2026-07-13 23:07:29,072 WARNING AlphaScanner.Transition Transition history lookup failed for BSE.NS: no such column: transition_score
2026-07-13 23:07:29,316 WARNING AlphaScanner.Transition Transition history lookup failed for BPCL.NS: no such column: transition_score
2026-07-13 23:07:29,340 WARNING AlphaScanner.Transition Transition history lookup failed for CAMS.NS: no such column: transition_score
2026-07-13 23:07:29,435 WARNING AlphaScanner.Transition Transition history lookup failed for BRIGADE.NS: no such column: transition_score
2026-07-13 23:07:29,488 WARNING AlphaScanner.Transition Transition history lookup failed for BSE.NS: no such column: transition_score
2026-07-13 23:07:29,493 WARNING AlphaScanner.Transition Transition history lookup failed for BSOFT.NS: no such column: transition_score
2026-07-13 23:07:29,525 WARNING AlphaScanner.Transition Transition history lookup failed for BRITANNIA.NS: no such column: transition_score
2026-07-13 23:07:29,572 WARNING AlphaScanner.Transition Transition history lookup failed for CANBK.NS: no such column: transition_score
2026-07-13 23:07:29,685 WARNING AlphaScanner.Transition Transition history lookup failed for CANFINHOME.NS: no such column: transition_score
2026-07-13 23:07:29,751 WARNING AlphaScanner.Transition Transition history lookup failed for CAMS.NS: no such column: transition_score
2026-07-13 23:07:29,853 WARNING AlphaScanner.Transition Transition history lookup failed for CAPLIPOINT.NS: no such column: transition_score
2026-07-13 23:07:29,999 WARNING AlphaScanner.Transition Transition history lookup failed for CANFINHOME.NS: no such column: transition_score
2026-07-13 23:07:30,048 WARNING AlphaScanner.Transition Transition history lookup failed for CANBK.NS: no such column: transition_score
2026-07-13 23:07:30,215 WARNING AlphaScanner.Transition Transition history lookup failed for CCL.NS: no such column: transition_score
2026-07-13 23:07:30,216 WARNING AlphaScanner.Transition Transition history lookup failed for CASTROLIND.NS: no such column: transition_score
2026-07-13 23:07:30,244 WARNING AlphaScanner.Transition Transition history lookup failed for CDSL.NS: no such column: transition_score
2026-07-13 23:07:30,251 WARNING AlphaScanner.Transition Transition history lookup failed for CARTRADE.NS: no such column: transition_score
2026-07-13 23:07:30,284 WARNING AlphaScanner.Transition Transition history lookup failed for CAPLIPOINT.NS: no such column: transition_score
2026-07-13 23:07:30,439 WARNING AlphaScanner.Transition Transition history lookup failed for CARBORUNIV.NS: no such column: transition_score
2026-07-13 23:07:30,583 WARNING AlphaScanner.Transition Transition history lookup failed for CEMPRO.NS: no such column: transition_score
2026-07-13 23:07:30,607 WARNING AlphaScanner.Transition Transition history lookup failed for CEATLTD.NS: no such column: transition_score
2026-07-13 23:07:30,630 WARNING AlphaScanner.Transition Transition history lookup failed for CCL.NS: no such column: transition_score
2026-07-13 23:07:30,767 WARNING AlphaScanner.Transition Transition history lookup failed for CARTRADE.NS: no such column: transition_score
2026-07-13 23:07:30,773 WARNING AlphaScanner.Transition Transition history lookup failed for CASTROLIND.NS: no such column: transition_score
2026-07-13 23:07:30,850 WARNING AlphaScanner.Transition Transition history lookup failed for CDSL.NS: no such column: transition_score
2026-07-13 23:07:30,982 WARNING AlphaScanner.Transition Transition history lookup failed for CARBORUNIV.NS: no such column: transition_score
2026-07-13 23:07:30,986 WARNING AlphaScanner.Transition Transition history lookup failed for CENTRALBK.NS: no such column: transition_score
2026-07-13 23:07:31,078 WARNING AlphaScanner.Transition Transition history lookup failed for CEATLTD.NS: no such column: transition_score
2026-07-13 23:07:31,140 WARNING AlphaScanner.Transition Transition history lookup failed for CEMPRO.NS: no such column: transition_score
2026-07-13 23:07:31,237 WARNING AlphaScanner.Transition Transition history lookup failed for CESC.NS: no such column: transition_score
2026-07-13 23:07:31,306 WARNING AlphaScanner.Transition Transition history lookup failed for CENTRALBK.NS: no such column: transition_score
2026-07-13 23:07:31,347 WARNING AlphaScanner.Transition Transition history lookup failed for CGPOWER.NS: no such column: transition_score
2026-07-13 23:07:31,378 WARNING AlphaScanner.Transition Transition history lookup failed for CGCL.NS: no such column: transition_score
2026-07-13 23:07:31,464 WARNING AlphaScanner.Transition Transition history lookup failed for CHENNPETRO.NS: no such column: transition_score
2026-07-13 23:07:31,471 WARNING AlphaScanner.Transition Transition history lookup failed for CHAMBLFERT.NS: no such column: transition_score
2026-07-13 23:07:31,495 WARNING AlphaScanner.Transition Transition history lookup failed for CHALET.NS: no such column: transition_score
2026-07-13 23:07:31,628 WARNING AlphaScanner.Transition Transition history lookup failed for CHOICEIN.NS: no such column: transition_score
2026-07-13 23:07:31,680 WARNING AlphaScanner.Transition Transition history lookup failed for CESC.NS: no such column: transition_score
2026-07-13 23:07:31,683 WARNING AlphaScanner.Transition Transition history lookup failed for CGPOWER.NS: no such column: transition_score
2026-07-13 23:07:31,845 WARNING AlphaScanner.Transition Transition history lookup failed for CHOLAFIN.NS: no such column: transition_score
2026-07-13 23:07:31,887 WARNING AlphaScanner.Transition Transition history lookup failed for CHALET.NS: no such column: transition_score
2026-07-13 23:07:31,889 WARNING AlphaScanner.Transition Transition history lookup failed for CHAMBLFERT.NS: no such column: transition_score
2026-07-13 23:07:31,899 WARNING AlphaScanner.Transition Transition history lookup failed for CGCL.NS: no such column: transition_score
2026-07-13 23:07:31,949 WARNING AlphaScanner.Transition Transition history lookup failed for CHENNPETRO.NS: no such column: transition_score
2026-07-13 23:07:31,999 WARNING AlphaScanner.Transition Transition history lookup failed for CHOLAHLDNG.NS: no such column: transition_score
2026-07-13 23:07:32,027 WARNING AlphaScanner.Transition Transition history lookup failed for CHOICEIN.NS: no such column: transition_score
2026-07-13 23:07:32,097 WARNING AlphaScanner.Transition Transition history lookup failed for CIEINDIA.NS: no such column: transition_score
2026-07-13 23:07:32,168 WARNING AlphaScanner.Transition Transition history lookup failed for CHOLAFIN.NS: no such column: transition_score
2026-07-13 23:07:32,280 WARNING AlphaScanner.Transition Transition history lookup failed for CIPLA.NS: no such column: transition_score
2026-07-13 23:07:32,349 WARNING AlphaScanner.Transition Transition history lookup failed for CHOLAHLDNG.NS: no such column: transition_score
2026-07-13 23:07:32,403 WARNING AlphaScanner.Transition Transition history lookup failed for CIEINDIA.NS: no such column: transition_score
2026-07-13 23:07:32,507 WARNING AlphaScanner.Transition Transition history lookup failed for CLEAN.NS: no such column: transition_score
2026-07-13 23:07:32,563 WARNING AlphaScanner.Transition Transition history lookup failed for CIPLA.NS: no such column: transition_score
2026-07-13 23:07:32,694 WARNING AlphaScanner.Transition Transition history lookup failed for COALINDIA.NS: no such column: transition_score
2026-07-13 23:07:32,708 WARNING AlphaScanner.Transition Transition history lookup failed for COCHINSHIP.NS: no such column: transition_score
2026-07-13 23:07:32,775 WARNING AlphaScanner.Transition Transition history lookup failed for COHANCE.NS: no such column: transition_score
2026-07-13 23:07:32,816 WARNING AlphaScanner.Transition Transition history lookup failed for CLEAN.NS: no such column: transition_score
2026-07-13 23:07:32,825 WARNING AlphaScanner.Transition Transition history lookup failed for COFORGE.NS: no such column: transition_score
2026-07-13 23:07:32,840 WARNING AlphaScanner.Transition Transition history lookup failed for CONCOR.NS: no such column: transition_score
2026-07-13 23:07:32,938 WARNING AlphaScanner.Transition Transition history lookup failed for CONCORDBIO.NS: no such column: transition_score
2026-07-13 23:07:33,079 WARNING AlphaScanner.Transition Transition history lookup failed for COLPAL.NS: no such column: transition_score
2026-07-13 23:07:33,113 WARNING AlphaScanner.Transition Transition history lookup failed for COALINDIA.NS: no such column: transition_score
2026-07-13 23:07:33,195 WARNING AlphaScanner.Transition Transition history lookup failed for COCHINSHIP.NS: no such column: transition_score
2026-07-13 23:07:33,247 WARNING AlphaScanner.Transition Transition history lookup failed for COHANCE.NS: no such column: transition_score
2026-07-13 23:07:33,290 WARNING AlphaScanner.Transition Transition history lookup failed for CONCORDBIO.NS: no such column: transition_score
2026-07-13 23:07:33,373 WARNING AlphaScanner.Transition Transition history lookup failed for COFORGE.NS: no such column: transition_score
2026-07-13 23:07:33,422 WARNING AlphaScanner.Transition Transition history lookup failed for COROMANDEL.NS: no such column: transition_score
2026-07-13 23:07:33,423 WARNING AlphaScanner.Transition Transition history lookup failed for COLPAL.NS: no such column: transition_score
2026-07-13 23:07:33,485 WARNING AlphaScanner.Transition Transition history lookup failed for CONCOR.NS: no such column: transition_score
2026-07-13 23:07:33,641 WARNING AlphaScanner.Transition Transition history lookup failed for CREDITACC.NS: no such column: transition_score
2026-07-13 23:07:33,658 WARNING AlphaScanner.Transition Transition history lookup failed for CRAFTSMAN.NS: no such column: transition_score
2026-07-13 23:07:33,683 WARNING AlphaScanner.Transition Transition history lookup failed for COROMANDEL.NS: no such column: transition_score
2026-07-13 23:07:33,789 WARNING AlphaScanner.Transition Transition history lookup failed for CRISIL.NS: no such column: transition_score
2026-07-13 23:07:33,882 WARNING AlphaScanner.Transition Transition history lookup failed for CROMPTON.NS: no such column: transition_score
2026-07-13 23:07:33,919 WARNING AlphaScanner.Transition Transition history lookup failed for CUMMINSIND.NS: no such column: transition_score
2026-07-13 23:07:33,987 WARNING AlphaScanner.Transition Transition history lookup failed for CUB.NS: no such column: transition_score
2026-07-13 23:07:34,048 WARNING AlphaScanner.Transition Transition history lookup failed for DABUR.NS: no such column: transition_score
2026-07-13 23:07:34,074 WARNING AlphaScanner.Transition Transition history lookup failed for CREDITACC.NS: no such column: transition_score
2026-07-13 23:07:34,148 WARNING AlphaScanner.Transition Transition history lookup failed for CYIENT.NS: no such column: transition_score
2026-07-13 23:07:34,175 WARNING AlphaScanner.Transition Transition history lookup failed for CRAFTSMAN.NS: no such column: transition_score
2026-07-13 23:07:34,243 WARNING AlphaScanner.Transition Transition history lookup failed for CRISIL.NS: no such column: transition_score
2026-07-13 23:07:34,304 WARNING AlphaScanner.Transition Transition history lookup failed for DABUR.NS: no such column: transition_score
2026-07-13 23:07:34,304 WARNING AlphaScanner.Transition Transition history lookup failed for CROMPTON.NS: no such column: transition_score
2026-07-13 23:07:34,382 WARNING AlphaScanner.Transition Transition history lookup failed for CUMMINSIND.NS: no such column: transition_score
2026-07-13 23:07:34,486 WARNING AlphaScanner.Transition Transition history lookup failed for CUB.NS: no such column: transition_score
2026-07-13 23:07:34,555 WARNING AlphaScanner.Transition Transition history lookup failed for DALBHARAT.NS: no such column: transition_score
2026-07-13 23:07:34,563 WARNING AlphaScanner.Transition Transition history lookup failed for CYIENT.NS: no such column: transition_score
2026-07-13 23:07:34,693 WARNING AlphaScanner.Transition Transition history lookup failed for DATAPATTNS.NS: no such column: transition_score
2026-07-13 23:07:34,807 WARNING AlphaScanner.Transition Transition history lookup failed for DCMSHRIRAM.NS: no such column: transition_score
2026-07-13 23:07:34,807 WARNING AlphaScanner.Transition Transition history lookup failed for DEEPAKNTR.NS: no such column: transition_score
2026-07-13 23:07:34,816 WARNING AlphaScanner.Transition Transition history lookup failed for DEEPAKFERT.NS: no such column: transition_score
2026-07-13 23:07:34,840 WARNING AlphaScanner.Transition Transition history lookup failed for DEVYANI.NS: no such column: transition_score
2026-07-13 23:07:34,860 WARNING AlphaScanner.Transition Transition history lookup failed for DELHIVERY.NS: no such column: transition_score
2026-07-13 23:07:34,932 WARNING AlphaScanner.Transition Transition history lookup failed for DALBHARAT.NS: no such column: transition_score
2026-07-13 23:07:35,006 WARNING AlphaScanner.Transition Transition history lookup failed for DIVISLAB.NS: no such column: transition_score
2026-07-13 23:07:35,133 WARNING AlphaScanner.Transition Transition history lookup failed for DATAPATTNS.NS: no such column: transition_score
2026-07-13 23:07:35,133 WARNING AlphaScanner.Transition Transition history lookup failed for DEEPAKNTR.NS: no such column: transition_score
2026-07-13 23:07:35,240 WARNING AlphaScanner.Transition Transition history lookup failed for DEEPAKFERT.NS: no such column: transition_score
2026-07-13 23:07:35,295 WARNING AlphaScanner.Transition Transition history lookup failed for DCMSHRIRAM.NS: no such column: transition_score
2026-07-13 23:07:35,354 WARNING AlphaScanner.Transition Transition history lookup failed for DIXON.NS: no such column: transition_score
2026-07-13 23:07:35,434 WARNING AlphaScanner.Transition Transition history lookup failed for DLF.NS: no such column: transition_score
2026-07-13 23:07:35,527 WARNING AlphaScanner.Transition Transition history lookup failed for DEVYANI.NS: no such column: transition_score
2026-07-13 23:07:35,572 WARNING AlphaScanner.Transition Transition history lookup failed for DELHIVERY.NS: no such column: transition_score
2026-07-13 23:07:35,589 WARNING AlphaScanner.Transition Transition history lookup failed for DIVISLAB.NS: no such column: transition_score
2026-07-13 23:07:35,602 WARNING AlphaScanner.Transition Transition history lookup failed for DMART.NS: no such column: transition_score
2026-07-13 23:07:35,602 WARNING AlphaScanner.Transition Transition history lookup failed for DRREDDY.NS: no such column: transition_score
2026-07-13 23:07:35,700 WARNING AlphaScanner.Transition Transition history lookup failed for DOMS.NS: no such column: transition_score
2026-07-13 23:07:35,930 WARNING AlphaScanner.Transition Transition history lookup failed for DIXON.NS: no such column: transition_score
2026-07-13 23:07:35,930 WARNING AlphaScanner.Transition Transition history lookup failed for DLF.NS: no such column: transition_score
2026-07-13 23:07:35,963 WARNING AlphaScanner.Transition Transition history lookup failed for ECLERX.NS: no such column: transition_score
2026-07-13 23:07:36,087 WARNING AlphaScanner.Transition Transition history lookup failed for DMART.NS: no such column: transition_score
2026-07-13 23:07:36,211 WARNING AlphaScanner.Transition Transition history lookup failed for EICHERMOT.NS: no such column: transition_score
2026-07-13 23:07:36,277 WARNING AlphaScanner.Transition Transition history lookup failed for DOMS.NS: no such column: transition_score
2026-07-13 23:07:36,279 WARNING AlphaScanner.Transition Transition history lookup failed for DRREDDY.NS: no such column: transition_score
2026-07-13 23:07:36,303 WARNING AlphaScanner.Transition Transition history lookup failed for EIDPARRY.NS: no such column: transition_score
2026-07-13 23:07:36,363 WARNING AlphaScanner.Transition Transition history lookup failed for EIHOTEL.NS: no such column: transition_score
2026-07-13 23:07:36,376 WARNING AlphaScanner.Transition Transition history lookup failed for ELECON.NS: no such column: transition_score
2026-07-13 23:07:36,523 WARNING AlphaScanner.Transition Transition history lookup failed for ECLERX.NS: no such column: transition_score
2026-07-13 23:07:36,588 WARNING AlphaScanner.Transition Transition history lookup failed for ELGIEQUIP.NS: no such column: transition_score
2026-07-13 23:07:36,656 WARNING AlphaScanner.Transition Transition history lookup failed for EMAMILTD.NS: no such column: transition_score
2026-07-13 23:07:36,657 WARNING AlphaScanner.Transition Transition history lookup failed for EICHERMOT.NS: no such column: transition_score
2026-07-13 23:07:36,758 WARNING AlphaScanner.Transition Transition history lookup failed for EMCURE.NS: no such column: transition_score
2026-07-13 23:07:36,765 WARNING AlphaScanner.Transition Transition history lookup failed for EIHOTEL.NS: no such column: transition_score
2026-07-13 23:07:37,005 WARNING AlphaScanner.Transition Transition history lookup failed for ELGIEQUIP.NS: no such column: transition_score
2026-07-13 23:07:37,046 WARNING AlphaScanner.Transition Transition history lookup failed for EIDPARRY.NS: no such column: transition_score
2026-07-13 23:07:37,059 WARNING AlphaScanner.Transition Transition history lookup failed for ENGINERSIN.NS: no such column: transition_score
2026-07-13 23:07:37,070 WARNING AlphaScanner.Transition Transition history lookup failed for ELECON.NS: no such column: transition_score
2026-07-13 23:07:37,082 WARNING AlphaScanner.Transition Transition history lookup failed for ENDURANCE.NS: no such column: transition_score
2026-07-13 23:07:37,172 WARNING AlphaScanner.Transition Transition history lookup failed for EMAMILTD.NS: no such column: transition_score
2026-07-13 23:07:37,214 WARNING AlphaScanner.Transition Transition history lookup failed for EMCURE.NS: no such column: transition_score
2026-07-13 23:07:37,391 WARNING AlphaScanner.Transition Transition history lookup failed for ESCORTS.NS: no such column: transition_score
2026-07-13 23:07:37,466 WARNING AlphaScanner.Transition Transition history lookup failed for ETERNAL.NS: no such column: transition_score
2026-07-13 23:07:37,492 WARNING AlphaScanner.Transition Transition history lookup failed for ERIS.NS: no such column: transition_score
2026-07-13 23:07:37,492 WARNING AlphaScanner.Transition Transition history lookup failed for ENGINERSIN.NS: no such column: transition_score
2026-07-13 23:07:37,605 WARNING AlphaScanner.Transition Transition history lookup failed for ENDURANCE.NS: no such column: transition_score
2026-07-13 23:07:37,857 WARNING AlphaScanner.Transition Transition history lookup failed for FACT.NS: no such column: transition_score
2026-07-13 23:07:37,858 WARNING AlphaScanner.Transition Transition history lookup failed for FIRSTCRY.NS: no such column: transition_score
2026-07-13 23:07:37,860 WARNING AlphaScanner.Transition Transition history lookup failed for ESCORTS.NS: no such column: transition_score
2026-07-13 23:07:37,876 WARNING AlphaScanner.Transition Transition history lookup failed for EXIDEIND.NS: no such column: transition_score
2026-07-13 23:07:37,878 WARNING AlphaScanner.Transition Transition history lookup failed for ETERNAL.NS: no such column: transition_score
2026-07-13 23:07:37,930 WARNING AlphaScanner.Transition Transition history lookup failed for FEDERALBNK.NS: no such column: transition_score
2026-07-13 23:07:37,967 WARNING AlphaScanner.Transition Transition history lookup failed for ERIS.NS: no such column: transition_score
2026-07-13 23:07:38,009 WARNING AlphaScanner.Transition Transition history lookup failed for FINCABLES.NS: no such column: transition_score
2026-07-13 23:07:38,278 WARNING AlphaScanner.Transition Transition history lookup failed for FIRSTCRY.NS: no such column: transition_score
2026-07-13 23:07:38,280 WARNING AlphaScanner.Transition Transition history lookup failed for FEDERALBNK.NS: no such column: transition_score
2026-07-13 23:07:38,303 WARNING AlphaScanner.Transition Transition history lookup failed for FIVESTAR.NS: no such column: transition_score
2026-07-13 23:07:38,385 WARNING AlphaScanner.Transition Transition history lookup failed for FINCABLES.NS: no such column: transition_score
2026-07-13 23:07:38,386 WARNING AlphaScanner.Transition Transition history lookup failed for EXIDEIND.NS: no such column: transition_score
2026-07-13 23:07:38,386 WARNING AlphaScanner.Transition Transition history lookup failed for FACT.NS: no such column: transition_score
2026-07-13 23:07:38,426 WARNING AlphaScanner.Transition Transition history lookup failed for FLUOROCHEM.NS: no such column: transition_score
2026-07-13 23:07:38,525 WARNING AlphaScanner.Transition Transition history lookup failed for FIVESTAR.NS: no such column: transition_score
2026-07-13 23:07:38,742 WARNING AlphaScanner.Transition Transition history lookup failed for FLUOROCHEM.NS: no such column: transition_score
2026-07-13 23:07:38,750 WARNING AlphaScanner.Transition Transition history lookup failed for FORCEMOT.NS: no such column: transition_score
2026-07-13 23:07:38,767 WARNING AlphaScanner.Transition Transition history lookup failed for FORTIS.NS: no such column: transition_score
2026-07-13 23:07:38,810 WARNING AlphaScanner.Transition Transition history lookup failed for FSL.NS: no such column: transition_score
2026-07-13 23:07:38,816 WARNING AlphaScanner.Transition Transition history lookup failed for GABRIEL.NS: no such column: transition_score
2026-07-13 23:07:38,923 WARNING AlphaScanner.Transition Transition history lookup failed for GALLANTT.NS: no such column: transition_score
2026-07-13 23:07:38,943 WARNING AlphaScanner.Transition Transition history lookup failed for GAIL.NS: no such column: transition_score
2026-07-13 23:07:39,122 WARNING AlphaScanner.Transition Transition history lookup failed for GESHIP.NS: no such column: transition_score
2026-07-13 23:07:39,215 WARNING AlphaScanner.Transition Transition history lookup failed for GICRE.NS: no such column: transition_score
2026-07-13 23:07:39,323 WARNING AlphaScanner.Transition Transition history lookup failed for GALLANTT.NS: no such column: transition_score
2026-07-13 23:07:39,350 WARNING AlphaScanner.Transition Transition history lookup failed for FORCEMOT.NS: no such column: transition_score
2026-07-13 23:07:39,449 WARNING AlphaScanner.Transition Transition history lookup failed for GABRIEL.NS: no such column: transition_score
2026-07-13 23:07:39,449 WARNING AlphaScanner.Transition Transition history lookup failed for FORTIS.NS: no such column: transition_score
2026-07-13 23:07:39,452 WARNING AlphaScanner.Transition Transition history lookup failed for GAIL.NS: no such column: transition_score
2026-07-13 23:07:39,456 WARNING AlphaScanner.Transition Transition history lookup failed for GESHIP.NS: no such column: transition_score
2026-07-13 23:07:39,460 WARNING AlphaScanner.Transition Transition history lookup failed for FSL.NS: no such column: transition_score
2026-07-13 23:07:39,561 WARNING AlphaScanner.Transition Transition history lookup failed for GICRE.NS: no such column: transition_score
2026-07-13 23:07:39,852 WARNING AlphaScanner.Transition Transition history lookup failed for GMDCLTD.NS: no such column: transition_score
2026-07-13 23:07:39,871 WARNING AlphaScanner.Transition Transition history lookup failed for GLAND.NS: no such column: transition_score
2026-07-13 23:07:39,874 WARNING AlphaScanner.Transition Transition history lookup failed for GLAXO.NS: no such column: transition_score
2026-07-13 23:07:39,874 WARNING AlphaScanner.Transition Transition history lookup failed for GILLETTE.NS: no such column: transition_score
2026-07-13 23:07:39,875 WARNING AlphaScanner.Transition Transition history lookup failed for GLENMARK.NS: no such column: transition_score
2026-07-13 23:07:39,959 WARNING AlphaScanner.Transition Transition history lookup failed for GODIGIT.NS: no such column: transition_score
2026-07-13 23:07:40,064 WARNING AlphaScanner.Transition Transition history lookup failed for GODFRYPHLP.NS: no such column: transition_score
2026-07-13 23:07:40,080 WARNING AlphaScanner.Transition Transition history lookup failed for GMRAIRPORT.NS: no such column: transition_score
2026-07-13 23:07:40,295 WARNING AlphaScanner.Transition Transition history lookup failed for GLAND.NS: no such column: transition_score
2026-07-13 23:07:40,295 WARNING AlphaScanner.Transition Transition history lookup failed for GMDCLTD.NS: no such column: transition_score
2026-07-13 23:07:40,325 WARNING AlphaScanner.Transition Transition history lookup failed for GILLETTE.NS: no such column: transition_score
2026-07-13 23:07:40,343 WARNING AlphaScanner.Transition Transition history lookup failed for GMRAIRPORT.NS: no such column: transition_score
2026-07-13 23:07:40,492 WARNING AlphaScanner.Transition Transition history lookup failed for GLAXO.NS: no such column: transition_score
2026-07-13 23:07:40,504 WARNING AlphaScanner.Transition Transition history lookup failed for GODFRYPHLP.NS: no such column: transition_score
2026-07-13 23:07:40,570 WARNING AlphaScanner.Transition Transition history lookup failed for GLENMARK.NS: no such column: transition_score
2026-07-13 23:07:40,668 WARNING AlphaScanner.Transition Transition history lookup failed for GODREJCP.NS: no such column: transition_score
2026-07-13 23:07:40,675 WARNING AlphaScanner.Transition Transition history lookup failed for GODIGIT.NS: no such column: transition_score
2026-07-13 23:07:40,727 WARNING AlphaScanner.Transition Transition history lookup failed for GODREJPROP.NS: no such column: transition_score
2026-07-13 23:07:40,743 WARNING AlphaScanner.Transition Transition history lookup failed for GODREJIND.NS: no such column: transition_score
2026-07-13 23:07:40,798 WARNING AlphaScanner.Transition Transition history lookup failed for GRANULES.NS: no such column: transition_score
2026-07-13 23:07:40,893 WARNING AlphaScanner.Transition Transition history lookup failed for GPIL.NS: no such column: transition_score
2026-07-13 23:07:40,969 WARNING AlphaScanner.Transition Transition history lookup failed for GODREJCP.NS: no such column: transition_score
2026-07-13 23:07:41,059 WARNING AlphaScanner.Transition Transition history lookup failed for GRAPHITE.NS: no such column: transition_score
2026-07-13 23:07:41,089 WARNING AlphaScanner.Transition Transition history lookup failed for GRASIM.NS: no such column: transition_score
2026-07-13 23:07:41,219 WARNING AlphaScanner.Transition Transition history lookup failed for GODREJPROP.NS: no such column: transition_score
2026-07-13 23:07:41,224 WARNING AlphaScanner.Transition Transition history lookup failed for GRAVITA.NS: no such column: transition_score
2026-07-13 23:07:41,232 WARNING AlphaScanner.Transition Transition history lookup failed for GRANULES.NS: no such column: transition_score
2026-07-13 23:07:41,291 WARNING AlphaScanner.Transition Transition history lookup failed for GPIL.NS: no such column: transition_score
2026-07-13 23:07:41,294 WARNING AlphaScanner.Transition Transition history lookup failed for GRASIM.NS: no such column: transition_score
2026-07-13 23:07:41,427 WARNING AlphaScanner.Transition Transition history lookup failed for GRSE.NS: no such column: transition_score
2026-07-13 23:07:41,437 WARNING AlphaScanner.Transition Transition history lookup failed for GODREJIND.NS: no such column: transition_score
2026-07-13 23:07:41,589 WARNING AlphaScanner.Transition Transition history lookup failed for GVT&D.NS: no such column: transition_score
2026-07-13 23:07:41,644 WARNING AlphaScanner.Transition Transition history lookup failed for GRAVITA.NS: no such column: transition_score
2026-07-13 23:07:41,713 WARNING AlphaScanner.Transition Transition history lookup failed for GRAPHITE.NS: no such column: transition_score
2026-07-13 23:07:41,730 WARNING AlphaScanner.Transition Transition history lookup failed for GRSE.NS: no such column: transition_score
2026-07-13 23:07:41,810 WARNING AlphaScanner.Transition Transition history lookup failed for HBLENGINE.NS: no such column: transition_score
2026-07-13 23:07:41,836 WARNING AlphaScanner.Transition Transition history lookup failed for HAVELLS.NS: no such column: transition_score
2026-07-13 23:07:41,977 WARNING AlphaScanner.Transition Transition history lookup failed for HAL.NS: no such column: transition_score
2026-07-13 23:07:41,989 WARNING AlphaScanner.Transition Transition history lookup failed for GVT&D.NS: no such column: transition_score
2026-07-13 23:07:42,031 WARNING AlphaScanner.Transition Transition history lookup failed for HCLTECH.NS: no such column: transition_score
2026-07-13 23:07:42,141 WARNING AlphaScanner.Transition Transition history lookup failed for HAVELLS.NS: no such column: transition_score
2026-07-13 23:07:42,185 WARNING AlphaScanner.Transition Transition history lookup failed for HBLENGINE.NS: no such column: transition_score
2026-07-13 23:07:42,309 WARNING AlphaScanner.Transition Transition history lookup failed for HAL.NS: no such column: transition_score
2026-07-13 23:07:42,369 WARNING AlphaScanner.Transition Transition history lookup failed for HDFCBANK.NS: no such column: transition_score
2026-07-13 23:07:42,395 WARNING AlphaScanner.Transition Transition history lookup failed for HCLTECH.NS: no such column: transition_score
2026-07-13 23:07:42,444 WARNING AlphaScanner.Transition Transition history lookup failed for HDFCLIFE.NS: no such column: transition_score
2026-07-13 23:07:42,451 WARNING AlphaScanner.Transition Transition history lookup failed for HDFCAMC.NS: no such column: transition_score
2026-07-13 23:07:42,555 WARNING AlphaScanner.Transition Transition history lookup failed for HEG.NS: no such column: transition_score
2026-07-13 23:07:42,643 WARNING AlphaScanner.Transition Transition history lookup failed for HDFCBANK.NS: no such column: transition_score
2026-07-13 23:07:42,724 WARNING AlphaScanner.Transition Transition history lookup failed for HDFCLIFE.NS: no such column: transition_score
2026-07-13 23:07:42,725 WARNING AlphaScanner.Transition Transition history lookup failed for HEROMOTOCO.NS: no such column: transition_score
2026-07-13 23:07:42,828 WARNING AlphaScanner.Transition Transition history lookup failed for HEG.NS: no such column: transition_score
2026-07-13 23:07:42,903 WARNING AlphaScanner.Transition Transition history lookup failed for HFCL.NS: no such column: transition_score
2026-07-13 23:07:42,941 WARNING AlphaScanner.Transition Transition history lookup failed for HDFCAMC.NS: no such column: transition_score
2026-07-13 23:07:42,967 WARNING AlphaScanner.Transition Transition history lookup failed for HINDALCO.NS: no such column: transition_score
2026-07-13 23:07:43,097 WARNING AlphaScanner.Transition Transition history lookup failed for HINDUNILVR.NS: no such column: transition_score
2026-07-13 23:07:43,125 WARNING AlphaScanner.Transition Transition history lookup failed for HINDPETRO.NS: no such column: transition_score
2026-07-13 23:07:43,132 WARNING AlphaScanner.Transition Transition history lookup failed for HEXT.NS: no such column: transition_score
2026-07-13 23:07:43,133 WARNING AlphaScanner.Transition Transition history lookup failed for HINDCOPPER.NS: no such column: transition_score
2026-07-13 23:07:43,305 WARNING AlphaScanner.Transition Transition history lookup failed for HEROMOTOCO.NS: no such column: transition_score
2026-07-13 23:07:43,314 WARNING AlphaScanner.Transition Transition history lookup failed for HINDZINC.NS: no such column: transition_score
2026-07-13 23:07:43,428 WARNING AlphaScanner.Transition Transition history lookup failed for HEXT.NS: no such column: transition_score
2026-07-13 23:07:43,433 WARNING AlphaScanner.Transition Transition history lookup failed for HINDALCO.NS: no such column: transition_score
2026-07-13 23:07:43,451 WARNING AlphaScanner.Transition Transition history lookup failed for HFCL.NS: no such column: transition_score
2026-07-13 23:07:43,559 WARNING AlphaScanner.Transition Transition history lookup failed for HINDPETRO.NS: no such column: transition_score
2026-07-13 23:07:43,578 WARNING AlphaScanner.Transition Transition history lookup failed for HINDUNILVR.NS: no such column: transition_score
2026-07-13 23:07:43,687 WARNING AlphaScanner.Transition Transition history lookup failed for HOMEFIRST.NS: no such column: transition_score
2026-07-13 23:07:43,766 WARNING AlphaScanner.Transition Transition history lookup failed for HINDCOPPER.NS: no such column: transition_score
2026-07-13 23:07:43,828 WARNING AlphaScanner.Transition Transition history lookup failed for HONASA.NS: no such column: transition_score
2026-07-13 23:07:43,829 WARNING AlphaScanner.Transition Transition history lookup failed for HINDZINC.NS: no such column: transition_score
2026-07-13 23:07:43,886 WARNING AlphaScanner.Transition Transition history lookup failed for HONAUT.NS: no such column: transition_score
2026-07-13 23:07:44,072 WARNING AlphaScanner.Transition Transition history lookup failed for HYUNDAI.NS: no such column: transition_score
2026-07-13 23:07:44,121 WARNING AlphaScanner.Transition Transition history lookup failed for HUDCO.NS: no such column: transition_score
2026-07-13 23:07:44,134 WARNING AlphaScanner.Transition Transition history lookup failed for HONASA.NS: no such column: transition_score
2026-07-13 23:07:44,134 WARNING AlphaScanner.Transition Transition history lookup failed for ICICIBANK.NS: no such column: transition_score
2026-07-13 23:07:44,153 WARNING AlphaScanner.Transition Transition history lookup failed for HSCL.NS: no such column: transition_score
2026-07-13 23:07:44,171 WARNING AlphaScanner.Transition Transition history lookup failed for HOMEFIRST.NS: no such column: transition_score
2026-07-13 23:07:44,213 WARNING AlphaScanner.Transition Transition history lookup failed for HONAUT.NS: no such column: transition_score
2026-07-13 23:07:44,243 WARNING AlphaScanner.Transition Transition history lookup failed for ICICIGI.NS: no such column: transition_score
2026-07-13 23:07:44,437 WARNING AlphaScanner.Transition Transition history lookup failed for ICICIPRULI.NS: no such column: transition_score
2026-07-13 23:07:44,439 WARNING AlphaScanner.Transition Transition history lookup failed for HYUNDAI.NS: no such column: transition_score
2026-07-13 23:07:44,593 WARNING AlphaScanner.Transition Transition history lookup failed for HSCL.NS: no such column: transition_score
2026-07-13 23:07:44,631 WARNING AlphaScanner.Transition Transition history lookup failed for ICICIGI.NS: no such column: transition_score
2026-07-13 23:07:44,643 WARNING AlphaScanner.Transition Transition history lookup failed for IDBI.NS: no such column: transition_score
2026-07-13 23:07:44,777 WARNING AlphaScanner.Transition Transition history lookup failed for IDFCFIRSTB.NS: no such column: transition_score
2026-07-13 23:07:44,777 WARNING AlphaScanner.Transition Transition history lookup failed for ICICIBANK.NS: no such column: transition_score
2026-07-13 23:07:44,821 WARNING AlphaScanner.Transition Transition history lookup failed for IDEA.NS: no such column: transition_score
2026-07-13 23:07:44,876 WARNING AlphaScanner.Transition Transition history lookup failed for HUDCO.NS: no such column: transition_score
2026-07-13 23:07:44,961 WARNING AlphaScanner.Transition Transition history lookup failed for ICICIPRULI.NS: no such column: transition_score
2026-07-13 23:07:45,000 WARNING AlphaScanner.Transition Transition history lookup failed for IEX.NS: no such column: transition_score
2026-07-13 23:07:45,096 WARNING AlphaScanner.Transition Transition history lookup failed for IDFCFIRSTB.NS: no such column: transition_score
2026-07-13 23:07:45,139 WARNING AlphaScanner.Transition Transition history lookup failed for IGIL.NS: no such column: transition_score
2026-07-13 23:07:45,147 WARNING AlphaScanner.Transition Transition history lookup failed for IDBI.NS: no such column: transition_score
2026-07-13 23:07:45,192 WARNING AlphaScanner.Transition Transition history lookup failed for IEX.NS: no such column: transition_score
2026-07-13 23:07:45,221 WARNING AlphaScanner.Transition Transition history lookup failed for IFCI.NS: no such column: transition_score
2026-07-13 23:07:45,249 WARNING AlphaScanner.Transition Transition history lookup failed for IDEA.NS: no such column: transition_score
2026-07-13 23:07:45,360 WARNING AlphaScanner.Transition Transition history lookup failed for IGL.NS: no such column: transition_score
2026-07-13 23:07:45,425 WARNING AlphaScanner.Transition Transition history lookup failed for IIFL.NS: no such column: transition_score
2026-07-13 23:07:45,529 WARNING AlphaScanner.Transition Transition history lookup failed for IGIL.NS: no such column: transition_score
2026-07-13 23:07:45,668 WARNING AlphaScanner.Transition Transition history lookup failed for IGL.NS: no such column: transition_score
2026-07-13 23:07:45,740 WARNING AlphaScanner.Transition Transition history lookup failed for IKS.NS: no such column: transition_score
2026-07-13 23:07:45,741 WARNING AlphaScanner.Transition Transition history lookup failed for INDGN.NS: no such column: transition_score
2026-07-13 23:07:45,791 WARNING AlphaScanner.Transition Transition history lookup failed for INDIACEM.NS: no such column: transition_score
2026-07-13 23:07:45,813 WARNING AlphaScanner.Transition Transition history lookup failed for INDHOTEL.NS: no such column: transition_score
2026-07-13 23:07:45,815 WARNING AlphaScanner.Transition Transition history lookup failed for IFCI.NS: no such column: transition_score
2026-07-13 23:07:45,868 WARNING AlphaScanner.Transition Transition history lookup failed for IIFL.NS: no such column: transition_score
2026-07-13 23:07:46,074 WARNING AlphaScanner.Transition Transition history lookup failed for INDIANB.NS: no such column: transition_score
2026-07-13 23:07:46,075 WARNING AlphaScanner.Transition Transition history lookup failed for INDIAMART.NS: no such column: transition_score
2026-07-13 23:07:46,198 WARNING AlphaScanner.Transition Transition history lookup failed for INDGN.NS: no such column: transition_score
2026-07-13 23:07:46,257 WARNING AlphaScanner.Transition Transition history lookup failed for INDHOTEL.NS: no such column: transition_score
2026-07-13 23:07:46,258 WARNING AlphaScanner.Transition Transition history lookup failed for IKS.NS: no such column: transition_score
2026-07-13 23:07:46,268 WARNING AlphaScanner.Transition Transition history lookup failed for INDIGO.NS: no such column: transition_score
2026-07-13 23:07:46,345 WARNING AlphaScanner.Transition Transition history lookup failed for INDUSINDBK.NS: no such column: transition_score
2026-07-13 23:07:46,385 WARNING AlphaScanner.Transition Transition history lookup failed for INDIAMART.NS: no such column: transition_score
2026-07-13 23:07:46,385 WARNING AlphaScanner.Transition Transition history lookup failed for INDIACEM.NS: no such column: transition_score
2026-07-13 23:07:46,579 WARNING AlphaScanner.Transition Transition history lookup failed for INDIANB.NS: no such column: transition_score
2026-07-13 23:07:46,634 WARNING AlphaScanner.Transition Transition history lookup failed for INDUSTOWER.NS: no such column: transition_score
2026-07-13 23:07:46,634 WARNING AlphaScanner.Transition Transition history lookup failed for INDIGO.NS: no such column: transition_score
2026-07-13 23:07:46,696 WARNING AlphaScanner.Transition Transition history lookup failed for INDUSINDBK.NS: no such column: transition_score
2026-07-13 23:07:46,744 WARNING AlphaScanner.Transition Transition history lookup failed for INFY.NS: no such column: transition_score
2026-07-13 23:07:46,795 WARNING AlphaScanner.Transition Transition history lookup failed for INTELLECT.NS: no such column: transition_score
2026-07-13 23:07:46,813 WARNING AlphaScanner.Transition Transition history lookup failed for INOXWIND.NS: no such column: transition_score
2026-07-13 23:07:46,853 WARNING AlphaScanner.Transition Transition history lookup failed for IOB.NS: no such column: transition_score
2026-07-13 23:07:47,093 WARNING AlphaScanner.Transition Transition history lookup failed for IOC.NS: no such column: transition_score
2026-07-13 23:07:47,117 WARNING AlphaScanner.Transition Transition history lookup failed for INFY.NS: no such column: transition_score
2026-07-13 23:07:47,118 WARNING AlphaScanner.Transition Transition history lookup failed for INDUSTOWER.NS: no such column: transition_score
2026-07-13 23:07:47,118 WARNING AlphaScanner.Transition Transition history lookup failed for IOB.NS: no such column: transition_score
2026-07-13 23:07:47,216 WARNING AlphaScanner.Transition Transition history lookup failed for INTELLECT.NS: no such column: transition_score
2026-07-13 23:07:47,421 WARNING AlphaScanner.Transition Transition history lookup failed for INOXWIND.NS: no such column: transition_score
2026-07-13 23:07:47,422 WARNING AlphaScanner.Transition Transition history lookup failed for IRCTC.NS: no such column: transition_score
2026-07-13 23:07:47,459 WARNING AlphaScanner.Transition Transition history lookup failed for IRB.NS: no such column: transition_score
2026-07-13 23:07:47,504 WARNING AlphaScanner.Transition Transition history lookup failed for IPCALAB.NS: no such column: transition_score
2026-07-13 23:07:47,514 WARNING AlphaScanner.Transition Transition history lookup failed for IOC.NS: no such column: transition_score
2026-07-13 23:07:47,599 WARNING AlphaScanner.Transition Transition history lookup failed for IREDA.NS: no such column: transition_score
2026-07-13 23:07:47,673 WARNING AlphaScanner.Transition Transition history lookup failed for IRCTC.NS: no such column: transition_score
2026-07-13 23:07:47,681 WARNING AlphaScanner.Transition Transition history lookup failed for IRFC.NS: no such column: transition_score
2026-07-13 23:07:47,682 WARNING AlphaScanner.Transition Transition history lookup failed for IRCON.NS: no such column: transition_score
2026-07-13 23:07:47,714 WARNING AlphaScanner.Transition Transition history lookup failed for IRB.NS: no such column: transition_score
2026-07-13 23:07:47,962 WARNING AlphaScanner.Transition Transition history lookup failed for ITC.NS: no such column: transition_score
2026-07-13 23:07:48,047 WARNING AlphaScanner.Transition Transition history lookup failed for IRFC.NS: no such column: transition_score
2026-07-13 23:07:48,133 WARNING AlphaScanner.Transition Transition history lookup failed for ITCHOTELS.NS: no such column: transition_score
2026-07-13 23:07:48,170 WARNING AlphaScanner.Transition Transition history lookup failed for J&KBANK.NS: no such column: transition_score
2026-07-13 23:07:48,200 WARNING AlphaScanner.Transition Transition history lookup failed for IREDA.NS: no such column: transition_score
2026-07-13 23:07:48,241 WARNING AlphaScanner.Transition Transition history lookup failed for IRCON.NS: no such column: transition_score
2026-07-13 23:07:48,246 WARNING AlphaScanner.Transition Transition history lookup failed for ITI.NS: no such column: transition_score
2026-07-13 23:07:48,253 WARNING AlphaScanner.Transition Transition history lookup failed for IPCALAB.NS: no such column: transition_score
2026-07-13 23:07:48,254 WARNING AlphaScanner.Transition Transition history lookup failed for ITC.NS: no such column: transition_score
2026-07-13 23:07:48,529 WARNING AlphaScanner.Transition Transition history lookup failed for JINDALSAW.NS: no such column: transition_score
2026-07-13 23:07:48,591 WARNING AlphaScanner.Transition Transition history lookup failed for J&KBANK.NS: no such column: transition_score
2026-07-13 23:07:48,675 WARNING AlphaScanner.Transition Transition history lookup failed for ITI.NS: no such column: transition_score
2026-07-13 23:07:48,754 WARNING AlphaScanner.Transition Transition history lookup failed for JBCHEPHARM.NS: no such column: transition_score
2026-07-13 23:07:48,763 WARNING AlphaScanner.Transition Transition history lookup failed for ITCHOTELS.NS: no such column: transition_score
2026-07-13 23:07:48,793 WARNING AlphaScanner.Transition Transition history lookup failed for JBMA.NS: no such column: transition_score
2026-07-13 23:07:48,803 WARNING AlphaScanner.Transition Transition history lookup failed for JIOFIN.NS: no such column: transition_score
2026-07-13 23:07:48,832 WARNING AlphaScanner.Transition Transition history lookup failed for JINDALSTEL.NS: no such column: transition_score
2026-07-13 23:07:48,955 WARNING AlphaScanner.Transition Transition history lookup failed for JINDALSAW.NS: no such column: transition_score
2026-07-13 23:07:49,015 WARNING AlphaScanner.Transition Transition history lookup failed for JMFINANCIL.NS: no such column: transition_score
2026-07-13 23:07:49,019 WARNING AlphaScanner.Transition Transition history lookup failed for JKCEMENT.NS: no such column: transition_score
2026-07-13 23:07:49,032 WARNING AlphaScanner.Transition Transition history lookup failed for JKTYRE.NS: no such column: transition_score
2026-07-13 23:07:49,167 WARNING AlphaScanner.Transition Transition history lookup failed for JBCHEPHARM.NS: no such column: transition_score
2026-07-13 23:07:49,299 WARNING AlphaScanner.Transition Transition history lookup failed for JIOFIN.NS: no such column: transition_score
2026-07-13 23:07:49,390 WARNING AlphaScanner.Transition Transition history lookup failed for JBMA.NS: no such column: transition_score
2026-07-13 23:07:49,458 WARNING AlphaScanner.Transition Transition history lookup failed for JPPOWER.NS: no such column: transition_score
2026-07-13 23:07:49,458 WARNING AlphaScanner.Transition Transition history lookup failed for JMFINANCIL.NS: no such column: transition_score
2026-07-13 23:07:49,459 WARNING AlphaScanner.Transition Transition history lookup failed for JINDALSTEL.NS: no such column: transition_score
2026-07-13 23:07:49,459 WARNING AlphaScanner.Transition Transition history lookup failed for JKCEMENT.NS: no such column: transition_score
2026-07-13 23:07:49,460 WARNING AlphaScanner.Transition Transition history lookup failed for JKTYRE.NS: no such column: transition_score
2026-07-13 23:07:49,516 WARNING AlphaScanner.Transition Transition history lookup failed for JSL.NS: no such column: transition_score
2026-07-13 23:07:49,740 WARNING AlphaScanner.Transition Transition history lookup failed for JSWDULUX.NS: no such column: transition_score
2026-07-13 23:07:49,818 WARNING AlphaScanner.Transition Transition history lookup failed for JPPOWER.NS: no such column: transition_score
2026-07-13 23:07:49,948 WARNING AlphaScanner.Transition Transition history lookup failed for JSL.NS: no such column: transition_score
2026-07-13 23:07:49,974 WARNING AlphaScanner.Transition Transition history lookup failed for JSWENERGY.NS: no such column: transition_score
2026-07-13 23:07:49,980 WARNING AlphaScanner.Transition Transition history lookup failed for JSWINFRA.NS: no such column: transition_score
2026-07-13 23:07:50,113 WARNING AlphaScanner.Transition Transition history lookup failed for JSWSTEEL.NS: no such column: transition_score
2026-07-13 23:07:50,180 WARNING AlphaScanner.Transition Transition history lookup failed for JSWDULUX.NS: no such column: transition_score
2026-07-13 23:07:50,267 WARNING AlphaScanner.Transition Transition history lookup failed for JUBLFOOD.NS: no such column: transition_score
2026-07-13 23:07:50,277 WARNING AlphaScanner.Transition Transition history lookup failed for JUBLINGREA.NS: no such column: transition_score
2026-07-13 23:07:50,480 WARNING AlphaScanner.Transition Transition history lookup failed for JUBLPHARMA.NS: no such column: transition_score
2026-07-13 23:07:50,496 WARNING AlphaScanner.Transition Transition history lookup failed for JSWENERGY.NS: no such column: transition_score
2026-07-13 23:07:50,540 WARNING AlphaScanner.Transition Transition history lookup failed for JSWINFRA.NS: no such column: transition_score
2026-07-13 23:07:50,645 WARNING AlphaScanner.Transition Transition history lookup failed for JWL.NS: no such column: transition_score
2026-07-13 23:07:50,676 WARNING AlphaScanner.Transition Transition history lookup failed for JSWSTEEL.NS: no such column: transition_score
2026-07-13 23:07:50,756 WARNING AlphaScanner.Transition Transition history lookup failed for JUBLFOOD.NS: no such column: transition_score
2026-07-13 23:07:50,821 WARNING AlphaScanner.Transition Transition history lookup failed for JYOTICNC.NS: no such column: transition_score
2026-07-13 23:07:51,003 WARNING AlphaScanner.Transition Transition history lookup failed for JUBLPHARMA.NS: no such column: transition_score
2026-07-13 23:07:51,038 WARNING AlphaScanner.Transition Transition history lookup failed for KARURVYSYA.NS: no such column: transition_score
2026-07-13 23:07:51,038 WARNING AlphaScanner.Transition Transition history lookup failed for JUBLINGREA.NS: no such column: transition_score
2026-07-13 23:07:51,104 WARNING AlphaScanner.Transition Transition history lookup failed for KAYNES.NS: no such column: transition_score
2026-07-13 23:07:51,129 WARNING AlphaScanner.Transition Transition history lookup failed for KALYANKJIL.NS: no such column: transition_score
2026-07-13 23:07:51,189 WARNING AlphaScanner.Transition Transition history lookup failed for KAJARIACER.NS: no such column: transition_score
2026-07-13 23:07:51,228 WARNING AlphaScanner.Transition Transition history lookup failed for JWL.NS: no such column: transition_score
2026-07-13 23:07:51,413 WARNING AlphaScanner.Transition Transition history lookup failed for KEC.NS: no such column: transition_score
2026-07-13 23:07:51,583 WARNING AlphaScanner.Transition Transition history lookup failed for JYOTICNC.NS: no such column: transition_score
2026-07-13 23:07:51,613 WARNING AlphaScanner.Transition Transition history lookup failed for KAYNES.NS: no such column: transition_score
2026-07-13 23:07:51,614 WARNING AlphaScanner.Transition Transition history lookup failed for KFINTECH.NS: no such column: transition_score
2026-07-13 23:07:51,614 WARNING AlphaScanner.Transition Transition history lookup failed for KEI.NS: no such column: transition_score
2026-07-13 23:07:51,624 WARNING AlphaScanner.Transition Transition history lookup failed for KARURVYSYA.NS: no such column: transition_score
2026-07-13 23:07:51,624 WARNING AlphaScanner.Transition Transition history lookup failed for KAJARIACER.NS: no such column: transition_score
2026-07-13 23:07:51,633 WARNING AlphaScanner.Transition Transition history lookup failed for KALYANKJIL.NS: no such column: transition_score
2026-07-13 23:07:51,930 WARNING AlphaScanner.Transition Transition history lookup failed for KIMS.NS: no such column: transition_score
2026-07-13 23:07:51,950 WARNING AlphaScanner.Transition Transition history lookup failed for KEC.NS: no such column: transition_score
2026-07-13 23:07:51,998 WARNING AlphaScanner.Transition Transition history lookup failed for KFINTECH.NS: no such column: transition_score
2026-07-13 23:07:52,007 WARNING AlphaScanner.Transition Transition history lookup failed for KEI.NS: no such column: transition_score
2026-07-13 23:07:52,027 WARNING AlphaScanner.Transition Transition history lookup failed for KIRLOSENG.NS: no such column: transition_score
2026-07-13 23:07:52,194 WARNING AlphaScanner.Transition Transition history lookup failed for KOTAKBANK.NS: no such column: transition_score
2026-07-13 23:07:52,267 WARNING AlphaScanner.Transition Transition history lookup failed for KPIL.NS: no such column: transition_score
2026-07-13 23:07:52,290 WARNING AlphaScanner.Transition Transition history lookup failed for KPITTECH.NS: no such column: transition_score
2026-07-13 23:07:52,588 WARNING AlphaScanner.Transition Transition history lookup failed for KIMS.NS: no such column: transition_score
2026-07-13 23:07:52,613 WARNING AlphaScanner.Transition Transition history lookup failed for KPRMILL.NS: no such column: transition_score
2026-07-13 23:07:52,710 WARNING AlphaScanner.Transition Transition history lookup failed for KOTAKBANK.NS: no such column: transition_score
2026-07-13 23:07:52,715 WARNING AlphaScanner.Transition Transition history lookup failed for LATENTVIEW.NS: no such column: transition_score
2026-07-13 23:07:52,731 WARNING AlphaScanner.Transition Transition history lookup failed for KIRLOSENG.NS: no such column: transition_score
2026-07-13 23:07:52,763 WARNING AlphaScanner.Transition Transition history lookup failed for LALPATHLAB.NS: no such column: transition_score
2026-07-13 23:07:52,883 WARNING AlphaScanner.Transition Transition history lookup failed for KPITTECH.NS: no such column: transition_score
2026-07-13 23:07:52,889 WARNING AlphaScanner.Transition Transition history lookup failed for KPIL.NS: no such column: transition_score
2026-07-13 23:07:52,976 WARNING AlphaScanner.Transition Transition history lookup failed for KPRMILL.NS: no such column: transition_score
2026-07-13 23:07:53,010 WARNING AlphaScanner.Transition Transition history lookup failed for LATENTVIEW.NS: no such column: transition_score
2026-07-13 23:07:53,204 WARNING AlphaScanner.Transition Transition history lookup failed for LAURUSLABS.NS: no such column: transition_score
2026-07-13 23:07:53,213 WARNING AlphaScanner.Transition Transition history lookup failed for LALPATHLAB.NS: no such column: transition_score
2026-07-13 23:07:53,247 WARNING AlphaScanner.Transition Transition history lookup failed for LEMONTREE.NS: no such column: transition_score
2026-07-13 23:07:53,468 WARNING AlphaScanner.Transition Transition history lookup failed for LAURUSLABS.NS: no such column: transition_score
2026-07-13 23:07:53,513 WARNING AlphaScanner.Transition Transition history lookup failed for LEMONTREE.NS: no such column: transition_score
2026-07-13 23:07:53,518 WARNING AlphaScanner.Transition Transition history lookup failed for LICHSGFIN.NS: no such column: transition_score
2026-07-13 23:07:53,553 WARNING AlphaScanner.Transition Transition history lookup failed for LLOYDSME.NS: no such column: transition_score
2026-07-13 23:07:53,559 WARNING AlphaScanner.Transition Transition history lookup failed for LINDEINDIA.NS: no such column: transition_score
2026-07-13 23:07:53,604 WARNING AlphaScanner.Transition Transition history lookup failed for LICI.NS: no such column: transition_score
2026-07-13 23:07:53,614 WARNING AlphaScanner.Transition Transition history lookup failed for LODHA.NS: no such column: transition_score
2026-07-13 23:07:53,786 WARNING AlphaScanner.Transition Transition history lookup failed for LT.NS: no such column: transition_score
2026-07-13 23:07:53,941 WARNING AlphaScanner.Transition Transition history lookup failed for LINDEINDIA.NS: no such column: transition_score
2026-07-13 23:07:54,005 WARNING AlphaScanner.Transition Transition history lookup failed for LICI.NS: no such column: transition_score
2026-07-13 23:07:54,027 WARNING AlphaScanner.Transition Transition history lookup failed for LTF.NS: no such column: transition_score
2026-07-13 23:07:54,152 WARNING AlphaScanner.Transition Transition history lookup failed for LTFOODS.NS: no such column: transition_score
2026-07-13 23:07:54,176 WARNING AlphaScanner.Transition Transition history lookup failed for LT.NS: no such column: transition_score
2026-07-13 23:07:54,192 WARNING AlphaScanner.Transition Transition history lookup failed for LODHA.NS: no such column: transition_score
2026-07-13 23:07:54,193 WARNING AlphaScanner.Transition Transition history lookup failed for LLOYDSME.NS: no such column: transition_score
2026-07-13 23:07:54,195 WARNING AlphaScanner.Transition Transition history lookup failed for LICHSGFIN.NS: no such column: transition_score
2026-07-13 23:07:54,309 WARNING AlphaScanner.Transition Transition history lookup failed for LTF.NS: no such column: transition_score
2026-07-13 23:07:54,456 WARNING AlphaScanner.Transition Transition history lookup failed for LTM.NS: no such column: transition_score
2026-07-13 23:07:54,460 WARNING AlphaScanner.Transition Transition history lookup failed for LTTS.NS: no such column: transition_score
2026-07-13 23:07:54,537 WARNING AlphaScanner.Transition Transition history lookup failed for LUPIN.NS: no such column: transition_score
2026-07-13 23:07:54,574 WARNING AlphaScanner.Transition Transition history lookup failed for LTFOODS.NS: no such column: transition_score
2026-07-13 23:07:54,711 WARNING AlphaScanner.Transition Transition history lookup failed for LTM.NS: no such column: transition_score
2026-07-13 23:07:54,781 WARNING AlphaScanner.Transition Transition history lookup failed for M&M.NS: no such column: transition_score
2026-07-13 23:07:54,928 WARNING AlphaScanner.Transition Transition history lookup failed for LTTS.NS: no such column: transition_score
2026-07-13 23:07:54,964 WARNING AlphaScanner.Transition Transition history lookup failed for MAHABANK.NS: no such column: transition_score
2026-07-13 23:07:54,965 WARNING AlphaScanner.Transition Transition history lookup failed for MANKIND.NS: no such column: transition_score
2026-07-13 23:07:55,041 WARNING AlphaScanner.Transition Transition history lookup failed for M&MFIN.NS: no such column: transition_score
2026-07-13 23:07:55,137 WARNING AlphaScanner.Transition Transition history lookup failed for M&M.NS: no such column: transition_score
2026-07-13 23:07:55,177 WARNING AlphaScanner.Transition Transition history lookup failed for MANAPPURAM.NS: no such column: transition_score
2026-07-13 23:07:55,180 WARNING AlphaScanner.Transition Transition history lookup failed for LUPIN.NS: no such column: transition_score
2026-07-13 23:07:55,293 WARNING AlphaScanner.Transition Transition history lookup failed for MAHABANK.NS: no such column: transition_score
2026-07-13 23:07:55,310 WARNING AlphaScanner.Transition Transition history lookup failed for MAPMYINDIA.NS: no such column: transition_score
2026-07-13 23:07:55,478 WARNING AlphaScanner.Transition Transition history lookup failed for MANKIND.NS: no such column: transition_score
2026-07-13 23:07:55,506 WARNING AlphaScanner.Transition Transition history lookup failed for M&MFIN.NS: no such column: transition_score
2026-07-13 23:07:55,532 WARNING AlphaScanner.Transition Transition history lookup failed for MAPMYINDIA.NS: no such column: transition_score
2026-07-13 23:07:55,562 WARNING AlphaScanner.Transition Transition history lookup failed for MARUTI.NS: no such column: transition_score
2026-07-13 23:07:55,562 WARNING AlphaScanner.Transition Transition history lookup failed for MARICO.NS: no such column: transition_score
2026-07-13 23:07:55,566 WARNING AlphaScanner.Transition Transition history lookup failed for MANAPPURAM.NS: no such column: transition_score
2026-07-13 23:07:55,636 WARNING AlphaScanner.Transition Transition history lookup failed for MAZDOCK.NS: no such column: transition_score
2026-07-13 23:07:55,746 WARNING AlphaScanner.Transition Transition history lookup failed for MAXHEALTH.NS: no such column: transition_score
2026-07-13 23:07:55,829 WARNING AlphaScanner.Transition Transition history lookup failed for MCX.NS: no such column: transition_score
2026-07-13 23:07:55,959 WARNING AlphaScanner.Transition Transition history lookup failed for MEDANTA.NS: no such column: transition_score
2026-07-13 23:07:56,041 WARNING AlphaScanner.Transition Transition history lookup failed for MFSL.NS: no such column: transition_score
2026-07-13 23:07:56,041 WARNING AlphaScanner.Transition Transition history lookup failed for MARUTI.NS: no such column: transition_score
2026-07-13 23:07:56,166 WARNING AlphaScanner.Transition Transition history lookup failed for MGL.NS: no such column: transition_score
2026-07-13 23:07:56,184 WARNING AlphaScanner.Transition Transition history lookup failed for MARICO.NS: no such column: transition_score
2026-07-13 23:07:56,246 WARNING AlphaScanner.Transition Transition history lookup failed for MAZDOCK.NS: no such column: transition_score
2026-07-13 23:07:56,409 WARNING AlphaScanner.Transition Transition history lookup failed for MCX.NS: no such column: transition_score
2026-07-13 23:07:56,409 WARNING AlphaScanner.Transition Transition history lookup failed for MEDANTA.NS: no such column: transition_score
2026-07-13 23:07:56,424 WARNING AlphaScanner.Transition Transition history lookup failed for MINDACORP.NS: no such column: transition_score
2026-07-13 23:07:56,521 WARNING AlphaScanner.Transition Transition history lookup failed for MGL.NS: no such column: transition_score
2026-07-13 23:07:56,521 WARNING AlphaScanner.Transition Transition history lookup failed for MMTC.NS: no such column: transition_score
2026-07-13 23:07:56,550 WARNING AlphaScanner.Transition Transition history lookup failed for MAXHEALTH.NS: no such column: transition_score
2026-07-13 23:07:56,883 WARNING AlphaScanner.Transition Transition history lookup failed for MOTILALOFS.NS: no such column: transition_score
2026-07-13 23:07:56,911 WARNING AlphaScanner.Transition Transition history lookup failed for MFSL.NS: no such column: transition_score
2026-07-13 23:07:56,958 WARNING AlphaScanner.Transition Transition history lookup failed for MINDACORP.NS: no such column: transition_score
2026-07-13 23:07:56,959 WARNING AlphaScanner.Transition Transition history lookup failed for MOTHERSON.NS: no such column: transition_score
2026-07-13 23:07:56,994 WARNING AlphaScanner.Transition Transition history lookup failed for MRPL.NS: no such column: transition_score
2026-07-13 23:07:57,064 WARNING AlphaScanner.Transition Transition history lookup failed for MPHASIS.NS: no such column: transition_score
2026-07-13 23:07:57,080 WARNING AlphaScanner.Transition Transition history lookup failed for MRF.NS: no such column: transition_score
2026-07-13 23:07:57,158 WARNING AlphaScanner.Transition Transition history lookup failed for MMTC.NS: no such column: transition_score
2026-07-13 23:07:57,255 WARNING AlphaScanner.Transition Transition history lookup failed for MOTHERSON.NS: no such column: transition_score
2026-07-13 23:07:57,276 WARNING AlphaScanner.Transition Transition history lookup failed for MOTILALOFS.NS: no such column: transition_score
2026-07-13 23:07:57,430 WARNING AlphaScanner.Transition Transition history lookup failed for MRPL.NS: no such column: transition_score
2026-07-13 23:07:57,479 WARNING AlphaScanner.Transition Transition history lookup failed for MSUMI.NS: no such column: transition_score
2026-07-13 23:07:57,517 WARNING AlphaScanner.Transition Transition history lookup failed for MPHASIS.NS: no such column: transition_score
2026-07-13 23:07:57,745 WARNING AlphaScanner.Transition Transition history lookup failed for NAUKRI.NS: no such column: transition_score
2026-07-13 23:07:57,773 WARNING AlphaScanner.Transition Transition history lookup failed for MRF.NS: no such column: transition_score
2026-07-13 23:07:57,776 WARNING AlphaScanner.Transition Transition history lookup failed for NAM-INDIA.NS: no such column: transition_score
2026-07-13 23:07:57,776 WARNING AlphaScanner.Transition Transition history lookup failed for MSUMI.NS: no such column: transition_score
2026-07-13 23:07:57,822 WARNING AlphaScanner.Transition Transition history lookup failed for MUTHOOTFIN.NS: no such column: transition_score
2026-07-13 23:07:57,822 WARNING AlphaScanner.Transition Transition history lookup failed for NAVA.NS: no such column: transition_score
2026-07-13 23:07:57,822 WARNING AlphaScanner.Transition Transition history lookup failed for NATCOPHARM.NS: no such column: transition_score
2026-07-13 23:07:57,881 WARNING AlphaScanner.Transition Transition history lookup failed for NATIONALUM.NS: no such column: transition_score
2026-07-13 23:07:58,165 WARNING AlphaScanner.Transition Transition history lookup failed for NAVINFLUOR.NS: no such column: transition_score
2026-07-13 23:07:58,166 WARNING AlphaScanner.Transition Transition history lookup failed for NAUKRI.NS: no such column: transition_score
2026-07-13 23:07:58,169 WARNING AlphaScanner.Transition Transition history lookup failed for NAM-INDIA.NS: no such column: transition_score
2026-07-13 23:07:58,321 WARNING AlphaScanner.Transition Transition history lookup failed for NAVA.NS: no such column: transition_score
2026-07-13 23:07:58,337 WARNING AlphaScanner.Transition Transition history lookup failed for MUTHOOTFIN.NS: no such column: transition_score
2026-07-13 23:07:58,408 WARNING AlphaScanner.Transition Transition history lookup failed for NBCC.NS: no such column: transition_score
2026-07-13 23:07:58,440 WARNING AlphaScanner.Transition Transition history lookup failed for NATIONALUM.NS: no such column: transition_score
2026-07-13 23:07:58,440 WARNING AlphaScanner.Transition Transition history lookup failed for NATCOPHARM.NS: no such column: transition_score
2026-07-13 23:07:58,459 WARNING AlphaScanner.Transition Transition history lookup failed for NAVINFLUOR.NS: no such column: transition_score
2026-07-13 23:07:58,679 WARNING AlphaScanner.Transition Transition history lookup failed for NCC.NS: no such column: transition_score
2026-07-13 23:07:58,748 WARNING AlphaScanner.Transition Transition history lookup failed for NETWEB.NS: no such column: transition_score
2026-07-13 23:07:58,761 WARNING AlphaScanner.Transition Transition history lookup failed for NESTLEIND.NS: no such column: transition_score
2026-07-13 23:07:58,789 WARNING AlphaScanner.Transition Transition history lookup failed for NBCC.NS: no such column: transition_score
2026-07-13 23:07:58,851 WARNING AlphaScanner.Transition Transition history lookup failed for NEULANDLAB.NS: no such column: transition_score
2026-07-13 23:07:58,965 WARNING AlphaScanner.Transition Transition history lookup failed for NCC.NS: no such column: transition_score
2026-07-13 23:07:58,983 WARNING AlphaScanner.Transition Transition history lookup failed for NH.NS: no such column: transition_score
2026-07-13 23:07:59,058 WARNING AlphaScanner.Transition Transition history lookup failed for NETWEB.NS: no such column: transition_score
2026-07-13 23:07:59,193 WARNING AlphaScanner.Transition Transition history lookup failed for NEWGEN.NS: no such column: transition_score
2026-07-13 23:07:59,228 WARNING AlphaScanner.Transition Transition history lookup failed for NHPC.NS: no such column: transition_score
2026-07-13 23:07:59,249 WARNING AlphaScanner.Transition Transition history lookup failed for NESTLEIND.NS: no such column: transition_score
2026-07-13 23:07:59,405 WARNING AlphaScanner.Transition Transition history lookup failed for NIACL.NS: no such column: transition_score
2026-07-13 23:07:59,433 WARNING AlphaScanner.Transition Transition history lookup failed for NEULANDLAB.NS: no such column: transition_score
2026-07-13 23:07:59,442 WARNING AlphaScanner.Transition Transition history lookup failed for NH.NS: no such column: transition_score
2026-07-13 23:07:59,585 WARNING AlphaScanner.Transition Transition history lookup failed for NIVABUPA.NS: no such column: transition_score
2026-07-13 23:07:59,625 WARNING AlphaScanner.Transition Transition history lookup failed for NLCINDIA.NS: no such column: transition_score
2026-07-13 23:07:59,635 WARNING AlphaScanner.Transition Transition history lookup failed for NEWGEN.NS: no such column: transition_score
2026-07-13 23:07:59,746 WARNING AlphaScanner.Transition Transition history lookup failed for NMDC.NS: no such column: transition_score
2026-07-13 23:07:59,761 WARNING AlphaScanner.Transition Transition history lookup failed for NHPC.NS: no such column: transition_score
2026-07-13 23:07:59,791 WARNING AlphaScanner.Transition Transition history lookup failed for NSLNISP.NS: no such column: transition_score
2026-07-13 23:07:59,791 WARNING AlphaScanner.Transition Transition history lookup failed for NIACL.NS: no such column: transition_score
2026-07-13 23:07:59,978 WARNING AlphaScanner.Transition Transition history lookup failed for NIVABUPA.NS: no such column: transition_score
2026-07-13 23:08:00,009 WARNING AlphaScanner.Transition Transition history lookup failed for NTPC.NS: no such column: transition_score
2026-07-13 23:08:00,103 WARNING AlphaScanner.Transition Transition history lookup failed for NLCINDIA.NS: no such column: transition_score
2026-07-13 23:08:00,153 WARNING AlphaScanner.Transition Transition history lookup failed for NUVAMA.NS: no such column: transition_score
2026-07-13 23:08:00,205 WARNING AlphaScanner.Transition Transition history lookup failed for NTPCGREEN.NS: no such column: transition_score
2026-07-13 23:08:00,212 WARNING AlphaScanner.Transition Transition history lookup failed for NMDC.NS: no such column: transition_score
2026-07-13 23:08:00,346 WARNING AlphaScanner.Transition Transition history lookup failed for NTPC.NS: no such column: transition_score
2026-07-13 23:08:00,361 WARNING AlphaScanner.Transition Transition history lookup failed for NSLNISP.NS: no such column: transition_score
2026-07-13 23:08:00,411 WARNING AlphaScanner.Transition Transition history lookup failed for NYKAA.NS: no such column: transition_score
2026-07-13 23:08:00,441 WARNING AlphaScanner.Transition Transition history lookup failed for NUVOCO.NS: no such column: transition_score
2026-07-13 23:08:00,518 WARNING AlphaScanner.Transition Transition history lookup failed for OBEROIRLTY.NS: no such column: transition_score
2026-07-13 23:08:00,673 WARNING AlphaScanner.Transition Transition history lookup failed for NTPCGREEN.NS: no such column: transition_score
2026-07-13 23:08:00,798 WARNING AlphaScanner.Transition Transition history lookup failed for NYKAA.NS: no such column: transition_score
2026-07-13 23:08:00,806 WARNING AlphaScanner.Transition Transition history lookup failed for OFSS.NS: no such column: transition_score
2026-07-13 23:08:00,814 WARNING AlphaScanner.Transition Transition history lookup failed for OBEROIRLTY.NS: no such column: transition_score
2026-07-13 23:08:00,876 WARNING AlphaScanner.Transition Transition history lookup failed for NUVAMA.NS: no such column: transition_score
2026-07-13 23:08:00,901 WARNING AlphaScanner.Transition Transition history lookup failed for NUVOCO.NS: no such column: transition_score
2026-07-13 23:08:00,993 WARNING AlphaScanner.Transition Transition history lookup failed for OIL.NS: no such column: transition_score
2026-07-13 23:08:01,087 WARNING AlphaScanner.Transition Transition history lookup failed for OLAELEC.NS: no such column: transition_score
2026-07-13 23:08:01,160 WARNING AlphaScanner.Transition Transition history lookup failed for OLECTRA.NS: no such column: transition_score
2026-07-13 23:08:01,161 WARNING AlphaScanner.Transition Transition history lookup failed for ONESOURCE.NS: no such column: transition_score
2026-07-13 23:08:01,279 WARNING AlphaScanner.Transition Transition history lookup failed for ONGC.NS: no such column: transition_score
2026-07-13 23:08:01,302 WARNING AlphaScanner.Transition Transition history lookup failed for PAGEIND.NS: no such column: transition_score
2026-07-13 23:08:01,343 WARNING AlphaScanner.Transition Transition history lookup failed for OFSS.NS: no such column: transition_score
2026-07-13 23:08:01,454 WARNING AlphaScanner.Transition Transition history lookup failed for PARADEEP.NS: no such column: transition_score
2026-07-13 23:08:01,594 WARNING AlphaScanner.Transition Transition history lookup failed for ONGC.NS: no such column: transition_score
2026-07-13 23:08:01,627 WARNING AlphaScanner.Transition Transition history lookup failed for OIL.NS: no such column: transition_score
2026-07-13 23:08:01,660 WARNING AlphaScanner.Transition Transition history lookup failed for OLAELEC.NS: no such column: transition_score
2026-07-13 23:08:01,660 WARNING AlphaScanner.Transition Transition history lookup failed for OLECTRA.NS: no such column: transition_score
2026-07-13 23:08:01,711 WARNING AlphaScanner.Transition Transition history lookup failed for PATANJALI.NS: no such column: transition_score
2026-07-13 23:08:01,793 WARNING AlphaScanner.Transition Transition history lookup failed for ONESOURCE.NS: no such column: transition_score
2026-07-13 23:08:01,834 WARNING AlphaScanner.Transition Transition history lookup failed for PAGEIND.NS: no such column: transition_score
2026-07-13 23:08:01,887 WARNING AlphaScanner.Transition Transition history lookup failed for PARADEEP.NS: no such column: transition_score
2026-07-13 23:08:02,056 WARNING AlphaScanner.Transition Transition history lookup failed for PAYTM.NS: no such column: transition_score
2026-07-13 23:08:02,078 WARNING AlphaScanner.Transition Transition history lookup failed for PETRONET.NS: no such column: transition_score
2026-07-13 23:08:02,139 WARNING AlphaScanner.Transition Transition history lookup failed for PCBL.NS: no such column: transition_score
2026-07-13 23:08:02,139 WARNING AlphaScanner.Transition Transition history lookup failed for PERSISTENT.NS: no such column: transition_score
2026-07-13 23:08:02,255 WARNING AlphaScanner.Transition Transition history lookup failed for PATANJALI.NS: no such column: transition_score
2026-07-13 23:08:02,354 WARNING AlphaScanner.Transition Transition history lookup failed for PAYTM.NS: no such column: transition_score
2026-07-13 23:08:02,393 WARNING AlphaScanner.Transition Transition history lookup failed for PGEL.NS: no such column: transition_score
2026-07-13 23:08:02,480 WARNING AlphaScanner.Transition Transition history lookup failed for PERSISTENT.NS: no such column: transition_score
2026-07-13 23:08:02,494 WARNING AlphaScanner.Transition Transition history lookup failed for PFC.NS: no such column: transition_score
2026-07-13 23:08:02,519 WARNING AlphaScanner.Transition Transition history lookup failed for PFIZER.NS: no such column: transition_score
2026-07-13 23:08:02,531 WARNING AlphaScanner.Transition Transition history lookup failed for PETRONET.NS: no such column: transition_score
2026-07-13 23:08:02,531 WARNING AlphaScanner.Transition Transition history lookup failed for PHOENIXLTD.NS: no such column: transition_score
2026-07-13 23:08:02,634 WARNING AlphaScanner.Transition Transition history lookup failed for PCBL.NS: no such column: transition_score
2026-07-13 23:08:02,732 WARNING AlphaScanner.Transition Transition history lookup failed for PGEL.NS: no such column: transition_score
2026-07-13 23:08:02,892 WARNING AlphaScanner.Transition Transition history lookup failed for PFC.NS: no such column: transition_score
2026-07-13 23:08:02,925 WARNING AlphaScanner.Transition Transition history lookup failed for PHOENIXLTD.NS: no such column: transition_score
2026-07-13 23:08:02,961 WARNING AlphaScanner.Transition Transition history lookup failed for PFIZER.NS: no such column: transition_score
2026-07-13 23:08:02,961 WARNING AlphaScanner.Transition Transition history lookup failed for PIIND.NS: no such column: transition_score
2026-07-13 23:08:03,038 WARNING AlphaScanner.Transition Transition history lookup failed for PIDILITIND.NS: no such column: transition_score
2026-07-13 23:08:03,214 WARNING AlphaScanner.Transition Transition history lookup failed for PNBHOUSING.NS: no such column: transition_score
2026-07-13 23:08:03,254 WARNING AlphaScanner.Transition Transition history lookup failed for PIDILITIND.NS: no such column: transition_score
2026-07-13 23:08:03,257 WARNING AlphaScanner.Transition Transition history lookup failed for PIIND.NS: no such column: transition_score
2026-07-13 23:08:03,397 WARNING AlphaScanner.Transition Transition history lookup failed for PNB.NS: no such column: transition_score
2026-07-13 23:08:03,406 WARNING AlphaScanner.Transition Transition history lookup failed for PNBHOUSING.NS: no such column: transition_score
2026-07-13 23:08:03,445 WARNING AlphaScanner.Transition Transition history lookup failed for POONAWALLA.NS: no such column: transition_score
2026-07-13 23:08:03,465 WARNING AlphaScanner.Transition Transition history lookup failed for POLICYBZR.NS: no such column: transition_score
2026-07-13 23:08:03,515 WARNING AlphaScanner.Transition Transition history lookup failed for POLYMED.NS: no such column: transition_score
2026-07-13 23:08:03,648 WARNING AlphaScanner.Transition Transition history lookup failed for POLYCAB.NS: no such column: transition_score
2026-07-13 23:08:03,722 WARNING AlphaScanner.Transition Transition history lookup failed for POWERINDIA.NS: no such column: transition_score
2026-07-13 23:08:03,876 WARNING AlphaScanner.Transition Transition history lookup failed for PPLPHARMA.NS: no such column: transition_score
2026-07-13 23:08:03,881 WARNING AlphaScanner.Transition Transition history lookup failed for POLICYBZR.NS: no such column: transition_score
2026-07-13 23:08:03,890 WARNING AlphaScanner.Transition Transition history lookup failed for POWERGRID.NS: no such column: transition_score
2026-07-13 23:08:03,904 WARNING AlphaScanner.Transition Transition history lookup failed for POLYMED.NS: no such column: transition_score
2026-07-13 23:08:03,949 WARNING AlphaScanner.Transition Transition history lookup failed for POONAWALLA.NS: no such column: transition_score
2026-07-13 23:08:03,958 WARNING AlphaScanner.Transition Transition history lookup failed for PNB.NS: no such column: transition_score
2026-07-13 23:08:03,984 WARNING AlphaScanner.Transition Transition history lookup failed for POWERINDIA.NS: no such column: transition_score
2026-07-13 23:08:04,075 WARNING AlphaScanner.Transition Transition history lookup failed for POLYCAB.NS: no such column: transition_score
2026-07-13 23:08:04,253 WARNING AlphaScanner.Transition Transition history lookup failed for PPLPHARMA.NS: no such column: transition_score
2026-07-13 23:08:04,308 WARNING AlphaScanner.Transition Transition history lookup failed for PREMIERENE.NS: no such column: transition_score
2026-07-13 23:08:04,377 WARNING AlphaScanner.Transition Transition history lookup failed for PRESTIGE.NS: no such column: transition_score
2026-07-13 23:08:04,413 WARNING AlphaScanner.Transition Transition history lookup failed for POWERGRID.NS: no such column: transition_score
2026-07-13 23:08:04,427 WARNING AlphaScanner.Transition Transition history lookup failed for PTCIL.NS: no such column: transition_score
2026-07-13 23:08:04,565 WARNING AlphaScanner.Transition Transition history lookup failed for PREMIERENE.NS: no such column: transition_score
2026-07-13 23:08:04,631 WARNING AlphaScanner.Transition Transition history lookup failed for PVRINOX.NS: no such column: transition_score
2026-07-13 23:08:04,730 WARNING AlphaScanner.Transition Transition history lookup failed for PRESTIGE.NS: no such column: transition_score
2026-07-13 23:08:04,790 WARNING AlphaScanner.Transition Transition history lookup failed for RAILTEL.NS: no such column: transition_score
2026-07-13 23:08:04,798 WARNING AlphaScanner.Transition Transition history lookup failed for RADICO.NS: no such column: transition_score
2026-07-13 23:08:04,865 WARNING AlphaScanner.Transition Transition history lookup failed for RAINBOW.NS: no such column: transition_score
2026-07-13 23:08:04,984 WARNING AlphaScanner.Transition Transition history lookup failed for RBLBANK.NS: no such column: transition_score
2026-07-13 23:08:04,991 WARNING AlphaScanner.Transition Transition history lookup failed for RAMCOCEM.NS: no such column: transition_score
2026-07-13 23:08:05,120 WARNING AlphaScanner.Transition Transition history lookup failed for PVRINOX.NS: no such column: transition_score
2026-07-13 23:08:05,122 WARNING AlphaScanner.Transition Transition history lookup failed for PTCIL.NS: no such column: transition_score
2026-07-13 23:08:05,122 WARNING AlphaScanner.Transition Transition history lookup failed for RAILTEL.NS: no such column: transition_score
2026-07-13 23:08:05,334 WARNING AlphaScanner.Transition Transition history lookup failed for RECLTD.NS: no such column: transition_score
2026-07-13 23:08:05,437 WARNING AlphaScanner.Transition Transition history lookup failed for RBLBANK.NS: no such column: transition_score
2026-07-13 23:08:05,438 WARNING AlphaScanner.Transition Transition history lookup failed for RAINBOW.NS: no such column: transition_score
2026-07-13 23:08:05,445 WARNING AlphaScanner.Transition Transition history lookup failed for RADICO.NS: no such column: transition_score
2026-07-13 23:08:05,459 WARNING AlphaScanner.Transition Transition history lookup failed for REDINGTON.NS: no such column: transition_score
2026-07-13 23:08:05,547 WARNING AlphaScanner.Transition Transition history lookup failed for RAMCOCEM.NS: no such column: transition_score
2026-07-13 23:08:05,586 WARNING AlphaScanner.Transition Transition history lookup failed for RELIANCE.NS: no such column: transition_score
2026-07-13 23:08:05,629 WARNING AlphaScanner.Transition Transition history lookup failed for RHIM.NS: no such column: transition_score
2026-07-13 23:08:05,662 WARNING AlphaScanner.Transition Transition history lookup failed for RECLTD.NS: no such column: transition_score
2026-07-13 23:08:05,818 WARNING AlphaScanner.Transition Transition history lookup failed for RITES.NS: no such column: transition_score
2026-07-13 23:08:06,000 WARNING AlphaScanner.Transition Transition history lookup failed for REDINGTON.NS: no such column: transition_score
2026-07-13 23:08:06,212 WARNING AlphaScanner.Transition Transition history lookup failed for RKFORGE.NS: no such column: transition_score
2026-07-13 23:08:06,264 WARNING AlphaScanner.Transition Transition history lookup failed for RELIANCE.NS: no such column: transition_score
2026-07-13 23:08:06,335 WARNING AlphaScanner.Transition Transition history lookup failed for RPOWER.NS: no such column: transition_score
2026-07-13 23:08:06,424 WARNING AlphaScanner.Transition Transition history lookup failed for RHIM.NS: no such column: transition_score
2026-07-13 23:08:06,433 WARNING AlphaScanner.Transition Transition history lookup failed for SAGILITY.NS: no such column: transition_score
2026-07-13 23:08:06,496 WARNING AlphaScanner.Transition Transition history lookup failed for RITES.NS: no such column: transition_score
2026-07-13 23:08:06,503 WARNING AlphaScanner.Transition Transition history lookup failed for RRKABEL.NS: no such column: transition_score
2026-07-13 23:08:06,508 WARNING AlphaScanner.Transition Transition history lookup failed for RKFORGE.NS: no such column: transition_score
2026-07-13 23:08:06,534 WARNING AlphaScanner.Transition Transition history lookup failed for RVNL.NS: no such column: transition_score
2026-07-13 23:08:06,810 WARNING AlphaScanner.Transition Transition history lookup failed for RPOWER.NS: no such column: transition_score
2026-07-13 23:08:06,864 WARNING AlphaScanner.Transition Transition history lookup failed for SAIL.NS: no such column: transition_score
2026-07-13 23:08:06,918 WARNING AlphaScanner.Transition Transition history lookup failed for SAMMAANCAP.NS: no such column: transition_score
2026-07-13 23:08:06,961 WARNING AlphaScanner.Transition Transition history lookup failed for SAGILITY.NS: no such column: transition_score
2026-07-13 23:08:07,045 WARNING AlphaScanner.Transition Transition history lookup failed for RVNL.NS: no such column: transition_score
2026-07-13 23:08:07,110 WARNING AlphaScanner.Transition Transition history lookup failed for SAILIFE.NS: no such column: transition_score
2026-07-13 23:08:07,199 WARNING AlphaScanner.Transition Transition history lookup failed for RRKABEL.NS: no such column: transition_score
2026-07-13 23:08:07,314 WARNING AlphaScanner.Transition Transition history lookup failed for SAPPHIRE.NS: no such column: transition_score
2026-07-13 23:08:07,348 WARNING AlphaScanner.Transition Transition history lookup failed for SAILIFE.NS: no such column: transition_score
2026-07-13 23:08:07,349 WARNING AlphaScanner.Transition Transition history lookup failed for SAMMAANCAP.NS: no such column: transition_score
2026-07-13 23:08:07,374 WARNING AlphaScanner.Transition Transition history lookup failed for SARDAEN.NS: no such column: transition_score
2026-07-13 23:08:07,427 WARNING AlphaScanner.Transition Transition history lookup failed for SAREGAMA.NS: no such column: transition_score
2026-07-13 23:08:07,513 WARNING AlphaScanner.Transition Transition history lookup failed for SAIL.NS: no such column: transition_score
2026-07-13 23:08:07,553 WARNING AlphaScanner.Transition Transition history lookup failed for SAPPHIRE.NS: no such column: transition_score
2026-07-13 23:08:07,694 WARNING AlphaScanner.Transition Transition history lookup failed for SARDAEN.NS: no such column: transition_score
2026-07-13 23:08:07,790 WARNING AlphaScanner.Transition Transition history lookup failed for SBFC.NS: no such column: transition_score
2026-07-13 23:08:07,791 WARNING AlphaScanner.Transition Transition history lookup failed for SBICARD.NS: no such column: transition_score
2026-07-13 23:08:07,845 WARNING AlphaScanner.Transition Transition history lookup failed for SBILIFE.NS: no such column: transition_score
2026-07-13 23:08:07,891 WARNING AlphaScanner.Transition Transition history lookup failed for SBIN.NS: no such column: transition_score
2026-07-13 23:08:07,894 WARNING AlphaScanner.Transition Transition history lookup failed for SAREGAMA.NS: no such column: transition_score
2026-07-13 23:08:08,117 WARNING AlphaScanner.Transition Transition history lookup failed for SBFC.NS: no such column: transition_score
2026-07-13 23:08:08,191 WARNING AlphaScanner.Transition Transition history lookup failed for SCHAEFFLER.NS: no such column: transition_score
2026-07-13 23:08:08,236 WARNING AlphaScanner.Transition Transition history lookup failed for SCI.NS: no such column: transition_score
2026-07-13 23:08:08,237 WARNING AlphaScanner.Transition Transition history lookup failed for SBILIFE.NS: no such column: transition_score
2026-07-13 23:08:08,243 WARNING AlphaScanner.Transition Transition history lookup failed for SCHNEIDER.NS: no such column: transition_score
2026-07-13 23:08:08,258 WARNING AlphaScanner.Transition Transition history lookup failed for SBICARD.NS: no such column: transition_score
2026-07-13 23:08:08,307 WARNING AlphaScanner.Transition Transition history lookup failed for SBIN.NS: no such column: transition_score
2026-07-13 23:08:08,504 WARNING AlphaScanner.Transition Transition history lookup failed for SHRIRAMFIN.NS: no such column: transition_score
2026-07-13 23:08:08,573 WARNING AlphaScanner.Transition Transition history lookup failed for SHREECEM.NS: no such column: transition_score
2026-07-13 23:08:08,600 WARNING AlphaScanner.Transition Transition history lookup failed for SHYAMMETL.NS: no such column: transition_score
2026-07-13 23:08:08,721 WARNING AlphaScanner.Transition Transition history lookup failed for SCHAEFFLER.NS: no such column: transition_score
2026-07-13 23:08:08,751 WARNING AlphaScanner.Transition Transition history lookup failed for SIEMENS.NS: no such column: transition_score
2026-07-13 23:08:08,834 WARNING AlphaScanner.Transition Transition history lookup failed for SCHNEIDER.NS: no such column: transition_score
2026-07-13 23:08:08,838 WARNING AlphaScanner.Transition Transition history lookup failed for SCI.NS: no such column: transition_score
2026-07-13 23:08:08,932 WARNING AlphaScanner.Transition Transition history lookup failed for SIGNATURE.NS: no such column: transition_score
2026-07-13 23:08:08,966 WARNING AlphaScanner.Transition Transition history lookup failed for SHYAMMETL.NS: no such column: transition_score
2026-07-13 23:08:09,060 WARNING AlphaScanner.Transition Transition history lookup failed for SHRIRAMFIN.NS: no such column: transition_score
2026-07-13 23:08:09,109 WARNING AlphaScanner.Transition Transition history lookup failed for SJVN.NS: no such column: transition_score
2026-07-13 23:08:09,109 WARNING AlphaScanner.Transition Transition history lookup failed for SHREECEM.NS: no such column: transition_score
2026-07-13 23:08:09,216 WARNING AlphaScanner.Transition Transition history lookup failed for SOBHA.NS: no such column: transition_score
2026-07-13 23:08:09,217 WARNING AlphaScanner.Transition Transition history lookup failed for SIEMENS.NS: no such column: transition_score
2026-07-13 23:08:09,390 WARNING AlphaScanner.Transition Transition history lookup failed for SIGNATURE.NS: no such column: transition_score
2026-07-13 23:08:09,481 WARNING AlphaScanner.Transition Transition history lookup failed for SONACOMS.NS: no such column: transition_score
2026-07-13 23:08:09,487 WARNING AlphaScanner.Transition Transition history lookup failed for SOLARINDS.NS: no such column: transition_score
2026-07-13 23:08:09,537 WARNING AlphaScanner.Transition Transition history lookup failed for SOBHA.NS: no such column: transition_score
2026-07-13 23:08:09,574 WARNING AlphaScanner.Transition Transition history lookup failed for SJVN.NS: no such column: transition_score
2026-07-13 23:08:09,756 WARNING AlphaScanner.Transition Transition history lookup failed for SONATSOFTW.NS: no such column: transition_score
2026-07-13 23:08:09,762 WARNING AlphaScanner.Transition Transition history lookup failed for SOLARINDS.NS: no such column: transition_score
2026-07-13 23:08:09,762 WARNING AlphaScanner.Transition Transition history lookup failed for SONACOMS.NS: no such column: transition_score
2026-07-13 23:08:09,834 WARNING AlphaScanner.Transition Transition history lookup failed for SPLPETRO.NS: no such column: transition_score
2026-07-13 23:08:09,861 WARNING AlphaScanner.Transition Transition history lookup failed for SRF.NS: no such column: transition_score
2026-07-13 23:08:10,030 WARNING AlphaScanner.Transition Transition history lookup failed for SUMICHEM.NS: no such column: transition_score
2026-07-13 23:08:10,061 WARNING AlphaScanner.Transition Transition history lookup failed for STARHEALTH.NS: no such column: transition_score
2026-07-13 23:08:10,071 WARNING AlphaScanner.Transition Transition history lookup failed for SUNDARMFIN.NS: no such column: transition_score
2026-07-13 23:08:10,174 WARNING AlphaScanner.Transition Transition history lookup failed for SONATSOFTW.NS: no such column: transition_score
2026-07-13 23:08:10,197 WARNING AlphaScanner.Transition Transition history lookup failed for SUNPHARMA.NS: no such column: transition_score
2026-07-13 23:08:10,283 WARNING AlphaScanner.Transition Transition history lookup failed for SPLPETRO.NS: no such column: transition_score
2026-07-13 23:08:10,373 WARNING AlphaScanner.Transition Transition history lookup failed for SRF.NS: no such column: transition_score
2026-07-13 23:08:10,379 WARNING AlphaScanner.Transition Transition history lookup failed for STARHEALTH.NS: no such column: transition_score
2026-07-13 23:08:10,379 WARNING AlphaScanner.Transition Transition history lookup failed for SUNTV.NS: no such column: transition_score
2026-07-13 23:08:10,466 WARNING AlphaScanner.Transition Transition history lookup failed for SUNDARMFIN.NS: no such column: transition_score
2026-07-13 23:08:10,544 WARNING AlphaScanner.Transition Transition history lookup failed for SUNPHARMA.NS: no such column: transition_score
2026-07-13 23:08:10,552 WARNING AlphaScanner.Transition Transition history lookup failed for SUMICHEM.NS: no such column: transition_score
2026-07-13 23:08:10,739 WARNING AlphaScanner.Transition Transition history lookup failed for SUZLON.NS: no such column: transition_score
2026-07-13 23:08:10,745 WARNING AlphaScanner.Transition Transition history lookup failed for SUPREMEIND.NS: no such column: transition_score
2026-07-13 23:08:10,804 WARNING AlphaScanner.Transition Transition history lookup failed for SWIGGY.NS: no such column: transition_score
2026-07-13 23:08:10,852 WARNING AlphaScanner.Transition Transition history lookup failed for SWANCORP.NS: no such column: transition_score
2026-07-13 23:08:10,881 WARNING AlphaScanner.Transition Transition history lookup failed for SUNTV.NS: no such column: transition_score
2026-07-13 23:08:10,901 WARNING AlphaScanner.Transition Transition history lookup failed for SYNGENE.NS: no such column: transition_score
2026-07-13 23:08:10,932 WARNING AlphaScanner.Transition Transition history lookup failed for SYRMA.NS: no such column: transition_score
2026-07-13 23:08:11,050 WARNING AlphaScanner.Transition Transition history lookup failed for SUZLON.NS: no such column: transition_score
2026-07-13 23:08:11,054 WARNING AlphaScanner.Transition Transition history lookup failed for SUPREMEIND.NS: no such column: transition_score
2026-07-13 23:08:11,071 WARNING AlphaScanner.Transition Transition history lookup failed for TARIL.NS: no such column: transition_score
2026-07-13 23:08:11,329 WARNING AlphaScanner.Transition Transition history lookup failed for SYRMA.NS: no such column: transition_score
2026-07-13 23:08:11,331 WARNING AlphaScanner.Transition Transition history lookup failed for SWIGGY.NS: no such column: transition_score
2026-07-13 23:08:11,410 WARNING AlphaScanner.Transition Transition history lookup failed for SWANCORP.NS: no such column: transition_score
2026-07-13 23:08:11,453 WARNING AlphaScanner.Transition Transition history lookup failed for TATACHEM.NS: no such column: transition_score
2026-07-13 23:08:11,517 WARNING AlphaScanner.Transition Transition history lookup failed for SYNGENE.NS: no such column: transition_score
2026-07-13 23:08:11,541 WARNING AlphaScanner.Transition Transition history lookup failed for TATACOMM.NS: no such column: transition_score
2026-07-13 23:08:11,703 WARNING AlphaScanner.Transition Transition history lookup failed for TATACONSUM.NS: no such column: transition_score
2026-07-13 23:08:11,707 WARNING AlphaScanner.Transition Transition history lookup failed for TARIL.NS: no such column: transition_score
2026-07-13 23:08:11,737 WARNING AlphaScanner.Transition Transition history lookup failed for TATAINVEST.NS: no such column: transition_score
2026-07-13 23:08:11,805 WARNING AlphaScanner.Transition Transition history lookup failed for TATAELXSI.NS: no such column: transition_score
2026-07-13 23:08:11,879 WARNING AlphaScanner.Transition Transition history lookup failed for TATAPOWER.NS: no such column: transition_score
2026-07-13 23:08:11,881 WARNING AlphaScanner.Transition Transition history lookup failed for TATASTEEL.NS: no such column: transition_score
2026-07-13 23:08:12,020 WARNING AlphaScanner.Transition Transition history lookup failed for TATACHEM.NS: no such column: transition_score
2026-07-13 23:08:12,056 WARNING AlphaScanner.Transition Transition history lookup failed for TATACOMM.NS: no such column: transition_score
2026-07-13 23:08:12,125 WARNING AlphaScanner.Transition Transition history lookup failed for TATAELXSI.NS: no such column: transition_score
2026-07-13 23:08:12,189 WARNING AlphaScanner.Transition Transition history lookup failed for TATAPOWER.NS: no such column: transition_score
2026-07-13 23:08:12,235 WARNING AlphaScanner.Transition Transition history lookup failed for TATATECH.NS: no such column: transition_score
2026-07-13 23:08:12,359 WARNING AlphaScanner.Transition Transition history lookup failed for TATACONSUM.NS: no such column: transition_score
2026-07-13 23:08:12,409 WARNING AlphaScanner.Transition Transition history lookup failed for TBOTEK.NS: no such column: transition_score
2026-07-13 23:08:12,410 WARNING AlphaScanner.Transition Transition history lookup failed for TATASTEEL.NS: no such column: transition_score
2026-07-13 23:08:12,464 WARNING AlphaScanner.Transition Transition history lookup failed for TATAINVEST.NS: no such column: transition_score
2026-07-13 23:08:12,466 WARNING AlphaScanner.Transition Transition history lookup failed for TCS.NS: no such column: transition_score
2026-07-13 23:08:12,498 WARNING AlphaScanner.Transition Transition history lookup failed for TECHM.NS: no such column: transition_score
2026-07-13 23:08:12,553 WARNING AlphaScanner.Transition Transition history lookup failed for TATATECH.NS: no such column: transition_score
2026-07-13 23:08:12,716 WARNING AlphaScanner.Transition Transition history lookup failed for TBOTEK.NS: no such column: transition_score
2026-07-13 23:08:12,723 WARNING AlphaScanner.Transition Transition history lookup failed for TECHNOE.NS: no such column: transition_score
2026-07-13 23:08:12,885 WARNING AlphaScanner.Transition Transition history lookup failed for TEGA.NS: no such column: transition_score
2026-07-13 23:08:12,891 WARNING AlphaScanner.Transition Transition history lookup failed for TEJASNET.NS: no such column: transition_score
2026-07-13 23:08:12,919 WARNING AlphaScanner.Transition Transition history lookup failed for THERMAX.NS: no such column: transition_score
2026-07-13 23:08:12,997 WARNING AlphaScanner.Transition Transition history lookup failed for TCS.NS: no such column: transition_score
2026-07-13 23:08:13,131 WARNING AlphaScanner.Transition Transition history lookup failed for TECHNOE.NS: no such column: transition_score
2026-07-13 23:08:13,176 WARNING AlphaScanner.Transition Transition history lookup failed for TIINDIA.NS: no such column: transition_score
2026-07-13 23:08:13,270 WARNING AlphaScanner.Transition Transition history lookup failed for TEGA.NS: no such column: transition_score
2026-07-13 23:08:13,271 WARNING AlphaScanner.Transition Transition history lookup failed for TECHM.NS: no such column: transition_score
2026-07-13 23:08:13,303 WARNING AlphaScanner.Transition Transition history lookup failed for THERMAX.NS: no such column: transition_score
2026-07-13 23:08:13,324 WARNING AlphaScanner.Transition Transition history lookup failed for TIMKEN.NS: no such column: transition_score
2026-07-13 23:08:13,334 WARNING AlphaScanner.Transition Transition history lookup failed for TEJASNET.NS: no such column: transition_score
2026-07-13 23:08:13,394 WARNING AlphaScanner.Transition Transition history lookup failed for TITAN.NS: no such column: transition_score
2026-07-13 23:08:13,415 WARNING AlphaScanner.Transition Transition history lookup failed for TITAGARH.NS: no such column: transition_score
2026-07-13 23:08:13,611 WARNING AlphaScanner.Transition Transition history lookup failed for TIINDIA.NS: no such column: transition_score
2026-07-13 23:08:13,727 WARNING AlphaScanner.Transition Transition history lookup failed for TMPV.NS: no such column: transition_score
2026-07-13 23:08:13,760 WARNING AlphaScanner.Transition Transition history lookup failed for TITAGARH.NS: no such column: transition_score
2026-07-13 23:08:13,793 WARNING AlphaScanner.Transition Transition history lookup failed for TITAN.NS: no such column: transition_score
2026-07-13 23:08:13,830 WARNING AlphaScanner.Transition Transition history lookup failed for TIMKEN.NS: no such column: transition_score
2026-07-13 23:08:13,859 WARNING AlphaScanner.Transition Transition history lookup failed for TORNTPHARM.NS: no such column: transition_score
2026-07-13 23:08:13,920 WARNING AlphaScanner.Transition Transition history lookup failed for TORNTPOWER.NS: no such column: transition_score
2026-07-13 23:08:14,002 WARNING AlphaScanner.Transition Transition history lookup failed for TMPV.NS: no such column: transition_score
2026-07-13 23:08:14,008 WARNING AlphaScanner.Transition Transition history lookup failed for TRENT.NS: no such column: transition_score
2026-07-13 23:08:14,238 WARNING AlphaScanner.Transition Transition history lookup failed for TORNTPHARM.NS: no such column: transition_score
2026-07-13 23:08:14,259 WARNING AlphaScanner.Transition Transition history lookup failed for TRITURBINE.NS: no such column: transition_score
2026-07-13 23:08:14,297 WARNING AlphaScanner.Transition Transition history lookup failed for TRIDENT.NS: no such column: transition_score
2026-07-13 23:08:14,320 WARNING AlphaScanner.Transition Transition history lookup failed for TVSMOTOR.NS: no such column: transition_score
2026-07-13 23:08:14,417 WARNING AlphaScanner.Transition Transition history lookup failed for TORNTPOWER.NS: no such column: transition_score
2026-07-13 23:08:14,439 WARNING AlphaScanner.Transition Transition history lookup failed for UBL.NS: no such column: transition_score
2026-07-13 23:08:14,459 WARNING AlphaScanner.Transition Transition history lookup failed for TTML.NS: no such column: transition_score
2026-07-13 23:08:14,517 WARNING AlphaScanner.Transition Transition history lookup failed for TRENT.NS: no such column: transition_score
2026-07-13 23:08:14,617 WARNING AlphaScanner.Transition Transition history lookup failed for UCOBANK.NS: no such column: transition_score
2026-07-13 23:08:14,635 WARNING AlphaScanner.Transition Transition history lookup failed for TRIDENT.NS: no such column: transition_score
2026-07-13 23:08:14,697 WARNING AlphaScanner.Transition Transition history lookup failed for TVSMOTOR.NS: no such column: transition_score
2026-07-13 23:08:14,763 WARNING AlphaScanner.Transition Transition history lookup failed for TRITURBINE.NS: no such column: transition_score
2026-07-13 23:08:14,768 WARNING AlphaScanner.Transition Transition history lookup failed for ULTRACEMCO.NS: no such column: transition_score
2026-07-13 23:08:14,946 WARNING AlphaScanner.Transition Transition history lookup failed for TTML.NS: no such column: transition_score
2026-07-13 23:08:15,026 WARNING AlphaScanner.Transition Transition history lookup failed for UNIONBANK.NS: no such column: transition_score
2026-07-13 23:08:15,087 WARNING AlphaScanner.Transition Transition history lookup failed for UNITDSPR.NS: no such column: transition_score
2026-07-13 23:08:15,122 WARNING AlphaScanner.Transition Transition history lookup failed for UBL.NS: no such column: transition_score
2026-07-13 23:08:15,146 WARNING AlphaScanner.Transition Transition history lookup failed for ULTRACEMCO.NS: no such column: transition_score
2026-07-13 23:08:15,155 WARNING AlphaScanner.Transition Transition history lookup failed for UNOMINDA.NS: no such column: transition_score
2026-07-13 23:08:15,317 WARNING AlphaScanner.Transition Transition history lookup failed for UPL.NS: no such column: transition_score
2026-07-13 23:08:15,317 WARNING AlphaScanner.Transition Transition history lookup failed for UCOBANK.NS: no such column: transition_score
2026-07-13 23:08:15,415 WARNING AlphaScanner.Transition Transition history lookup failed for USHAMART.NS: no such column: transition_score
2026-07-13 23:08:15,498 WARNING AlphaScanner.Transition Transition history lookup failed for UNITDSPR.NS: no such column: transition_score
2026-07-13 23:08:15,509 WARNING AlphaScanner.Transition Transition history lookup failed for UNIONBANK.NS: no such column: transition_score
2026-07-13 23:08:15,552 WARNING AlphaScanner.Transition Transition history lookup failed for UNOMINDA.NS: no such column: transition_score
2026-07-13 23:08:15,558 WARNING AlphaScanner.Transition Transition history lookup failed for UPL.NS: no such column: transition_score
2026-07-13 23:08:15,612 WARNING AlphaScanner.Transition Transition history lookup failed for VBL.NS: no such column: transition_score
2026-07-13 23:08:15,698 WARNING AlphaScanner.Transition Transition history lookup failed for UTIAMC.NS: no such column: transition_score
2026-07-13 23:08:15,750 WARNING AlphaScanner.Transition Transition history lookup failed for VEDL.NS: no such column: transition_score
2026-07-13 23:08:15,817 WARNING AlphaScanner.Transition Transition history lookup failed for USHAMART.NS: no such column: transition_score
2026-07-13 23:08:16,010 WARNING AlphaScanner.Transition Transition history lookup failed for VOLTAS.NS: no such column: transition_score
2026-07-13 23:08:16,011 WARNING AlphaScanner.Transition Transition history lookup failed for VMM.NS: no such column: transition_score
2026-07-13 23:08:16,048 WARNING AlphaScanner.Transition Transition history lookup failed for VBL.NS: no such column: transition_score
2026-07-13 23:08:16,048 WARNING AlphaScanner.Transition Transition history lookup failed for VTL.NS: no such column: transition_score
2026-07-13 23:08:16,054 WARNING AlphaScanner.Transition Transition history lookup failed for VIJAYA.NS: no such column: transition_score
2026-07-13 23:08:16,110 WARNING AlphaScanner.Transition Transition history lookup failed for VEDL.NS: no such column: transition_score
2026-07-13 23:08:16,162 WARNING AlphaScanner.Transition Transition history lookup failed for UTIAMC.NS: no such column: transition_score
2026-07-13 23:08:16,266 WARNING AlphaScanner.Transition Transition history lookup failed for VOLTAS.NS: no such column: transition_score
2026-07-13 23:08:16,424 WARNING AlphaScanner.Transition Transition history lookup failed for WAAREEENER.NS: no such column: transition_score
2026-07-13 23:08:16,499 WARNING AlphaScanner.Transition Transition history lookup failed for VMM.NS: no such column: transition_score
2026-07-13 23:08:16,566 WARNING AlphaScanner.Transition Transition history lookup failed for WELCORP.NS: no such column: transition_score
2026-07-13 23:08:16,640 WARNING AlphaScanner.Transition Transition history lookup failed for VTL.NS: no such column: transition_score
2026-07-13 23:08:16,650 WARNING AlphaScanner.Transition Transition history lookup failed for VIJAYA.NS: no such column: transition_score
2026-07-13 23:08:16,835 WARNING AlphaScanner.Transition Transition history lookup failed for WHIRLPOOL.NS: no such column: transition_score
2026-07-13 23:08:16,842 WARNING AlphaScanner.Transition Transition history lookup failed for WAAREEENER.NS: no such column: transition_score
2026-07-13 23:08:16,865 WARNING AlphaScanner.Transition Transition history lookup failed for WELSPUNLIV.NS: no such column: transition_score
2026-07-13 23:08:16,921 WARNING AlphaScanner.Transition Transition history lookup failed for WIPRO.NS: no such column: transition_score
2026-07-13 23:08:16,940 WARNING AlphaScanner.Transition Transition history lookup failed for WOCKPHARMA.NS: no such column: transition_score
2026-07-13 23:08:16,956 WARNING AlphaScanner.Transition Transition history lookup failed for WELCORP.NS: no such column: transition_score
2026-07-13 23:08:17,141 WARNING AlphaScanner.Transition Transition history lookup failed for ZEEL.NS: no such column: transition_score
2026-07-13 23:08:17,206 WARNING AlphaScanner.Transition Transition history lookup failed for WHIRLPOOL.NS: no such column: transition_score
2026-07-13 23:08:17,277 WARNING AlphaScanner.Transition Transition history lookup failed for YESBANK.NS: no such column: transition_score
2026-07-13 23:08:17,333 WARNING AlphaScanner.Transition Transition history lookup failed for WOCKPHARMA.NS: no such column: transition_score
2026-07-13 23:08:17,339 WARNING AlphaScanner.Transition Transition history lookup failed for ZENSARTECH.NS: no such column: transition_score
2026-07-13 23:08:17,384 WARNING AlphaScanner.Transition Transition history lookup failed for ZENTEC.NS: no such column: transition_score
2026-07-13 23:08:17,516 WARNING AlphaScanner.Transition Transition history lookup failed for WELSPUNLIV.NS: no such column: transition_score
2026-07-13 23:08:17,535 WARNING AlphaScanner.Transition Transition history lookup failed for WIPRO.NS: no such column: transition_score
2026-07-13 23:08:17,652 WARNING AlphaScanner.Transition Transition history lookup failed for ZFCVINDIA.NS: no such column: transition_score
2026-07-13 23:08:17,652 WARNING AlphaScanner.Transition Transition history lookup failed for ZEEL.NS: no such column: transition_score
2026-07-13 23:08:17,727 WARNING AlphaScanner.Transition Transition history lookup failed for ZENTEC.NS: no such column: transition_score
2026-07-13 23:08:17,848 WARNING AlphaScanner.Transition Transition history lookup failed for ZYDUSLIFE.NS: no such column: transition_score
2026-07-13 23:08:17,854 WARNING AlphaScanner.Transition Transition history lookup failed for YESBANK.NS: no such column: transition_score
2026-07-13 23:08:17,858 WARNING AlphaScanner.Transition Transition history lookup failed for ZENSARTECH.NS: no such column: transition_score
2026-07-13 23:08:17,991 WARNING AlphaScanner.Transition Transition history lookup failed for ZYDUSWELL.NS: no such column: transition_score
2026-07-13 23:08:17,997 WARNING AlphaScanner.Transition Transition history lookup failed for ZFCVINDIA.NS: no such column: transition_score
2026-07-13 23:08:18,102 WARNING AlphaScanner.Transition Transition history lookup failed for ZYDUSLIFE.NS: no such column: transition_score
2026-07-13 23:08:18,152 WARNING AlphaScanner.Transition Transition history lookup failed for ZYDUSWELL.NS: no such column: transition_score
2026-07-13 23:08:18,190 DEBUG AlphaScanner.Scanner Dual-mode scan finished: watchlist_rows=151 entry_rows=79
2026-07-13 23:14:36,964 INFO AlphaScanner.Scanner Watchlist candidates: 151 | Entry candidates: 79
2026-07-13 23:29:30,472 DEBUG AlphaScanner.UI.Scanner render_tab(scan_type=Modular Momentum, universe=Nifty 500, scan_mode=Entry Scanner, timeframe=1d, use_cache=False, run_scan=False)
2026-07-13 23:29:30,569 DEBUG AlphaScanner.UI.Scanner render_tab(scan_type=Modular Momentum, universe=Nifty 500, scan_mode=Entry Scanner, timeframe=1d, use_cache=False, run_scan=False)
2026-07-13 23:31:04,084 DEBUG AlphaScanner.UI.Scanner render_tab(scan_type=Breakout, universe=Nifty 500, scan_mode=Entry Scanner, timeframe=1d, use_cache=False, run_scan=False)
2026-07-13 23:31:07,920 DEBUG AlphaScanner.UI.Scanner render_tab(scan_type=Breakout, universe=Nifty 500, scan_mode=Entry Scanner, timeframe=1d, use_cache=False, run_scan=True)
2026-07-13 23:31:08,558 DEBUG AlphaScanner.UI.Scanner Starting fresh scan with min_cap=0 max_cap=0 sector_map_size=500
2026-07-13 23:31:08,558 DEBUG AlphaScanner.Service perform_fresh_scan(scanner_type=Breakout, universe=Nifty 500, timeframe=1d, scan_mode=Entry Scanner, use_cache=False, vol_thresh=1.0, rsi_min=50, rsi_max=85, dist_thresh=1.5, min_mkt_cap_cr=0, max_mkt_cap_cr=0)
2026-07-13 23:31:08,559 DEBUG AlphaScanner.Service Routing to legacy breakout scanner with normalized timeframe=1d
2026-07-13 23:31:08,559 DEBUG AlphaScanner.Engine run_scanner(scanner_type=Breakout, universe=Nifty 500, timeframe=1d, use_cache=False, incremental_fetch=False, vol_thresh=1.0, rsi_range=50-85, dist_thresh=1.5, min_cap=0, max_cap=0)
2026-07-13 23:31:08,562 DEBUG AlphaScanner.Engine Resolved legacy universe 'Nifty 500' to 500 tickers
2026-07-13 23:31:08,854 DEBUG AlphaScanner.Engine Loaded benchmark close series with 493 rows
2026-07-13 23:31:08,856 DEBUG AlphaScanner.Data download_history_batch(size=10, period=2y, interval=1d, use_cache=False, head=['360ONE.NS', '3MINDIA.NS', 'AADHARHFC.NS', 'ABB.NS', 'ACC.NS'])
2026-07-13 23:31:11,129 DEBUG AlphaScanner.Data download_history_batch result count=10
2026-07-13 23:31:11,130 DEBUG AlphaScanner.Engine Batch download chunk 1/50 requested=10 resolved=10
2026-07-13 23:31:11,138 DEBUG AlphaScanner.Data download_history_batch(size=10, period=2y, interval=1d, use_cache=False, head=['AARTIIND.NS', 'AAVAS.NS', 'ABBOTINDIA.NS', 'ACE.NS', 'ACUTAAS.NS'])
2026-07-13 23:31:13,044 DEBUG AlphaScanner.Data download_history_batch result count=10
2026-07-13 23:31:13,044 DEBUG AlphaScanner.Engine Batch download chunk 2/50 requested=10 resolved=10
2026-07-13 23:31:13,053 DEBUG AlphaScanner.Data download_history_batch(size=10, period=2y, interval=1d, use_cache=False, head=['ABCAPITAL.NS', 'ABFRL.NS', 'ABLBL.NS', 'ABREL.NS', 'ABSLAMC.NS'])
2026-07-13 23:31:14,684 DEBUG AlphaScanner.Data download_history_batch result count=10
2026-07-13 23:31:14,684 DEBUG AlphaScanner.Engine Batch download chunk 3/50 requested=10 resolved=10
2026-07-13 23:31:14,692 DEBUG AlphaScanner.Data download_history_batch(size=10, period=2y, interval=1d, use_cache=False, head=['ABDL.NS', 'AFFLE.NS', 'AJANTPHARM.NS', 'ALKEM.NS', 'AMBER.NS'])
2026-07-13 23:31:17,377 DEBUG AlphaScanner.Data download_history_batch result count=10
2026-07-13 23:31:17,378 DEBUG AlphaScanner.Engine Batch download chunk 4/50 requested=10 resolved=10
2026-07-13 23:31:17,387 DEBUG AlphaScanner.Data download_history_batch(size=10, period=2y, interval=1d, use_cache=False, head=['ANTHEM.NS', 'ANURAS.NS', 'APARINDS.NS', 'APOLLOHOSP.NS', 'APOLLOTYRE.NS'])
2026-07-13 23:31:19,667 DEBUG AlphaScanner.Data download_history_batch result count=10
2026-07-13 23:31:19,667 DEBUG AlphaScanner.Engine Batch download chunk 5/50 requested=10 resolved=10
2026-07-13 23:31:19,675 DEBUG AlphaScanner.Data download_history_batch(size=10, period=2y, interval=1d, use_cache=False, head=['AIIL.NS', 'ASTRAL.NS', 'ATHERENERG.NS', 'ATUL.NS', 'AUROPHARMA.NS'])
2026-07-13 23:31:21,375 DEBUG AlphaScanner.Data download_history_batch result count=10
2026-07-13 23:31:21,376 DEBUG AlphaScanner.Engine Batch download chunk 6/50 requested=10 resolved=10
2026-07-13 23:31:21,386 DEBUG AlphaScanner.Data download_history_batch(size=10, period=2y, interval=1d, use_cache=False, head=['BAJAJ-AUTO.NS', 'BAJAJFINSV.NS', 'BAJAJHFL.NS', 'BAJAJHLDNG.NS', 'BAJFINANCE.NS'])
2026-07-13 23:31:23,298 DEBUG AlphaScanner.Data download_history_batch result count=10
2026-07-13 23:31:23,298 DEBUG AlphaScanner.Engine Batch download chunk 7/50 requested=10 resolved=10
2026-07-13 23:31:23,307 DEBUG AlphaScanner.Data download_history_batch(size=10, period=2y, interval=1d, use_cache=False, head=['BATAINDIA.NS', 'BAYERCROP.NS', 'BDL.NS', 'BEL.NS', 'BELRISE.NS'])
2026-07-13 23:31:25,736 DEBUG AlphaScanner.Data download_history_batch result count=10
2026-07-13 23:31:25,736 DEBUG AlphaScanner.Engine Batch download chunk 8/50 requested=10 resolved=10
2026-07-13 23:31:25,745 DEBUG AlphaScanner.Data download_history_batch(size=10, period=2y, interval=1d, use_cache=False, head=['BBTC.NS', 'BHARTIARTL.NS', 'BHARTIHEXA.NS', 'BIKAJI.NS', 'BIOCON.NS'])
2026-07-13 23:31:27,901 DEBUG AlphaScanner.Data download_history_batch result count=10
2026-07-13 23:31:27,901 DEBUG AlphaScanner.Engine Batch download chunk 9/50 requested=10 resolved=10
2026-07-13 23:31:27,911 DEBUG AlphaScanner.Data download_history_batch(size=10, period=2y, interval=1d, use_cache=False, head=['BOSCHLTD.NS', 'BRIGADE.NS', 'BRITANNIA.NS', 'CCL.NS', 'CESC.NS'])
2026-07-13 23:31:29,851 DEBUG AlphaScanner.Data download_history_batch result count=10
2026-07-13 23:31:29,851 DEBUG AlphaScanner.Engine Batch download chunk 10/50 requested=10 resolved=10
2026-07-13 23:31:29,859 DEBUG AlphaScanner.Data download_history_batch(size=10, period=2y, interval=1d, use_cache=False, head=['CANBK.NS', 'CANFINHOME.NS', 'CANHLIFE.NS', 'CAPLIPOINT.NS', 'CARBORUNIV.NS'])
2026-07-13 23:31:32,286 DEBUG AlphaScanner.Data download_history_batch result count=10
2026-07-13 23:31:32,286 DEBUG AlphaScanner.Engine Batch download chunk 11/50 requested=10 resolved=10
2026-07-13 23:31:32,294 DEBUG AlphaScanner.Data download_history_batch(size=10, period=2y, interval=1d, use_cache=False, head=['CDSL.NS', 'CENTRALBK.NS', 'CHALET.NS', 'CHAMBLFERT.NS', 'CHENNPETRO.NS'])
2026-07-13 23:31:34,856 DEBUG AlphaScanner.Data download_history_batch result count=10
2026-07-13 23:31:34,856 DEBUG AlphaScanner.Engine Batch download chunk 12/50 requested=10 resolved=10
2026-07-13 23:31:34,865 DEBUG AlphaScanner.Data download_history_batch(size=10, period=2y, interval=1d, use_cache=False, head=['CAMS.NS', 'CLEAN.NS', 'COALINDIA.NS', 'COCHINSHIP.NS', 'COFORGE.NS'])
2026-07-13 23:31:36,695 DEBUG AlphaScanner.Data download_history_batch result count=10
2026-07-13 23:31:36,695 DEBUG AlphaScanner.Engine Batch download chunk 13/50 requested=10 resolved=10
2026-07-13 23:31:36,703 DEBUG AlphaScanner.Data download_history_batch(size=10, period=2y, interval=1d, use_cache=False, head=['CRAFTSMAN.NS', 'CREDITACC.NS', 'CROMPTON.NS', 'CUMMINSIND.NS', 'CYIENT.NS'])
2026-07-13 23:31:38,663 DEBUG AlphaScanner.Data download_history_batch result count=10
2026-07-13 23:31:38,664 DEBUG AlphaScanner.Engine Batch download chunk 14/50 requested=10 resolved=10
2026-07-13 23:31:38,671 DEBUG AlphaScanner.Data download_history_batch(size=10, period=2y, interval=1d, use_cache=False, head=['DATAPATTNS.NS', 'DEEPAKFERT.NS', 'DEEPAKNTR.NS', 'DELHIVERY.NS', 'DEVYANI.NS'])
2026-07-13 23:31:40,196 DEBUG AlphaScanner.Data download_history_batch result count=10
2026-07-13 23:31:40,196 DEBUG AlphaScanner.Engine Batch download chunk 15/50 requested=10 resolved=10
2026-07-13 23:31:40,204 DEBUG AlphaScanner.Data download_history_batch(size=10, period=2y, interval=1d, use_cache=False, head=['EICHERMOT.NS', 'EIHOTEL.NS', 'ELECON.NS', 'ELGIEQUIP.NS', 'EMAMILTD.NS'])
2026-07-13 23:31:42,260 DEBUG AlphaScanner.Data download_history_batch result count=10
2026-07-13 23:31:42,260 DEBUG AlphaScanner.Engine Batch download chunk 16/50 requested=10 resolved=10
2026-07-13 23:31:42,268 DEBUG AlphaScanner.Data download_history_batch(size=10, period=2y, interval=1d, use_cache=False, head=['ESCORTS.NS', 'ETERNAL.NS', 'EXIDEIND.NS', 'FACT.NS', 'FEDERALBNK.NS'])
2026-07-13 23:31:44,520 DEBUG AlphaScanner.Data download_history_batch result count=10
2026-07-13 23:31:44,520 DEBUG AlphaScanner.Engine Batch download chunk 17/50 requested=10 resolved=10
2026-07-13 23:31:44,528 DEBUG AlphaScanner.Data download_history_batch(size=10, period=2y, interval=1d, use_cache=False, head=['FORTIS.NS', 'GABRIEL.NS', 'GAIL.NS', 'GALLANTT.NS', 'GICRE.NS'])
2026-07-13 23:31:46,464 DEBUG AlphaScanner.Data download_history_batch result count=10
2026-07-13 23:31:46,464 DEBUG AlphaScanner.Engine Batch download chunk 18/50 requested=10 resolved=10
2026-07-13 23:31:46,471 DEBUG AlphaScanner.Data download_history_batch(size=10, period=2y, interval=1d, use_cache=False, head=['GLAXO.NS', 'GLENMARK.NS', 'GODFRYPHLP.NS', 'GODIGIT.NS', 'GODREJCP.NS'])
2026-07-13 23:31:48,516 DEBUG AlphaScanner.Data download_history_batch result count=10
2026-07-13 23:31:48,516 DEBUG AlphaScanner.Engine Batch download chunk 19/50 requested=10 resolved=10
2026-07-13 23:31:48,524 DEBUG AlphaScanner.Data download_history_batch(size=10, period=2y, interval=1d, use_cache=False, head=['FLUOROCHEM.NS', 'GESHIP.NS', 'GMDCLTD.NS', 'GRAPHITE.NS', 'GRASIM.NS'])
2026-07-13 23:31:50,654 DEBUG AlphaScanner.Data download_history_batch result count=10
2026-07-13 23:31:50,655 DEBUG AlphaScanner.Engine Batch download chunk 20/50 requested=10 resolved=10
2026-07-13 23:31:50,662 DEBUG AlphaScanner.Data download_history_batch(size=10, period=2y, interval=1d, use_cache=False, head=['HAL.NS', 'HAVELLS.NS', 'HDFCAMC.NS', 'HDFCBANK.NS', 'HDFCLIFE.NS'])
2026-07-13 23:31:52,383 DEBUG AlphaScanner.Data download_history_batch result count=10
2026-07-13 23:31:52,384 DEBUG AlphaScanner.Engine Batch download chunk 21/50 requested=10 resolved=10
2026-07-13 23:31:52,392 DEBUG AlphaScanner.Data download_history_batch(size=10, period=2y, interval=1d, use_cache=False, head=['HINDCOPPER.NS', 'HINDPETRO.NS', 'HINDUNILVR.NS', 'HINDZINC.NS', 'HOMEFIRST.NS'])
2026-07-13 23:31:54,144 DEBUG AlphaScanner.Data download_history_batch result count=10
2026-07-13 23:31:54,144 DEBUG AlphaScanner.Engine Batch download chunk 22/50 requested=10 resolved=10
2026-07-13 23:31:54,152 DEBUG AlphaScanner.Data download_history_batch(size=10, period=2y, interval=1d, use_cache=False, head=['ICICIAMC.NS', 'ICICIBANK.NS', 'ICICIGI.NS', 'ICICIPRULI.NS', 'IDBI.NS'])
2026-07-13 23:31:56,050 DEBUG AlphaScanner.Data download_history_batch result count=10
2026-07-13 23:31:56,050 DEBUG AlphaScanner.Engine Batch download chunk 23/50 requested=10 resolved=10
2026-07-13 23:31:56,059 DEBUG AlphaScanner.Data download_history_batch(size=10, period=2y, interval=1d, use_cache=False, head=['IEX.NS', 'INDGN.NS', 'INDHOTEL.NS', 'INDIACEM.NS', 'INDIAMART.NS'])
2026-07-13 23:31:58,101 DEBUG AlphaScanner.Data download_history_batch result count=10
2026-07-13 23:31:58,102 DEBUG AlphaScanner.Engine Batch download chunk 24/50 requested=10 resolved=10
2026-07-13 23:31:58,110 DEBUG AlphaScanner.Data download_history_batch(size=10, period=2y, interval=1d, use_cache=False, head=['IGL.NS', 'INDUSINDBK.NS', 'INDUSTOWER.NS', 'INFY.NS', 'INOXWIND.NS'])
2026-07-13 23:31:59,986 DEBUG AlphaScanner.Data download_history_batch result count=10
2026-07-13 23:31:59,986 DEBUG AlphaScanner.Engine Batch download chunk 25/50 requested=10 resolved=10
2026-07-13 23:31:59,994 DEBUG AlphaScanner.Data download_history_batch(size=10, period=2y, interval=1d, use_cache=False, head=['IGIL.NS', 'IKS.NS', 'INDIGO.NS', 'INTELLECT.NS', 'IPCALAB.NS'])
2026-07-13 23:32:02,445 DEBUG AlphaScanner.Data download_history_batch result count=10
2026-07-13 23:32:02,445 DEBUG AlphaScanner.Engine Batch download chunk 26/50 requested=10 resolved=10
2026-07-13 23:32:02,453 DEBUG AlphaScanner.Data download_history_batch(size=10, period=2y, interval=1d, use_cache=False, head=['J&KBANK.NS', 'JAINREC.NS', 'JINDALSAW.NS', 'JPPOWER.NS', 'JSL.NS'])
2026-07-13 23:32:04,219 DEBUG AlphaScanner.Data download_history_batch result count=10
2026-07-13 23:32:04,219 DEBUG AlphaScanner.Engine Batch download chunk 27/50 requested=10 resolved=10
2026-07-13 23:32:04,227 DEBUG AlphaScanner.Data download_history_batch(size=10, period=2y, interval=1d, use_cache=False, head=['JINDALSTEL.NS', 'JIOFIN.NS', 'JUBLFOOD.NS', 'JUBLINGREA.NS', 'JUBLPHARMA.NS'])
2026-07-13 23:32:06,213 DEBUG AlphaScanner.Data download_history_batch result count=10
2026-07-13 23:32:06,213 DEBUG AlphaScanner.Engine Batch download chunk 28/50 requested=10 resolved=10
2026-07-13 23:32:06,221 DEBUG AlphaScanner.Data download_history_batch(size=10, period=2y, interval=1d, use_cache=False, head=['KAJARIACER.NS', 'KALYANKJIL.NS', 'KARURVYSYA.NS', 'KAYNES.NS', 'KEC.NS'])
2026-07-13 23:32:08,061 DEBUG AlphaScanner.Data download_history_batch result count=10
2026-07-13 23:32:08,061 DEBUG AlphaScanner.Engine Batch download chunk 29/50 requested=10 resolved=10
2026-07-13 23:32:08,069 DEBUG AlphaScanner.Data download_history_batch(size=10, period=2y, interval=1d, use_cache=False, head=['LATENTVIEW.NS', 'LAURUSLABS.NS', 'LGEINDIA.NS', 'LICHSGFIN.NS', 'LT.NS'])
2026-07-13 23:32:10,125 DEBUG AlphaScanner.Data download_history_batch result count=10
2026-07-13 23:32:10,126 DEBUG AlphaScanner.Engine Batch download chunk 30/50 requested=10 resolved=10
2026-07-13 23:32:10,133 DEBUG AlphaScanner.Data download_history_batch(size=10, period=2y, interval=1d, use_cache=False, head=['LEMONTREE.NS', 'LENSKART.NS', 'LICI.NS', 'LINDEINDIA.NS', 'LLOYDSME.NS'])
2026-07-13 23:32:12,101 DEBUG AlphaScanner.Data download_history_batch result count=10
2026-07-13 23:32:12,101 DEBUG AlphaScanner.Engine Batch download chunk 31/50 requested=10 resolved=10
2026-07-13 23:32:12,109 DEBUG AlphaScanner.Data download_history_batch(size=10, period=2y, interval=1d, use_cache=False, head=['M&M.NS', 'M&MFIN.NS', 'MANAPPURAM.NS', 'MANKIND.NS', 'MARICO.NS'])
2026-07-13 23:32:14,280 DEBUG AlphaScanner.Data download_history_batch result count=10
2026-07-13 23:32:14,280 DEBUG AlphaScanner.Engine Batch download chunk 32/50 requested=10 resolved=10
2026-07-13 23:32:14,288 DEBUG AlphaScanner.Data download_history_batch(size=10, period=2y, interval=1d, use_cache=False, head=['MCX.NS', 'MEESHO.NS', 'MINDACORP.NS', 'MOTILALOFS.NS', 'MPHASIS.NS'])
2026-07-13 23:32:16,366 DEBUG AlphaScanner.Data download_history_batch result count=10
2026-07-13 23:32:16,366 DEBUG AlphaScanner.Engine Batch download chunk 33/50 requested=10 resolved=10
2026-07-13 23:32:16,374 DEBUG AlphaScanner.Data download_history_batch(size=10, period=2y, interval=1d, use_cache=False, head=['NATIONALUM.NS', 'NAVA.NS', 'NAVINFLUOR.NS', 'NH.NS', 'NHPC.NS'])
2026-07-13 23:32:18,483 DEBUG AlphaScanner.Data download_history_batch result count=10
2026-07-13 23:32:18,483 DEBUG AlphaScanner.Engine Batch download chunk 34/50 requested=10 resolved=10
2026-07-13 23:32:18,491 DEBUG AlphaScanner.Data download_history_batch(size=10, period=2y, interval=1d, use_cache=False, head=['NAM-INDIA.NS', 'NESTLEIND.NS', 'NETWEB.NS', 'NEULANDLAB.NS', 'NEWGEN.NS'])
2026-07-13 23:32:20,760 DEBUG AlphaScanner.Data download_history_batch result count=10
2026-07-13 23:32:20,760 DEBUG AlphaScanner.Engine Batch download chunk 35/50 requested=10 resolved=10
2026-07-13 23:32:20,768 DEBUG AlphaScanner.Data download_history_batch(size=10, period=2y, interval=1d, use_cache=False, head=['OFSS.NS', 'OIL.NS', 'OLAELEC.NS', 'OLECTRA.NS', 'ONESOURCE.NS'])
2026-07-13 23:32:23,084 DEBUG AlphaScanner.Data download_history_batch result count=10
2026-07-13 23:32:23,084 DEBUG AlphaScanner.Engine Batch download chunk 36/50 requested=10 resolved=10
2026-07-13 23:32:23,091 DEBUG AlphaScanner.Data download_history_batch(size=10, period=2y, interval=1d, use_cache=False, head=['PAGEIND.NS', 'PARADEEP.NS', 'PATANJALI.NS', 'PERSISTENT.NS', 'PETRONET.NS'])
2026-07-13 23:32:25,034 DEBUG AlphaScanner.Data download_history_batch result count=10
2026-07-13 23:32:25,034 DEBUG AlphaScanner.Engine Batch download chunk 37/50 requested=10 resolved=10
2026-07-13 23:32:25,042 DEBUG AlphaScanner.Data download_history_batch(size=10, period=2y, interval=1d, use_cache=False, head=['PFC.NS', 'PIDILITIND.NS', 'PINELABS.NS', 'PIRAMALFIN.NS', 'POLYCAB.NS'])
2026-07-13 23:32:26,770 DEBUG AlphaScanner.Data download_history_batch result count=10
2026-07-13 23:32:26,770 DEBUG AlphaScanner.Engine Batch download chunk 38/50 requested=10 resolved=10
2026-07-13 23:32:26,779 DEBUG AlphaScanner.Data download_history_batch(size=10, period=2y, interval=1d, use_cache=False, head=['PNB.NS', 'PREMIERENE.NS', 'PRESTIGE.NS', 'RADICO.NS', 'RBLBANK.NS'])
2026-07-13 23:32:28,502 DEBUG AlphaScanner.Data download_history_batch result count=10
2026-07-13 23:32:28,502 DEBUG AlphaScanner.Engine Batch download chunk 39/50 requested=10 resolved=10
2026-07-13 23:32:28,513 DEBUG AlphaScanner.Data download_history_batch(size=10, period=2y, interval=1d, use_cache=False, head=['RAILTEL.NS', 'RAINBOW.NS', 'REDINGTON.NS', 'RELIANCE.NS', 'RKFORGE.NS'])
2026-07-13 23:32:30,676 DEBUG AlphaScanner.Data download_history_batch result count=10
2026-07-13 23:32:30,676 DEBUG AlphaScanner.Engine Batch download chunk 40/50 requested=10 resolved=10
2026-07-13 23:32:30,685 DEBUG AlphaScanner.Data download_history_batch(size=10, period=2y, interval=1d, use_cache=False, head=['MOTHERSON.NS', 'SAGILITY.NS', 'SAILIFE.NS', 'SAMMAANCAP.NS', 'SAPPHIRE.NS'])
2026-07-13 23:32:32,108 DEBUG AlphaScanner.Data download_history_batch result count=10
2026-07-13 23:32:32,108 DEBUG AlphaScanner.Engine Batch download chunk 41/50 requested=10 resolved=10
2026-07-13 23:32:32,116 DEBUG AlphaScanner.Data download_history_batch(size=10, period=2y, interval=1d, use_cache=False, head=['ENRIN.NS', 'SCI.NS', 'SHREECEM.NS', 'SHRIRAMFIN.NS', 'SHYAMMETL.NS'])
2026-07-13 23:32:33,821 DEBUG AlphaScanner.Data download_history_batch result count=10
2026-07-13 23:32:33,821 DEBUG AlphaScanner.Engine Batch download chunk 42/50 requested=10 resolved=10
2026-07-13 23:32:33,831 DEBUG AlphaScanner.Data download_history_batch(size=10, period=2y, interval=1d, use_cache=False, head=['SAIL.NS', 'SBIN.NS', 'SONATSOFTW.NS', 'SPLPETRO.NS', 'STARHEALTH.NS'])
2026-07-13 23:32:35,424 DEBUG AlphaScanner.Data download_history_batch result count=10
2026-07-13 23:32:35,425 DEBUG AlphaScanner.Engine Batch download chunk 43/50 requested=10 resolved=10
2026-07-13 23:32:35,433 DEBUG AlphaScanner.Data download_history_batch(size=10, period=2y, interval=1d, use_cache=False, head=['SUZLON.NS', 'SWANCORP.NS', 'SWIGGY.NS', 'SYNGENE.NS', 'SYRMA.NS'])
2026-07-13 23:32:37,488 DEBUG AlphaScanner.Data download_history_batch result count=10
2026-07-13 23:32:37,488 DEBUG AlphaScanner.Engine Batch download chunk 44/50 requested=10 resolved=10
2026-07-13 23:32:37,497 DEBUG AlphaScanner.Data download_history_batch(size=10, period=2y, interval=1d, use_cache=False, head=['TATACONSUM.NS', 'TATAELXSI.NS', 'TATAINVEST.NS', 'TATAPOWER.NS', 'TATASTEEL.NS'])
2026-07-13 23:32:39,035 DEBUG AlphaScanner.Data download_history_batch result count=10
2026-07-13 23:32:39,035 DEBUG AlphaScanner.Engine Batch download chunk 45/50 requested=10 resolved=10
2026-07-13 23:32:39,045 DEBUG AlphaScanner.Data download_history_batch(size=10, period=2y, interval=1d, use_cache=False, head=['NIACL.NS', 'RAMCOCEM.NS', 'TECHM.NS', 'TECHNOE.NS', 'TEGA.NS'])
2026-07-13 23:32:40,624 DEBUG AlphaScanner.Data download_history_batch result count=10
2026-07-13 23:32:40,625 DEBUG AlphaScanner.Engine Batch download chunk 46/50 requested=10 resolved=10
2026-07-13 23:32:40,633 DEBUG AlphaScanner.Data download_history_batch(size=10, period=2y, interval=1d, use_cache=False, head=['TARIL.NS', 'TIINDIA.NS', 'TITAN.NS', 'TORNTPHARM.NS', 'TORNTPOWER.NS'])
2026-07-13 23:32:42,392 DEBUG AlphaScanner.Data download_history_batch result count=10
2026-07-13 23:32:42,392 DEBUG AlphaScanner.Engine Batch download chunk 47/50 requested=10 resolved=10
2026-07-13 23:32:42,401 DEBUG AlphaScanner.Data download_history_batch(size=10, period=2y, interval=1d, use_cache=False, head=['UBL.NS', 'ULTRACEMCO.NS', 'UNIONBANK.NS', 'UNITDSPR.NS', 'UNOMINDA.NS'])
2026-07-13 23:32:44,277 DEBUG AlphaScanner.Data download_history_batch result count=10
2026-07-13 23:32:44,277 DEBUG AlphaScanner.Engine Batch download chunk 48/50 requested=10 resolved=10
2026-07-13 23:32:44,285 DEBUG AlphaScanner.Data download_history_batch(size=10, period=2y, interval=1d, use_cache=False, head=['IDEA.NS', 'VBL.NS', 'VEDL.NS', 'VIJAYA.NS', 'VMM.NS'])
2026-07-13 23:32:46,159 DEBUG AlphaScanner.Data download_history_batch result count=10
2026-07-13 23:32:46,159 DEBUG AlphaScanner.Engine Batch download chunk 49/50 requested=10 resolved=10
2026-07-13 23:32:46,167 DEBUG AlphaScanner.Data download_history_batch(size=10, period=2y, interval=1d, use_cache=False, head=['ECLERX.NS', 'WIPRO.NS', 'WOCKPHARMA.NS', 'YESBANK.NS', 'ZEEL.NS'])
2026-07-13 23:32:48,316 DEBUG AlphaScanner.Data download_history_batch result count=10
2026-07-13 23:32:48,316 DEBUG AlphaScanner.Engine Batch download chunk 50/50 requested=10 resolved=10
2026-07-13 23:32:48,450 DEBUG AlphaScanner.Engine Concatenated legacy data shape=(497, 3000)
2026-07-13 23:32:48,491 DEBUG AlphaScanner.Engine Post-align data shape=(493, 3000) benchmark_rows=493
2026-07-13 23:33:03,140 DEBUG AlphaScanner.Engine Legacy scan completed: hits=12 scanned=486 fail_counts={'trend_fail': 286, 'momentum_fail': 61, 'volume_fail': 83, 'breakout_fail': 100, 'rs_fail': 0, 'adx_fail': 4, 'liquidity_fail': 17, 'error_fail': 14}
2026-07-13 23:33:03,159 DEBUG AlphaScanner.Service perform_fresh_scan completed: rows=12 stats_keys=['adx_fail', 'bank_nifty_change', 'bb_fail', 'breakout_fail', 'dii_net', 'error_fail', 'fakeout_trap', 'fii_net', 'liquidity_fail', 'macd_fail', 'market_bias', 'market_bias_score', 'market_breadth_50', 'market_health', 'momentum_fail', 'nifty_change', 'rs_fail', 'scanned', 'scanner_type', 'sector_sentiment', 'timeframe', 'trend_fail', 'trending_sectors', 'universe', 'universe_size', 'volume_fail']
2026-07-13 23:34:23,235 DEBUG AlphaScanner.UI.Scanner render_tab(scan_type=Breakout, universe=Nifty 500, scan_mode=Entry Scanner, timeframe=1d, use_cache=False, run_scan=False)
2026-07-13 23:34:23,353 DEBUG AlphaScanner.UI.Scanner render_tab(scan_type=Breakout, universe=Nifty 500, scan_mode=Entry Scanner, timeframe=1d, use_cache=False, run_scan=False)
2026-07-13 23:34:41,420 DEBUG AlphaScanner.UI.Scanner render_tab(scan_type=Breakout, universe=Total Market (Cap Focused), scan_mode=Entry Scanner, timeframe=1d, use_cache=False, run_scan=False)
2026-07-13 23:34:45,444 DEBUG AlphaScanner.UI.Scanner render_tab(scan_type=Modular Momentum, universe=Total Market (Cap Focused), scan_mode=Entry Scanner, timeframe=1d, use_cache=False, run_scan=False)
2026-07-13 23:34:49,189 DEBUG AlphaScanner.UI.Scanner render_tab(scan_type=Modular Momentum, universe=Total Market (Cap Focused), scan_mode=Entry Scanner, timeframe=1d, use_cache=False, run_scan=True)
2026-07-13 23:34:49,972 DEBUG AlphaScanner.UI.Scanner Starting fresh scan with min_cap=500 max_cap=20000 sector_map_size=500
2026-07-13 23:34:49,973 DEBUG AlphaScanner.Service perform_fresh_scan(scanner_type=Modular Momentum, universe=Total Market (Cap Focused), timeframe=1d, scan_mode=Entry Scanner, use_cache=False, vol_thresh=0.6, rsi_min=35, rsi_max=75, dist_thresh=5.0, min_mkt_cap_cr=500, max_mkt_cap_cr=20000)
2026-07-13 23:34:49,973 DEBUG AlphaScanner.Service Routing to modular scanner with config={'universe': 'Total Market (Cap Focused)', 'min_candles': 300, 'interval': '1d', 'lookback_period': '2y', 'max_candidates': 15, 'min_total_score': 25.0, 'watchlist_min_score': 60.0, 'entry_min_score': 70.0, 'watchlist_trend_weight': 0.2, 'watchlist_base_weight': 0.35, 'watchlist_volume_weight': 0.2, 'watchlist_rs_weight': 0.15, 'watchlist_sector_weight': 0.1, 'entry_trend_weight': 0.2, 'entry_breakout_weight': 0.25, 'entry_volume_weight': 0.2, 'entry_rs_weight': 0.15, 'entry_sector_weight': 0.15, 'entry_risk_weight': 0.1, 'watchlist_price_above_ema200': True, 'watchlist_base_high_pct': 5.0, 'watchlist_base_range_pct': 10.0, 'watchlist_base_days_min': 10, 'watchlist_atr_contraction_pct': -15.0, 'watchlist_bbw_contraction_pct': -20.0, 'watchlist_volume_dryup_pct': -25.0, 'watchlist_rs_min': 60.0, 'watchlist_sector_strength_min': 0.0, 'entry_breakout_volume_ratio': 2.0, 'entry_rs_rank_min': 80.0, 'entry_risk_reward_min': 2.0, 'entry_extension_pct': 10.0, 'entry_atr_expansion_pct': 1.8, 'quality_filter_enabled': True, 'quality_min_avg_volume': 0.0, 'quality_min_avg_turnover': 0.0, 'quality_min_market_cap_cr': 0.0, 'quality_max_market_cap_cr': 0.0, 'quality_market_cap_mode': 'Custom', 'quality_market_cap_custom_symbols': [], 'quality_min_relative_strength': 0.0, 'quality_min_sector_strength': 0.0, 'quality_require_price_above_ema200': False, 'quality_require_ema_alignment': False, 'quality_require_trend_template': False, 'quality_require_higher_highs': False, 'quality_require_higher_lows': False, 'quality_market_bearish_multiplier': 1.25, 'quality_market_bullish_multiplier': 1.0, 'quality_market_neutral_multiplier': 1.0, 'quality_market_caution_multiplier': 1.1, 'setup_engine_enabled': True, 'setup_min_base_weeks': 8, 'setup_max_base_depth_pct': 18.0, 'setup_max_base_duration_weeks': 24, 'setup_max_distance_to_high_pct': 8.0, 'setup_volume_long_window': 50, 'setup_volume_short_window': 20, 'setup_min_compression_score': 40.0, 'setup_min_volume_score': 35.0, 'setup_min_resistance_score': 35.0, 'setup_min_structure_score': 40.0, 'setup_min_risk_score': 35.0, 'setup_weight_base': 0.2, 'setup_weight_compression': 0.2, 'setup_weight_volume': 0.15, 'setup_weight_resistance': 0.2, 'setup_weight_structure': 0.15, 'setup_weight_risk': 0.1, 'setup_professional_threshold': 90.0, 'setup_excellent_threshold': 80.0, 'setup_good_threshold': 70.0, 'setup_average_threshold': 55.0, 'transition_engine_enabled': True, 'transition_history_window': 10, 'transition_min_setup_velocity_score': 55.0, 'transition_min_rs_acceleration_score': 55.0, 'transition_min_volume_transition_score': 55.0, 'transition_min_compression_evolution_score': 55.0, 'transition_min_resistance_pressure_score': 50.0, 'transition_min_price_acceptance_score': 50.0, 'transition_min_opportunity_velocity_score': 60.0, 'transition_weight_setup_velocity': 0.18, 'transition_weight_rs_acceleration': 0.14, 'transition_weight_volume_transition': 0.18, 'transition_weight_compression_evolution': 0.14, 'transition_weight_resistance_pressure': 0.12, 'transition_weight_price_acceptance': 0.1, 'transition_weight_opportunity_velocity': 0.14, 'transition_professional_threshold': 90.0, 'transition_strong_threshold': 80.0, 'transition_building_threshold': 70.0, 'transition_watch_threshold': 55.0, 'trigger_engine_enabled': True, 'trigger_enable_pocket_pivot': True, 'trigger_enable_relative_volume': True, 'trigger_enable_breakout_confirmation': True, 'trigger_enable_closing_strength': True, 'trigger_enable_rs_confirmation': True, 'trigger_enable_volume_confirmation': True, 'trigger_enable_intraday_confirmation': False, 'trigger_min_setup_score': 70.0, 'trigger_min_transition_score': 70.0, 'trigger_pocket_pivot_volume_ratio': 1.5, 'trigger_pocket_pivot_close_location_min': 0.7, 'trigger_relative_volume_5d_min': 1.2, 'trigger_relative_volume_10d_min': 1.1, 'trigger_relative_volume_20d_min': 1.0, 'trigger_breakout_buffer_pct': 0.25, 'trigger_breakout_volume_ratio_min': 1.5, 'trigger_close_location_min': 0.8, 'trigger_close_strength_min': 0.75, 'trigger_rs_proxy_min': 105.0, 'trigger_rs_transition_min': 55.0, 'trigger_volume_transition_min': 60.0, 'trigger_intraday_vwap_hold_min': 0.0, 'trigger_intraday_rvol_min': 1.2, 'trigger_intraday_high_hold_min': 0.95, 'trigger_buy_min_passes': 5, 'trigger_watch_min_passes': 3, 'trigger_wait_min_passes': 2, 'market_regime_trend_weight': 0.3, 'market_regime_breadth_weight': 0.25, 'market_regime_momentum_weight': 0.2, 'market_regime_volume_weight': 0.15, 'market_regime_volatility_weight': 0.1, 'market_regime_bullish_threshold': 75.0, 'market_regime_neutral_threshold': 55.0, 'market_regime_caution_threshold': 40.0, 'market_regime_bearish_threshold': 0.0, 'market_regime_bullish_penalty': 1.0, 'market_regime_neutral_penalty': 0.95, 'market_regime_caution_penalty': 0.85, 'market_regime_bearish_penalty': 0.7, 'market_regime_buy_min_bullish': 80.0, 'market_regime_buy_min_neutral': 85.0, 'market_regime_buy_min_caution': 90.0, 'market_regime_buy_min_bearish': 95.0, 'market_regime_nifty50_period': '2y', 'market_regime_nifty500_period': '2y', 'market_regime_breadth_min_above_ema20': 45.0, 'market_regime_breadth_min_above_ema50': 40.0, 'market_regime_breadth_min_above_ema200': 25.0, 'market_regime_atr_window': 14, 'market_regime_volume_window': 20, 'market_regime_volatility_window': 20, 'market_regime_momentum_return_cap_pct': 10.0, 'market_regime_ema_buffer_pct': 0.5, 'market_regime_distribution_day_window': 20, 'market_regime_accumulation_day_window': 20, 'market_regime_volume_trend_threshold_pct': 10.0, 'market_regime_volatility_high_threshold_pct': 15.0, 'market_regime_volatility_mid_threshold_pct': 8.0, 'market_regime_accumulation_edge_days': 2, 'market_regime_distribution_edge_days': 2, 'mtf_weekly_weight': 20.0, 'mtf_daily_weight': 50.0, 'mtf_hourly_weight': 30.0, 'mtf_weekly_max_points': 20.0, 'mtf_daily_max_points': 50.0, 'mtf_hourly_max_points': 30.0, 'mtf_strong_buy_threshold': 90.0, 'mtf_buy_threshold': 80.0, 'mtf_watch_threshold': 65.0, 'mtf_wait_threshold': 50.0, 'mtf_weekly_bullish_threshold': 14.0, 'mtf_weekly_neutral_threshold': 10.0, 'mtf_weekly_bearish_threshold': 6.0, 'mtf_daily_bullish_threshold': 35.0, 'mtf_daily_neutral_threshold': 25.0, 'mtf_hourly_bullish_threshold': 20.0, 'mtf_hourly_neutral_threshold': 12.0, 'mtf_weekly_lookback_period': '2y', 'mtf_daily_lookback_period': '1y', 'mtf_hourly_lookback_period': '60d', 'mtf_hourly_ema_fast': 20, 'mtf_hourly_ema_slow': 50, 'mtf_weekly_veto_enabled': True, 'mtf_enable_confirmation': False, 'ema_fast': 20, 'ema_medium': 50, 'ema_slow': 200, 'atr_window': 20, 'contraction_window': 20, 'volume_sma_window': 20, 'volume_contraction_lookback': 20, 'volume_multiplier': 1.6, 'relative_strength_window': 90, 'relative_strength_period_1': 30, 'relative_strength_period_2': 60, 'relative_strength_period_3': 90, 'relative_strength_min_data': 30, 'sector_lookback': 60, 'risk_atr_multiplier': 2.5, 'sector_blacklist': ['Financial Services', 'Utilities'], 'required_columns': ['Open', 'High', 'Low', 'Close', 'Volume']}
2026-07-13 23:34:49,974 INFO AlphaScanner.Scanner Starting dual-mode scanner with config {'universe': 'Total Market (Cap Focused)', 'min_candles': 300, 'interval': '1d', 'lookback_period': '2y', 'max_candidates': 15, 'min_total_score': 25.0, 'watchlist_min_score': 60.0, 'entry_min_score': 70.0, 'watchlist_trend_weight': 0.2, 'watchlist_base_weight': 0.35, 'watchlist_volume_weight': 0.2, 'watchlist_rs_weight': 0.15, 'watchlist_sector_weight': 0.1, 'entry_trend_weight': 0.2, 'entry_breakout_weight': 0.25, 'entry_volume_weight': 0.2, 'entry_rs_weight': 0.15, 'entry_sector_weight': 0.15, 'entry_risk_weight': 0.1, 'watchlist_price_above_ema200': True, 'watchlist_base_high_pct': 5.0, 'watchlist_base_range_pct': 10.0, 'watchlist_base_days_min': 10, 'watchlist_atr_contraction_pct': -15.0, 'watchlist_bbw_contraction_pct': -20.0, 'watchlist_volume_dryup_pct': -25.0, 'watchlist_rs_min': 60.0, 'watchlist_sector_strength_min': 0.0, 'entry_breakout_volume_ratio': 2.0, 'entry_rs_rank_min': 80.0, 'entry_risk_reward_min': 2.0, 'entry_extension_pct': 10.0, 'entry_atr_expansion_pct': 1.8, 'quality_filter_enabled': True, 'quality_min_avg_volume': 0.0, 'quality_min_avg_turnover': 0.0, 'quality_min_market_cap_cr': 0.0, 'quality_max_market_cap_cr': 0.0, 'quality_market_cap_mode': 'Custom', 'quality_market_cap_custom_symbols': [], 'quality_min_relative_strength': 0.0, 'quality_min_sector_strength': 0.0, 'quality_require_price_above_ema200': False, 'quality_require_ema_alignment': False, 'quality_require_trend_template': False, 'quality_require_higher_highs': False, 'quality_require_higher_lows': False, 'quality_market_bearish_multiplier': 1.25, 'quality_market_bullish_multiplier': 1.0, 'quality_market_neutral_multiplier': 1.0, 'quality_market_caution_multiplier': 1.1, 'setup_engine_enabled': True, 'setup_min_base_weeks': 8, 'setup_max_base_depth_pct': 18.0, 'setup_max_base_duration_weeks': 24, 'setup_max_distance_to_high_pct': 8.0, 'setup_volume_long_window': 50, 'setup_volume_short_window': 20, 'setup_min_compression_score': 40.0, 'setup_min_volume_score': 35.0, 'setup_min_resistance_score': 35.0, 'setup_min_structure_score': 40.0, 'setup_min_risk_score': 35.0, 'setup_weight_base': 0.2, 'setup_weight_compression': 0.2, 'setup_weight_volume': 0.15, 'setup_weight_resistance': 0.2, 'setup_weight_structure': 0.15, 'setup_weight_risk': 0.1, 'setup_professional_threshold': 90.0, 'setup_excellent_threshold': 80.0, 'setup_good_threshold': 70.0, 'setup_average_threshold': 55.0, 'transition_engine_enabled': True, 'transition_history_window': 10, 'transition_min_setup_velocity_score': 55.0, 'transition_min_rs_acceleration_score': 55.0, 'transition_min_volume_transition_score': 55.0, 'transition_min_compression_evolution_score': 55.0, 'transition_min_resistance_pressure_score': 50.0, 'transition_min_price_acceptance_score': 50.0, 'transition_min_opportunity_velocity_score': 60.0, 'transition_weight_setup_velocity': 0.18, 'transition_weight_rs_acceleration': 0.14, 'transition_weight_volume_transition': 0.18, 'transition_weight_compression_evolution': 0.14, 'transition_weight_resistance_pressure': 0.12, 'transition_weight_price_acceptance': 0.1, 'transition_weight_opportunity_velocity': 0.14, 'transition_professional_threshold': 90.0, 'transition_strong_threshold': 80.0, 'transition_building_threshold': 70.0, 'transition_watch_threshold': 55.0, 'trigger_engine_enabled': True, 'trigger_enable_pocket_pivot': True, 'trigger_enable_relative_volume': True, 'trigger_enable_breakout_confirmation': True, 'trigger_enable_closing_strength': True, 'trigger_enable_rs_confirmation': True, 'trigger_enable_volume_confirmation': True, 'trigger_enable_intraday_confirmation': False, 'trigger_min_setup_score': 70.0, 'trigger_min_transition_score': 70.0, 'trigger_pocket_pivot_volume_ratio': 1.5, 'trigger_pocket_pivot_close_location_min': 0.7, 'trigger_relative_volume_5d_min': 1.2, 'trigger_relative_volume_10d_min': 1.1, 'trigger_relative_volume_20d_min': 1.0, 'trigger_breakout_buffer_pct': 0.25, 'trigger_breakout_volume_ratio_min': 1.5, 'trigger_close_location_min': 0.8, 'trigger_close_strength_min': 0.75, 'trigger_rs_proxy_min': 105.0, 'trigger_rs_transition_min': 55.0, 'trigger_volume_transition_min': 60.0, 'trigger_intraday_vwap_hold_min': 0.0, 'trigger_intraday_rvol_min': 1.2, 'trigger_intraday_high_hold_min': 0.95, 'trigger_buy_min_passes': 5, 'trigger_watch_min_passes': 3, 'trigger_wait_min_passes': 2, 'market_regime_trend_weight': 0.3, 'market_regime_breadth_weight': 0.25, 'market_regime_momentum_weight': 0.2, 'market_regime_volume_weight': 0.15, 'market_regime_volatility_weight': 0.1, 'market_regime_bullish_threshold': 75.0, 'market_regime_neutral_threshold': 55.0, 'market_regime_caution_threshold': 40.0, 'market_regime_bearish_threshold': 0.0, 'market_regime_bullish_penalty': 1.0, 'market_regime_neutral_penalty': 0.95, 'market_regime_caution_penalty': 0.85, 'market_regime_bearish_penalty': 0.7, 'market_regime_buy_min_bullish': 80.0, 'market_regime_buy_min_neutral': 85.0, 'market_regime_buy_min_caution': 90.0, 'market_regime_buy_min_bearish': 95.0, 'market_regime_nifty50_period': '2y', 'market_regime_nifty500_period': '2y', 'market_regime_breadth_min_above_ema20': 45.0, 'market_regime_breadth_min_above_ema50': 40.0, 'market_regime_breadth_min_above_ema200': 25.0, 'market_regime_atr_window': 14, 'market_regime_volume_window': 20, 'market_regime_volatility_window': 20, 'market_regime_momentum_return_cap_pct': 10.0, 'market_regime_ema_buffer_pct': 0.5, 'market_regime_distribution_day_window': 20, 'market_regime_accumulation_day_window': 20, 'market_regime_volume_trend_threshold_pct': 10.0, 'market_regime_volatility_high_threshold_pct': 15.0, 'market_regime_volatility_mid_threshold_pct': 8.0, 'market_regime_accumulation_edge_days': 2, 'market_regime_distribution_edge_days': 2, 'mtf_weekly_weight': 20.0, 'mtf_daily_weight': 50.0, 'mtf_hourly_weight': 30.0, 'mtf_weekly_max_points': 20.0, 'mtf_daily_max_points': 50.0, 'mtf_hourly_max_points': 30.0, 'mtf_strong_buy_threshold': 90.0, 'mtf_buy_threshold': 80.0, 'mtf_watch_threshold': 65.0, 'mtf_wait_threshold': 50.0, 'mtf_weekly_bullish_threshold': 14.0, 'mtf_weekly_neutral_threshold': 10.0, 'mtf_weekly_bearish_threshold': 6.0, 'mtf_daily_bullish_threshold': 35.0, 'mtf_daily_neutral_threshold': 25.0, 'mtf_hourly_bullish_threshold': 20.0, 'mtf_hourly_neutral_threshold': 12.0, 'mtf_weekly_lookback_period': '2y', 'mtf_daily_lookback_period': '1y', 'mtf_hourly_lookback_period': '60d', 'mtf_hourly_ema_fast': 20, 'mtf_hourly_ema_slow': 50, 'mtf_weekly_veto_enabled': True, 'mtf_enable_confirmation': False, 'ema_fast': 20, 'ema_medium': 50, 'ema_slow': 200, 'atr_window': 20, 'contraction_window': 20, 'volume_sma_window': 20, 'volume_contraction_lookback': 20, 'volume_multiplier': 1.6, 'relative_strength_window': 90, 'relative_strength_period_1': 30, 'relative_strength_period_2': 60, 'relative_strength_period_3': 90, 'relative_strength_min_data': 30, 'sector_lookback': 60, 'risk_atr_multiplier': 2.5, 'sector_blacklist': ['Financial Services', 'Utilities'], 'required_columns': ['Open', 'High', 'Low', 'Close', 'Volume']}
2026-07-13 23:34:49,975 DEBUG AlphaScanner.Scanner Dual-mode scan requested with universe=Total Market (Cap Focused) interval=1d min_candles=300 use_cache=False
2026-07-13 23:34:49,977 DEBUG AlphaScanner.Data get_universe(Total Market (Cap Focused)) -> 500 symbols
2026-07-13 23:34:49,977 DEBUG AlphaScanner.Scanner Resolved universe size=500 head=['360ONE.NS', '3MINDIA.NS', 'AADHARHFC.NS', 'AARTIIND.NS', 'AAVAS.NS']
2026-07-13 23:34:49,979 INFO AlphaScanner.Scanner Downloading history for 500 tickers...
2026-07-13 23:34:49,980 DEBUG AlphaScanner.Data download_history_batch(size=500, period=2y, interval=1d, use_cache=False, head=['360ONE.NS', '3MINDIA.NS', 'AADHARHFC.NS', 'AARTIIND.NS', 'AAVAS.NS'])
2026-07-13 23:36:24,478 DEBUG AlphaScanner.Data download_history_batch result count=500
2026-07-13 23:36:24,479 INFO AlphaScanner.Scanner Downloaded history for 500 tickers.
2026-07-13 23:36:24,480 INFO AlphaScanner.Scanner Processing 500 tickers...
2026-07-13 23:37:19,390 DEBUG AlphaScanner.Scanner Dual-mode scan finished: watchlist_rows=151 entry_rows=79
2026-07-13 23:43:18,054 INFO AlphaScanner.Scanner Watchlist candidates: 151 | Entry candidates: 79
2026-07-13 23:50:20,512 DEBUG AlphaScanner.UI.Scanner render_tab(scan_type=Breakout, universe=Nifty 500, scan_mode=Entry Scanner, timeframe=1d, use_cache=False, run_scan=False)
2026-07-13 23:50:23,956 DEBUG AlphaScanner.UI.Scanner render_tab(scan_type=Breakout, universe=Nifty 500, scan_mode=Entry Scanner, timeframe=1d, use_cache=False, run_scan=True)
2026-07-13 23:50:24,584 DEBUG AlphaScanner.UI.Scanner Starting fresh scan with min_cap=0 max_cap=0 sector_map_size=500
2026-07-13 23:50:24,585 DEBUG AlphaScanner.Service perform_fresh_scan(scanner_type=Breakout, universe=Nifty 500, timeframe=1d, scan_mode=Entry Scanner, use_cache=False, vol_thresh=1.0, rsi_min=50, rsi_max=85, dist_thresh=1.5, min_mkt_cap_cr=0, max_mkt_cap_cr=0)
2026-07-13 23:50:24,585 DEBUG AlphaScanner.Service Routing to legacy breakout scanner with normalized timeframe=1d
2026-07-13 23:50:24,586 DEBUG AlphaScanner.Engine run_scanner(scanner_type=Breakout, universe=Nifty 500, timeframe=1d, use_cache=False, incremental_fetch=False, vol_thresh=1.0, rsi_range=50-85, dist_thresh=1.5, min_cap=0, max_cap=0)
2026-07-13 23:50:24,588 DEBUG AlphaScanner.Engine Resolved legacy universe 'Nifty 500' to 500 tickers
2026-07-13 23:50:26,097 DEBUG AlphaScanner.Engine Loaded benchmark close series with 493 rows
2026-07-13 23:50:26,103 DEBUG AlphaScanner.Data download_history_batch(size=10, period=2y, interval=1d, use_cache=False, head=['360ONE.NS', '3MINDIA.NS', 'AADHARHFC.NS', 'ABB.NS', 'ACC.NS'])
2026-07-13 23:50:28,240 DEBUG AlphaScanner.Data download_history_batch result count=10
2026-07-13 23:50:28,240 DEBUG AlphaScanner.Engine Batch download chunk 1/50 requested=10 resolved=10
2026-07-13 23:50:28,252 DEBUG AlphaScanner.Data download_history_batch(size=10, period=2y, interval=1d, use_cache=False, head=['AARTIIND.NS', 'AAVAS.NS', 'ABBOTINDIA.NS', 'ACE.NS', 'ACUTAAS.NS'])
2026-07-13 23:50:30,337 DEBUG AlphaScanner.Data download_history_batch result count=10
2026-07-13 23:50:30,337 DEBUG AlphaScanner.Engine Batch download chunk 2/50 requested=10 resolved=10
2026-07-13 23:50:30,346 DEBUG AlphaScanner.Data download_history_batch(size=10, period=2y, interval=1d, use_cache=False, head=['ABCAPITAL.NS', 'ABFRL.NS', 'ABLBL.NS', 'ABREL.NS', 'ABSLAMC.NS'])
2026-07-13 23:50:31,943 DEBUG AlphaScanner.Data download_history_batch result count=10
2026-07-13 23:50:31,944 DEBUG AlphaScanner.Engine Batch download chunk 3/50 requested=10 resolved=10
2026-07-13 23:50:31,954 DEBUG AlphaScanner.Data download_history_batch(size=10, period=2y, interval=1d, use_cache=False, head=['ABDL.NS', 'AFFLE.NS', 'AJANTPHARM.NS', 'ALKEM.NS', 'AMBER.NS'])
2026-07-13 23:50:33,817 DEBUG AlphaScanner.Data download_history_batch result count=10
2026-07-13 23:50:33,817 DEBUG AlphaScanner.Engine Batch download chunk 4/50 requested=10 resolved=10
2026-07-13 23:50:33,826 DEBUG AlphaScanner.Data download_history_batch(size=10, period=2y, interval=1d, use_cache=False, head=['ANTHEM.NS', 'ANURAS.NS', 'APARINDS.NS', 'APOLLOHOSP.NS', 'APOLLOTYRE.NS'])
2026-07-13 23:50:35,967 DEBUG AlphaScanner.Data download_history_batch result count=10
2026-07-13 23:50:35,968 DEBUG AlphaScanner.Engine Batch download chunk 5/50 requested=10 resolved=10
2026-07-13 23:50:35,977 DEBUG AlphaScanner.Data download_history_batch(size=10, period=2y, interval=1d, use_cache=False, head=['AIIL.NS', 'ASTRAL.NS', 'ATHERENERG.NS', 'ATUL.NS', 'AUROPHARMA.NS'])
2026-07-13 23:50:37,920 DEBUG AlphaScanner.Data download_history_batch result count=10
2026-07-13 23:50:37,920 DEBUG AlphaScanner.Engine Batch download chunk 6/50 requested=10 resolved=10
2026-07-13 23:50:37,931 DEBUG AlphaScanner.Data download_history_batch(size=10, period=2y, interval=1d, use_cache=False, head=['BAJAJ-AUTO.NS', 'BAJAJFINSV.NS', 'BAJAJHFL.NS', 'BAJAJHLDNG.NS', 'BAJFINANCE.NS'])
2026-07-13 23:50:40,130 DEBUG AlphaScanner.Data download_history_batch result count=10
2026-07-13 23:50:40,130 DEBUG AlphaScanner.Engine Batch download chunk 7/50 requested=10 resolved=10
2026-07-13 23:50:40,147 DEBUG AlphaScanner.Data download_history_batch(size=10, period=2y, interval=1d, use_cache=False, head=['BATAINDIA.NS', 'BAYERCROP.NS', 'BDL.NS', 'BEL.NS', 'BELRISE.NS'])
2026-07-13 23:50:42,314 DEBUG AlphaScanner.Data download_history_batch result count=10
2026-07-13 23:50:42,314 DEBUG AlphaScanner.Engine Batch download chunk 8/50 requested=10 resolved=10
2026-07-13 23:50:42,323 DEBUG AlphaScanner.Data download_history_batch(size=10, period=2y, interval=1d, use_cache=False, head=['BBTC.NS', 'BHARTIARTL.NS', 'BHARTIHEXA.NS', 'BIKAJI.NS', 'BIOCON.NS'])
2026-07-13 23:50:44,256 DEBUG AlphaScanner.Data download_history_batch result count=10
2026-07-13 23:50:44,256 DEBUG AlphaScanner.Engine Batch download chunk 9/50 requested=10 resolved=10
2026-07-13 23:50:44,269 DEBUG AlphaScanner.Data download_history_batch(size=10, period=2y, interval=1d, use_cache=False, head=['BOSCHLTD.NS', 'BRIGADE.NS', 'BRITANNIA.NS', 'CCL.NS', 'CESC.NS'])
2026-07-13 23:50:46,348 DEBUG AlphaScanner.Data download_history_batch result count=10
2026-07-13 23:50:46,348 DEBUG AlphaScanner.Engine Batch download chunk 10/50 requested=10 resolved=10
2026-07-13 23:50:46,356 DEBUG AlphaScanner.Data download_history_batch(size=10, period=2y, interval=1d, use_cache=False, head=['CANBK.NS', 'CANFINHOME.NS', 'CANHLIFE.NS', 'CAPLIPOINT.NS', 'CARBORUNIV.NS'])
2026-07-13 23:50:48,461 DEBUG AlphaScanner.Data download_history_batch result count=10
2026-07-13 23:50:48,461 DEBUG AlphaScanner.Engine Batch download chunk 11/50 requested=10 resolved=10
2026-07-13 23:50:48,470 DEBUG AlphaScanner.Data download_history_batch(size=10, period=2y, interval=1d, use_cache=False, head=['CDSL.NS', 'CENTRALBK.NS', 'CHALET.NS', 'CHAMBLFERT.NS', 'CHENNPETRO.NS'])
2026-07-13 23:50:50,686 DEBUG AlphaScanner.Data download_history_batch result count=10
2026-07-13 23:50:50,686 DEBUG AlphaScanner.Engine Batch download chunk 12/50 requested=10 resolved=10
2026-07-13 23:50:50,698 DEBUG AlphaScanner.Data download_history_batch(size=10, period=2y, interval=1d, use_cache=False, head=['CAMS.NS', 'CLEAN.NS', 'COALINDIA.NS', 'COCHINSHIP.NS', 'COFORGE.NS'])
2026-07-13 23:50:52,984 DEBUG AlphaScanner.Data download_history_batch result count=10
2026-07-13 23:50:52,984 DEBUG AlphaScanner.Engine Batch download chunk 13/50 requested=10 resolved=10
2026-07-13 23:50:52,995 DEBUG AlphaScanner.Data download_history_batch(size=10, period=2y, interval=1d, use_cache=False, head=['CRAFTSMAN.NS', 'CREDITACC.NS', 'CROMPTON.NS', 'CUMMINSIND.NS', 'CYIENT.NS'])
2026-07-13 23:50:54,844 DEBUG AlphaScanner.Data download_history_batch result count=10
2026-07-13 23:50:54,845 DEBUG AlphaScanner.Engine Batch download chunk 14/50 requested=10 resolved=10
2026-07-13 23:50:54,856 DEBUG AlphaScanner.Data download_history_batch(size=10, period=2y, interval=1d, use_cache=False, head=['DATAPATTNS.NS', 'DEEPAKFERT.NS', 'DEEPAKNTR.NS', 'DELHIVERY.NS', 'DEVYANI.NS'])
2026-07-13 23:50:56,813 DEBUG AlphaScanner.Data download_history_batch result count=10
2026-07-13 23:50:56,813 DEBUG AlphaScanner.Engine Batch download chunk 15/50 requested=10 resolved=10
2026-07-13 23:50:56,827 DEBUG AlphaScanner.Data download_history_batch(size=10, period=2y, interval=1d, use_cache=False, head=['EICHERMOT.NS', 'EIHOTEL.NS', 'ELECON.NS', 'ELGIEQUIP.NS', 'EMAMILTD.NS'])
2026-07-13 23:50:58,562 DEBUG AlphaScanner.Data download_history_batch result count=10
2026-07-13 23:50:58,562 DEBUG AlphaScanner.Engine Batch download chunk 16/50 requested=10 resolved=10
2026-07-13 23:50:58,571 DEBUG AlphaScanner.Data download_history_batch(size=10, period=2y, interval=1d, use_cache=False, head=['ESCORTS.NS', 'ETERNAL.NS', 'EXIDEIND.NS', 'FACT.NS', 'FEDERALBNK.NS'])
2026-07-13 23:51:00,510 DEBUG AlphaScanner.Data download_history_batch result count=10
2026-07-13 23:51:00,510 DEBUG AlphaScanner.Engine Batch download chunk 17/50 requested=10 resolved=10
2026-07-13 23:51:00,522 DEBUG AlphaScanner.Data download_history_batch(size=10, period=2y, interval=1d, use_cache=False, head=['FORTIS.NS', 'GABRIEL.NS', 'GAIL.NS', 'GALLANTT.NS', 'GICRE.NS'])
2026-07-13 23:51:02,016 DEBUG AlphaScanner.Data download_history_batch result count=10
2026-07-13 23:51:02,017 DEBUG AlphaScanner.Engine Batch download chunk 18/50 requested=10 resolved=10
2026-07-13 23:51:02,028 DEBUG AlphaScanner.Data download_history_batch(size=10, period=2y, interval=1d, use_cache=False, head=['GLAXO.NS', 'GLENMARK.NS', 'GODFRYPHLP.NS', 'GODIGIT.NS', 'GODREJCP.NS'])
2026-07-13 23:51:03,856 DEBUG AlphaScanner.Data download_history_batch result count=10
2026-07-13 23:51:03,857 DEBUG AlphaScanner.Engine Batch download chunk 19/50 requested=10 resolved=10
2026-07-13 23:51:03,864 DEBUG AlphaScanner.Data download_history_batch(size=10, period=2y, interval=1d, use_cache=False, head=['FLUOROCHEM.NS', 'GESHIP.NS', 'GMDCLTD.NS', 'GRAPHITE.NS', 'GRASIM.NS'])
2026-07-13 23:51:05,447 DEBUG AlphaScanner.Data download_history_batch result count=10
2026-07-13 23:51:05,447 DEBUG AlphaScanner.Engine Batch download chunk 20/50 requested=10 resolved=10
2026-07-13 23:51:05,457 DEBUG AlphaScanner.Data download_history_batch(size=10, period=2y, interval=1d, use_cache=False, head=['HAL.NS', 'HAVELLS.NS', 'HDFCAMC.NS', 'HDFCBANK.NS', 'HDFCLIFE.NS'])
2026-07-13 23:51:07,375 DEBUG AlphaScanner.Data download_history_batch result count=10
2026-07-13 23:51:07,375 DEBUG AlphaScanner.Engine Batch download chunk 21/50 requested=10 resolved=10
2026-07-13 23:51:07,383 DEBUG AlphaScanner.Data download_history_batch(size=10, period=2y, interval=1d, use_cache=False, head=['HINDCOPPER.NS', 'HINDPETRO.NS', 'HINDUNILVR.NS', 'HINDZINC.NS', 'HOMEFIRST.NS'])
2026-07-13 23:51:09,398 DEBUG AlphaScanner.Data download_history_batch result count=10
2026-07-13 23:51:09,399 DEBUG AlphaScanner.Engine Batch download chunk 22/50 requested=10 resolved=10
2026-07-13 23:51:09,409 DEBUG AlphaScanner.Data download_history_batch(size=10, period=2y, interval=1d, use_cache=False, head=['ICICIAMC.NS', 'ICICIBANK.NS', 'ICICIGI.NS', 'ICICIPRULI.NS', 'IDBI.NS'])
2026-07-13 23:51:11,061 DEBUG AlphaScanner.Data download_history_batch result count=10
2026-07-13 23:51:11,061 DEBUG AlphaScanner.Engine Batch download chunk 23/50 requested=10 resolved=10
2026-07-13 23:51:11,073 DEBUG AlphaScanner.Data download_history_batch(size=10, period=2y, interval=1d, use_cache=False, head=['IEX.NS', 'INDGN.NS', 'INDHOTEL.NS', 'INDIACEM.NS', 'INDIAMART.NS'])
2026-07-13 23:51:12,769 DEBUG AlphaScanner.Data download_history_batch result count=10
2026-07-13 23:51:12,770 DEBUG AlphaScanner.Engine Batch download chunk 24/50 requested=10 resolved=10
2026-07-13 23:51:12,778 DEBUG AlphaScanner.Data download_history_batch(size=10, period=2y, interval=1d, use_cache=False, head=['IGL.NS', 'INDUSINDBK.NS', 'INDUSTOWER.NS', 'INFY.NS', 'INOXWIND.NS'])
2026-07-13 23:51:14,523 DEBUG AlphaScanner.Data download_history_batch result count=10
2026-07-13 23:51:14,523 DEBUG AlphaScanner.Engine Batch download chunk 25/50 requested=10 resolved=10
2026-07-13 23:51:14,531 DEBUG AlphaScanner.Data download_history_batch(size=10, period=2y, interval=1d, use_cache=False, head=['IGIL.NS', 'IKS.NS', 'INDIGO.NS', 'INTELLECT.NS', 'IPCALAB.NS'])
2026-07-13 23:51:16,289 DEBUG AlphaScanner.Data download_history_batch result count=10
2026-07-13 23:51:16,289 DEBUG AlphaScanner.Engine Batch download chunk 26/50 requested=10 resolved=10
2026-07-13 23:51:16,297 DEBUG AlphaScanner.Data download_history_batch(size=10, period=2y, interval=1d, use_cache=False, head=['J&KBANK.NS', 'JAINREC.NS', 'JINDALSAW.NS', 'JPPOWER.NS', 'JSL.NS'])
2026-07-13 23:51:17,851 DEBUG AlphaScanner.Data download_history_batch result count=10
2026-07-13 23:51:17,851 DEBUG AlphaScanner.Engine Batch download chunk 27/50 requested=10 resolved=10
2026-07-13 23:51:17,859 DEBUG AlphaScanner.Data download_history_batch(size=10, period=2y, interval=1d, use_cache=False, head=['JINDALSTEL.NS', 'JIOFIN.NS', 'JUBLFOOD.NS', 'JUBLINGREA.NS', 'JUBLPHARMA.NS'])
2026-07-13 23:51:19,825 DEBUG AlphaScanner.Data download_history_batch result count=10
2026-07-13 23:51:19,826 DEBUG AlphaScanner.Engine Batch download chunk 28/50 requested=10 resolved=10
2026-07-13 23:51:19,835 DEBUG AlphaScanner.Data download_history_batch(size=10, period=2y, interval=1d, use_cache=False, head=['KAJARIACER.NS', 'KALYANKJIL.NS', 'KARURVYSYA.NS', 'KAYNES.NS', 'KEC.NS'])
2026-07-13 23:51:21,657 DEBUG AlphaScanner.Data download_history_batch result count=10
2026-07-13 23:51:21,657 DEBUG AlphaScanner.Engine Batch download chunk 29/50 requested=10 resolved=10
2026-07-13 23:51:21,671 DEBUG AlphaScanner.Data download_history_batch(size=10, period=2y, interval=1d, use_cache=False, head=['LATENTVIEW.NS', 'LAURUSLABS.NS', 'LGEINDIA.NS', 'LICHSGFIN.NS', 'LT.NS'])
2026-07-13 23:51:23,170 DEBUG AlphaScanner.Data download_history_batch result count=10
2026-07-13 23:51:23,170 DEBUG AlphaScanner.Engine Batch download chunk 30/50 requested=10 resolved=10
2026-07-13 23:51:23,179 DEBUG AlphaScanner.Data download_history_batch(size=10, period=2y, interval=1d, use_cache=False, head=['LEMONTREE.NS', 'LENSKART.NS', 'LICI.NS', 'LINDEINDIA.NS', 'LLOYDSME.NS'])
2026-07-13 23:51:25,544 DEBUG AlphaScanner.Data download_history_batch result count=10
2026-07-13 23:51:25,545 DEBUG AlphaScanner.Engine Batch download chunk 31/50 requested=10 resolved=10
2026-07-13 23:51:25,556 DEBUG AlphaScanner.Data download_history_batch(size=10, period=2y, interval=1d, use_cache=False, head=['M&M.NS', 'M&MFIN.NS', 'MANAPPURAM.NS', 'MANKIND.NS', 'MARICO.NS'])
2026-07-13 23:51:27,541 DEBUG AlphaScanner.Data download_history_batch result count=10
2026-07-13 23:51:27,541 DEBUG AlphaScanner.Engine Batch download chunk 32/50 requested=10 resolved=10
2026-07-13 23:51:27,552 DEBUG AlphaScanner.Data download_history_batch(size=10, period=2y, interval=1d, use_cache=False, head=['MCX.NS', 'MEESHO.NS', 'MINDACORP.NS', 'MOTILALOFS.NS', 'MPHASIS.NS'])
2026-07-13 23:51:29,623 DEBUG AlphaScanner.Data download_history_batch result count=10
2026-07-13 23:51:29,623 DEBUG AlphaScanner.Engine Batch download chunk 33/50 requested=10 resolved=10
2026-07-13 23:51:29,634 DEBUG AlphaScanner.Data download_history_batch(size=10, period=2y, interval=1d, use_cache=False, head=['NATIONALUM.NS', 'NAVA.NS', 'NAVINFLUOR.NS', 'NH.NS', 'NHPC.NS'])
2026-07-13 23:51:31,816 DEBUG AlphaScanner.Data download_history_batch result count=10
2026-07-13 23:51:31,816 DEBUG AlphaScanner.Engine Batch download chunk 34/50 requested=10 resolved=10
2026-07-13 23:51:31,824 DEBUG AlphaScanner.Data download_history_batch(size=10, period=2y, interval=1d, use_cache=False, head=['NAM-INDIA.NS', 'NESTLEIND.NS', 'NETWEB.NS', 'NEULANDLAB.NS', 'NEWGEN.NS'])
2026-07-13 23:51:33,785 DEBUG AlphaScanner.Data download_history_batch result count=10
2026-07-13 23:51:33,785 DEBUG AlphaScanner.Engine Batch download chunk 35/50 requested=10 resolved=10
2026-07-13 23:51:33,795 DEBUG AlphaScanner.Data download_history_batch(size=10, period=2y, interval=1d, use_cache=False, head=['OFSS.NS', 'OIL.NS', 'OLAELEC.NS', 'OLECTRA.NS', 'ONESOURCE.NS'])
2026-07-13 23:51:35,217 DEBUG AlphaScanner.Data download_history_batch result count=10
2026-07-13 23:51:35,217 DEBUG AlphaScanner.Engine Batch download chunk 36/50 requested=10 resolved=10
2026-07-13 23:51:35,225 DEBUG AlphaScanner.Data download_history_batch(size=10, period=2y, interval=1d, use_cache=False, head=['PAGEIND.NS', 'PARADEEP.NS', 'PATANJALI.NS', 'PERSISTENT.NS', 'PETRONET.NS'])
2026-07-13 23:51:37,170 DEBUG AlphaScanner.Data download_history_batch result count=10
2026-07-13 23:51:37,170 DEBUG AlphaScanner.Engine Batch download chunk 37/50 requested=10 resolved=10
2026-07-13 23:51:37,181 DEBUG AlphaScanner.Data download_history_batch(size=10, period=2y, interval=1d, use_cache=False, head=['PFC.NS', 'PIDILITIND.NS', 'PINELABS.NS', 'PIRAMALFIN.NS', 'POLYCAB.NS'])
2026-07-13 23:51:39,052 DEBUG AlphaScanner.Data download_history_batch result count=10
2026-07-13 23:51:39,052 DEBUG AlphaScanner.Engine Batch download chunk 38/50 requested=10 resolved=10
2026-07-13 23:51:39,064 DEBUG AlphaScanner.Data download_history_batch(size=10, period=2y, interval=1d, use_cache=False, head=['PNB.NS', 'PREMIERENE.NS', 'PRESTIGE.NS', 'RADICO.NS', 'RBLBANK.NS'])
2026-07-13 23:51:40,899 DEBUG AlphaScanner.Data download_history_batch result count=10
2026-07-13 23:51:40,899 DEBUG AlphaScanner.Engine Batch download chunk 39/50 requested=10 resolved=10
2026-07-13 23:51:40,908 DEBUG AlphaScanner.Data download_history_batch(size=10, period=2y, interval=1d, use_cache=False, head=['RAILTEL.NS', 'RAINBOW.NS', 'REDINGTON.NS', 'RELIANCE.NS', 'RKFORGE.NS'])
2026-07-13 23:51:42,901 DEBUG AlphaScanner.Data download_history_batch result count=10
2026-07-13 23:51:42,901 DEBUG AlphaScanner.Engine Batch download chunk 40/50 requested=10 resolved=10
2026-07-13 23:51:42,914 DEBUG AlphaScanner.Data download_history_batch(size=10, period=2y, interval=1d, use_cache=False, head=['MOTHERSON.NS', 'SAGILITY.NS', 'SAILIFE.NS', 'SAMMAANCAP.NS', 'SAPPHIRE.NS'])
2026-07-13 23:51:45,090 DEBUG AlphaScanner.Data download_history_batch result count=10
2026-07-13 23:51:45,090 DEBUG AlphaScanner.Engine Batch download chunk 41/50 requested=10 resolved=10
2026-07-13 23:51:45,101 DEBUG AlphaScanner.Data download_history_batch(size=10, period=2y, interval=1d, use_cache=False, head=['ENRIN.NS', 'SCI.NS', 'SHREECEM.NS', 'SHRIRAMFIN.NS', 'SHYAMMETL.NS'])
2026-07-13 23:51:46,967 DEBUG AlphaScanner.Data download_history_batch result count=10
2026-07-13 23:51:46,968 DEBUG AlphaScanner.Engine Batch download chunk 42/50 requested=10 resolved=10
2026-07-13 23:51:46,980 DEBUG AlphaScanner.Data download_history_batch(size=10, period=2y, interval=1d, use_cache=False, head=['SAIL.NS', 'SBIN.NS', 'SONATSOFTW.NS', 'SPLPETRO.NS', 'STARHEALTH.NS'])
2026-07-13 23:51:49,062 DEBUG AlphaScanner.Data download_history_batch result count=10
2026-07-13 23:51:49,062 DEBUG AlphaScanner.Engine Batch download chunk 43/50 requested=10 resolved=10
2026-07-13 23:51:49,070 DEBUG AlphaScanner.Data download_history_batch(size=10, period=2y, interval=1d, use_cache=False, head=['SUZLON.NS', 'SWANCORP.NS', 'SWIGGY.NS', 'SYNGENE.NS', 'SYRMA.NS'])
2026-07-13 23:51:50,828 DEBUG AlphaScanner.Data download_history_batch result count=10
2026-07-13 23:51:50,828 DEBUG AlphaScanner.Engine Batch download chunk 44/50 requested=10 resolved=10
2026-07-13 23:51:50,836 DEBUG AlphaScanner.Data download_history_batch(size=10, period=2y, interval=1d, use_cache=False, head=['TATACONSUM.NS', 'TATAELXSI.NS', 'TATAINVEST.NS', 'TATAPOWER.NS', 'TATASTEEL.NS'])
2026-07-13 23:51:52,614 DEBUG AlphaScanner.Data download_history_batch result count=10
2026-07-13 23:51:52,614 DEBUG AlphaScanner.Engine Batch download chunk 45/50 requested=10 resolved=10
2026-07-13 23:51:52,625 DEBUG AlphaScanner.Data download_history_batch(size=10, period=2y, interval=1d, use_cache=False, head=['NIACL.NS', 'RAMCOCEM.NS', 'TECHM.NS', 'TECHNOE.NS', 'TEGA.NS'])
2026-07-13 23:51:54,457 DEBUG AlphaScanner.Data download_history_batch result count=10
2026-07-13 23:51:54,457 DEBUG AlphaScanner.Engine Batch download chunk 46/50 requested=10 resolved=10
2026-07-13 23:51:54,466 DEBUG AlphaScanner.Data download_history_batch(size=10, period=2y, interval=1d, use_cache=False, head=['TARIL.NS', 'TIINDIA.NS', 'TITAN.NS', 'TORNTPHARM.NS', 'TORNTPOWER.NS'])
2026-07-13 23:51:56,690 DEBUG AlphaScanner.Data download_history_batch result count=10
2026-07-13 23:51:56,691 DEBUG AlphaScanner.Engine Batch download chunk 47/50 requested=10 resolved=10
2026-07-13 23:51:56,700 DEBUG AlphaScanner.Data download_history_batch(size=10, period=2y, interval=1d, use_cache=False, head=['UBL.NS', 'ULTRACEMCO.NS', 'UNIONBANK.NS', 'UNITDSPR.NS', 'UNOMINDA.NS'])
2026-07-13 23:51:59,226 DEBUG AlphaScanner.Data download_history_batch result count=10
2026-07-13 23:51:59,226 DEBUG AlphaScanner.Engine Batch download chunk 48/50 requested=10 resolved=10
2026-07-13 23:51:59,236 DEBUG AlphaScanner.Data download_history_batch(size=10, period=2y, interval=1d, use_cache=False, head=['IDEA.NS', 'VBL.NS', 'VEDL.NS', 'VIJAYA.NS', 'VMM.NS'])
2026-07-13 23:52:01,231 DEBUG AlphaScanner.Data download_history_batch result count=10
2026-07-13 23:52:01,231 DEBUG AlphaScanner.Engine Batch download chunk 49/50 requested=10 resolved=10
2026-07-13 23:52:01,243 DEBUG AlphaScanner.Data download_history_batch(size=10, period=2y, interval=1d, use_cache=False, head=['ECLERX.NS', 'WIPRO.NS', 'WOCKPHARMA.NS', 'YESBANK.NS', 'ZEEL.NS'])
2026-07-13 23:52:03,105 DEBUG AlphaScanner.Data download_history_batch result count=10
2026-07-13 23:52:03,106 DEBUG AlphaScanner.Engine Batch download chunk 50/50 requested=10 resolved=10
2026-07-13 23:52:03,321 DEBUG AlphaScanner.Engine Concatenated legacy data shape=(497, 3000)
2026-07-13 23:52:03,389 DEBUG AlphaScanner.Engine Post-align data shape=(493, 3000) benchmark_rows=493
2026-07-13 23:52:23,491 DEBUG AlphaScanner.Engine Legacy scan completed: hits=12 scanned=486 fail_counts={'trend_fail': 286, 'momentum_fail': 61, 'volume_fail': 83, 'breakout_fail': 100, 'rs_fail': 0, 'adx_fail': 4, 'liquidity_fail': 17, 'error_fail': 14}
2026-07-13 23:52:23,522 DEBUG AlphaScanner.Service perform_fresh_scan completed: rows=12 stats_keys=['adx_fail', 'bank_nifty_change', 'bb_fail', 'breakout_fail', 'dii_net', 'error_fail', 'fakeout_trap', 'fii_net', 'liquidity_fail', 'macd_fail', 'market_bias', 'market_bias_score', 'market_breadth_50', 'market_health', 'momentum_fail', 'nifty_change', 'rs_fail', 'scanned', 'scanner_type', 'sector_sentiment', 'timeframe', 'trend_fail', 'trending_sectors', 'universe', 'universe_size', 'volume_fail']
2026-07-13 23:52:38,901 DEBUG AlphaScanner.UI.Scanner render_tab(scan_type=Breakout, universe=Nifty 500, scan_mode=Entry Scanner, timeframe=1d, use_cache=False, run_scan=False)
2026-07-13 23:52:39,043 DEBUG AlphaScanner.UI.Scanner render_tab(scan_type=Breakout, universe=Nifty 500, scan_mode=Entry Scanner, timeframe=1d, use_cache=False, run_scan=False)
2026-07-13 23:53:12,825 DEBUG AlphaScanner.UI.Scanner render_tab(scan_type=Breakout, universe=Nifty 500, scan_mode=Entry Scanner, timeframe=1d, use_cache=False, run_scan=False)
2026-07-13 23:53:12,924 DEBUG AlphaScanner.UI.Scanner render_tab(scan_type=Breakout, universe=Nifty 500, scan_mode=Entry Scanner, timeframe=1d, use_cache=False, run_scan=False)
2026-07-13 23:53:31,068 DEBUG AlphaScanner.UI.Scanner render_tab(scan_type=Breakout, universe=Nifty 500, scan_mode=Entry Scanner, timeframe=1d, use_cache=False, run_scan=False)
2026-07-13 23:53:31,206 DEBUG AlphaScanner.UI.Scanner render_tab(scan_type=Breakout, universe=Nifty 500, scan_mode=Entry Scanner, timeframe=1d, use_cache=False, run_scan=False)
2026-07-13 23:53:49,924 DEBUG AlphaScanner.UI.Scanner render_tab(scan_type=Breakout, universe=Nifty 500, scan_mode=Entry Scanner, timeframe=1d, use_cache=False, run_scan=False)
2026-07-13 23:53:50,035 DEBUG AlphaScanner.UI.Scanner render_tab(scan_type=Breakout, universe=Nifty 500, scan_mode=Entry Scanner, timeframe=1d, use_cache=False, run_scan=False)
2026-07-13 23:53:50,887 DEBUG AlphaScanner.UI.Scanner render_tab(scan_type=Breakout, universe=Nifty 500, scan_mode=Entry Scanner, timeframe=1d, use_cache=False, run_scan=False)
2026-07-13 23:55:49,571 DEBUG AlphaScanner.UI.Scanner render_tab(scan_type=Breakout, universe=Nifty 500, scan_mode=Entry Scanner, timeframe=1d, use_cache=False, run_scan=False)
