2026-07-05 01:00:49,092 INFO Background metadata worker starting...
2026-07-05 01:00:49,112 INFO Prefetching missing metadata for 518 tickers...
2026-07-05 01:00:49,781 INFO Starting dual-mode scanner with config {'universe': 'Nifty 500', 'min_candles': 300, 'interval': '1d', 'lookback_period': '2y', 'max_candidates': 15, 'min_total_score': 25.0, 'watchlist_min_score': 75.0, 'entry_min_score': 70.0, 'watchlist_trend_weight': 0.2, 'watchlist_base_weight': 0.35, 'watchlist_volume_weight': 0.2, 'watchlist_rs_weight': 0.15, 'watchlist_sector_weight': 0.1, 'entry_trend_weight': 0.2, 'entry_breakout_weight': 0.25, 'entry_volume_weight': 0.2, 'entry_rs_weight': 0.15, 'entry_sector_weight': 0.15, 'entry_risk_weight': 0.1, 'watchlist_price_above_ema200': True, 'watchlist_base_high_pct': 5.0, 'watchlist_base_range_pct': 10.0, 'watchlist_base_days_min': 10, 'watchlist_atr_contraction_pct': -15.0, 'watchlist_bbw_contraction_pct': -20.0, 'watchlist_volume_dryup_pct': -25.0, 'watchlist_rs_min': 60.0, 'watchlist_sector_strength_min': 0.0, 'entry_breakout_volume_ratio': 2.0, 'entry_rs_rank_min': 80.0, 'entry_risk_reward_min': 2.0, 'entry_extension_pct': 10.0, 'entry_atr_expansion_pct': 1.8, 'ema_fast': 20, 'ema_medium': 50, 'ema_slow': 200, 'atr_window': 20, 'contraction_window': 20, 'volume_sma_window': 20, 'volume_contraction_lookback': 20, 'volume_multiplier': 1.6, 'relative_strength_window': 90, 'relative_strength_period_1': 30, 'relative_strength_period_2': 60, 'relative_strength_period_3': 90, 'relative_strength_min_data': 30, 'sector_lookback': 60, 'risk_atr_multiplier': 2.5, 'sector_blacklist': ['Financial Services', 'Utilities'], 'required_columns': ['Open', 'High', 'Low', 'Close', 'Volume']}
2026-07-05 01:00:50,631 ERROR HTTP Error 401: {"finance":{"result":null,"error":{"code":"Unauthorized","description":"Invalid Crumb"}}}
2026-07-05 01:00:52,754 ERROR HTTP Error 401: {"finance":{"result":null,"error":{"code":"Unauthorized","description":"Invalid Crumb"}}}
2026-07-05 01:00:53,281 ERROR HTTP Error 401: {"finance":{"result":null,"error":{"code":"Unauthorized","description":"User is unable to access this feature - https://bit.ly/yahoo-finance-api-feedback"}}}
2026-07-05 01:09:42,533 INFO Background metadata worker starting...
2026-07-05 01:09:42,562 INFO Prefetching missing metadata for 518 tickers...
2026-07-05 01:09:43,466 INFO Starting dual-mode scanner with config {'universe': 'Nifty 500', 'min_candles': 300, 'interval': '1d', 'lookback_period': '2y', 'max_candidates': 15, 'min_total_score': 25.0, 'watchlist_min_score': 75.0, 'entry_min_score': 70.0, 'watchlist_trend_weight': 0.2, 'watchlist_base_weight': 0.35, 'watchlist_volume_weight': 0.2, 'watchlist_rs_weight': 0.15, 'watchlist_sector_weight': 0.1, 'entry_trend_weight': 0.2, 'entry_breakout_weight': 0.25, 'entry_volume_weight': 0.2, 'entry_rs_weight': 0.15, 'entry_sector_weight': 0.15, 'entry_risk_weight': 0.1, 'watchlist_price_above_ema200': True, 'watchlist_base_high_pct': 5.0, 'watchlist_base_range_pct': 10.0, 'watchlist_base_days_min': 10, 'watchlist_atr_contraction_pct': -15.0, 'watchlist_bbw_contraction_pct': -20.0, 'watchlist_volume_dryup_pct': -25.0, 'watchlist_rs_min': 60.0, 'watchlist_sector_strength_min': 0.0, 'entry_breakout_volume_ratio': 2.0, 'entry_rs_rank_min': 80.0, 'entry_risk_reward_min': 2.0, 'entry_extension_pct': 10.0, 'entry_atr_expansion_pct': 1.8, 'ema_fast': 20, 'ema_medium': 50, 'ema_slow': 200, 'atr_window': 20, 'contraction_window': 20, 'volume_sma_window': 20, 'volume_contraction_lookback': 20, 'volume_multiplier': 1.6, 'relative_strength_window': 90, 'relative_strength_period_1': 30, 'relative_strength_period_2': 60, 'relative_strength_period_3': 90, 'relative_strength_min_data': 30, 'sector_lookback': 60, 'risk_atr_multiplier': 2.5, 'sector_blacklist': ['Financial Services', 'Utilities'], 'required_columns': ['Open', 'High', 'Low', 'Close', 'Volume']}
2026-07-05 01:09:45,655 ERROR HTTP Error 401: {"finance":{"result":null,"error":{"code":"Unauthorized","description":"User is unable to access this feature - https://bit.ly/yahoo-finance-api-feedback"}}}
2026-07-05 01:09:45,658 ERROR HTTP Error 401: {"finance":{"result":null,"error":{"code":"Unauthorized","description":"User is unable to access this feature - https://bit.ly/yahoo-finance-api-feedback"}}}
2026-07-05 01:09:45,659 ERROR HTTP Error 401: {"finance":{"result":null,"error":{"code":"Unauthorized","description":"User is unable to access this feature - https://bit.ly/yahoo-finance-api-feedback"}}}
2026-07-05 01:09:45,662 ERROR HTTP Error 401: {"finance":{"result":null,"error":{"code":"Unauthorized","description":"User is unable to access this feature - https://bit.ly/yahoo-finance-api-feedback"}}}
2026-07-05 01:09:45,669 ERROR HTTP Error 401: {"finance":{"result":null,"error":{"code":"Unauthorized","description":"User is unable to access this feature - https://bit.ly/yahoo-finance-api-feedback"}}}
2026-07-05 01:09:45,690 ERROR HTTP Error 401: {"finance":{"result":null,"error":{"code":"Unauthorized","description":"User is unable to access this feature - https://bit.ly/yahoo-finance-api-feedback"}}}
2026-07-05 01:09:46,274 ERROR HTTP Error 401: {"finance":{"result":null,"error":{"code":"Unauthorized","description":"Invalid Crumb"}}}
2026-07-05 01:10:16,401 ERROR HTTP Error 401: {"finance":{"result":null,"error":{"code":"Unauthorized","description":"Invalid Crumb"}}}
2026-07-05 01:10:17,331 ERROR HTTP Error 401: {"finance":{"result":null,"error":{"code":"Unauthorized","description":"User is unable to access this feature - https://bit.ly/yahoo-finance-api-feedback"}}}
2026-07-05 01:10:17,336 ERROR HTTP Error 401: {"finance":{"result":null,"error":{"code":"Unauthorized","description":"User is unable to access this feature - https://bit.ly/yahoo-finance-api-feedback"}}}
2026-07-05 01:10:17,340 ERROR HTTP Error 401: {"finance":{"result":null,"error":{"code":"Unauthorized","description":"User is unable to access this feature - https://bit.ly/yahoo-finance-api-feedback"}}}
2026-07-05 01:10:17,344 ERROR HTTP Error 401: {"finance":{"result":null,"error":{"code":"Unauthorized","description":"User is unable to access this feature - https://bit.ly/yahoo-finance-api-feedback"}}}
2026-07-05 01:10:17,350 ERROR HTTP Error 401: {"finance":{"result":null,"error":{"code":"Unauthorized","description":"User is unable to access this feature - https://bit.ly/yahoo-finance-api-feedback"}}}
2026-07-05 01:10:17,355 ERROR HTTP Error 401: {"finance":{"result":null,"error":{"code":"Unauthorized","description":"User is unable to access this feature - https://bit.ly/yahoo-finance-api-feedback"}}}
2026-07-05 01:10:17,385 ERROR HTTP Error 401: {"finance":{"result":null,"error":{"code":"Unauthorized","description":"User is unable to access this feature - https://bit.ly/yahoo-finance-api-feedback"}}}
2026-07-05 01:13:07,048 INFO Background metadata worker starting...
2026-07-05 01:13:07,103 INFO Prefetching missing metadata for 518 tickers...
2026-07-05 01:13:08,000 INFO Starting dual-mode scanner with config {'universe': 'Nifty 500', 'min_candles': 300, 'interval': '1d', 'lookback_period': '2y', 'max_candidates': 15, 'min_total_score': 25.0, 'watchlist_min_score': 75.0, 'entry_min_score': 70.0, 'watchlist_trend_weight': 0.2, 'watchlist_base_weight': 0.35, 'watchlist_volume_weight': 0.2, 'watchlist_rs_weight': 0.15, 'watchlist_sector_weight': 0.1, 'entry_trend_weight': 0.2, 'entry_breakout_weight': 0.25, 'entry_volume_weight': 0.2, 'entry_rs_weight': 0.15, 'entry_sector_weight': 0.15, 'entry_risk_weight': 0.1, 'watchlist_price_above_ema200': True, 'watchlist_base_high_pct': 5.0, 'watchlist_base_range_pct': 10.0, 'watchlist_base_days_min': 10, 'watchlist_atr_contraction_pct': -15.0, 'watchlist_bbw_contraction_pct': -20.0, 'watchlist_volume_dryup_pct': -25.0, 'watchlist_rs_min': 60.0, 'watchlist_sector_strength_min': 0.0, 'entry_breakout_volume_ratio': 2.0, 'entry_rs_rank_min': 80.0, 'entry_risk_reward_min': 2.0, 'entry_extension_pct': 10.0, 'entry_atr_expansion_pct': 1.8, 'ema_fast': 20, 'ema_medium': 50, 'ema_slow': 200, 'atr_window': 20, 'contraction_window': 20, 'volume_sma_window': 20, 'volume_contraction_lookback': 20, 'volume_multiplier': 1.6, 'relative_strength_window': 90, 'relative_strength_period_1': 30, 'relative_strength_period_2': 60, 'relative_strength_period_3': 90, 'relative_strength_min_data': 30, 'sector_lookback': 60, 'risk_atr_multiplier': 2.5, 'sector_blacklist': ['Financial Services', 'Utilities'], 'required_columns': ['Open', 'High', 'Low', 'Close', 'Volume']}
2026-07-05 01:13:10,948 ERROR HTTP Error 401: {"finance":{"result":null,"error":{"code":"Unauthorized","description":"User is unable to access this feature - https://bit.ly/yahoo-finance-api-feedback"}}}
2026-07-05 01:13:43,229 ERROR HTTP Error 401: {"finance":{"result":null,"error":{"code":"Unauthorized","description":"User is unable to access this feature - https://bit.ly/yahoo-finance-api-feedback"}}}
2026-07-05 01:13:45,173 INFO Saved 3 rows to data/watchlist.csv
2026-07-05 01:13:45,178 INFO Saved 30 rows to data/entry.csv
2026-07-05 01:13:45,180 INFO Watchlist candidates: 3 | Entry candidates: 30
2026-07-05 01:18:26,040 INFO Background metadata worker starting...
2026-07-05 01:18:26,063 INFO Prefetching missing metadata for 518 tickers...
2026-07-05 01:18:27,221 INFO Starting dual-mode scanner with config {'universe': 'Nifty 500', 'min_candles': 300, 'interval': '1d', 'lookback_period': '2y', 'max_candidates': 15, 'min_total_score': 25.0, 'watchlist_min_score': 75.0, 'entry_min_score': 70.0, 'watchlist_trend_weight': 0.2, 'watchlist_base_weight': 0.35, 'watchlist_volume_weight': 0.2, 'watchlist_rs_weight': 0.15, 'watchlist_sector_weight': 0.1, 'entry_trend_weight': 0.2, 'entry_breakout_weight': 0.25, 'entry_volume_weight': 0.2, 'entry_rs_weight': 0.15, 'entry_sector_weight': 0.15, 'entry_risk_weight': 0.1, 'watchlist_price_above_ema200': True, 'watchlist_base_high_pct': 5.0, 'watchlist_base_range_pct': 10.0, 'watchlist_base_days_min': 10, 'watchlist_atr_contraction_pct': -15.0, 'watchlist_bbw_contraction_pct': -20.0, 'watchlist_volume_dryup_pct': -25.0, 'watchlist_rs_min': 60.0, 'watchlist_sector_strength_min': 0.0, 'entry_breakout_volume_ratio': 2.0, 'entry_rs_rank_min': 80.0, 'entry_risk_reward_min': 2.0, 'entry_extension_pct': 10.0, 'entry_atr_expansion_pct': 1.8, 'ema_fast': 20, 'ema_medium': 50, 'ema_slow': 200, 'atr_window': 20, 'contraction_window': 20, 'volume_sma_window': 20, 'volume_contraction_lookback': 20, 'volume_multiplier': 1.6, 'relative_strength_window': 90, 'relative_strength_period_1': 30, 'relative_strength_period_2': 60, 'relative_strength_period_3': 90, 'relative_strength_min_data': 30, 'sector_lookback': 60, 'risk_atr_multiplier': 2.5, 'sector_blacklist': ['Financial Services', 'Utilities'], 'required_columns': ['Open', 'High', 'Low', 'Close', 'Volume']}
2026-07-05 01:18:28,959 ERROR HTTP Error 401: {"finance":{"result":null,"error":{"code":"Unauthorized","description":"User is unable to access this feature - https://bit.ly/yahoo-finance-api-feedback"}}}
2026-07-05 01:18:28,965 ERROR HTTP Error 401: {"finance":{"result":null,"error":{"code":"Unauthorized","description":"User is unable to access this feature - https://bit.ly/yahoo-finance-api-feedback"}}}
2026-07-05 01:18:29,097 ERROR HTTP Error 401: {"finance":{"result":null,"error":{"code":"Unauthorized","description":"Invalid Crumb"}}}
2026-07-05 01:22:07,652 INFO Background metadata worker starting...
2026-07-05 01:22:07,707 INFO Prefetching missing metadata for 518 tickers...
2026-07-05 01:22:08,269 INFO Starting dual-mode scanner with config {'universe': 'Nifty 500', 'min_candles': 300, 'interval': '1d', 'lookback_period': '2y', 'max_candidates': 15, 'min_total_score': 25.0, 'watchlist_min_score': 75.0, 'entry_min_score': 70.0, 'watchlist_trend_weight': 0.2, 'watchlist_base_weight': 0.35, 'watchlist_volume_weight': 0.2, 'watchlist_rs_weight': 0.15, 'watchlist_sector_weight': 0.1, 'entry_trend_weight': 0.2, 'entry_breakout_weight': 0.25, 'entry_volume_weight': 0.2, 'entry_rs_weight': 0.15, 'entry_sector_weight': 0.15, 'entry_risk_weight': 0.1, 'watchlist_price_above_ema200': True, 'watchlist_base_high_pct': 5.0, 'watchlist_base_range_pct': 10.0, 'watchlist_base_days_min': 10, 'watchlist_atr_contraction_pct': -15.0, 'watchlist_bbw_contraction_pct': -20.0, 'watchlist_volume_dryup_pct': -25.0, 'watchlist_rs_min': 60.0, 'watchlist_sector_strength_min': 0.0, 'entry_breakout_volume_ratio': 2.0, 'entry_rs_rank_min': 80.0, 'entry_risk_reward_min': 2.0, 'entry_extension_pct': 10.0, 'entry_atr_expansion_pct': 1.8, 'ema_fast': 20, 'ema_medium': 50, 'ema_slow': 200, 'atr_window': 20, 'contraction_window': 20, 'volume_sma_window': 20, 'volume_contraction_lookback': 20, 'volume_multiplier': 1.6, 'relative_strength_window': 90, 'relative_strength_period_1': 30, 'relative_strength_period_2': 60, 'relative_strength_period_3': 90, 'relative_strength_min_data': 30, 'sector_lookback': 60, 'risk_atr_multiplier': 2.5, 'sector_blacklist': ['Financial Services', 'Utilities'], 'required_columns': ['Open', 'High', 'Low', 'Close', 'Volume']}
2026-07-05 01:22:09,058 ERROR HTTP Error 401: {"finance":{"result":null,"error":{"code":"Unauthorized","description":"Invalid Crumb"}}}
2026-07-05 01:22:11,431 ERROR HTTP Error 401: {"finance":{"result":null,"error":{"code":"Unauthorized","description":"Invalid Crumb"}}}
2026-07-05 01:22:11,984 ERROR HTTP Error 401: {"finance":{"result":null,"error":{"code":"Unauthorized","description":"User is unable to access this feature - https://bit.ly/yahoo-finance-api-feedback"}}}
2026-07-05 01:23:48,057 INFO Background metadata worker starting...
2026-07-05 01:23:48,122 INFO Prefetching missing metadata for 518 tickers...
2026-07-05 01:23:48,764 INFO Starting dual-mode scanner with config {'universe': 'Nifty 500', 'min_candles': 300, 'interval': '1d', 'lookback_period': '2y', 'max_candidates': 15, 'min_total_score': 25.0, 'watchlist_min_score': 75.0, 'entry_min_score': 70.0, 'watchlist_trend_weight': 0.2, 'watchlist_base_weight': 0.35, 'watchlist_volume_weight': 0.2, 'watchlist_rs_weight': 0.15, 'watchlist_sector_weight': 0.1, 'entry_trend_weight': 0.2, 'entry_breakout_weight': 0.25, 'entry_volume_weight': 0.2, 'entry_rs_weight': 0.15, 'entry_sector_weight': 0.15, 'entry_risk_weight': 0.1, 'watchlist_price_above_ema200': True, 'watchlist_base_high_pct': 5.0, 'watchlist_base_range_pct': 10.0, 'watchlist_base_days_min': 10, 'watchlist_atr_contraction_pct': -15.0, 'watchlist_bbw_contraction_pct': -20.0, 'watchlist_volume_dryup_pct': -25.0, 'watchlist_rs_min': 60.0, 'watchlist_sector_strength_min': 0.0, 'entry_breakout_volume_ratio': 2.0, 'entry_rs_rank_min': 80.0, 'entry_risk_reward_min': 2.0, 'entry_extension_pct': 10.0, 'entry_atr_expansion_pct': 1.8, 'ema_fast': 20, 'ema_medium': 50, 'ema_slow': 200, 'atr_window': 20, 'contraction_window': 20, 'volume_sma_window': 20, 'volume_contraction_lookback': 20, 'volume_multiplier': 1.6, 'relative_strength_window': 90, 'relative_strength_period_1': 30, 'relative_strength_period_2': 60, 'relative_strength_period_3': 90, 'relative_strength_min_data': 30, 'sector_lookback': 60, 'risk_atr_multiplier': 2.5, 'sector_blacklist': ['Financial Services', 'Utilities'], 'required_columns': ['Open', 'High', 'Low', 'Close', 'Volume']}
2026-07-05 01:23:49,585 ERROR HTTP Error 401: {"finance":{"result":null,"error":{"code":"Unauthorized","description":"User is unable to access this feature - https://bit.ly/yahoo-finance-api-feedback"}}}
2026-07-05 01:23:52,091 ERROR HTTP Error 401: {"finance":{"result":null,"error":{"code":"Unauthorized","description":"User is unable to access this feature - https://bit.ly/yahoo-finance-api-feedback"}}}
2026-07-05 01:24:21,154 INFO Saved 3 rows to data/watchlist.csv
2026-07-05 01:24:21,162 INFO Saved 30 rows to data/entry.csv
2026-07-05 01:24:21,165 INFO Watchlist candidates: 3 | Entry candidates: 30
2026-07-05 01:24:22,023 ERROR HTTP Error 401: {"finance":{"result":null,"error":{"code":"Unauthorized","description":"Invalid Crumb"}}}
2026-07-05 01:24:23,774 ERROR HTTP Error 401: {"finance":{"result":null,"error":{"code":"Unauthorized","description":"User is unable to access this feature - https://bit.ly/yahoo-finance-api-feedback"}}}
2026-07-05 01:24:23,778 ERROR HTTP Error 401: {"finance":{"result":null,"error":{"code":"Unauthorized","description":"User is unable to access this feature - https://bit.ly/yahoo-finance-api-feedback"}}}
2026-07-05 01:24:23,782 ERROR HTTP Error 401: {"finance":{"result":null,"error":{"code":"Unauthorized","description":"User is unable to access this feature - https://bit.ly/yahoo-finance-api-feedback"}}}
2026-07-05 01:24:23,788 ERROR HTTP Error 401: {"finance":{"result":null,"error":{"code":"Unauthorized","description":"Invalid Crumb"}}}
2026-07-05 01:24:23,825 ERROR HTTP Error 401: {"finance":{"result":null,"error":{"code":"Unauthorized","description":"User is unable to access this feature - https://bit.ly/yahoo-finance-api-feedback"}}}
2026-07-05 01:28:53,625 INFO Background metadata worker starting...
2026-07-05 01:28:53,676 INFO Prefetching missing metadata for 518 tickers...
2026-07-05 01:28:54,300 INFO Starting dual-mode scanner with config {'universe': 'Nifty 500', 'min_candles': 300, 'interval': '1d', 'lookback_period': '2y', 'max_candidates': 15, 'min_total_score': 25.0, 'watchlist_min_score': 75.0, 'entry_min_score': 70.0, 'watchlist_trend_weight': 0.2, 'watchlist_base_weight': 0.35, 'watchlist_volume_weight': 0.2, 'watchlist_rs_weight': 0.15, 'watchlist_sector_weight': 0.1, 'entry_trend_weight': 0.2, 'entry_breakout_weight': 0.25, 'entry_volume_weight': 0.2, 'entry_rs_weight': 0.15, 'entry_sector_weight': 0.15, 'entry_risk_weight': 0.1, 'watchlist_price_above_ema200': True, 'watchlist_base_high_pct': 5.0, 'watchlist_base_range_pct': 10.0, 'watchlist_base_days_min': 10, 'watchlist_atr_contraction_pct': -15.0, 'watchlist_bbw_contraction_pct': -20.0, 'watchlist_volume_dryup_pct': -25.0, 'watchlist_rs_min': 60.0, 'watchlist_sector_strength_min': 0.0, 'entry_breakout_volume_ratio': 2.0, 'entry_rs_rank_min': 80.0, 'entry_risk_reward_min': 2.0, 'entry_extension_pct': 10.0, 'entry_atr_expansion_pct': 1.8, 'ema_fast': 20, 'ema_medium': 50, 'ema_slow': 200, 'atr_window': 20, 'contraction_window': 20, 'volume_sma_window': 20, 'volume_contraction_lookback': 20, 'volume_multiplier': 1.6, 'relative_strength_window': 90, 'relative_strength_period_1': 30, 'relative_strength_period_2': 60, 'relative_strength_period_3': 90, 'relative_strength_min_data': 30, 'sector_lookback': 60, 'risk_atr_multiplier': 2.5, 'sector_blacklist': ['Financial Services', 'Utilities'], 'required_columns': ['Open', 'High', 'Low', 'Close', 'Volume']}
2026-07-05 01:28:55,019 ERROR HTTP Error 401: {"finance":{"result":null,"error":{"code":"Unauthorized","description":"Invalid Crumb"}}}
2026-07-05 01:28:56,747 ERROR HTTP Error 401: {"finance":{"result":null,"error":{"code":"Unauthorized","description":"User is unable to access this feature - https://bit.ly/yahoo-finance-api-feedback"}}}
2026-07-05 01:28:56,748 ERROR HTTP Error 401: {"finance":{"result":null,"error":{"code":"Unauthorized","description":"User is unable to access this feature - https://bit.ly/yahoo-finance-api-feedback"}}}
2026-07-05 01:28:56,750 ERROR HTTP Error 401: {"finance":{"result":null,"error":{"code":"Unauthorized","description":"User is unable to access this feature - https://bit.ly/yahoo-finance-api-feedback"}}}
2026-07-05 01:28:56,751 ERROR HTTP Error 401: {"finance":{"result":null,"error":{"code":"Unauthorized","description":"User is unable to access this feature - https://bit.ly/yahoo-finance-api-feedback"}}}
2026-07-05 01:28:56,753 ERROR HTTP Error 401: {"finance":{"result":null,"error":{"code":"Unauthorized","description":"User is unable to access this feature - https://bit.ly/yahoo-finance-api-feedback"}}}
2026-07-05 01:28:56,753 ERROR HTTP Error 401: {"finance":{"result":null,"error":{"code":"Unauthorized","description":"User is unable to access this feature - https://bit.ly/yahoo-finance-api-feedback"}}}
2026-07-05 01:28:56,754 ERROR HTTP Error 401: {"finance":{"result":null,"error":{"code":"Unauthorized","description":"User is unable to access this feature - https://bit.ly/yahoo-finance-api-feedback"}}}
2026-07-05 01:28:56,756 ERROR HTTP Error 401: {"finance":{"result":null,"error":{"code":"Unauthorized","description":"User is unable to access this feature - https://bit.ly/yahoo-finance-api-feedback"}}}
2026-07-05 01:28:56,776 ERROR HTTP Error 401: {"finance":{"result":null,"error":{"code":"Unauthorized","description":"User is unable to access this feature - https://bit.ly/yahoo-finance-api-feedback"}}}
2026-07-05 01:28:57,672 ERROR HTTP Error 401: {"finance":{"result":null,"error":{"code":"Unauthorized","description":"Invalid Crumb"}}}
2026-07-05 01:28:58,176 ERROR HTTP Error 401: {"finance":{"result":null,"error":{"code":"Unauthorized","description":"User is unable to access this feature - https://bit.ly/yahoo-finance-api-feedback"}}}
2026-07-05 01:29:24,256 INFO Saved 3 rows to data/watchlist.csv
2026-07-05 01:29:24,260 INFO Saved 30 rows to data/entry.csv
2026-07-05 01:29:24,263 INFO Watchlist candidates: 3 | Entry candidates: 30
2026-07-05 01:38:53,502 INFO Background metadata worker starting...
2026-07-05 01:38:53,522 INFO Prefetching missing metadata for 518 tickers...
2026-07-05 01:38:54,235 INFO Starting dual-mode scanner with config {'universe': 'Nifty 500', 'min_candles': 300, 'interval': '1d', 'lookback_period': '2y', 'max_candidates': 15, 'min_total_score': 25.0, 'watchlist_min_score': 60.0, 'entry_min_score': 70.0, 'watchlist_trend_weight': 0.2, 'watchlist_base_weight': 0.35, 'watchlist_volume_weight': 0.2, 'watchlist_rs_weight': 0.15, 'watchlist_sector_weight': 0.1, 'entry_trend_weight': 0.2, 'entry_breakout_weight': 0.25, 'entry_volume_weight': 0.2, 'entry_rs_weight': 0.15, 'entry_sector_weight': 0.15, 'entry_risk_weight': 0.1, 'watchlist_price_above_ema200': True, 'watchlist_base_high_pct': 5.0, 'watchlist_base_range_pct': 10.0, 'watchlist_base_days_min': 10, 'watchlist_atr_contraction_pct': -15.0, 'watchlist_bbw_contraction_pct': -20.0, 'watchlist_volume_dryup_pct': -25.0, 'watchlist_rs_min': 60.0, 'watchlist_sector_strength_min': 0.0, 'entry_breakout_volume_ratio': 2.0, 'entry_rs_rank_min': 80.0, 'entry_risk_reward_min': 2.0, 'entry_extension_pct': 10.0, 'entry_atr_expansion_pct': 1.8, 'ema_fast': 20, 'ema_medium': 50, 'ema_slow': 200, 'atr_window': 20, 'contraction_window': 20, 'volume_sma_window': 20, 'volume_contraction_lookback': 20, 'volume_multiplier': 1.6, 'relative_strength_window': 90, 'relative_strength_period_1': 30, 'relative_strength_period_2': 60, 'relative_strength_period_3': 90, 'relative_strength_min_data': 30, 'sector_lookback': 60, 'risk_atr_multiplier': 2.5, 'sector_blacklist': ['Financial Services', 'Utilities'], 'required_columns': ['Open', 'High', 'Low', 'Close', 'Volume']}
2026-07-05 01:38:57,334 ERROR HTTP Error 401: {"finance":{"result":null,"error":{"code":"Unauthorized","description":"Invalid Crumb"}}}
2026-07-05 01:38:57,930 ERROR HTTP Error 401: {"finance":{"result":null,"error":{"code":"Unauthorized","description":"User is unable to access this feature - https://bit.ly/yahoo-finance-api-feedback"}}}
2026-07-05 01:39:26,665 ERROR HTTP Error 401: {"finance":{"result":null,"error":{"code":"Unauthorized","description":"Invalid Crumb"}}}
2026-07-05 01:39:26,675 ERROR HTTP Error 401: {"finance":{"result":null,"error":{"code":"Unauthorized","description":"Invalid Crumb"}}}
2026-07-05 01:39:28,234 ERROR HTTP Error 401: {"finance":{"result":null,"error":{"code":"Unauthorized","description":"Invalid Crumb"}}}
2026-07-05 01:39:28,637 ERROR HTTP Error 401: {"finance":{"result":null,"error":{"code":"Unauthorized","description":"User is unable to access this feature - https://bit.ly/yahoo-finance-api-feedback"}}}
2026-07-05 01:39:28,642 ERROR HTTP Error 401: {"finance":{"result":null,"error":{"code":"Unauthorized","description":"User is unable to access this feature - https://bit.ly/yahoo-finance-api-feedback"}}}
2026-07-05 01:39:28,653 ERROR HTTP Error 401: {"finance":{"result":null,"error":{"code":"Unauthorized","description":"User is unable to access this feature - https://bit.ly/yahoo-finance-api-feedback"}}}
2026-07-05 01:39:28,655 ERROR HTTP Error 401: {"finance":{"result":null,"error":{"code":"Unauthorized","description":"User is unable to access this feature - https://bit.ly/yahoo-finance-api-feedback"}}}
2026-07-05 01:39:28,657 ERROR HTTP Error 401: {"finance":{"result":null,"error":{"code":"Unauthorized","description":"User is unable to access this feature - https://bit.ly/yahoo-finance-api-feedback"}}}
2026-07-05 01:39:28,662 ERROR HTTP Error 401: {"finance":{"result":null,"error":{"code":"Unauthorized","description":"User is unable to access this feature - https://bit.ly/yahoo-finance-api-feedback"}}}
2026-07-05 01:39:28,663 ERROR HTTP Error 401: {"finance":{"result":null,"error":{"code":"Unauthorized","description":"User is unable to access this feature - https://bit.ly/yahoo-finance-api-feedback"}}}
2026-07-05 01:39:28,666 ERROR HTTP Error 401: {"finance":{"result":null,"error":{"code":"Unauthorized","description":"User is unable to access this feature - https://bit.ly/yahoo-finance-api-feedback"}}}
2026-07-05 01:39:28,667 ERROR HTTP Error 401: {"finance":{"result":null,"error":{"code":"Unauthorized","description":"User is unable to access this feature - https://bit.ly/yahoo-finance-api-feedback"}}}
2026-07-05 01:39:28,671 ERROR HTTP Error 401: {"finance":{"result":null,"error":{"code":"Unauthorized","description":"User is unable to access this feature - https://bit.ly/yahoo-finance-api-feedback"}}}
2026-07-05 01:39:28,671 ERROR HTTP Error 401: {"finance":{"result":null,"error":{"code":"Unauthorized","description":"User is unable to access this feature - https://bit.ly/yahoo-finance-api-feedback"}}}
2026-07-05 01:39:28,799 ERROR HTTP Error 401: {"finance":{"result":null,"error":{"code":"Unauthorized","description":"User is unable to access this feature - https://bit.ly/yahoo-finance-api-feedback"}}}
2026-07-05 01:39:28,985 INFO Saved 46 rows to data/watchlist.csv
2026-07-05 01:39:28,990 INFO Saved 30 rows to data/entry.csv
2026-07-05 01:39:28,995 INFO Watchlist candidates: 46 | Entry candidates: 30
2026-07-05 01:39:29,211 ERROR HTTP Error 401: {"finance":{"result":null,"error":{"code":"Unauthorized","description":"Invalid Crumb"}}}
2026-07-05 01:39:29,904 ERROR HTTP Error 401: {"finance":{"result":null,"error":{"code":"Unauthorized","description":"User is unable to access this feature - https://bit.ly/yahoo-finance-api-feedback"}}}
2026-07-05 01:40:24,882 INFO Starting dual-mode scanner with config {'universe': 'Nifty 500', 'min_candles': 300, 'interval': '1d', 'lookback_period': '2y', 'max_candidates': 15, 'min_total_score': 25.0, 'watchlist_min_score': 60.0, 'entry_min_score': 70.0, 'watchlist_trend_weight': 0.2, 'watchlist_base_weight': 0.35, 'watchlist_volume_weight': 0.2, 'watchlist_rs_weight': 0.15, 'watchlist_sector_weight': 0.1, 'entry_trend_weight': 0.2, 'entry_breakout_weight': 0.25, 'entry_volume_weight': 0.2, 'entry_rs_weight': 0.15, 'entry_sector_weight': 0.15, 'entry_risk_weight': 0.1, 'watchlist_price_above_ema200': True, 'watchlist_base_high_pct': 5.0, 'watchlist_base_range_pct': 10.0, 'watchlist_base_days_min': 10, 'watchlist_atr_contraction_pct': -15.0, 'watchlist_bbw_contraction_pct': -20.0, 'watchlist_volume_dryup_pct': -25.0, 'watchlist_rs_min': 60.0, 'watchlist_sector_strength_min': 0.0, 'entry_breakout_volume_ratio': 2.0, 'entry_rs_rank_min': 80.0, 'entry_risk_reward_min': 2.0, 'entry_extension_pct': 10.0, 'entry_atr_expansion_pct': 1.8, 'ema_fast': 20, 'ema_medium': 50, 'ema_slow': 200, 'atr_window': 20, 'contraction_window': 20, 'volume_sma_window': 20, 'volume_contraction_lookback': 20, 'volume_multiplier': 1.6, 'relative_strength_window': 90, 'relative_strength_period_1': 30, 'relative_strength_period_2': 60, 'relative_strength_period_3': 90, 'relative_strength_min_data': 30, 'sector_lookback': 60, 'risk_atr_multiplier': 2.5, 'sector_blacklist': ['Financial Services', 'Utilities'], 'required_columns': ['Open', 'High', 'Low', 'Close', 'Volume']}
2026-07-05 01:40:30,112 ERROR HTTP Error 401: {"finance":{"result":null,"error":{"code":"Unauthorized","description":"User is unable to access this feature - https://bit.ly/yahoo-finance-api-feedback"}}}
2026-07-05 01:40:30,116 ERROR HTTP Error 401: {"finance":{"result":null,"error":{"code":"Unauthorized","description":"User is unable to access this feature - https://bit.ly/yahoo-finance-api-feedback"}}}
2026-07-05 01:40:31,566 ERROR HTTP Error 401: {"finance":{"result":null,"error":{"code":"Unauthorized","description":"Invalid Crumb"}}}
2026-07-05 01:40:31,571 ERROR HTTP Error 401: {"finance":{"result":null,"error":{"code":"Unauthorized","description":"Invalid Crumb"}}}
2026-07-05 01:40:31,636 ERROR HTTP Error 401: {"finance":{"result":null,"error":{"code":"Unauthorized","description":"Invalid Crumb"}}}
2026-07-05 01:40:33,289 ERROR HTTP Error 401: {"finance":{"result":null,"error":{"code":"Unauthorized","description":"User is unable to access this feature - https://bit.ly/yahoo-finance-api-feedback"}}}
2026-07-05 01:40:33,294 ERROR HTTP Error 401: {"finance":{"result":null,"error":{"code":"Unauthorized","description":"Invalid Crumb"}}}
2026-07-05 01:40:59,083 INFO Saved 46 rows to data/watchlist.csv
2026-07-05 01:40:59,086 INFO Saved 30 rows to data/entry.csv
2026-07-05 01:40:59,093 INFO Watchlist candidates: 46 | Entry candidates: 30
2026-07-05 01:41:15,895 INFO Starting dual-mode scanner with config {'universe': 'Nifty 500', 'min_candles': 300, 'interval': '1d', 'lookback_period': '2y', 'max_candidates': 15, 'min_total_score': 25.0, 'watchlist_min_score': 60.0, 'entry_min_score': 70.0, 'watchlist_trend_weight': 0.2, 'watchlist_base_weight': 0.35, 'watchlist_volume_weight': 0.2, 'watchlist_rs_weight': 0.15, 'watchlist_sector_weight': 0.1, 'entry_trend_weight': 0.2, 'entry_breakout_weight': 0.25, 'entry_volume_weight': 0.2, 'entry_rs_weight': 0.15, 'entry_sector_weight': 0.15, 'entry_risk_weight': 0.1, 'watchlist_price_above_ema200': True, 'watchlist_base_high_pct': 5.0, 'watchlist_base_range_pct': 10.0, 'watchlist_base_days_min': 10, 'watchlist_atr_contraction_pct': -15.0, 'watchlist_bbw_contraction_pct': -20.0, 'watchlist_volume_dryup_pct': -25.0, 'watchlist_rs_min': 60.0, 'watchlist_sector_strength_min': 0.0, 'entry_breakout_volume_ratio': 2.0, 'entry_rs_rank_min': 80.0, 'entry_risk_reward_min': 2.0, 'entry_extension_pct': 10.0, 'entry_atr_expansion_pct': 1.8, 'ema_fast': 20, 'ema_medium': 50, 'ema_slow': 200, 'atr_window': 20, 'contraction_window': 20, 'volume_sma_window': 20, 'volume_contraction_lookback': 20, 'volume_multiplier': 1.6, 'relative_strength_window': 90, 'relative_strength_period_1': 30, 'relative_strength_period_2': 60, 'relative_strength_period_3': 90, 'relative_strength_min_data': 30, 'sector_lookback': 60, 'risk_atr_multiplier': 2.5, 'sector_blacklist': ['Financial Services', 'Utilities'], 'required_columns': ['Open', 'High', 'Low', 'Close', 'Volume']}
2026-07-05 01:41:35,822 ERROR HTTP Error 401: {"finance":{"result":null,"error":{"code":"Unauthorized","description":"Invalid Crumb"}}}
2026-07-05 01:41:35,908 ERROR HTTP Error 401: {"finance":{"result":null,"error":{"code":"Unauthorized","description":"Invalid Crumb"}}}
2026-07-05 01:41:37,177 ERROR HTTP Error 401: {"finance":{"result":null,"error":{"code":"Unauthorized","description":"User is unable to access this feature - https://bit.ly/yahoo-finance-api-feedback"}}}
2026-07-05 01:41:37,185 ERROR HTTP Error 401: {"finance":{"result":null,"error":{"code":"Unauthorized","description":"User is unable to access this feature - https://bit.ly/yahoo-finance-api-feedback"}}}
2026-07-05 01:41:37,191 ERROR HTTP Error 401: {"finance":{"result":null,"error":{"code":"Unauthorized","description":"User is unable to access this feature - https://bit.ly/yahoo-finance-api-feedback"}}}
2026-07-05 01:41:37,194 ERROR HTTP Error 401: {"finance":{"result":null,"error":{"code":"Unauthorized","description":"User is unable to access this feature - https://bit.ly/yahoo-finance-api-feedback"}}}
2026-07-05 01:41:37,224 ERROR HTTP Error 401: {"finance":{"result":null,"error":{"code":"Unauthorized","description":"User is unable to access this feature - https://bit.ly/yahoo-finance-api-feedback"}}}
2026-07-05 01:41:50,365 INFO Saved 46 rows to data/watchlist.csv
2026-07-05 01:41:50,369 INFO Saved 30 rows to data/entry.csv
2026-07-05 01:41:50,376 INFO Watchlist candidates: 46 | Entry candidates: 30
2026-07-05 01:45:54,473 INFO Background metadata worker starting...
2026-07-05 01:45:54,531 INFO Prefetching missing metadata for 518 tickers...
2026-07-05 01:45:55,592 INFO Starting dual-mode scanner with config {'universe': 'Nifty 500', 'min_candles': 300, 'interval': '1d', 'lookback_period': '2y', 'max_candidates': 15, 'min_total_score': 25.0, 'watchlist_min_score': 60.0, 'entry_min_score': 70.0, 'watchlist_trend_weight': 0.2, 'watchlist_base_weight': 0.35, 'watchlist_volume_weight': 0.2, 'watchlist_rs_weight': 0.15, 'watchlist_sector_weight': 0.1, 'entry_trend_weight': 0.2, 'entry_breakout_weight': 0.25, 'entry_volume_weight': 0.2, 'entry_rs_weight': 0.15, 'entry_sector_weight': 0.15, 'entry_risk_weight': 0.1, 'watchlist_price_above_ema200': True, 'watchlist_base_high_pct': 5.0, 'watchlist_base_range_pct': 10.0, 'watchlist_base_days_min': 10, 'watchlist_atr_contraction_pct': -15.0, 'watchlist_bbw_contraction_pct': -20.0, 'watchlist_volume_dryup_pct': -25.0, 'watchlist_rs_min': 60.0, 'watchlist_sector_strength_min': 0.0, 'entry_breakout_volume_ratio': 2.0, 'entry_rs_rank_min': 80.0, 'entry_risk_reward_min': 2.0, 'entry_extension_pct': 10.0, 'entry_atr_expansion_pct': 1.8, 'ema_fast': 20, 'ema_medium': 50, 'ema_slow': 200, 'atr_window': 20, 'contraction_window': 20, 'volume_sma_window': 20, 'volume_contraction_lookback': 20, 'volume_multiplier': 1.6, 'relative_strength_window': 90, 'relative_strength_period_1': 30, 'relative_strength_period_2': 60, 'relative_strength_period_3': 90, 'relative_strength_min_data': 30, 'sector_lookback': 60, 'risk_atr_multiplier': 2.5, 'sector_blacklist': ['Financial Services', 'Utilities'], 'required_columns': ['Open', 'High', 'Low', 'Close', 'Volume']}
2026-07-05 01:45:57,329 ERROR HTTP Error 401: {"finance":{"result":null,"error":{"code":"Unauthorized","description":"User is unable to access this feature - https://bit.ly/yahoo-finance-api-feedback"}}}
2026-07-05 01:45:57,330 ERROR HTTP Error 401: {"finance":{"result":null,"error":{"code":"Unauthorized","description":"User is unable to access this feature - https://bit.ly/yahoo-finance-api-feedback"}}}
2026-07-05 01:45:57,340 ERROR HTTP Error 401: {"finance":{"result":null,"error":{"code":"Unauthorized","description":"User is unable to access this feature - https://bit.ly/yahoo-finance-api-feedback"}}}
2026-07-05 01:45:57,344 ERROR HTTP Error 401: {"finance":{"result":null,"error":{"code":"Unauthorized","description":"User is unable to access this feature - https://bit.ly/yahoo-finance-api-feedback"}}}
2026-07-05 01:45:57,351 ERROR HTTP Error 401: {"finance":{"result":null,"error":{"code":"Unauthorized","description":"User is unable to access this feature - https://bit.ly/yahoo-finance-api-feedback"}}}
2026-07-05 01:45:57,354 ERROR HTTP Error 401: {"finance":{"result":null,"error":{"code":"Unauthorized","description":"User is unable to access this feature - https://bit.ly/yahoo-finance-api-feedback"}}}
2026-07-05 01:45:57,355 ERROR HTTP Error 401: {"finance":{"result":null,"error":{"code":"Unauthorized","description":"User is unable to access this feature - https://bit.ly/yahoo-finance-api-feedback"}}}
2026-07-05 01:45:57,357 ERROR HTTP Error 401: {"finance":{"result":null,"error":{"code":"Unauthorized","description":"User is unable to access this feature - https://bit.ly/yahoo-finance-api-feedback"}}}
2026-07-05 01:45:57,362 ERROR HTTP Error 401: {"finance":{"result":null,"error":{"code":"Unauthorized","description":"User is unable to access this feature - https://bit.ly/yahoo-finance-api-feedback"}}}
2026-07-05 01:45:57,362 ERROR HTTP Error 401: {"finance":{"result":null,"error":{"code":"Unauthorized","description":"User is unable to access this feature - https://bit.ly/yahoo-finance-api-feedback"}}}
2026-07-05 01:45:57,363 ERROR HTTP Error 401: {"finance":{"result":null,"error":{"code":"Unauthorized","description":"User is unable to access this feature - https://bit.ly/yahoo-finance-api-feedback"}}}
2026-07-05 01:45:57,476 ERROR HTTP Error 401: {"finance":{"result":null,"error":{"code":"Unauthorized","description":"User is unable to access this feature - https://bit.ly/yahoo-finance-api-feedback"}}}
2026-07-05 01:45:57,863 ERROR HTTP Error 401: {"finance":{"result":null,"error":{"code":"Unauthorized","description":"User is unable to access this feature - https://bit.ly/yahoo-finance-api-feedback"}}}
2026-07-05 01:46:27,729 ERROR HTTP Error 401: {"finance":{"result":null,"error":{"code":"Unauthorized","description":"Invalid Crumb"}}}
2026-07-05 01:46:27,749 ERROR HTTP Error 401: {"finance":{"result":null,"error":{"code":"Unauthorized","description":"Invalid Crumb"}}}
2026-07-05 01:46:29,204 ERROR HTTP Error 401: {"finance":{"result":null,"error":{"code":"Unauthorized","description":"Invalid Crumb"}}}
2026-07-05 01:46:29,231 ERROR HTTP Error 401: {"finance":{"result":null,"error":{"code":"Unauthorized","description":"Invalid Crumb"}}}
2026-07-05 01:46:29,234 ERROR HTTP Error 401: {"finance":{"result":null,"error":{"code":"Unauthorized","description":"Invalid Crumb"}}}
2026-07-05 01:46:29,236 ERROR HTTP Error 401: {"finance":{"result":null,"error":{"code":"Unauthorized","description":"Invalid Crumb"}}}
2026-07-05 01:46:29,238 ERROR HTTP Error 401: {"finance":{"result":null,"error":{"code":"Unauthorized","description":"Invalid Crumb"}}}
2026-07-05 01:46:29,243 ERROR HTTP Error 401: {"finance":{"result":null,"error":{"code":"Unauthorized","description":"Invalid Crumb"}}}
2026-07-05 01:46:29,246 ERROR HTTP Error 401: {"finance":{"result":null,"error":{"code":"Unauthorized","description":"Invalid Crumb"}}}
2026-07-05 01:46:29,248 ERROR HTTP Error 401: {"finance":{"result":null,"error":{"code":"Unauthorized","description":"Invalid Crumb"}}}
2026-07-05 01:46:29,286 ERROR HTTP Error 401: {"finance":{"result":null,"error":{"code":"Unauthorized","description":"Invalid Crumb"}}}
2026-07-05 01:46:29,605 ERROR HTTP Error 401: {"finance":{"result":null,"error":{"code":"Unauthorized","description":"Invalid Crumb"}}}
2026-07-05 01:46:29,638 ERROR HTTP Error 401: {"finance":{"result":null,"error":{"code":"Unauthorized","description":"Invalid Crumb"}}}
2026-07-05 01:46:30,671 INFO Saved 46 rows to data/watchlist.csv
2026-07-05 01:46:30,675 INFO Saved 30 rows to data/entry.csv
2026-07-05 01:46:30,680 INFO Watchlist candidates: 46 | Entry candidates: 30
2026-07-05 02:07:47,074 INFO Background metadata worker starting...
2026-07-05 02:07:47,119 INFO Prefetching missing metadata for 518 tickers...
2026-07-05 02:07:50,068 ERROR HTTP Error 401: {"finance":{"result":null,"error":{"code":"Unauthorized","description":"User is unable to access this feature - https://bit.ly/yahoo-finance-api-feedback"}}}
2026-07-05 02:07:50,075 ERROR HTTP Error 401: {"finance":{"result":null,"error":{"code":"Unauthorized","description":"User is unable to access this feature - https://bit.ly/yahoo-finance-api-feedback"}}}
2026-07-05 02:07:50,080 ERROR HTTP Error 401: {"finance":{"result":null,"error":{"code":"Unauthorized","description":"User is unable to access this feature - https://bit.ly/yahoo-finance-api-feedback"}}}
2026-07-05 02:07:50,087 ERROR HTTP Error 401: {"finance":{"result":null,"error":{"code":"Unauthorized","description":"User is unable to access this feature - https://bit.ly/yahoo-finance-api-feedback"}}}
2026-07-05 02:07:50,117 ERROR HTTP Error 401: {"finance":{"result":null,"error":{"code":"Unauthorized","description":"User is unable to access this feature - https://bit.ly/yahoo-finance-api-feedback"}}}
2026-07-05 02:07:50,508 INFO Prefetching missing metadata for 336 tickers...
2026-07-05 02:07:50,692 ERROR HTTP Error 401: {"finance":{"result":null,"error":{"code":"Unauthorized","description":"Invalid Crumb"}}}
2026-07-05 02:12:24,632 INFO Background metadata worker starting...
2026-07-05 02:12:24,780 INFO Prefetching missing metadata for 518 tickers...
2026-07-05 02:12:35,143 ERROR $FSL.NS: possibly delisted; no price data found  (period=1y)
2026-07-05 02:12:35,172 ERROR $GESHIP.NS: possibly delisted; no price data found  (period=1y)
2026-07-05 02:12:35,187 ERROR $GILLETTE.NS: possibly delisted; no price data found  (period=1y)
2026-07-05 02:12:35,204 ERROR $DYNAMATECH.NS: possibly delisted; no price data found  (period=1y)
2026-07-05 02:12:35,207 ERROR $FEDFINA.NS: possibly delisted; no price data found  (period=1y)
2026-07-05 02:12:35,231 ERROR $ENRIN.NS: possibly delisted; no price data found  (period=1y)
2026-07-05 02:12:35,247 ERROR $ENTERO.NS: possibly delisted; no price data found  (period=1y)
2026-07-05 02:12:35,258 ERROR $FORTIS.NS: possibly delisted; no price data found  (period=1y)
2026-07-05 02:12:35,267 ERROR $GAIL.NS: possibly delisted; no price data found  (period=1y)
2026-07-05 02:12:35,273 ERROR $CUB.NS: possibly delisted; no price data found  (period=1y)
2026-07-05 02:12:35,285 ERROR $GAEL.NS: possibly delisted; no price data found  (period=1y)
2026-07-05 02:12:35,312 ERROR $ENDURANCE.NS: possibly delisted; no price data found  (period=1y)
2026-07-05 02:12:35,319 ERROR $FEDERALBNK.NS: possibly delisted; no price data found  (period=1y)
2026-07-05 02:12:35,444 ERROR $GICRE.NS: possibly delisted; no price data found  (period=5d)
2026-07-05 02:12:35,469 ERROR $GALLANTT.NS: possibly delisted; no price data found  (period=5d)
2026-07-05 14:00:24,961 ERROR $FSL.NS: possibly delisted; no price data found  (period=5d)
2026-07-05 14:00:24,991 ERROR $GESHIP.NS: possibly delisted; no price data found  (period=5d)
2026-07-05 14:00:25,005 ERROR $GILLETTE.NS: possibly delisted; no price data found  (period=5d)
2026-07-05 14:00:25,030 ERROR $DYNAMATECH.NS: possibly delisted; no price data found  (period=5d)
2026-07-05 14:00:25,037 ERROR $FEDFINA.NS: possibly delisted; no price data found  (period=5d)
2026-07-05 14:00:25,054 ERROR $ENRIN.NS: possibly delisted; no price data found  (period=5d)
2026-07-05 14:00:25,066 ERROR $ENTERO.NS: possibly delisted; no price data found  (period=5d)
2026-07-05 14:00:25,078 ERROR $FORTIS.NS: possibly delisted; no price data found  (period=5d)
2026-07-05 14:00:25,088 ERROR $GAIL.NS: possibly delisted; no price data found  (period=5d)
2026-07-05 14:00:25,096 ERROR $CUB.NS: possibly delisted; no price data found  (period=5d)
2026-07-05 14:00:25,104 ERROR $GAEL.NS: possibly delisted; no price data found  (period=5d)
2026-07-05 14:00:25,137 ERROR $ENDURANCE.NS: possibly delisted; no price data found  (period=5d)
2026-07-05 14:00:25,143 ERROR $FEDERALBNK.NS: possibly delisted; no price data found  (period=5d)
2026-07-05 14:00:35,244 ERROR GLAND.NS: Yahoo web request for share count failed
2026-07-05 14:00:36,219 ERROR JUBLINGREA.NS: Yahoo web request for share count failed
2026-07-05 14:00:36,477 ERROR JUBLPHARMA.NS: Yahoo web request for share count failed
2026-07-05 14:00:36,548 ERROR JUSTDIAL.NS: Yahoo web request for share count failed
2026-07-05 14:00:36,791 ERROR JWL.NS: Yahoo web request for share count failed
2026-07-05 14:00:36,796 ERROR JYOTHYLAB.NS: Yahoo web request for share count failed
2026-07-05 14:00:36,940 ERROR JYOTICNC.NS: Yahoo web request for share count failed
2026-07-05 14:00:37,772 ERROR KAJARIACER.NS: Yahoo web request for share count failed
2026-07-05 14:00:37,991 ERROR KALYANKJIL.NS: Yahoo web request for share count failed
2026-07-05 14:00:38,208 ERROR KANSAINER.NS: Yahoo web request for share count failed
2026-07-05 14:00:38,276 ERROR KARURVYSYA.NS: Yahoo web request for share count failed
2026-07-05 14:00:38,279 ERROR KAYNES.NS: Yahoo web request for share count failed
2026-07-05 14:00:38,538 ERROR KEC.NS: Yahoo web request for share count failed
2026-07-05 14:00:38,713 ERROR KEI.NS: Yahoo web request for share count failed
2026-07-05 14:00:38,731 ERROR KFINTECH.NS: Yahoo web request for share count failed
2026-07-05 14:00:40,272 ERROR MMTC.NS: Yahoo web request for share count failed
2026-07-05 14:00:40,307 ERROR MRF.NS: Yahoo web request for share count failed
2026-07-05 14:00:40,314 ERROR MGL.NS: Yahoo web request for share count failed
2026-07-05 14:00:40,317 ERROR KIMS.NS: Yahoo web request for share count failed
2026-07-05 14:00:40,334 ERROR KIRLOSBROS.NS: Yahoo web request for share count failed
2026-07-05 14:00:40,372 ERROR M&MFIN.NS: Yahoo web request for share count failed
2026-07-05 14:00:40,389 ERROR M&M.NS: Yahoo web request for share count failed
2026-07-05 14:00:40,391 ERROR MANAPPURAM.NS: Yahoo web request for share count failed
2026-07-05 14:00:40,421 ERROR MRPL.NS: Yahoo web request for share count failed
2026-07-05 14:00:40,442 ERROR MARUTI.NS: Yahoo web request for share count failed
2026-07-05 14:00:40,444 ERROR MANKIND.NS: Yahoo web request for share count failed
2026-07-05 14:00:40,447 ERROR MFSL.NS: Yahoo web request for share count failed
2026-07-05 14:00:40,449 ERROR MARICO.NS: Yahoo web request for share count failed
2026-07-05 14:00:40,475 ERROR MAXHEALTH.NS: Yahoo web request for share count failed
2026-07-05 14:00:40,478 ERROR MAZDOCK.NS: Yahoo web request for share count failed
2026-07-05 14:00:40,522 ERROR MEESHO.NS: Yahoo web request for share count failed
2026-07-05 14:00:40,532 ERROR MINDACORP.NS: Yahoo web request for share count failed
2026-07-05 14:00:40,547 ERROR MSUMI.NS: Yahoo web request for share count failed
2026-07-05 14:00:45,267 ERROR GLAXO.NS: Yahoo web request for share count failed
2026-07-05 14:00:45,292 ERROR GLENMARK.NS: Yahoo web request for share count failed
2026-07-05 14:00:54,972 ERROR GMDCLTD.NS: Yahoo web request for share count failed
2026-07-05 14:00:55,000 ERROR GMMPFAUDLR.NS: Yahoo web request for share count failed
2026-07-05 14:00:55,016 ERROR GMRAIRPORT.NS: Yahoo web request for share count failed
2026-07-05 14:00:55,057 ERROR GMRP&UI.NS: Yahoo web request for share count failed
2026-07-05 14:00:55,058 ERROR GNFC.NS: Yahoo web request for share count failed
2026-07-05 14:00:55,063 ERROR GODFRYPHLP.NS: Yahoo web request for share count failed
2026-07-05 14:00:55,073 ERROR GODIGIT.NS: Yahoo web request for share count failed
2026-07-05 14:00:55,093 ERROR GODREJAGRO.NS: Yahoo web request for share count failed
2026-07-05 14:00:55,104 ERROR GODREJCP.NS: Yahoo web request for share count failed
2026-07-05 14:00:55,105 ERROR GODREJIND.NS: Yahoo web request for share count failed
2026-07-05 14:00:55,113 ERROR GODREJPROP.NS: Yahoo web request for share count failed
2026-07-05 14:00:55,158 ERROR GOKEX.NS: Yahoo web request for share count failed
2026-07-05 14:00:55,159 ERROR GOKULAGRO.NS: Yahoo web request for share count failed
2026-07-05 14:01:35,258 ERROR GPIL.NS: Yahoo web request for share count failed
2026-07-05 14:01:36,235 ERROR KIRLOSENG.NS: Yahoo web request for share count failed
2026-07-05 14:01:36,491 ERROR KIRLPNU.NS: Yahoo web request for share count failed
2026-07-05 14:01:36,559 ERROR KITEX.NS: Yahoo web request for share count failed
2026-07-05 14:01:36,803 ERROR KNRCON.NS: Yahoo web request for share count failed
2026-07-05 14:01:36,806 ERROR KOTAKBANK.NS: Yahoo web request for share count failed
2026-07-05 14:01:36,954 ERROR KPIGREEN.NS: Yahoo web request for share count failed
2026-07-05 14:01:37,787 ERROR KPIL.NS: Yahoo web request for share count failed
2026-07-05 14:01:38,003 ERROR KPITTECH.NS: Yahoo web request for share count failed
2026-07-05 14:01:38,221 ERROR KPRMILL.NS: Yahoo web request for share count failed
2026-07-05 14:01:38,293 ERROR KRBL.NS: Yahoo web request for share count failed
2026-07-05 14:01:38,298 ERROR KRN.NS: Yahoo web request for share count failed
2026-07-05 14:01:38,552 ERROR KSB.NS: Yahoo web request for share count failed
2026-07-05 14:01:38,725 ERROR KSCL.NS: Yahoo web request for share count failed
2026-07-05 14:01:38,745 ERROR KTKBANK.NS: Yahoo web request for share count failed
2026-07-05 14:01:40,288 ERROR MOTILALOFS.NS: Yahoo web request for share count failed
2026-07-05 14:01:40,322 ERROR MPHASIS.NS: Yahoo web request for share count failed
2026-07-05 14:01:40,329 ERROR LALPATHLAB.NS: Yahoo web request for share count failed
2026-07-05 14:01:40,330 ERROR MCX.NS: Yahoo web request for share count failed
2026-07-05 14:01:40,345 ERROR LATENTVIEW.NS: Yahoo web request for share count failed
2026-07-05 14:01:40,387 ERROR MUTHOOTFIN.NS: Yahoo web request for share count failed
2026-07-05 14:01:40,413 ERROR NATCOPHARM.NS: Yahoo web request for share count failed
2026-07-05 14:01:40,413 ERROR NBCC.NS: Yahoo web request for share count failed
2026-07-05 14:01:40,437 ERROR NCC.NS: Yahoo web request for share count failed
2026-07-05 14:01:40,460 ERROR NHPC.NS: Yahoo web request for share count failed
2026-07-05 14:01:40,477 ERROR NLCINDIA.NS: Yahoo web request for share count failed
2026-07-05 14:01:40,477 ERROR NMDC.NS: Yahoo web request for share count failed
2026-07-05 14:01:40,482 ERROR NSLNISP.NS: Yahoo web request for share count failed
2026-07-05 14:01:40,488 ERROR NTPCGREEN.NS: Yahoo web request for share count failed
2026-07-05 14:01:40,489 ERROR NTPC.NS: Yahoo web request for share count failed
2026-07-05 14:01:40,533 ERROR NH.NS: Yahoo web request for share count failed
2026-07-05 14:01:40,552 ERROR NATIONALUM.NS: Yahoo web request for share count failed
2026-07-05 14:01:40,564 ERROR NAVA.NS: Yahoo web request for share count failed
2026-07-05 14:01:45,284 ERROR GPPL.NS: Yahoo web request for share count failed
2026-07-05 14:01:45,300 ERROR GRANULES.NS: Yahoo web request for share count failed
2026-07-05 14:01:54,983 ERROR GRAPHITE.NS: Yahoo web request for share count failed
2026-07-05 14:01:55,013 ERROR GRASIM.NS: Yahoo web request for share count failed
2026-07-05 14:01:55,032 ERROR GRAVITA.NS: Yahoo web request for share count failed
2026-07-05 14:01:55,077 ERROR GREAVESCOT.NS: Yahoo web request for share count failed
2026-07-05 14:01:55,092 ERROR GROWW.NS: Yahoo web request for share count failed
2026-07-05 14:01:55,101 ERROR GRSE.NS: Yahoo web request for share count failed
2026-07-05 14:01:55,106 ERROR GRWRHITECH.NS: Yahoo web request for share count failed
2026-07-05 14:01:55,111 ERROR GSFC.NS: Yahoo web request for share count failed
2026-07-05 14:01:55,122 ERROR GVT&D.NS: Yahoo web request for share count failed
2026-07-05 14:01:55,134 ERROR HAL.NS: Yahoo web request for share count failed
2026-07-05 14:01:55,137 ERROR HAPPSTMNDS.NS: Yahoo web request for share count failed
2026-07-05 14:01:55,180 ERROR HAVELLS.NS: Yahoo web request for share count failed
2026-07-05 14:01:55,181 ERROR HBLENGINE.NS: Yahoo web request for share count failed
2026-07-05 14:02:35,275 ERROR HCC.NS: Yahoo web request for share count failed
2026-07-05 14:02:36,253 ERROR LAURUSLABS.NS: Yahoo web request for share count failed
2026-07-05 14:02:36,507 ERROR LEMONTREE.NS: Yahoo web request for share count failed
2026-07-05 14:02:36,572 ERROR LENSKART.NS: Yahoo web request for share count failed
2026-07-05 14:02:36,820 ERROR LGEINDIA.NS: Yahoo web request for share count failed
2026-07-05 14:02:36,822 ERROR LICHSGFIN.NS: Yahoo web request for share count failed
2026-07-05 14:02:36,967 ERROR LICI.NS: Yahoo web request for share count failed
2026-07-05 14:02:37,803 ERROR LINDEINDIA.NS: Yahoo web request for share count failed
2026-07-05 14:02:38,017 ERROR LLOYDSENGG.NS: Yahoo web request for share count failed
2026-07-05 14:02:38,235 ERROR LLOYDSENT.NS: Yahoo web request for share count failed
2026-07-05 14:02:38,320 ERROR LLOYDSME.NS: Yahoo web request for share count failed
2026-07-05 14:02:38,320 ERROR LODHA.NS: Yahoo web request for share count failed
2026-07-05 14:02:38,568 ERROR LOTUSDEV.NS: Yahoo web request for share count failed
2026-07-05 14:02:38,739 ERROR LT.NS: Yahoo web request for share count failed
2026-07-05 14:02:38,759 ERROR LTF.NS: Yahoo web request for share count failed
2026-07-05 14:02:40,304 ERROR NAVINFLUOR.NS: Yahoo web request for share count failed
2026-07-05 14:02:40,569 ERROR NESTLEIND.NS: Yahoo web request for share count failed
2026-07-05 14:02:40,583 ERROR LTFOODS.NS: Yahoo web request for share count failed
2026-07-05 14:02:40,599 ERROR NETWEB.NS: Yahoo web request for share count failed
2026-07-05 14:02:40,626 ERROR NEWGEN.NS: Yahoo web request for share count failed
2026-07-05 14:02:40,630 ERROR NEULANDLAB.NS: Yahoo web request for share count failed
2026-07-05 14:02:40,650 ERROR NUVAMA.NS: Yahoo web request for share count failed
2026-07-05 14:02:40,666 ERROR OLAELEC.NS: Yahoo web request for share count failed
2026-07-05 14:02:40,667 ERROR NAM-INDIA.NS: Yahoo web request for share count failed
2026-07-05 14:02:40,682 ERROR PAYTM.NS: Yahoo web request for share count failed
2026-07-05 14:02:40,684 ERROR ONESOURCE.NS: Yahoo web request for share count failed
2026-07-05 14:02:40,685 ERROR NIVABUPA.NS: Yahoo web request for share count failed
2026-07-05 14:02:40,686 ERROR LTM.NS: Yahoo web request for share count failed
2026-07-05 14:02:40,686 ERROR OIL.NS: Yahoo web request for share count failed
2026-07-05 14:02:40,689 ERROR OLECTRA.NS: Yahoo web request for share count failed
2026-07-05 14:02:40,689 ERROR OBEROIRLTY.NS: Yahoo web request for share count failed
2026-07-05 14:02:40,690 ERROR ONGC.NS: Yahoo web request for share count failed
2026-07-05 14:02:40,691 ERROR NUVOCO.NS: Yahoo web request for share count failed
2026-07-05 14:02:45,301 ERROR HCG.NS: Yahoo web request for share count failed
2026-07-05 14:02:45,311 ERROR HCLTECH.NS: Yahoo web request for share count failed
2026-07-05 14:02:54,993 ERROR HDBFS.NS: Yahoo web request for share count failed
2026-07-05 14:02:55,033 ERROR HDFCAMC.NS: Yahoo web request for share count failed
2026-07-05 14:02:55,045 ERROR HDFCBANK.NS: Yahoo web request for share count failed
2026-07-05 14:02:55,095 ERROR HDFCLIFE.NS: Yahoo web request for share count failed
2026-07-05 14:02:55,109 ERROR HEG.NS: Yahoo web request for share count failed
2026-07-05 14:02:55,116 ERROR HEMIPROP.NS: Yahoo web request for share count failed
2026-07-05 14:02:55,126 ERROR HERITGFOOD.NS: Yahoo web request for share count failed
2026-07-05 14:02:55,128 ERROR HEROMOTOCO.NS: Yahoo web request for share count failed
2026-07-05 14:02:55,135 ERROR HEXT.NS: Yahoo web request for share count failed
2026-07-05 14:02:55,149 ERROR HFCL.NS: Yahoo web request for share count failed
2026-07-05 14:02:55,152 ERROR HGINFRA.NS: Yahoo web request for share count failed
2026-07-05 14:02:55,214 ERROR HINDALCO.NS: Yahoo web request for share count failed
2026-07-05 14:02:55,215 ERROR HINDCOPPER.NS: Yahoo web request for share count failed
2026-07-05 14:03:35,283 ERROR HINDPETRO.NS: Yahoo web request for share count failed
2026-07-05 14:03:36,262 ERROR LTTS.NS: Yahoo web request for share count failed
2026-07-05 14:03:36,515 ERROR LUMAXTECH.NS: Yahoo web request for share count failed
2026-07-05 14:03:36,580 ERROR LUPIN.NS: Yahoo web request for share count failed
2026-07-05 14:03:37,268 ERROR LXCHEM.NS: Yahoo web request for share count failed
2026-07-05 14:03:37,271 ERROR M&M.NS: Yahoo web request for share count failed
2026-07-05 14:03:37,271 ERROR M&MFIN.NS: Yahoo web request for share count failed
2026-07-05 14:03:37,812 ERROR MAHABANK.NS: Yahoo web request for share count failed
2026-07-05 14:03:38,552 ERROR MAHSEAMLES.NS: Yahoo web request for share count failed
2026-07-05 14:03:38,553 ERROR MANAPPURAM.NS: Yahoo web request for share count failed
2026-07-05 14:03:38,555 ERROR MANKIND.NS: Yahoo web request for share count failed
2026-07-05 14:03:38,555 ERROR MAHSCOOTER.NS: Yahoo web request for share count failed
2026-07-05 14:03:38,578 ERROR MANORAMA.NS: Yahoo web request for share count failed
2026-07-05 14:03:38,748 ERROR MANYAVAR.NS: Yahoo web request for share count failed
2026-07-05 14:03:38,768 ERROR MAPMYINDIA.NS: Yahoo web request for share count failed
2026-07-05 14:03:40,313 ERROR OFSS.NS: Yahoo web request for share count failed
2026-07-05 14:03:40,578 ERROR POLICYBZR.NS: Yahoo web request for share count failed
2026-07-05 14:03:40,591 ERROR MARICO.NS: Yahoo web request for share count failed
2026-07-05 14:03:40,608 ERROR PCBL.NS: Yahoo web request for share count failed
2026-07-05 14:03:40,634 ERROR PGEL.NS: Yahoo web request for share count failed
2026-07-05 14:03:40,640 ERROR PIIND.NS: Yahoo web request for share count failed
2026-07-05 14:03:40,659 ERROR PNBHOUSING.NS: Yahoo web request for share count failed
2026-07-05 14:03:40,677 ERROR PTCIL.NS: Yahoo web request for share count failed
2026-07-05 14:03:40,679 ERROR PVRINOX.NS: Yahoo web request for share count failed
2026-07-05 14:03:40,713 ERROR PATANJALI.NS: Yahoo web request for share count failed
2026-07-05 14:03:40,713 ERROR PETRONET.NS: Yahoo web request for share count failed
2026-07-05 14:03:40,713 ERROR PAGEIND.NS: Yahoo web request for share count failed
2026-07-05 14:03:40,715 ERROR MARKSANS.NS: Yahoo web request for share count failed
2026-07-05 14:03:40,717 ERROR PARADEEP.NS: Yahoo web request for share count failed
2026-07-05 14:03:40,719 ERROR PWL.NS: Yahoo web request for share count failed
2026-07-05 14:03:40,719 ERROR PHOENIXLTD.NS: Yahoo web request for share count failed
2026-07-05 14:03:40,720 ERROR PFIZER.NS: Yahoo web request for share count failed
2026-07-05 14:03:40,720 ERROR PERSISTENT.NS: Yahoo web request for share count failed
2026-07-05 14:03:45,308 ERROR HINDUNILVR.NS: Yahoo web request for share count failed
2026-07-05 14:03:45,320 ERROR HINDZINC.NS: Yahoo web request for share count failed
2026-07-05 14:03:55,000 ERROR HOMEFIRST.NS: Yahoo web request for share count failed
2026-07-05 14:03:55,040 ERROR HONASA.NS: Yahoo web request for share count failed
2026-07-05 14:03:55,054 ERROR HONAUT.NS: Yahoo web request for share count failed
2026-07-05 14:03:55,106 ERROR HSCL.NS: Yahoo web request for share count failed
2026-07-05 14:03:55,119 ERROR HUDCO.NS: Yahoo web request for share count failed
2026-07-05 14:03:55,124 ERROR HYUNDAI.NS: Yahoo web request for share count failed
2026-07-05 14:03:55,140 ERROR ICICIBANK.NS: Yahoo web request for share count failed
2026-07-05 14:03:55,141 ERROR ICICIAMC.NS: Yahoo web request for share count failed
2026-07-05 14:03:55,144 ERROR ICICIGI.NS: Yahoo web request for share count failed
2026-07-05 14:03:55,157 ERROR ICICIPRULI.NS: Yahoo web request for share count failed
2026-07-05 14:03:55,160 ERROR ICIL.NS: Yahoo web request for share count failed
2026-07-05 14:03:55,224 ERROR IDBI.NS: Yahoo web request for share count failed
2026-07-05 14:03:55,225 ERROR IDEA.NS: Yahoo web request for share count failed
2026-07-05 14:04:35,292 ERROR IDFCFIRSTB.NS: Yahoo web request for share count failed
2026-07-05 14:04:36,270 ERROR MARUTI.NS: Yahoo web request for share count failed
2026-07-05 14:04:36,523 ERROR MASTEK.NS: Yahoo web request for share count failed
2026-07-05 14:04:36,590 ERROR MAXHEALTH.NS: Yahoo web request for share count failed
2026-07-05 14:04:37,280 ERROR MAZDOCK.NS: Yahoo web request for share count failed
2026-07-05 14:04:37,282 ERROR MCX.NS: Yahoo web request for share count failed
2026-07-05 14:04:37,283 ERROR MEDANTA.NS: Yahoo web request for share count failed
2026-07-05 14:04:37,822 ERROR MEDPLUS.NS: Yahoo web request for share count failed
2026-07-05 14:04:38,560 ERROR MEESHO.NS: Yahoo web request for share count failed
2026-07-05 14:04:38,565 ERROR METROPOLIS.NS: Yahoo web request for share count failed
2026-07-05 14:04:38,567 ERROR MFSL.NS: Yahoo web request for share count failed
2026-07-05 14:04:38,568 ERROR MGL.NS: Yahoo web request for share count failed
2026-07-05 14:04:38,588 ERROR MIDHANI.NS: Yahoo web request for share count failed
2026-07-05 14:04:38,757 ERROR MINDACORP.NS: Yahoo web request for share count failed
2026-07-05 14:04:38,775 ERROR MMTC.NS: Yahoo web request for share count failed
2026-07-05 14:04:40,322 ERROR PIDILITIND.NS: Yahoo web request for share count failed
2026-07-05 14:04:40,587 ERROR PINELABS.NS: Yahoo web request for share count failed
2026-07-05 14:04:40,599 ERROR MOIL.NS: Yahoo web request for share count failed
2026-07-05 14:04:40,616 ERROR PIRAMALFIN.NS: Yahoo web request for share count failed
2026-07-05 14:04:40,642 ERROR PPLPHARMA.NS: Yahoo web request for share count failed
2026-07-05 14:04:40,648 ERROR POLYMED.NS: Yahoo web request for share count failed
2026-07-05 14:04:40,668 ERROR POLYCAB.NS: Yahoo web request for share count failed
2026-07-05 14:04:40,689 ERROR POONAWALLA.NS: Yahoo web request for share count failed
2026-07-05 14:04:40,691 ERROR PFC.NS: Yahoo web request for share count failed
2026-07-05 14:04:40,727 ERROR PREMIERENE.NS: Yahoo web request for share count failed
2026-07-05 14:04:40,733 ERROR POWERGRID.NS: Yahoo web request for share count failed
2026-07-05 14:04:40,742 ERROR MOTHERSON.NS: Yahoo web request for share count failed
2026-07-05 14:04:40,743 ERROR RECLTD.NS: Yahoo web request for share count failed
2026-07-05 14:04:40,744 ERROR RBLBANK.NS: Yahoo web request for share count failed
2026-07-05 14:04:40,744 ERROR PRESTIGE.NS: Yahoo web request for share count failed
2026-07-05 14:04:40,744 ERROR RRKABEL.NS: Yahoo web request for share count failed
2026-07-05 14:04:40,745 ERROR RHIM.NS: Yahoo web request for share count failed
2026-07-05 14:04:40,746 ERROR PNB.NS: Yahoo web request for share count failed
2026-07-05 14:04:45,317 ERROR IEX.NS: Yahoo web request for share count failed
2026-07-05 14:04:45,327 ERROR IFBIND.NS: Yahoo web request for share count failed
2026-07-05 14:04:55,007 ERROR IFCI.NS: Yahoo web request for share count failed
2026-07-05 14:04:55,050 ERROR IGIL.NS: Yahoo web request for share count failed
2026-07-05 14:04:55,062 ERROR IGL.NS: Yahoo web request for share count failed
2026-07-05 14:04:55,115 ERROR IIFL.NS: Yahoo web request for share count failed
2026-07-05 14:04:55,127 ERROR IIFLCAPS.NS: Yahoo web request for share count failed
2026-07-05 14:04:55,132 ERROR IKS.NS: Yahoo web request for share count failed
2026-07-05 14:04:55,154 ERROR INDGN.NS: Yahoo web request for share count failed
2026-07-05 14:04:55,154 ERROR IMFA.NS: Yahoo web request for share count failed
2026-07-05 14:04:55,156 ERROR INDHOTEL.NS: Yahoo web request for share count failed
2026-07-05 14:04:55,167 ERROR INDIACEM.NS: Yahoo web request for share count failed
2026-07-05 14:04:55,170 ERROR INDIAGLYCO.NS: Yahoo web request for share count failed
2026-07-05 14:04:55,236 ERROR INDIAMART.NS: Yahoo web request for share count failed
2026-07-05 14:04:55,238 ERROR INDIANB.NS: Yahoo web request for share count failed
2026-07-05 14:05:35,302 ERROR INDIASHLTR.NS: Yahoo web request for share count failed
2026-07-05 14:05:36,278 ERROR MOTILALOFS.NS: Yahoo web request for share count failed
2026-07-05 14:05:36,531 ERROR MPHASIS.NS: Yahoo web request for share count failed
2026-07-05 14:05:36,599 ERROR MRF.NS: Yahoo web request for share count failed
2026-07-05 14:05:37,288 ERROR MRPL.NS: Yahoo web request for share count failed
2026-07-05 14:05:37,291 ERROR MSTCLTD.NS: Yahoo web request for share count failed
2026-07-05 14:05:37,293 ERROR MSUMI.NS: Yahoo web request for share count failed
2026-07-05 14:05:37,830 ERROR MTARTECH.NS: Yahoo web request for share count failed
2026-07-05 14:05:38,568 ERROR MUTHOOTFIN.NS: Yahoo web request for share count failed
2026-07-05 14:05:38,578 ERROR NAM-INDIA.NS: Yahoo web request for share count failed
2026-07-05 14:05:38,579 ERROR NATCOPHARM.NS: Yahoo web request for share count failed
2026-07-05 14:05:38,579 ERROR NATIONALUM.NS: Yahoo web request for share count failed
2026-07-05 14:05:38,595 ERROR NAUKRI.NS: Yahoo web request for share count failed
2026-07-05 14:05:38,765 ERROR NAVA.NS: Yahoo web request for share count failed
2026-07-05 14:05:38,784 ERROR NAVINFLUOR.NS: Yahoo web request for share count failed
2026-07-05 14:05:40,332 ERROR RITES.NS: Yahoo web request for share count failed
2026-07-05 14:05:40,595 ERROR RADICO.NS: Yahoo web request for share count failed
2026-07-05 14:05:40,607 ERROR NAZARA.NS: Yahoo web request for share count failed
2026-07-05 14:05:40,624 ERROR RVNL.NS: Yahoo web request for share count failed
2026-07-05 14:05:40,652 ERROR RAILTEL.NS: Yahoo web request for share count failed
2026-07-05 14:05:40,656 ERROR RAINBOW.NS: Yahoo web request for share count failed
2026-07-05 14:05:40,676 ERROR RKFORGE.NS: Yahoo web request for share count failed
2026-07-05 14:05:40,703 ERROR REDINGTON.NS: Yahoo web request for share count failed
2026-07-05 14:05:40,704 ERROR RELIANCE.NS: Yahoo web request for share count failed
2026-07-05 14:05:40,736 ERROR RPOWER.NS: Yahoo web request for share count failed
2026-07-05 14:05:40,740 ERROR SBFC.NS: Yahoo web request for share count failed
2026-07-05 14:05:40,773 ERROR SAGILITY.NS: Yahoo web request for share count failed
2026-07-05 14:05:40,774 ERROR SJVN.NS: Yahoo web request for share count failed
2026-07-05 14:05:40,776 ERROR SRF.NS: Yahoo web request for share count failed
2026-07-05 14:05:40,776 ERROR SBILIFE.NS: Yahoo web request for share count failed
2026-07-05 14:05:40,776 ERROR NBCC.NS: Yahoo web request for share count failed
2026-07-05 14:05:40,776 ERROR SAILIFE.NS: Yahoo web request for share count failed
2026-07-05 14:05:40,778 ERROR SBICARD.NS: Yahoo web request for share count failed
2026-07-05 14:05:45,324 ERROR INDIGO.NS: Yahoo web request for share count failed
2026-07-05 14:05:45,335 ERROR INDIGOPNTS.NS: Yahoo web request for share count failed
2026-07-05 14:05:55,016 ERROR INDUSINDBK.NS: Yahoo web request for share count failed
2026-07-05 14:05:55,061 ERROR INDUSTOWER.NS: Yahoo web request for share count failed
2026-07-05 14:05:55,071 ERROR INFY.NS: Yahoo web request for share count failed
2026-07-05 14:05:55,123 ERROR INOXGREEN.NS: Yahoo web request for share count failed
2026-07-05 14:05:55,136 ERROR INOXINDIA.NS: Yahoo web request for share count failed
2026-07-05 14:05:55,140 ERROR INOXWIND.NS: Yahoo web request for share count failed
2026-07-05 14:05:55,169 ERROR IOC.NS: Yahoo web request for share count failed
2026-07-05 14:05:55,170 ERROR INTELLECT.NS: Yahoo web request for share count failed
2026-07-05 14:05:55,171 ERROR IOB.NS: Yahoo web request for share count failed
2026-07-05 14:05:55,182 ERROR IONEXCHANG.NS: Yahoo web request for share count failed
2026-07-05 14:05:55,184 ERROR IPCALAB.NS: Yahoo web request for share count failed
2026-07-05 14:05:55,248 ERROR IRCON.NS: Yahoo web request for share count failed
2026-07-05 14:05:55,249 ERROR IRB.NS: Yahoo web request for share count failed
2026-07-05 14:06:35,310 ERROR IRCTC.NS: Yahoo web request for share count failed
2026-07-05 14:06:36,287 ERROR NCC.NS: Yahoo web request for share count failed
2026-07-05 14:06:36,539 ERROR NEOGEN.NS: Yahoo web request for share count failed
2026-07-05 14:06:36,607 ERROR NESCO.NS: Yahoo web request for share count failed
2026-07-05 14:06:37,302 ERROR NESTLEIND.NS: Yahoo web request for share count failed
2026-07-05 14:06:37,304 ERROR NETWEB.NS: Yahoo web request for share count failed
2026-07-05 14:06:37,305 ERROR NETWORK18.NS: Yahoo web request for share count failed
2026-07-05 14:06:37,839 ERROR NEULANDLAB.NS: Yahoo web request for share count failed
2026-07-05 14:06:38,576 ERROR NEWGEN.NS: Yahoo web request for share count failed
2026-07-05 14:06:38,591 ERROR NH.NS: Yahoo web request for share count failed
2026-07-05 14:06:38,593 ERROR NHPC.NS: Yahoo web request for share count failed
2026-07-05 14:06:38,594 ERROR NFL.NS: Yahoo web request for share count failed
2026-07-05 14:06:38,604 ERROR NIACL.NS: Yahoo web request for share count failed
2026-07-05 14:06:38,773 ERROR NIVABUPA.NS: Yahoo web request for share count failed
2026-07-05 14:06:38,792 ERROR NLCINDIA.NS: Yahoo web request for share count failed
2026-07-05 14:06:40,340 ERROR SAMMAANCAP.NS: Yahoo web request for share count failed
2026-07-05 14:06:40,603 ERROR MOTHERSON.NS: Yahoo web request for share count failed
2026-07-05 14:06:40,615 ERROR NMDC.NS: Yahoo web request for share count failed
2026-07-05 14:06:40,632 ERROR SAPPHIRE.NS: Yahoo web request for share count failed
2026-07-05 14:06:40,664 ERROR SARDAEN.NS: Yahoo web request for share count failed
2026-07-05 14:06:40,666 ERROR SAREGAMA.NS: Yahoo web request for share count failed
2026-07-05 14:06:40,684 ERROR SCHAEFFLER.NS: Yahoo web request for share count failed
2026-07-05 14:06:40,716 ERROR SCI.NS: Yahoo web request for share count failed
2026-07-05 14:06:40,717 ERROR SCHNEIDER.NS: Yahoo web request for share count failed
2026-07-05 14:06:40,745 ERROR SHREECEM.NS: Yahoo web request for share count failed
2026-07-05 14:06:40,748 ERROR SHRIRAMFIN.NS: Yahoo web request for share count failed
2026-07-05 14:06:40,789 ERROR SHYAMMETL.NS: Yahoo web request for share count failed
2026-07-05 14:06:40,798 ERROR ENRIN.NS: Yahoo web request for share count failed
2026-07-05 14:06:40,799 ERROR SIEMENS.NS: Yahoo web request for share count failed
2026-07-05 14:06:40,801 ERROR SOLARINDS.NS: Yahoo web request for share count failed
2026-07-05 14:06:40,803 ERROR SIGNATURE.NS: Yahoo web request for share count failed
2026-07-05 14:06:40,803 ERROR NSLNISP.NS: Yahoo web request for share count failed
2026-07-05 14:06:40,803 ERROR SOBHA.NS: Yahoo web request for share count failed
2026-07-05 14:06:45,332 ERROR IREDA.NS: Yahoo web request for share count failed
2026-07-05 14:06:45,346 ERROR IRFC.NS: Yahoo web request for share count failed
2026-07-05 14:06:55,025 ERROR ITC.NS: Yahoo web request for share count failed
2026-07-05 14:06:55,068 ERROR ITCHOTELS.NS: Yahoo web request for share count failed
2026-07-05 14:06:55,078 ERROR ITI.NS: Yahoo web request for share count failed
2026-07-05 14:06:55,132 ERROR IXIGO.NS: Yahoo web request for share count failed
2026-07-05 14:06:55,144 ERROR J&KBANK.NS: Yahoo web request for share count failed
2026-07-05 14:06:55,148 ERROR JAIBALAJI.NS: Yahoo web request for share count failed
2026-07-05 14:06:55,178 ERROR JAINREC.NS: Yahoo web request for share count failed
2026-07-05 14:06:55,181 ERROR JAMNAAUTO.NS: Yahoo web request for share count failed
2026-07-05 14:06:55,182 ERROR JAYNECOIND.NS: Yahoo web request for share count failed
2026-07-05 14:06:55,195 ERROR JBCHEPHARM.NS: Yahoo web request for share count failed
2026-07-05 14:06:55,195 ERROR JBMA.NS: Yahoo web request for share count failed
2026-07-05 14:06:55,262 ERROR JINDALSTEL.NS: Yahoo web request for share count failed
2026-07-05 14:06:55,263 ERROR JINDALSAW.NS: Yahoo web request for share count failed
2026-07-05 14:07:35,318 ERROR JIOFIN.NS: Yahoo web request for share count failed
2026-07-05 14:07:36,295 ERROR NTPC.NS: Yahoo web request for share count failed
2026-07-05 14:07:36,546 ERROR NTPCGREEN.NS: Yahoo web request for share count failed
2026-07-05 14:07:36,615 ERROR NUVAMA.NS: Yahoo web request for share count failed
2026-07-05 14:07:37,312 ERROR NUVOCO.NS: Yahoo web request for share count failed
2026-07-05 14:07:37,316 ERROR NYKAA.NS: Yahoo web request for share count failed
2026-07-05 14:07:37,316 ERROR OBEROIRLTY.NS: Yahoo web request for share count failed
2026-07-05 14:07:37,848 ERROR OFSS.NS: Yahoo web request for share count failed
2026-07-05 14:07:38,584 ERROR OIL.NS: Yahoo web request for share count failed
2026-07-05 14:07:38,609 ERROR OLAELEC.NS: Yahoo web request for share count failed
2026-07-05 14:07:38,609 ERROR OLECTRA.NS: Yahoo web request for share count failed
2026-07-05 14:07:38,611 ERROR ONESOURCE.NS: Yahoo web request for share count failed
2026-07-05 14:07:38,613 ERROR ONGC.NS: Yahoo web request for share count failed
2026-07-05 14:07:38,781 ERROR OPTIEMUS.NS: Yahoo web request for share count failed
2026-07-05 14:07:38,800 ERROR ORIENTCEM.NS: Yahoo web request for share count failed
2026-07-05 14:07:40,348 ERROR SONACOMS.NS: Yahoo web request for share count failed
2026-07-05 14:07:40,612 ERROR SONATSOFTW.NS: Yahoo web request for share count failed
2026-07-05 14:07:40,626 ERROR ORKLAINDIA.NS: Yahoo web request for share count failed
2026-07-05 14:07:40,642 ERROR STARHEALTH.NS: Yahoo web request for share count failed
2026-07-05 14:07:40,679 ERROR SAIL.NS: Yahoo web request for share count failed
2026-07-05 14:07:40,679 ERROR SBIN.NS: Yahoo web request for share count failed
2026-07-05 14:07:40,694 ERROR SUMICHEM.NS: Yahoo web request for share count failed
2026-07-05 14:07:40,730 ERROR SUNTV.NS: Yahoo web request for share count failed
2026-07-05 14:07:40,730 ERROR SUNPHARMA.NS: Yahoo web request for share count failed
2026-07-05 14:07:40,753 ERROR SUNDARMFIN.NS: Yahoo web request for share count failed
2026-07-05 14:07:40,757 ERROR SUPREMEIND.NS: Yahoo web request for share count failed
2026-07-05 14:07:40,799 ERROR SPLPETRO.NS: Yahoo web request for share count failed
2026-07-05 14:07:40,819 ERROR SUZLON.NS: Yahoo web request for share count failed
2026-07-05 14:07:40,819 ERROR SYNGENE.NS: Yahoo web request for share count failed
2026-07-05 14:07:40,821 ERROR SWANCORP.NS: Yahoo web request for share count failed
2026-07-05 14:07:40,822 ERROR OSWALPUMPS.NS: Yahoo web request for share count failed
2026-07-05 14:07:40,825 ERROR SYRMA.NS: Yahoo web request for share count failed
2026-07-05 14:07:40,825 ERROR SWIGGY.NS: Yahoo web request for share count failed
2026-07-05 14:07:45,341 ERROR JKCEMENT.NS: Yahoo web request for share count failed
2026-07-05 14:07:45,355 ERROR JKLAKSHMI.NS: Yahoo web request for share count failed
2026-07-05 14:07:55,035 ERROR JKPAPER.NS: Yahoo web request for share count failed
2026-07-05 14:07:55,075 ERROR JKTYRE.NS: Yahoo web request for share count failed
2026-07-05 14:07:55,087 ERROR JLHL.NS: Yahoo web request for share count failed
2026-07-05 14:07:55,140 ERROR JMFINANCIL.NS: Yahoo web request for share count failed
2026-07-05 14:07:55,153 ERROR JPPOWER.NS: Yahoo web request for share count failed
2026-07-05 14:07:55,156 ERROR JSFB.NS: Yahoo web request for share count failed
2026-07-05 14:07:55,188 ERROR JSL.NS: Yahoo web request for share count failed
2026-07-05 14:07:55,193 ERROR JSWCEMENT.NS: Yahoo web request for share count failed
2026-07-05 14:07:55,193 ERROR JSLL.NS: Yahoo web request for share count failed
2026-07-05 14:07:55,207 ERROR JSWDULUX.NS: Yahoo web request for share count failed
2026-07-05 14:07:55,208 ERROR JSWENERGY.NS: Yahoo web request for share count failed
2026-07-05 14:07:55,272 ERROR JSWINFRA.NS: Yahoo web request for share count failed
2026-07-05 14:07:55,274 ERROR JSWSTEEL.NS: Yahoo web request for share count failed
2026-07-05 14:08:35,326 ERROR JUBLFOOD.NS: Yahoo web request for share count failed
2026-07-05 14:08:36,305 ERROR PAGEIND.NS: Yahoo web request for share count failed
2026-07-05 14:08:36,555 ERROR PARADEEP.NS: Yahoo web request for share count failed
2026-07-05 14:08:36,625 ERROR PARAS.NS: Yahoo web request for share count failed
2026-07-05 14:08:37,320 ERROR PARKHOSPS.NS: Yahoo web request for share count failed
2026-07-05 14:08:37,325 ERROR PATANJALI.NS: Yahoo web request for share count failed
2026-07-05 14:08:37,327 ERROR PAYTM.NS: Yahoo web request for share count failed
2026-07-05 14:08:37,857 ERROR PCBL.NS: Yahoo web request for share count failed
2026-07-05 14:08:38,592 ERROR PCJEWELLER.NS: Yahoo web request for share count failed
2026-07-05 14:08:38,628 ERROR PFC.NS: Yahoo web request for share count failed
2026-07-05 14:08:38,630 ERROR PETRONET.NS: Yahoo web request for share count failed
2026-07-05 14:08:38,631 ERROR PERSISTENT.NS: Yahoo web request for share count failed
2026-07-05 14:08:38,632 ERROR PFIZER.NS: Yahoo web request for share count failed
2026-07-05 14:08:38,791 ERROR PFOCUS.NS: Yahoo web request for share count failed
2026-07-05 14:08:38,808 ERROR PGEL.NS: Yahoo web request for share count failed
2026-07-05 14:08:40,356 ERROR TBOTEK.NS: Yahoo web request for share count failed
2026-07-05 14:08:40,621 ERROR TVSMOTOR.NS: Yahoo web request for share count failed
2026-07-05 14:08:40,638 ERROR PGIL.NS: Yahoo web request for share count failed
2026-07-05 14:08:40,651 ERROR TATACAP.NS: Yahoo web request for share count failed
2026-07-05 14:08:40,692 ERROR TATACHEM.NS: Yahoo web request for share count failed
2026-07-05 14:08:40,692 ERROR TATACOMM.NS: Yahoo web request for share count failed
2026-07-05 14:08:40,703 ERROR TCS.NS: Yahoo web request for share count failed
2026-07-05 14:08:40,741 ERROR TATACONSUM.NS: Yahoo web request for share count failed
2026-07-05 14:08:40,743 ERROR TATAELXSI.NS: Yahoo web request for share count failed
2026-07-05 14:08:40,761 ERROR TATAINVEST.NS: Yahoo web request for share count failed
2026-07-05 14:08:40,766 ERROR TMCV.NS: Yahoo web request for share count failed
2026-07-05 14:08:40,808 ERROR TMPV.NS: Yahoo web request for share count failed
2026-07-05 14:08:40,834 ERROR TATAPOWER.NS: Yahoo web request for share count failed
2026-07-05 14:08:40,839 ERROR PHOENIXLTD.NS: Yahoo web request for share count failed
2026-07-05 14:08:40,841 ERROR TATASTEEL.NS: Yahoo web request for share count failed
2026-07-05 14:08:40,844 ERROR TATATECH.NS: Yahoo web request for share count failed
2026-07-05 14:08:40,844 ERROR TTML.NS: Yahoo web request for share count failed
2026-07-05 14:08:40,845 ERROR TECHM.NS: Yahoo web request for share count failed
2026-07-05 14:08:45,352 ERROR JUBLINGREA.NS: Yahoo web request for share count failed
2026-07-05 14:08:45,362 ERROR JUBLPHARMA.NS: Yahoo web request for share count failed
2026-07-05 14:08:55,042 ERROR JUSTDIAL.NS: Yahoo web request for share count failed
2026-07-05 14:08:55,086 ERROR JWL.NS: Yahoo web request for share count failed
2026-07-05 14:08:55,096 ERROR JYOTHYLAB.NS: Yahoo web request for share count failed
2026-07-05 14:08:55,150 ERROR JYOTICNC.NS: Yahoo web request for share count failed
2026-07-05 14:08:55,162 ERROR KAJARIACER.NS: Yahoo web request for share count failed
2026-07-05 14:08:55,166 ERROR KALYANKJIL.NS: Yahoo web request for share count failed
2026-07-05 14:08:55,199 ERROR KANSAINER.NS: Yahoo web request for share count failed
2026-07-05 14:08:55,204 ERROR KAYNES.NS: Yahoo web request for share count failed
2026-07-05 14:08:55,205 ERROR KARURVYSYA.NS: Yahoo web request for share count failed
2026-07-05 14:08:55,220 ERROR KEC.NS: Yahoo web request for share count failed
2026-07-05 14:08:55,220 ERROR KEI.NS: Yahoo web request for share count failed
2026-07-05 14:08:55,284 ERROR KFINTECH.NS: Yahoo web request for share count failed
2026-07-05 14:08:55,286 ERROR KIMS.NS: Yahoo web request for share count failed
2026-07-05 14:09:35,337 ERROR KIRLOSBROS.NS: Yahoo web request for share count failed
2026-07-05 14:09:36,314 ERROR PICCADIL.NS: Yahoo web request for share count failed
2026-07-05 14:09:36,564 ERROR PIDILITIND.NS: Yahoo web request for share count failed
2026-07-05 14:09:36,636 ERROR PIIND.NS: Yahoo web request for share count failed
2026-07-05 14:09:37,328 ERROR PINELABS.NS: Yahoo web request for share count failed
2026-07-05 14:09:37,339 ERROR PIRAMALFIN.NS: Yahoo web request for share count failed
2026-07-05 14:09:37,339 ERROR PNB.NS: Yahoo web request for share count failed
2026-07-05 14:09:37,868 ERROR PNBHOUSING.NS: Yahoo web request for share count failed
2026-07-05 14:09:38,601 ERROR PNCINFRA.NS: Yahoo web request for share count failed
2026-07-05 14:09:38,638 ERROR PNGJL.NS: Yahoo web request for share count failed
2026-07-05 14:09:38,645 ERROR POLICYBZR.NS: Yahoo web request for share count failed
2026-07-05 14:09:38,649 ERROR POLYMED.NS: Yahoo web request for share count failed
2026-07-05 14:09:38,650 ERROR POLYCAB.NS: Yahoo web request for share count failed
2026-07-05 14:09:38,802 ERROR POONAWALLA.NS: Yahoo web request for share count failed
2026-07-05 14:09:38,819 ERROR POWERGRID.NS: Yahoo web request for share count failed
2026-07-05 14:09:40,365 ERROR TECHNOE.NS: Yahoo web request for share count failed
2026-07-05 14:09:40,628 ERROR TEGA.NS: Yahoo web request for share count failed
2026-07-05 14:09:40,646 ERROR POWERINDIA.NS: Yahoo web request for share count failed
2026-07-05 14:09:40,659 ERROR TEJASNET.NS: Yahoo web request for share count failed
2026-07-05 14:09:40,705 ERROR TENNIND.NS: Yahoo web request for share count failed
2026-07-05 14:09:40,706 ERROR NIACL.NS: Yahoo web request for share count failed
2026-07-05 14:09:40,715 ERROR RAMCOCEM.NS: Yahoo web request for share count failed
2026-07-05 14:09:40,755 ERROR TIMKEN.NS: Yahoo web request for share count failed
2026-07-05 14:09:40,756 ERROR THERMAX.NS: Yahoo web request for share count failed
2026-07-05 14:09:40,770 ERROR TITAGARH.NS: Yahoo web request for share count failed
2026-07-05 14:09:40,775 ERROR TITAN.NS: Yahoo web request for share count failed
2026-07-05 14:09:40,819 ERROR TORNTPHARM.NS: Yahoo web request for share count failed
2026-07-05 14:09:40,841 ERROR TORNTPOWER.NS: Yahoo web request for share count failed
2026-07-05 14:09:40,850 ERROR TARIL.NS: Yahoo web request for share count failed
2026-07-05 14:09:40,862 ERROR POWERMECH.NS: Yahoo web request for share count failed
2026-07-05 14:09:40,865 ERROR TRIDENT.NS: Yahoo web request for share count failed
2026-07-05 14:09:40,867 ERROR TRENT.NS: Yahoo web request for share count failed
2026-07-05 14:09:40,871 ERROR TRAVELFOOD.NS: Yahoo web request for share count failed
2026-07-05 14:09:45,364 ERROR KIRLOSENG.NS: Yahoo web request for share count failed
2026-07-05 14:09:45,374 ERROR KIRLPNU.NS: Yahoo web request for share count failed
2026-07-05 14:09:55,056 ERROR KITEX.NS: Yahoo web request for share count failed
2026-07-05 14:09:55,095 ERROR KNRCON.NS: Yahoo web request for share count failed
2026-07-05 14:09:55,104 ERROR KOTAKBANK.NS: Yahoo web request for share count failed
2026-07-05 14:09:55,165 ERROR KPIGREEN.NS: Yahoo web request for share count failed
2026-07-05 14:09:55,177 ERROR KPIL.NS: Yahoo web request for share count failed
2026-07-05 14:09:55,182 ERROR KPITTECH.NS: Yahoo web request for share count failed
2026-07-05 14:09:55,220 ERROR KPRMILL.NS: Yahoo web request for share count failed
2026-07-05 14:09:55,230 ERROR KRBL.NS: Yahoo web request for share count failed
2026-07-05 14:09:55,233 ERROR KRN.NS: Yahoo web request for share count failed
2026-07-05 14:09:55,237 ERROR KSCL.NS: Yahoo web request for share count failed
2026-07-05 14:09:55,240 ERROR KSB.NS: Yahoo web request for share count failed
2026-07-05 14:09:55,294 ERROR KTKBANK.NS: Yahoo web request for share count failed
2026-07-05 14:09:55,298 ERROR LALPATHLAB.NS: Yahoo web request for share count failed
2026-07-05 14:10:35,354 ERROR LATENTVIEW.NS: Yahoo web request for share count failed
2026-07-05 14:10:36,329 ERROR PPLPHARMA.NS: Yahoo web request for share count failed
2026-07-05 14:10:36,577 ERROR PRAJIND.NS: Yahoo web request for share count failed
2026-07-05 14:10:36,651 ERROR PREMIERENE.NS: Yahoo web request for share count failed
2026-07-05 14:10:37,338 ERROR PRESTIGE.NS: Yahoo web request for share count failed
2026-07-05 14:10:37,357 ERROR PRICOLLTD.NS: Yahoo web request for share count failed
2026-07-05 14:10:37,360 ERROR PRIVISCL.NS: Yahoo web request for share count failed
2026-07-05 14:10:37,882 ERROR PRSMJOHNSN.NS: Yahoo web request for share count failed
2026-07-05 14:10:38,616 ERROR PRUDENT.NS: Yahoo web request for share count failed
2026-07-05 14:10:38,652 ERROR PTC.NS: Yahoo web request for share count failed
2026-07-05 14:10:38,678 ERROR PTCIL.NS: Yahoo web request for share count failed
2026-07-05 14:10:38,678 ERROR PURVA.NS: Yahoo web request for share count failed
2026-07-05 14:10:38,686 ERROR PVRINOX.NS: Yahoo web request for share count failed
2026-07-05 14:10:38,812 ERROR PWL.NS: Yahoo web request for share count failed
2026-07-05 14:10:38,830 ERROR QPOWER.NS: Yahoo web request for share count failed
2026-07-05 14:10:40,380 ERROR TRITURBINE.NS: Yahoo web request for share count failed
2026-07-05 14:10:40,640 ERROR TIINDIA.NS: Yahoo web request for share count failed
2026-07-05 14:10:40,656 ERROR QUESS.NS: Yahoo web request for share count failed
2026-07-05 14:10:40,671 ERROR UCOBANK.NS: Yahoo web request for share count failed
2026-07-05 14:10:40,722 ERROR UNOMINDA.NS: Yahoo web request for share count failed
2026-07-05 14:10:40,726 ERROR UPL.NS: Yahoo web request for share count failed
2026-07-05 14:10:40,731 ERROR UTIAMC.NS: Yahoo web request for share count failed
2026-07-05 14:10:40,778 ERROR UNIONBANK.NS: Yahoo web request for share count failed
2026-07-05 14:10:40,780 ERROR ULTRACEMCO.NS: Yahoo web request for share count failed
2026-07-05 14:10:40,787 ERROR UBL.NS: Yahoo web request for share count failed
2026-07-05 14:10:40,792 ERROR UNITDSPR.NS: Yahoo web request for share count failed
2026-07-05 14:10:40,832 ERROR URBANCO.NS: Yahoo web request for share count failed
2026-07-05 14:10:40,854 ERROR USHAMART.NS: Yahoo web request for share count failed
2026-07-05 14:10:40,862 ERROR VTL.NS: Yahoo web request for share count failed
2026-07-05 14:10:40,880 ERROR VBL.NS: Yahoo web request for share count failed
2026-07-05 14:10:40,888 ERROR VEDL.NS: Yahoo web request for share count failed
2026-07-05 14:10:40,894 ERROR VIJAYA.NS: Yahoo web request for share count failed
2026-07-05 14:10:40,894 ERROR RADICO.NS: Yahoo web request for share count failed
2026-07-05 14:10:45,378 ERROR LAURUSLABS.NS: Yahoo web request for share count failed
2026-07-05 14:10:45,387 ERROR LEMONTREE.NS: Yahoo web request for share count failed
2026-07-05 14:10:55,068 ERROR LENSKART.NS: Yahoo web request for share count failed
2026-07-05 14:10:55,110 ERROR LGEINDIA.NS: Yahoo web request for share count failed
2026-07-05 14:10:55,118 ERROR LICHSGFIN.NS: Yahoo web request for share count failed
2026-07-05 14:10:55,181 ERROR LICI.NS: Yahoo web request for share count failed
2026-07-05 14:10:55,204 ERROR LINDEINDIA.NS: Yahoo web request for share count failed
2026-07-05 14:10:55,204 ERROR LLOYDSENGG.NS: Yahoo web request for share count failed
2026-07-05 14:10:55,234 ERROR LLOYDSENT.NS: Yahoo web request for share count failed
2026-07-05 14:10:55,245 ERROR LLOYDSME.NS: Yahoo web request for share count failed
2026-07-05 14:10:55,256 ERROR LODHA.NS: Yahoo web request for share count failed
2026-07-05 14:10:55,267 ERROR LT.NS: Yahoo web request for share count failed
2026-07-05 14:10:55,269 ERROR LOTUSDEV.NS: Yahoo web request for share count failed
2026-07-05 14:10:55,304 ERROR LTF.NS: Yahoo web request for share count failed
2026-07-05 14:10:55,307 ERROR LTFOODS.NS: Yahoo web request for share count failed
2026-07-05 14:11:35,368 ERROR LTM.NS: Yahoo web request for share count failed
2026-07-05 14:11:36,343 ERROR RAILTEL.NS: Yahoo web request for share count failed
2026-07-05 14:11:36,586 ERROR RAIN.NS: Yahoo web request for share count failed
2026-07-05 14:11:36,669 ERROR RAINBOW.NS: Yahoo web request for share count failed
2026-07-05 14:11:37,350 ERROR RALLIS.NS: Yahoo web request for share count failed
2026-07-05 14:11:37,368 ERROR RAMCOCEM.NS: Yahoo web request for share count failed
2026-07-05 14:11:37,372 ERROR RATEGAIN.NS: Yahoo web request for share count failed
2026-07-05 14:11:37,895 ERROR RATNAMANI.NS: Yahoo web request for share count failed
2026-07-05 14:11:38,627 ERROR RAYMONDLSL.NS: Yahoo web request for share count failed
2026-07-05 14:11:38,667 ERROR RBA.NS: Yahoo web request for share count failed
2026-07-05 14:11:38,711 ERROR RBLBANK.NS: Yahoo web request for share count failed
2026-07-05 14:11:38,714 ERROR RCF.NS: Yahoo web request for share count failed
2026-07-05 14:11:38,716 ERROR RECLTD.NS: Yahoo web request for share count failed
2026-07-05 14:11:38,824 ERROR REDINGTON.NS: Yahoo web request for share count failed
2026-07-05 14:11:38,844 ERROR REDTAPE.NS: Yahoo web request for share count failed
2026-07-05 14:11:40,391 ERROR VMM.NS: Yahoo web request for share count failed
2026-07-05 14:11:40,648 ERROR IDEA.NS: Yahoo web request for share count failed
2026-07-05 14:11:40,664 ERROR REFEX.NS: Yahoo web request for share count failed
2026-07-05 14:11:40,681 ERROR VOLTAS.NS: Yahoo web request for share count failed
2026-07-05 14:11:40,732 ERROR WAAREEENER.NS: Yahoo web request for share count failed
2026-07-05 14:11:40,736 ERROR WELCORP.NS: Yahoo web request for share count failed
2026-07-05 14:11:40,742 ERROR WELSPUNLIV.NS: Yahoo web request for share count failed
2026-07-05 14:11:40,792 ERROR WHIRLPOOL.NS: Yahoo web request for share count failed
2026-07-05 14:11:40,799 ERROR WIPRO.NS: Yahoo web request for share count failed
2026-07-05 14:11:40,805 ERROR WOCKPHARMA.NS: Yahoo web request for share count failed
2026-07-05 14:11:40,805 ERROR YESBANK.NS: Yahoo web request for share count failed
2026-07-05 14:11:40,843 ERROR ZFCVINDIA.NS: Yahoo web request for share count failed
2026-07-05 14:11:40,862 ERROR ZEEL.NS: Yahoo web request for share count failed
2026-07-05 14:11:40,869 ERROR ZENTEC.NS: Yahoo web request for share count failed
2026-07-05 14:11:40,889 ERROR ZENSARTECH.NS: Yahoo web request for share count failed
2026-07-05 14:11:40,896 ERROR ZYDUSLIFE.NS: Yahoo web request for share count failed
2026-07-05 14:11:40,912 ERROR RELAXO.NS: Yahoo web request for share count failed
2026-07-05 14:11:40,912 ERROR ZYDUSWELL.NS: Yahoo web request for share count failed
2026-07-05 14:11:45,390 ERROR LTTS.NS: Yahoo web request for share count failed
2026-07-05 14:11:45,397 ERROR LUMAXTECH.NS: Yahoo web request for share count failed
2026-07-05 14:11:55,081 ERROR LUPIN.NS: Yahoo web request for share count failed
2026-07-05 14:11:55,122 ERROR LXCHEM.NS: Yahoo web request for share count failed
2026-07-05 14:11:55,130 ERROR M&M.NS: Yahoo web request for share count failed
2026-07-05 14:11:55,195 ERROR M&MFIN.NS: Yahoo web request for share count failed
2026-07-05 14:11:55,223 ERROR MAHABANK.NS: Yahoo web request for share count failed
2026-07-05 14:11:55,227 ERROR MAHSCOOTER.NS: Yahoo web request for share count failed
2026-07-05 14:11:55,244 ERROR MAHSEAMLES.NS: Yahoo web request for share count failed
2026-07-05 14:11:55,257 ERROR MANAPPURAM.NS: Yahoo web request for share count failed
2026-07-05 14:11:55,272 ERROR MANKIND.NS: Yahoo web request for share count failed
2026-07-05 14:11:55,287 ERROR MANORAMA.NS: Yahoo web request for share count failed
2026-07-05 14:11:55,287 ERROR MANYAVAR.NS: Yahoo web request for share count failed
2026-07-05 14:11:55,321 ERROR MARICO.NS: Yahoo web request for share count failed
2026-07-05 14:11:55,321 ERROR MAPMYINDIA.NS: Yahoo web request for share count failed
2026-07-05 14:12:35,380 ERROR MARKSANS.NS: Yahoo web request for share count failed
2026-07-05 14:12:36,357 ERROR RELIANCE.NS: Yahoo web request for share count failed
2026-07-05 14:12:36,594 ERROR RELIGARE.NS: Yahoo web request for share count failed
2026-07-05 14:12:36,682 ERROR RENUKA.NS: Yahoo web request for share count failed
2026-07-05 14:12:37,366 ERROR RHIM.NS: Yahoo web request for share count failed
2026-07-05 14:12:37,388 ERROR RKFORGE.NS: Yahoo web request for share count failed
2026-07-05 14:12:37,388 ERROR RITES.NS: Yahoo web request for share count failed
2026-07-05 14:12:37,910 ERROR ROUTE.NS: Yahoo web request for share count failed
2026-07-05 14:12:38,640 ERROR RPOWER.NS: Yahoo web request for share count failed
2026-07-05 14:12:38,684 ERROR RRKABEL.NS: Yahoo web request for share count failed
2026-07-05 14:12:38,730 ERROR RTNINDIA.NS: Yahoo web request for share count failed
2026-07-05 14:12:38,732 ERROR RTNPOWER.NS: Yahoo web request for share count failed
2026-07-05 14:12:38,733 ERROR RUBICON.NS: Yahoo web request for share count failed
2026-07-05 14:12:38,837 ERROR RVNL.NS: Yahoo web request for share count failed
2026-07-05 14:12:38,859 ERROR SAATVIKGL.NS: Yahoo web request for share count failed
2026-07-05 14:12:40,680 ERROR SAFARI.NS: Yahoo web request for share count failed
2026-07-05 14:12:40,931 ERROR SAGILITY.NS: Yahoo web request for share count failed
2026-07-05 14:12:45,402 ERROR MARUTI.NS: Yahoo web request for share count failed
2026-07-05 14:12:45,408 ERROR MASTEK.NS: Yahoo web request for share count failed
2026-07-05 14:12:55,094 ERROR MAXHEALTH.NS: Yahoo web request for share count failed
2026-07-05 14:12:55,132 ERROR MAZDOCK.NS: Yahoo web request for share count failed
2026-07-05 14:12:55,139 ERROR MCX.NS: Yahoo web request for share count failed
2026-07-05 14:12:55,207 ERROR MEDANTA.NS: Yahoo web request for share count failed
2026-07-05 14:12:55,245 ERROR MEESHO.NS: Yahoo web request for share count failed
2026-07-05 14:12:55,246 ERROR MEDPLUS.NS: Yahoo web request for share count failed
2026-07-05 14:12:55,260 ERROR METROPOLIS.NS: Yahoo web request for share count failed
2026-07-05 14:12:55,270 ERROR MFSL.NS: Yahoo web request for share count failed
2026-07-05 14:12:55,283 ERROR MGL.NS: Yahoo web request for share count failed
2026-07-05 14:12:55,307 ERROR MIDHANI.NS: Yahoo web request for share count failed
2026-07-05 14:12:55,308 ERROR MINDACORP.NS: Yahoo web request for share count failed
2026-07-05 14:12:55,339 ERROR MOIL.NS: Yahoo web request for share count failed
2026-07-05 14:12:55,341 ERROR MMTC.NS: Yahoo web request for share count failed
2026-07-05 14:13:35,393 ERROR MOTHERSON.NS: Yahoo web request for share count failed
2026-07-05 14:13:36,374 ERROR SAIL.NS: Yahoo web request for share count failed
2026-07-05 14:13:36,608 ERROR SAILIFE.NS: Yahoo web request for share count failed
2026-07-05 14:13:36,694 ERROR SAMHI.NS: Yahoo web request for share count failed
2026-07-05 14:13:37,381 ERROR SAMMAANCAP.NS: Yahoo web request for share count failed
2026-07-05 14:13:37,409 ERROR SANDUMA.NS: Yahoo web request for share count failed
2026-07-05 14:13:37,413 ERROR SANOFICONR.NS: Yahoo web request for share count failed
2026-07-05 14:13:37,923 ERROR SANSERA.NS: Yahoo web request for share count failed
2026-07-05 14:13:38,656 ERROR SAPPHIRE.NS: Yahoo web request for share count failed
2026-07-05 14:13:38,697 ERROR SARDAEN.NS: Yahoo web request for share count failed
2026-07-05 14:13:38,743 ERROR SBFC.NS: Yahoo web request for share count failed
2026-07-05 14:13:38,746 ERROR SAREGAMA.NS: Yahoo web request for share count failed
2026-07-05 14:13:38,747 ERROR SBICARD.NS: Yahoo web request for share count failed
2026-07-05 14:13:38,851 ERROR SBILIFE.NS: Yahoo web request for share count failed
2026-07-05 14:13:38,876 ERROR SBIN.NS: Yahoo web request for share count failed
2026-07-05 14:13:40,699 ERROR SCHAEFFLER.NS: Yahoo web request for share count failed
2026-07-05 14:13:40,940 ERROR SCHNEIDER.NS: Yahoo web request for share count failed
2026-07-05 14:13:45,411 ERROR MOTILALOFS.NS: Yahoo web request for share count failed
2026-07-05 14:13:45,416 ERROR MPHASIS.NS: Yahoo web request for share count failed
2026-07-05 14:13:55,107 ERROR MRF.NS: Yahoo web request for share count failed
2026-07-05 14:13:55,141 ERROR MRPL.NS: Yahoo web request for share count failed
2026-07-05 14:13:55,148 ERROR MSTCLTD.NS: Yahoo web request for share count failed
2026-07-05 14:13:55,217 ERROR MSUMI.NS: Yahoo web request for share count failed
2026-07-05 14:13:55,260 ERROR MTARTECH.NS: Yahoo web request for share count failed
2026-07-05 14:13:55,264 ERROR MUTHOOTFIN.NS: Yahoo web request for share count failed
2026-07-05 14:13:55,272 ERROR NAM-INDIA.NS: Yahoo web request for share count failed
2026-07-05 14:13:55,280 ERROR NATCOPHARM.NS: Yahoo web request for share count failed
2026-07-05 14:13:55,293 ERROR NATIONALUM.NS: Yahoo web request for share count failed
2026-07-05 14:13:55,321 ERROR NAVA.NS: Yahoo web request for share count failed
2026-07-05 14:13:55,322 ERROR NAUKRI.NS: Yahoo web request for share count failed
2026-07-05 14:13:55,353 ERROR NAZARA.NS: Yahoo web request for share count failed
2026-07-05 14:13:55,356 ERROR NAVINFLUOR.NS: Yahoo web request for share count failed
2026-07-05 14:14:35,406 ERROR NBCC.NS: Yahoo web request for share count failed
2026-07-05 14:14:36,388 ERROR SCI.NS: Yahoo web request for share count failed
2026-07-05 14:14:36,620 ERROR SENCO.NS: Yahoo web request for share count failed
2026-07-05 14:14:36,705 ERROR SFL.NS: Yahoo web request for share count failed
2026-07-05 14:14:37,390 ERROR SHAILY.NS: Yahoo web request for share count failed
2026-07-05 14:14:37,420 ERROR SHAKTIPUMP.NS: Yahoo web request for share count failed
2026-07-05 14:14:37,424 ERROR SHARDACROP.NS: Yahoo web request for share count failed
2026-07-05 14:14:37,935 ERROR SHAREINDIA.NS: Yahoo web request for share count failed
2026-07-05 14:14:38,671 ERROR SHILPAMED.NS: Yahoo web request for share count failed
2026-07-05 14:14:38,706 ERROR SHREECEM.NS: Yahoo web request for share count failed
2026-07-05 14:14:38,768 ERROR SHRIPISTON.NS: Yahoo web request for share count failed
2026-07-05 14:14:38,771 ERROR SHYAMMETL.NS: Yahoo web request for share count failed
2026-07-05 14:14:38,771 ERROR SHRIRAMFIN.NS: Yahoo web request for share count failed
2026-07-05 14:14:38,864 ERROR SIEMENS.NS: Yahoo web request for share count failed
2026-07-05 14:14:38,891 ERROR SIGNATURE.NS: Yahoo web request for share count failed
2026-07-05 14:14:40,713 ERROR SJVN.NS: Yahoo web request for share count failed
2026-07-05 14:14:40,955 ERROR SKFINDIA.NS: Yahoo web request for share count failed
2026-07-05 14:14:45,428 ERROR NCC.NS: Yahoo web request for share count failed
2026-07-05 14:14:45,429 ERROR NEOGEN.NS: Yahoo web request for share count failed
2026-07-05 14:16:53,245 INFO Background metadata worker starting...
2026-07-05 14:16:53,266 INFO Prefetching missing metadata for 751 tickers...
2026-07-05 14:16:57,216 INFO Prefetching missing metadata for 500 tickers...
2026-07-05 14:32:43,347 INFO Background metadata worker starting...
2026-07-05 14:32:43,371 INFO Starting dual-mode scanner with config {'universe': 'Nifty 500', 'min_candles': 300, 'interval': '1d', 'lookback_period': '2y', 'max_candidates': 15, 'min_total_score': 25.0, 'watchlist_min_score': 60.0, 'entry_min_score': 70.0, 'watchlist_trend_weight': 0.2, 'watchlist_base_weight': 0.35, 'watchlist_volume_weight': 0.2, 'watchlist_rs_weight': 0.15, 'watchlist_sector_weight': 0.1, 'entry_trend_weight': 0.2, 'entry_breakout_weight': 0.25, 'entry_volume_weight': 0.2, 'entry_rs_weight': 0.15, 'entry_sector_weight': 0.15, 'entry_risk_weight': 0.1, 'watchlist_price_above_ema200': True, 'watchlist_base_high_pct': 5.0, 'watchlist_base_range_pct': 10.0, 'watchlist_base_days_min': 10, 'watchlist_atr_contraction_pct': -15.0, 'watchlist_bbw_contraction_pct': -20.0, 'watchlist_volume_dryup_pct': -25.0, 'watchlist_rs_min': 60.0, 'watchlist_sector_strength_min': 0.0, 'entry_breakout_volume_ratio': 2.0, 'entry_rs_rank_min': 80.0, 'entry_risk_reward_min': 2.0, 'entry_extension_pct': 10.0, 'entry_atr_expansion_pct': 1.8, 'ema_fast': 20, 'ema_medium': 50, 'ema_slow': 200, 'atr_window': 20, 'contraction_window': 20, 'volume_sma_window': 20, 'volume_contraction_lookback': 20, 'volume_multiplier': 1.6, 'relative_strength_window': 90, 'relative_strength_period_1': 30, 'relative_strength_period_2': 60, 'relative_strength_period_3': 90, 'relative_strength_min_data': 30, 'sector_lookback': 60, 'risk_atr_multiplier': 2.5, 'sector_blacklist': ['Financial Services', 'Utilities'], 'required_columns': ['Open', 'High', 'Low', 'Close', 'Volume']}
2026-07-05 14:32:43,386 INFO Prefetching missing metadata for 751 tickers...
2026-07-05 14:32:44,671 ERROR HTTP Error 401: {"finance":{"result":null,"error":{"code":"Unauthorized","description":"Invalid Crumb"}}}
2026-07-05 14:32:52,290 ERROR HTTP Error 401: {"finance":{"result":null,"error":{"code":"Unauthorized","description":"User is unable to access this feature - https://bit.ly/yahoo-finance-api-feedback"}}}
2026-07-05 14:32:52,295 ERROR HTTP Error 401: {"finance":{"result":null,"error":{"code":"Unauthorized","description":"Invalid Crumb"}}}
2026-07-05 14:32:52,325 ERROR HTTP Error 401: {"finance":{"result":null,"error":{"code":"Unauthorized","description":"User is unable to access this feature - https://bit.ly/yahoo-finance-api-feedback"}}}
2026-07-05 14:32:52,809 ERROR HTTP Error 401: {"finance":{"result":null,"error":{"code":"Unauthorized","description":"User is unable to access this feature - https://bit.ly/yahoo-finance-api-feedback"}}}
2026-07-05 14:32:53,413 ERROR HTTP Error 401: {"finance":{"result":null,"error":{"code":"Unauthorized","description":"User is unable to access this feature - https://bit.ly/yahoo-finance-api-feedback"}}}
2026-07-05 14:32:54,663 ERROR HTTP Error 401: {"finance":{"result":null,"error":{"code":"Unauthorized","description":"User is unable to access this feature - https://bit.ly/yahoo-finance-api-feedback"}}}
2026-07-05 14:32:54,667 ERROR HTTP Error 401: {"finance":{"result":null,"error":{"code":"Unauthorized","description":"User is unable to access this feature - https://bit.ly/yahoo-finance-api-feedback"}}}
2026-07-05 14:32:54,672 ERROR HTTP Error 401: {"finance":{"result":null,"error":{"code":"Unauthorized","description":"User is unable to access this feature - https://bit.ly/yahoo-finance-api-feedback"}}}
2026-07-05 14:33:18,369 ERROR HTTP Error 401: {"finance":{"result":null,"error":{"code":"Unauthorized","description":"User is unable to access this feature - https://bit.ly/yahoo-finance-api-feedback"}}}
2026-07-05 14:33:24,125 ERROR HTTP Error 401: {"finance":{"result":null,"error":{"code":"Unauthorized","description":"User is unable to access this feature - https://bit.ly/yahoo-finance-api-feedback"}}}
2026-07-05 14:33:24,130 ERROR HTTP Error 401: {"finance":{"result":null,"error":{"code":"Unauthorized","description":"User is unable to access this feature - https://bit.ly/yahoo-finance-api-feedback"}}}
2026-07-05 14:33:24,135 ERROR HTTP Error 401: {"finance":{"result":null,"error":{"code":"Unauthorized","description":"User is unable to access this feature - https://bit.ly/yahoo-finance-api-feedback"}}}
2026-07-05 14:33:24,149 ERROR HTTP Error 401: {"finance":{"result":null,"error":{"code":"Unauthorized","description":"User is unable to access this feature - https://bit.ly/yahoo-finance-api-feedback"}}}
2026-07-05 14:33:25,068 ERROR HTTP Error 401: {"finance":{"result":null,"error":{"code":"Unauthorized","description":"Invalid Crumb"}}}
2026-07-05 14:33:25,073 ERROR HTTP Error 401: {"finance":{"result":null,"error":{"code":"Unauthorized","description":"Invalid Crumb"}}}
2026-07-05 14:33:26,507 ERROR HTTP Error 401: {"finance":{"result":null,"error":{"code":"Unauthorized","description":"Invalid Crumb"}}}
2026-07-05 14:33:26,521 ERROR HTTP Error 401: {"finance":{"result":null,"error":{"code":"Unauthorized","description":"Invalid Crumb"}}}
2026-07-05 14:33:26,539 ERROR HTTP Error 401: {"finance":{"result":null,"error":{"code":"Unauthorized","description":"Invalid Crumb"}}}
2026-07-05 14:33:27,017 ERROR HTTP Error 401: {"finance":{"result":null,"error":{"code":"Unauthorized","description":"User is unable to access this feature - https://bit.ly/yahoo-finance-api-feedback"}}}
2026-07-05 14:33:27,019 ERROR HTTP Error 401: {"finance":{"result":null,"error":{"code":"Unauthorized","description":"User is unable to access this feature - https://bit.ly/yahoo-finance-api-feedback"}}}
2026-07-05 14:33:27,026 ERROR HTTP Error 401: {"finance":{"result":null,"error":{"code":"Unauthorized","description":"User is unable to access this feature - https://bit.ly/yahoo-finance-api-feedback"}}}
2026-07-05 14:41:07,852 INFO Background cache refresh complete for 751 symbols.
2026-07-05 14:49:57,159 ERROR Exception in callback AppSession._on_scriptrunner_event.<locals>.<lambda>() at /home/kumar/Downloads/workspace/stocks/trading_env/lib/python3.8/site-packages/streamlit/runtime/app_session.py:494
handle: <Handle AppSession._on_scriptrunner_event.<locals>.<lambda>() at /home/kumar/Downloads/workspace/stocks/trading_env/lib/python3.8/site-packages/streamlit/runtime/app_session.py:494>
Traceback (most recent call last):
  File "/usr/lib/python3.8/asyncio/events.py", line 81, in _run
    self._context.run(self._callback, *self._args)
  File "/home/kumar/Downloads/workspace/stocks/trading_env/lib/python3.8/site-packages/streamlit/runtime/app_session.py", line 494, in <lambda>
    lambda: self._handle_scriptrunner_event_on_event_loop(
  File "/home/kumar/Downloads/workspace/stocks/trading_env/lib/python3.8/site-packages/streamlit/runtime/app_session.py", line 621, in _handle_scriptrunner_event_on_event_loop
    self._local_sources_watcher.update_watched_modules()
  File "/home/kumar/Downloads/workspace/stocks/trading_env/lib/python3.8/site-packages/streamlit/watcher/local_sources_watcher.py", line 177, in update_watched_modules
    self._register_necessary_watchers(modules_paths)
  File "/home/kumar/Downloads/workspace/stocks/trading_env/lib/python3.8/site-packages/streamlit/watcher/local_sources_watcher.py", line 183, in _register_necessary_watchers
    self._register_watcher(str(Path(path).resolve()), name)
  File "/home/kumar/Downloads/workspace/stocks/trading_env/lib/python3.8/site-packages/streamlit/watcher/local_sources_watcher.py", line 136, in _register_watcher
    watcher=PathWatcher(filepath, self.on_file_changed),
  File "/home/kumar/Downloads/workspace/stocks/trading_env/lib/python3.8/site-packages/streamlit/watcher/event_based_path_watcher.py", line 107, in __init__
    path_watcher.watch_path(
  File "/home/kumar/Downloads/workspace/stocks/trading_env/lib/python3.8/site-packages/streamlit/watcher/event_based_path_watcher.py", line 185, in watch_path
    folder_handler.watch = self._observer.schedule(
  File "/home/kumar/Downloads/workspace/stocks/trading_env/lib/python3.8/site-packages/watchdog/observers/api.py", line 306, in schedule
    emitter.start()
  File "/home/kumar/Downloads/workspace/stocks/trading_env/lib/python3.8/site-packages/watchdog/utils/__init__.py", line 86, in start
    self.on_thread_start()
  File "/home/kumar/Downloads/workspace/stocks/trading_env/lib/python3.8/site-packages/watchdog/observers/inotify.py", line 123, in on_thread_start
    self._inotify = InotifyBuffer(path, self.watch.is_recursive, event_mask)
  File "/home/kumar/Downloads/workspace/stocks/trading_env/lib/python3.8/site-packages/watchdog/observers/inotify_buffer.py", line 37, in __init__
    self._inotify = Inotify(path, recursive, event_mask)
  File "/home/kumar/Downloads/workspace/stocks/trading_env/lib/python3.8/site-packages/watchdog/observers/inotify_c.py", line 173, in __init__
    self._add_dir_watch(path, recursive, event_mask)
  File "/home/kumar/Downloads/workspace/stocks/trading_env/lib/python3.8/site-packages/watchdog/observers/inotify_c.py", line 367, in _add_dir_watch
    self._add_watch(path, mask)
  File "/home/kumar/Downloads/workspace/stocks/trading_env/lib/python3.8/site-packages/watchdog/observers/inotify_c.py", line 387, in _add_watch
    Inotify._raise_error()
  File "/home/kumar/Downloads/workspace/stocks/trading_env/lib/python3.8/site-packages/watchdog/observers/inotify_c.py", line 398, in _raise_error
    raise OSError(errno.ENOSPC, "inotify watch limit reached")
OSError: [Errno 28] inotify watch limit reached
2026-07-05 14:50:08,663 INFO Background metadata worker starting...
2026-07-05 14:50:08,682 INFO Prefetching missing metadata for 751 tickers...
2026-07-05 14:50:10,837 ERROR HTTP Error 401: {"finance":{"result":null,"error":{"code":"Unauthorized","description":"User is unable to access this feature - https://bit.ly/yahoo-finance-api-feedback"}}}
2026-07-05 14:50:10,841 ERROR HTTP Error 401: {"finance":{"result":null,"error":{"code":"Unauthorized","description":"User is unable to access this feature - https://bit.ly/yahoo-finance-api-feedback"}}}
2026-07-05 14:50:10,849 ERROR HTTP Error 401: {"finance":{"result":null,"error":{"code":"Unauthorized","description":"User is unable to access this feature - https://bit.ly/yahoo-finance-api-feedback"}}}
2026-07-05 14:50:10,852 ERROR HTTP Error 401: {"finance":{"result":null,"error":{"code":"Unauthorized","description":"User is unable to access this feature - https://bit.ly/yahoo-finance-api-feedback"}}}
2026-07-05 14:50:10,857 ERROR HTTP Error 401: {"finance":{"result":null,"error":{"code":"Unauthorized","description":"User is unable to access this feature - https://bit.ly/yahoo-finance-api-feedback"}}}
2026-07-05 14:50:10,858 ERROR HTTP Error 401: {"finance":{"result":null,"error":{"code":"Unauthorized","description":"User is unable to access this feature - https://bit.ly/yahoo-finance-api-feedback"}}}
2026-07-05 14:50:10,864 ERROR HTTP Error 401: {"finance":{"result":null,"error":{"code":"Unauthorized","description":"User is unable to access this feature - https://bit.ly/yahoo-finance-api-feedback"}}}
2026-07-05 14:50:10,865 ERROR HTTP Error 401: {"finance":{"result":null,"error":{"code":"Unauthorized","description":"User is unable to access this feature - https://bit.ly/yahoo-finance-api-feedback"}}}
2026-07-05 14:50:10,866 ERROR HTTP Error 401: {"finance":{"result":null,"error":{"code":"Unauthorized","description":"User is unable to access this feature - https://bit.ly/yahoo-finance-api-feedback"}}}
2026-07-05 14:50:10,867 ERROR HTTP Error 401: {"finance":{"result":null,"error":{"code":"Unauthorized","description":"User is unable to access this feature - https://bit.ly/yahoo-finance-api-feedback"}}}
2026-07-05 14:50:10,871 ERROR HTTP Error 401: {"finance":{"result":null,"error":{"code":"Unauthorized","description":"User is unable to access this feature - https://bit.ly/yahoo-finance-api-feedback"}}}
2026-07-05 14:50:10,874 ERROR HTTP Error 401: {"finance":{"result":null,"error":{"code":"Unauthorized","description":"User is unable to access this feature - https://bit.ly/yahoo-finance-api-feedback"}}}
2026-07-05 14:50:10,882 ERROR HTTP Error 401: {"finance":{"result":null,"error":{"code":"Unauthorized","description":"User is unable to access this feature - https://bit.ly/yahoo-finance-api-feedback"}}}
2026-07-05 14:50:10,956 ERROR HTTP Error 401: {"finance":{"result":null,"error":{"code":"Unauthorized","description":"User is unable to access this feature - https://bit.ly/yahoo-finance-api-feedback"}}}
2026-07-05 14:50:11,400 INFO Prefetching missing metadata for 500 tickers...
2026-07-05 14:51:41,222 INFO Starting dual-mode scanner with config {'universe': 'Nifty 500', 'min_candles': 300, 'interval': '1d', 'lookback_period': '2y', 'max_candidates': 15, 'min_total_score': 25.0, 'watchlist_min_score': 60.0, 'entry_min_score': 70.0, 'watchlist_trend_weight': 0.2, 'watchlist_base_weight': 0.35, 'watchlist_volume_weight': 0.2, 'watchlist_rs_weight': 0.15, 'watchlist_sector_weight': 0.1, 'entry_trend_weight': 0.2, 'entry_breakout_weight': 0.25, 'entry_volume_weight': 0.2, 'entry_rs_weight': 0.15, 'entry_sector_weight': 0.15, 'entry_risk_weight': 0.1, 'watchlist_price_above_ema200': True, 'watchlist_base_high_pct': 5.0, 'watchlist_base_range_pct': 10.0, 'watchlist_base_days_min': 10, 'watchlist_atr_contraction_pct': -15.0, 'watchlist_bbw_contraction_pct': -20.0, 'watchlist_volume_dryup_pct': -25.0, 'watchlist_rs_min': 60.0, 'watchlist_sector_strength_min': 0.0, 'entry_breakout_volume_ratio': 2.0, 'entry_rs_rank_min': 80.0, 'entry_risk_reward_min': 2.0, 'entry_extension_pct': 10.0, 'entry_atr_expansion_pct': 1.8, 'ema_fast': 20, 'ema_medium': 50, 'ema_slow': 200, 'atr_window': 20, 'contraction_window': 20, 'volume_sma_window': 20, 'volume_contraction_lookback': 20, 'volume_multiplier': 1.6, 'relative_strength_window': 90, 'relative_strength_period_1': 30, 'relative_strength_period_2': 60, 'relative_strength_period_3': 90, 'relative_strength_min_data': 30, 'sector_lookback': 60, 'risk_atr_multiplier': 2.5, 'sector_blacklist': ['Financial Services', 'Utilities'], 'required_columns': ['Open', 'High', 'Low', 'Close', 'Volume']}
2026-07-05 14:51:48,223 ERROR HTTP Error 401: {"finance":{"result":null,"error":{"code":"Unauthorized","description":"User is unable to access this feature - https://bit.ly/yahoo-finance-api-feedback"}}}
2026-07-05 14:51:48,233 ERROR HTTP Error 401: {"finance":{"result":null,"error":{"code":"Unauthorized","description":"User is unable to access this feature - https://bit.ly/yahoo-finance-api-feedback"}}}
2026-07-05 14:52:16,185 ERROR HTTP Error 401: {"finance":{"result":null,"error":{"code":"Unauthorized","description":"User is unable to access this feature - https://bit.ly/yahoo-finance-api-feedback"}}}
2026-07-05 14:52:16,197 ERROR HTTP Error 401: {"finance":{"result":null,"error":{"code":"Unauthorized","description":"User is unable to access this feature - https://bit.ly/yahoo-finance-api-feedback"}}}
2026-07-05 14:52:23,231 INFO Saved 46 rows to data/watchlist.csv
2026-07-05 14:52:23,233 INFO Saved 30 rows to data/entry.csv
2026-07-05 14:52:23,239 INFO Watchlist candidates: 46 | Entry candidates: 30
2026-07-05 14:52:25,443 ERROR Exception in callback AppSession._on_scriptrunner_event.<locals>.<lambda>() at /home/kumar/Downloads/workspace/stocks/trading_env/lib/python3.8/site-packages/streamlit/runtime/app_session.py:494
handle: <Handle AppSession._on_scriptrunner_event.<locals>.<lambda>() at /home/kumar/Downloads/workspace/stocks/trading_env/lib/python3.8/site-packages/streamlit/runtime/app_session.py:494>
Traceback (most recent call last):
  File "/usr/lib/python3.8/asyncio/events.py", line 81, in _run
    self._context.run(self._callback, *self._args)
  File "/home/kumar/Downloads/workspace/stocks/trading_env/lib/python3.8/site-packages/streamlit/runtime/app_session.py", line 494, in <lambda>
    lambda: self._handle_scriptrunner_event_on_event_loop(
  File "/home/kumar/Downloads/workspace/stocks/trading_env/lib/python3.8/site-packages/streamlit/runtime/app_session.py", line 621, in _handle_scriptrunner_event_on_event_loop
    self._local_sources_watcher.update_watched_modules()
  File "/home/kumar/Downloads/workspace/stocks/trading_env/lib/python3.8/site-packages/streamlit/watcher/local_sources_watcher.py", line 177, in update_watched_modules
    self._register_necessary_watchers(modules_paths)
  File "/home/kumar/Downloads/workspace/stocks/trading_env/lib/python3.8/site-packages/streamlit/watcher/local_sources_watcher.py", line 183, in _register_necessary_watchers
    self._register_watcher(str(Path(path).resolve()), name)
  File "/home/kumar/Downloads/workspace/stocks/trading_env/lib/python3.8/site-packages/streamlit/watcher/local_sources_watcher.py", line 136, in _register_watcher
    watcher=PathWatcher(filepath, self.on_file_changed),
  File "/home/kumar/Downloads/workspace/stocks/trading_env/lib/python3.8/site-packages/streamlit/watcher/event_based_path_watcher.py", line 107, in __init__
    path_watcher.watch_path(
  File "/home/kumar/Downloads/workspace/stocks/trading_env/lib/python3.8/site-packages/streamlit/watcher/event_based_path_watcher.py", line 185, in watch_path
    folder_handler.watch = self._observer.schedule(
  File "/home/kumar/Downloads/workspace/stocks/trading_env/lib/python3.8/site-packages/watchdog/observers/api.py", line 306, in schedule
    emitter.start()
  File "/home/kumar/Downloads/workspace/stocks/trading_env/lib/python3.8/site-packages/watchdog/utils/__init__.py", line 86, in start
    self.on_thread_start()
  File "/home/kumar/Downloads/workspace/stocks/trading_env/lib/python3.8/site-packages/watchdog/observers/inotify.py", line 123, in on_thread_start
    self._inotify = InotifyBuffer(path, self.watch.is_recursive, event_mask)
  File "/home/kumar/Downloads/workspace/stocks/trading_env/lib/python3.8/site-packages/watchdog/observers/inotify_buffer.py", line 37, in __init__
    self._inotify = Inotify(path, recursive, event_mask)
  File "/home/kumar/Downloads/workspace/stocks/trading_env/lib/python3.8/site-packages/watchdog/observers/inotify_c.py", line 173, in __init__
    self._add_dir_watch(path, recursive, event_mask)
  File "/home/kumar/Downloads/workspace/stocks/trading_env/lib/python3.8/site-packages/watchdog/observers/inotify_c.py", line 367, in _add_dir_watch
    self._add_watch(path, mask)
  File "/home/kumar/Downloads/workspace/stocks/trading_env/lib/python3.8/site-packages/watchdog/observers/inotify_c.py", line 387, in _add_watch
    Inotify._raise_error()
  File "/home/kumar/Downloads/workspace/stocks/trading_env/lib/python3.8/site-packages/watchdog/observers/inotify_c.py", line 398, in _raise_error
    raise OSError(errno.ENOSPC, "inotify watch limit reached")
OSError: [Errno 28] inotify watch limit reached
2026-07-05 14:55:28,841 INFO Prefetching missing metadata for 500 tickers...
2026-07-05 15:21:28,886 ERROR Exception in callback AppSession._on_scriptrunner_event.<locals>.<lambda>() at /home/kumar/Downloads/workspace/stocks/trading_env/lib/python3.8/site-packages/streamlit/runtime/app_session.py:494
handle: <Handle AppSession._on_scriptrunner_event.<locals>.<lambda>() at /home/kumar/Downloads/workspace/stocks/trading_env/lib/python3.8/site-packages/streamlit/runtime/app_session.py:494>
Traceback (most recent call last):
  File "/usr/lib/python3.8/asyncio/events.py", line 81, in _run
    self._context.run(self._callback, *self._args)
  File "/home/kumar/Downloads/workspace/stocks/trading_env/lib/python3.8/site-packages/streamlit/runtime/app_session.py", line 494, in <lambda>
    lambda: self._handle_scriptrunner_event_on_event_loop(
  File "/home/kumar/Downloads/workspace/stocks/trading_env/lib/python3.8/site-packages/streamlit/runtime/app_session.py", line 621, in _handle_scriptrunner_event_on_event_loop
    self._local_sources_watcher.update_watched_modules()
  File "/home/kumar/Downloads/workspace/stocks/trading_env/lib/python3.8/site-packages/streamlit/watcher/local_sources_watcher.py", line 177, in update_watched_modules
    self._register_necessary_watchers(modules_paths)
  File "/home/kumar/Downloads/workspace/stocks/trading_env/lib/python3.8/site-packages/streamlit/watcher/local_sources_watcher.py", line 183, in _register_necessary_watchers
    self._register_watcher(str(Path(path).resolve()), name)
  File "/home/kumar/Downloads/workspace/stocks/trading_env/lib/python3.8/site-packages/streamlit/watcher/local_sources_watcher.py", line 136, in _register_watcher
    watcher=PathWatcher(filepath, self.on_file_changed),
  File "/home/kumar/Downloads/workspace/stocks/trading_env/lib/python3.8/site-packages/streamlit/watcher/event_based_path_watcher.py", line 107, in __init__
    path_watcher.watch_path(
  File "/home/kumar/Downloads/workspace/stocks/trading_env/lib/python3.8/site-packages/streamlit/watcher/event_based_path_watcher.py", line 185, in watch_path
    folder_handler.watch = self._observer.schedule(
  File "/home/kumar/Downloads/workspace/stocks/trading_env/lib/python3.8/site-packages/watchdog/observers/api.py", line 306, in schedule
    emitter.start()
  File "/home/kumar/Downloads/workspace/stocks/trading_env/lib/python3.8/site-packages/watchdog/utils/__init__.py", line 86, in start
    self.on_thread_start()
  File "/home/kumar/Downloads/workspace/stocks/trading_env/lib/python3.8/site-packages/watchdog/observers/inotify.py", line 123, in on_thread_start
    self._inotify = InotifyBuffer(path, self.watch.is_recursive, event_mask)
  File "/home/kumar/Downloads/workspace/stocks/trading_env/lib/python3.8/site-packages/watchdog/observers/inotify_buffer.py", line 37, in __init__
    self._inotify = Inotify(path, recursive, event_mask)
  File "/home/kumar/Downloads/workspace/stocks/trading_env/lib/python3.8/site-packages/watchdog/observers/inotify_c.py", line 173, in __init__
    self._add_dir_watch(path, recursive, event_mask)
  File "/home/kumar/Downloads/workspace/stocks/trading_env/lib/python3.8/site-packages/watchdog/observers/inotify_c.py", line 367, in _add_dir_watch
    self._add_watch(path, mask)
  File "/home/kumar/Downloads/workspace/stocks/trading_env/lib/python3.8/site-packages/watchdog/observers/inotify_c.py", line 387, in _add_watch
    Inotify._raise_error()
  File "/home/kumar/Downloads/workspace/stocks/trading_env/lib/python3.8/site-packages/watchdog/observers/inotify_c.py", line 398, in _raise_error
    raise OSError(errno.ENOSPC, "inotify watch limit reached")
OSError: [Errno 28] inotify watch limit reached
2026-07-05 15:21:41,444 INFO Background metadata worker starting...
2026-07-05 15:21:41,462 INFO Prefetching missing metadata for 751 tickers...
2026-07-05 15:21:44,428 ERROR HTTP Error 401: {"finance":{"result":null,"error":{"code":"Unauthorized","description":"User is unable to access this feature - https://bit.ly/yahoo-finance-api-feedback"}}}
2026-07-05 15:21:44,429 ERROR HTTP Error 401: {"finance":{"result":null,"error":{"code":"Unauthorized","description":"User is unable to access this feature - https://bit.ly/yahoo-finance-api-feedback"}}}
2026-07-05 15:21:44,434 ERROR HTTP Error 401: {"finance":{"result":null,"error":{"code":"Unauthorized","description":"User is unable to access this feature - https://bit.ly/yahoo-finance-api-feedback"}}}
2026-07-05 15:21:44,437 ERROR HTTP Error 401: {"finance":{"result":null,"error":{"code":"Unauthorized","description":"User is unable to access this feature - https://bit.ly/yahoo-finance-api-feedback"}}}
2026-07-05 15:21:44,438 ERROR HTTP Error 401: {"finance":{"result":null,"error":{"code":"Unauthorized","description":"User is unable to access this feature - https://bit.ly/yahoo-finance-api-feedback"}}}
2026-07-05 15:21:44,440 ERROR HTTP Error 401: {"finance":{"result":null,"error":{"code":"Unauthorized","description":"User is unable to access this feature - https://bit.ly/yahoo-finance-api-feedback"}}}
2026-07-05 15:21:44,441 ERROR HTTP Error 401: {"finance":{"result":null,"error":{"code":"Unauthorized","description":"User is unable to access this feature - https://bit.ly/yahoo-finance-api-feedback"}}}
2026-07-05 15:21:44,446 ERROR HTTP Error 401: {"finance":{"result":null,"error":{"code":"Unauthorized","description":"User is unable to access this feature - https://bit.ly/yahoo-finance-api-feedback"}}}
2026-07-05 15:21:44,450 ERROR HTTP Error 401: {"finance":{"result":null,"error":{"code":"Unauthorized","description":"User is unable to access this feature - https://bit.ly/yahoo-finance-api-feedback"}}}
2026-07-05 15:21:44,453 ERROR HTTP Error 401: {"finance":{"result":null,"error":{"code":"Unauthorized","description":"User is unable to access this feature - https://bit.ly/yahoo-finance-api-feedback"}}}
2026-07-05 15:21:44,599 ERROR HTTP Error 401: {"finance":{"result":null,"error":{"code":"Unauthorized","description":"User is unable to access this feature - https://bit.ly/yahoo-finance-api-feedback"}}}
2026-07-05 15:21:45,963 ERROR Exception in callback AppSession._on_scriptrunner_event.<locals>.<lambda>() at /home/kumar/Downloads/workspace/stocks/trading_env/lib/python3.8/site-packages/streamlit/runtime/app_session.py:494
handle: <Handle AppSession._on_scriptrunner_event.<locals>.<lambda>() at /home/kumar/Downloads/workspace/stocks/trading_env/lib/python3.8/site-packages/streamlit/runtime/app_session.py:494>
Traceback (most recent call last):
  File "/usr/lib/python3.8/asyncio/events.py", line 81, in _run
    self._context.run(self._callback, *self._args)
  File "/home/kumar/Downloads/workspace/stocks/trading_env/lib/python3.8/site-packages/streamlit/runtime/app_session.py", line 494, in <lambda>
    lambda: self._handle_scriptrunner_event_on_event_loop(
  File "/home/kumar/Downloads/workspace/stocks/trading_env/lib/python3.8/site-packages/streamlit/runtime/app_session.py", line 621, in _handle_scriptrunner_event_on_event_loop
    self._local_sources_watcher.update_watched_modules()
  File "/home/kumar/Downloads/workspace/stocks/trading_env/lib/python3.8/site-packages/streamlit/watcher/local_sources_watcher.py", line 177, in update_watched_modules
    self._register_necessary_watchers(modules_paths)
  File "/home/kumar/Downloads/workspace/stocks/trading_env/lib/python3.8/site-packages/streamlit/watcher/local_sources_watcher.py", line 183, in _register_necessary_watchers
    self._register_watcher(str(Path(path).resolve()), name)
  File "/home/kumar/Downloads/workspace/stocks/trading_env/lib/python3.8/site-packages/streamlit/watcher/local_sources_watcher.py", line 136, in _register_watcher
    watcher=PathWatcher(filepath, self.on_file_changed),
  File "/home/kumar/Downloads/workspace/stocks/trading_env/lib/python3.8/site-packages/streamlit/watcher/event_based_path_watcher.py", line 107, in __init__
    path_watcher.watch_path(
  File "/home/kumar/Downloads/workspace/stocks/trading_env/lib/python3.8/site-packages/streamlit/watcher/event_based_path_watcher.py", line 185, in watch_path
    folder_handler.watch = self._observer.schedule(
  File "/home/kumar/Downloads/workspace/stocks/trading_env/lib/python3.8/site-packages/watchdog/observers/api.py", line 306, in schedule
    emitter.start()
  File "/home/kumar/Downloads/workspace/stocks/trading_env/lib/python3.8/site-packages/watchdog/utils/__init__.py", line 86, in start
    self.on_thread_start()
  File "/home/kumar/Downloads/workspace/stocks/trading_env/lib/python3.8/site-packages/watchdog/observers/inotify.py", line 123, in on_thread_start
    self._inotify = InotifyBuffer(path, self.watch.is_recursive, event_mask)
  File "/home/kumar/Downloads/workspace/stocks/trading_env/lib/python3.8/site-packages/watchdog/observers/inotify_buffer.py", line 37, in __init__
    self._inotify = Inotify(path, recursive, event_mask)
  File "/home/kumar/Downloads/workspace/stocks/trading_env/lib/python3.8/site-packages/watchdog/observers/inotify_c.py", line 173, in __init__
    self._add_dir_watch(path, recursive, event_mask)
  File "/home/kumar/Downloads/workspace/stocks/trading_env/lib/python3.8/site-packages/watchdog/observers/inotify_c.py", line 367, in _add_dir_watch
    self._add_watch(path, mask)
  File "/home/kumar/Downloads/workspace/stocks/trading_env/lib/python3.8/site-packages/watchdog/observers/inotify_c.py", line 387, in _add_watch
    Inotify._raise_error()
  File "/home/kumar/Downloads/workspace/stocks/trading_env/lib/python3.8/site-packages/watchdog/observers/inotify_c.py", line 398, in _raise_error
    raise OSError(errno.ENOSPC, "inotify watch limit reached")
OSError: [Errno 28] inotify watch limit reached
2026-07-05 15:21:54,757 INFO Prefetching missing metadata for 500 tickers...
2026-07-05 15:23:06,945 ERROR $ALKEM.NS: possibly delisted; no price data found  (period=1y)
2026-07-05 15:23:07,238 ERROR $AMBER.NS: possibly delisted; no price data found  (period=1y)
2026-07-05 15:23:07,243 ERROR $AMBUJACEM.NS: possibly delisted; no price data found  (period=1y)
2026-07-05 15:23:07,341 ERROR $ANANDRATHI.NS: possibly delisted; no price data found  (period=1y)
2026-07-05 15:23:07,348 ERROR $ANANTRAJ.NS: possibly delisted; no price data found  (period=1y)
2026-07-05 15:23:07,353 ERROR $ANGELONE.NS: possibly delisted; no price data found  (period=1y)
2026-07-05 15:23:16,952 ERROR $ALKEM.NS: possibly delisted; no price data found  (period=5d)
2026-07-05 15:23:17,245 ERROR $AMBER.NS: possibly delisted; no price data found  (period=5d)
2026-07-05 15:23:17,255 ERROR $AMBUJACEM.NS: possibly delisted; no price data found  (period=5d)
2026-07-05 15:23:17,350 ERROR $ANANDRATHI.NS: possibly delisted; no price data found  (period=5d)
2026-07-05 15:23:17,358 ERROR $ANANTRAJ.NS: possibly delisted; no price data found  (period=5d)
2026-07-05 15:23:17,362 ERROR $ANGELONE.NS: possibly delisted; no price data found  (period=5d)
2026-07-05 15:23:26,984 ERROR ABDL.NS: Yahoo web request for share count failed
2026-07-05 15:23:27,022 ERROR ARE&M.NS: Yahoo web request for share count failed
2026-07-05 15:23:27,348 ERROR ANURAS.NS: Yahoo web request for share count failed
2026-07-05 15:23:27,351 ERROR ANTHEM.NS: Yahoo web request for share count failed
2026-07-05 15:23:27,450 ERROR APARINDS.NS: Yahoo web request for share count failed
2026-07-05 15:23:27,494 ERROR APOLLOHOSP.NS: Yahoo web request for share count failed
2026-07-05 15:23:27,509 ERROR APOLLOTYRE.NS: Yahoo web request for share count failed
2026-07-05 15:23:27,523 ERROR APTUS.NS: Yahoo web request for share count failed
2026-07-05 15:23:27,626 ERROR ASAHIINDIA.NS: Yahoo web request for share count failed
2026-07-05 15:23:27,844 ERROR ASHOKLEY.NS: Yahoo web request for share count failed
2026-07-05 15:23:46,240 ERROR ANTHEM.NS: Yahoo web request for share count failed
2026-07-05 15:23:46,254 ERROR ANUP.NS: Yahoo web request for share count failed
2026-07-05 15:23:46,373 ERROR ANURAS.NS: Yahoo web request for share count failed
2026-07-05 15:23:46,410 ERROR APARINDS.NS: Yahoo web request for share count failed
2026-07-05 15:23:46,461 ERROR APLLTD.NS: Yahoo web request for share count failed
2026-07-05 15:23:46,468 ERROR APLAPOLLO.NS: Yahoo web request for share count failed
2026-07-05 15:23:46,468 ERROR APOLLO.NS: Yahoo web request for share count failed
2026-07-05 15:23:46,484 ERROR APOLLOHOSP.NS: Yahoo web request for share count failed
2026-07-05 15:23:46,488 ERROR APTUS.NS: Yahoo web request for share count failed
2026-07-05 15:23:46,490 ERROR APOLLOTYRE.NS: Yahoo web request for share count failed
2026-07-05 15:23:46,567 ERROR ARE&M.NS: Yahoo web request for share count failed
2026-07-05 15:23:46,574 ERROR ARVIND.NS: Yahoo web request for share count failed
2026-07-05 15:23:46,636 ERROR ARVINDFASN.NS: Yahoo web request for share count failed
2026-07-05 15:23:46,727 ERROR ASAHIINDIA.NS: Yahoo web request for share count failed
2026-07-05 15:23:46,732 ERROR ASHAPURMIN.NS: Yahoo web request for share count failed
2026-07-05 15:23:46,961 ERROR ASIANPAINT.NS: Yahoo web request for share count failed
2026-07-05 15:23:47,023 ERROR ASHOKA.NS: Yahoo web request for share count failed
2026-07-05 15:23:47,257 ERROR ASTERDM.NS: Yahoo web request for share count failed
2026-07-05 15:23:47,264 ERROR ASTRAL.NS: Yahoo web request for share count failed
2026-07-05 15:23:47,380 ERROR ATUL.NS: Yahoo web request for share count failed
2026-07-05 15:23:47,383 ERROR ATHERENERG.NS: Yahoo web request for share count failed
2026-07-05 15:23:47,386 ERROR AUROPHARMA.NS: Yahoo web request for share count failed
2026-07-05 15:24:06,994 ERROR $AIIL.NS: possibly delisted; no price data found  (period=1y)
2026-07-05 15:24:17,000 ERROR $AIIL.NS: possibly delisted; no price data found  (period=5d)
2026-07-05 15:24:26,505 ERROR $ATGL.NS: possibly delisted; no price data found  (period=1y)
2026-07-05 15:24:27,031 ERROR DMART.NS: Yahoo web request for share count failed
2026-07-05 15:24:27,362 ERROR AXISBANK.NS: Yahoo web request for share count failed
2026-07-05 15:24:27,365 ERROR BEML.NS: Yahoo web request for share count failed
2026-07-05 15:24:27,461 ERROR BLS.NS: Yahoo web request for share count failed
2026-07-05 15:24:27,503 ERROR BSE.NS: Yahoo web request for share count failed
2026-07-05 15:24:27,518 ERROR BAJAJ-AUTO.NS: Yahoo web request for share count failed
2026-07-05 15:24:27,532 ERROR BAJFINANCE.NS: Yahoo web request for share count failed
2026-07-05 15:24:27,635 ERROR BAJAJFINSV.NS: Yahoo web request for share count failed
2026-07-05 15:24:27,854 ERROR BAJAJHLDNG.NS: Yahoo web request for share count failed
2026-07-05 15:24:36,511 ERROR $ATGL.NS: possibly delisted; no price data found  (period=5d)
2026-07-05 15:24:46,254 ERROR ASHOKLEY.NS: Yahoo web request for share count failed
2026-07-05 15:24:46,264 ERROR ASIANPAINT.NS: Yahoo web request for share count failed
2026-07-05 15:24:46,384 ERROR ASKAUTOLTD.NS: Yahoo web request for share count failed
2026-07-05 15:24:46,420 ERROR ASTERDM.NS: Yahoo web request for share count failed
2026-07-05 15:24:46,488 ERROR ASTRAL.NS: Yahoo web request for share count failed
2026-07-05 15:24:46,492 ERROR ASTRAMICRO.NS: Yahoo web request for share count failed
2026-07-05 15:24:46,522 ERROR ATLANTAELE.NS: Yahoo web request for share count failed
2026-07-05 15:24:46,523 ERROR ATHERENERG.NS: Yahoo web request for share count failed
2026-07-05 15:24:46,528 ERROR ATUL.NS: Yahoo web request for share count failed
2026-07-05 15:24:46,581 ERROR AUBANK.NS: Yahoo web request for share count failed
2026-07-05 15:24:46,586 ERROR AURIONPRO.NS: Yahoo web request for share count failed
2026-07-05 15:24:46,650 ERROR AUROPHARMA.NS: Yahoo web request for share count failed
2026-07-05 15:24:46,743 ERROR AVALON.NS: Yahoo web request for share count failed
2026-07-05 15:24:46,747 ERROR AVANTIFEED.NS: Yahoo web request for share count failed
2026-07-05 15:24:46,976 ERROR BAJAJHFL.NS: Yahoo web request for share count failed
2026-07-05 15:24:47,011 ERROR BALKRISIND.NS: Yahoo web request for share count failed
2026-07-05 15:24:47,038 ERROR AVL.NS: Yahoo web request for share count failed
2026-07-05 15:24:47,271 ERROR BALRAMCHIN.NS: Yahoo web request for share count failed
2026-07-05 15:24:47,277 ERROR BANDHANBNK.NS: Yahoo web request for share count failed
2026-07-05 15:24:47,403 ERROR BANKBARODA.NS: Yahoo web request for share count failed
2026-07-05 15:24:47,419 ERROR BANKINDIA.NS: Yahoo web request for share count failed
2026-07-05 15:24:47,421 ERROR MAHABANK.NS: Yahoo web request for share count failed
2026-07-05 15:25:06,521 ERROR AWFIS.NS: Yahoo web request for share count failed
2026-07-05 15:25:27,044 ERROR BATAINDIA.NS: Yahoo web request for share count failed
2026-07-05 15:25:27,383 ERROR BAYERCROP.NS: Yahoo web request for share count failed
2026-07-05 15:25:27,386 ERROR BELRISE.NS: Yahoo web request for share count failed
2026-07-05 15:25:27,474 ERROR BERGEPAINT.NS: Yahoo web request for share count failed
2026-07-05 15:25:27,516 ERROR BDL.NS: Yahoo web request for share count failed
2026-07-05 15:25:27,531 ERROR BEL.NS: Yahoo web request for share count failed
2026-07-05 15:25:27,540 ERROR BHARATFORG.NS: Yahoo web request for share count failed
2026-07-05 15:25:27,648 ERROR BHEL.NS: Yahoo web request for share count failed
2026-07-05 15:25:27,865 ERROR BPCL.NS: Yahoo web request for share count failed
2026-07-05 15:25:46,268 ERROR AWL.NS: Yahoo web request for share count failed
2026-07-05 15:25:46,273 ERROR AXISBANK.NS: Yahoo web request for share count failed
2026-07-05 15:25:46,400 ERROR AXISCADES.NS: Yahoo web request for share count failed
2026-07-05 15:25:46,433 ERROR AZAD.NS: Yahoo web request for share count failed
2026-07-05 15:25:46,509 ERROR BAJAJELEC.NS: Yahoo web request for share count failed
2026-07-05 15:25:46,513 ERROR BAJAJ-AUTO.NS: Yahoo web request for share count failed
2026-07-05 15:25:46,539 ERROR BAJAJFINSV.NS: Yahoo web request for share count failed
2026-07-05 15:25:46,549 ERROR BAJAJHFL.NS: Yahoo web request for share count failed
2026-07-05 15:25:46,552 ERROR BAJAJHLDNG.NS: Yahoo web request for share count failed
2026-07-05 15:25:46,596 ERROR BAJFINANCE.NS: Yahoo web request for share count failed
2026-07-05 15:25:46,601 ERROR BALAMINES.NS: Yahoo web request for share count failed
2026-07-05 15:25:46,665 ERROR BALKRISIND.NS: Yahoo web request for share count failed
2026-07-05 15:25:46,759 ERROR BALRAMCHIN.NS: Yahoo web request for share count failed
2026-07-05 15:25:46,764 ERROR BALUFORGE.NS: Yahoo web request for share count failed
2026-07-05 15:25:46,989 ERROR BHARTIARTL.NS: Yahoo web request for share count failed
2026-07-05 15:25:47,023 ERROR BHARTIHEXA.NS: Yahoo web request for share count failed
2026-07-05 15:25:47,054 ERROR BANCOINDIA.NS: Yahoo web request for share count failed
2026-07-05 15:25:47,285 ERROR BIKAJI.NS: Yahoo web request for share count failed
2026-07-05 15:25:47,291 ERROR GROWW.NS: Yahoo web request for share count failed
2026-07-05 15:25:47,416 ERROR BIOCON.NS: Yahoo web request for share count failed
2026-07-05 15:25:47,442 ERROR BSOFT.NS: Yahoo web request for share count failed
2026-07-05 15:25:47,444 ERROR BLUEDART.NS: Yahoo web request for share count failed
2026-07-05 15:26:06,529 ERROR BANDHANBNK.NS: Yahoo web request for share count failed
2026-07-05 15:26:27,057 ERROR BLUEJET.NS: Yahoo web request for share count failed
2026-07-05 15:26:27,396 ERROR BLUESTARCO.NS: Yahoo web request for share count failed
2026-07-05 15:26:27,398 ERROR BBTC.NS: Yahoo web request for share count failed
2026-07-05 15:26:27,488 ERROR BOSCHLTD.NS: Yahoo web request for share count failed
2026-07-05 15:26:27,529 ERROR FIRSTCRY.NS: Yahoo web request for share count failed
2026-07-05 15:26:27,541 ERROR BRIGADE.NS: Yahoo web request for share count failed
2026-07-05 15:26:27,549 ERROR BRITANNIA.NS: Yahoo web request for share count failed
2026-07-05 15:26:27,662 ERROR MAPMYINDIA.NS: Yahoo web request for share count failed
2026-07-05 15:26:27,876 ERROR CCL.NS: Yahoo web request for share count failed
2026-07-05 15:26:46,281 ERROR BANKBARODA.NS: Yahoo web request for share count failed
2026-07-05 15:26:46,284 ERROR BANKINDIA.NS: Yahoo web request for share count failed
2026-07-05 15:26:46,412 ERROR BATAINDIA.NS: Yahoo web request for share count failed
2026-07-05 15:26:46,441 ERROR BAYERCROP.NS: Yahoo web request for share count failed
2026-07-05 15:26:46,521 ERROR BBOX.NS: Yahoo web request for share count failed
2026-07-05 15:26:46,525 ERROR BBTC.NS: Yahoo web request for share count failed
2026-07-05 15:26:46,552 ERROR BDL.NS: Yahoo web request for share count failed
2026-07-05 15:26:46,565 ERROR BECTORFOOD.NS: Yahoo web request for share count failed
2026-07-05 15:26:46,565 ERROR BEL.NS: Yahoo web request for share count failed
2026-07-05 15:26:46,612 ERROR BELRISE.NS: Yahoo web request for share count failed
2026-07-05 15:26:46,615 ERROR BEML.NS: Yahoo web request for share count failed
2026-07-05 15:26:46,680 ERROR BERGEPAINT.NS: Yahoo web request for share count failed
2026-07-05 15:26:46,772 ERROR BHARATFORG.NS: Yahoo web request for share count failed
2026-07-05 15:26:46,777 ERROR BHARTIARTL.NS: Yahoo web request for share count failed
2026-07-05 15:26:47,002 ERROR CESC.NS: Yahoo web request for share count failed
2026-07-05 15:26:47,033 ERROR CGPOWER.NS: Yahoo web request for share count failed
2026-07-05 15:26:47,067 ERROR BHARTIHEXA.NS: Yahoo web request for share count failed
2026-07-05 15:26:47,297 ERROR CIEINDIA.NS: Yahoo web request for share count failed
2026-07-05 15:26:47,300 ERROR CRISIL.NS: Yahoo web request for share count failed
2026-07-05 15:26:47,429 ERROR CANFINHOME.NS: Yahoo web request for share count failed
2026-07-05 15:26:47,453 ERROR CANBK.NS: Yahoo web request for share count failed
2026-07-05 15:26:47,455 ERROR CANHLIFE.NS: Yahoo web request for share count failed
2026-07-05 15:27:06,541 ERROR BHEL.NS: Yahoo web request for share count failed
2026-07-05 15:27:27,069 ERROR CAPLIPOINT.NS: Yahoo web request for share count failed
2026-07-05 15:27:27,417 ERROR CGCL.NS: Yahoo web request for share count failed
2026-07-05 15:27:27,419 ERROR CARBORUNIV.NS: Yahoo web request for share count failed
2026-07-05 15:27:27,500 ERROR CARTRADE.NS: Yahoo web request for share count failed
2026-07-05 15:27:27,539 ERROR CASTROLIND.NS: Yahoo web request for share count failed
2026-07-05 15:27:27,550 ERROR CEATLTD.NS: Yahoo web request for share count failed
2026-07-05 15:27:27,563 ERROR CEMPRO.NS: Yahoo web request for share count failed
2026-07-05 15:27:27,675 ERROR CENTRALBK.NS: Yahoo web request for share count failed
2026-07-05 15:27:27,889 ERROR CDSL.NS: Yahoo web request for share count failed
2026-07-05 15:27:46,295 ERROR BIKAJI.NS: Yahoo web request for share count failed
2026-07-05 15:27:46,297 ERROR BIOCON.NS: Yahoo web request for share count failed
2026-07-05 15:27:46,426 ERROR BIRLACORPN.NS: Yahoo web request for share count failed
2026-07-05 15:27:46,454 ERROR BLACKBUCK.NS: Yahoo web request for share count failed
2026-07-05 15:27:46,533 ERROR BLS.NS: Yahoo web request for share count failed
2026-07-05 15:27:46,536 ERROR BLUEDART.NS: Yahoo web request for share count failed
2026-07-05 15:27:46,561 ERROR BLUEJET.NS: Yahoo web request for share count failed
2026-07-05 15:27:46,582 ERROR BLUESTONE.NS: Yahoo web request for share count failed
2026-07-05 15:27:46,582 ERROR BLUESTARCO.NS: Yahoo web request for share count failed
2026-07-05 15:27:46,626 ERROR BORORENEW.NS: Yahoo web request for share count failed
2026-07-05 15:27:46,629 ERROR BOSCHLTD.NS: Yahoo web request for share count failed
2026-07-05 15:27:46,693 ERROR BPCL.NS: Yahoo web request for share count failed
2026-07-05 15:27:46,792 ERROR BRITANNIA.NS: Yahoo web request for share count failed
2026-07-05 15:27:46,793 ERROR BRIGADE.NS: Yahoo web request for share count failed
2026-07-05 15:27:47,014 ERROR CHALET.NS: Yahoo web request for share count failed
2026-07-05 15:27:47,040 ERROR CHAMBLFERT.NS: Yahoo web request for share count failed
2026-07-05 15:27:47,077 ERROR BSE.NS: Yahoo web request for share count failed
2026-07-05 15:27:47,313 ERROR CHENNPETRO.NS: Yahoo web request for share count failed
2026-07-05 15:27:47,316 ERROR CHOICEIN.NS: Yahoo web request for share count failed
2026-07-05 15:27:47,441 ERROR CHOLAHLDNG.NS: Yahoo web request for share count failed
2026-07-05 15:27:47,470 ERROR CIPLA.NS: Yahoo web request for share count failed
2026-07-05 15:27:47,475 ERROR CHOLAFIN.NS: Yahoo web request for share count failed
2026-07-05 15:28:06,554 ERROR BSOFT.NS: Yahoo web request for share count failed
2026-07-05 15:28:27,082 ERROR CUB.NS: Yahoo web request for share count failed
2026-07-05 15:28:27,435 ERROR CLEAN.NS: Yahoo web request for share count failed
2026-07-05 15:28:27,438 ERROR COALINDIA.NS: Yahoo web request for share count failed
2026-07-05 15:28:27,512 ERROR COCHINSHIP.NS: Yahoo web request for share count failed
2026-07-05 15:28:27,549 ERROR COFORGE.NS: Yahoo web request for share count failed
2026-07-05 15:28:27,561 ERROR COHANCE.NS: Yahoo web request for share count failed
2026-07-05 15:28:27,576 ERROR COLPAL.NS: Yahoo web request for share count failed
2026-07-05 15:28:27,687 ERROR CAMS.NS: Yahoo web request for share count failed
2026-07-05 15:28:27,901 ERROR CONCORDBIO.NS: Yahoo web request for share count failed
2026-07-05 15:28:46,308 ERROR CAMS.NS: Yahoo web request for share count failed
2026-07-05 15:28:46,311 ERROR CAMPUS.NS: Yahoo web request for share count failed
2026-07-05 15:28:46,439 ERROR CANBK.NS: Yahoo web request for share count failed
2026-07-05 15:28:46,460 ERROR CANFINHOME.NS: Yahoo web request for share count failed
2026-07-05 15:28:46,547 ERROR CANHLIFE.NS: Yahoo web request for share count failed
2026-07-05 15:28:46,549 ERROR CAPILLARY.NS: Yahoo web request for share count failed
2026-07-05 15:28:46,575 ERROR CAPLIPOINT.NS: Yahoo web request for share count failed
2026-07-05 15:28:46,601 ERROR CARTRADE.NS: Yahoo web request for share count failed
2026-07-05 15:28:46,604 ERROR CARBORUNIV.NS: Yahoo web request for share count failed
2026-07-05 15:28:46,650 ERROR CCAVENUE.NS: Yahoo web request for share count failed
2026-07-05 15:28:46,650 ERROR CASTROLIND.NS: Yahoo web request for share count failed
2026-07-05 15:28:46,705 ERROR CCL.NS: Yahoo web request for share count failed
2026-07-05 15:28:46,811 ERROR CDSL.NS: Yahoo web request for share count failed
2026-07-05 15:28:46,814 ERROR CEATLTD.NS: Yahoo web request for share count failed
2026-07-05 15:28:47,028 ERROR CONCOR.NS: Yahoo web request for share count failed
2026-07-05 15:28:47,049 ERROR COROMANDEL.NS: Yahoo web request for share count failed
2026-07-05 15:28:47,088 ERROR CELLO.NS: Yahoo web request for share count failed
2026-07-05 15:28:47,329 ERROR CRAFTSMAN.NS: Yahoo web request for share count failed
2026-07-05 15:28:47,329 ERROR CREDITACC.NS: Yahoo web request for share count failed
2026-07-05 15:28:47,453 ERROR CROMPTON.NS: Yahoo web request for share count failed
2026-07-05 15:28:47,485 ERROR CUMMINSIND.NS: Yahoo web request for share count failed
2026-07-05 15:28:47,489 ERROR CYIENT.NS: Yahoo web request for share count failed
2026-07-05 15:29:06,565 ERROR CEMPRO.NS: Yahoo web request for share count failed
2026-07-05 15:29:27,096 ERROR DCMSHRIRAM.NS: Yahoo web request for share count failed
2026-07-05 15:29:27,455 ERROR DOMS.NS: Yahoo web request for share count failed
2026-07-05 15:29:27,458 ERROR DLF.NS: Yahoo web request for share count failed
2026-07-05 15:29:27,524 ERROR DABUR.NS: Yahoo web request for share count failed
2026-07-05 15:29:27,561 ERROR DALBHARAT.NS: Yahoo web request for share count failed
2026-07-05 15:29:27,570 ERROR DATAPATTNS.NS: Yahoo web request for share count failed
2026-07-05 15:29:27,585 ERROR DEEPAKFERT.NS: Yahoo web request for share count failed
2026-07-05 15:29:27,700 ERROR DEEPAKNTR.NS: Yahoo web request for share count failed
2026-07-05 15:29:27,914 ERROR DELHIVERY.NS: Yahoo web request for share count failed
2026-07-05 15:29:46,324 ERROR CENTRALBK.NS: Yahoo web request for share count failed
2026-07-05 15:29:46,328 ERROR CENTURYPLY.NS: Yahoo web request for share count failed
2026-07-05 15:29:46,450 ERROR CERA.NS: Yahoo web request for share count failed
2026-07-05 15:29:46,468 ERROR CESC.NS: Yahoo web request for share count failed
2026-07-05 15:29:46,569 ERROR CGPOWER.NS: Yahoo web request for share count failed
2026-07-05 15:29:46,570 ERROR CGCL.NS: Yahoo web request for share count failed
2026-07-05 15:29:46,588 ERROR CHALET.NS: Yahoo web request for share count failed
2026-07-05 15:29:46,624 ERROR CHAMBLFERT.NS: Yahoo web request for share count failed
2026-07-05 15:29:46,627 ERROR CHENNPETRO.NS: Yahoo web request for share count failed
2026-07-05 15:29:46,669 ERROR CHOICEIN.NS: Yahoo web request for share count failed
2026-07-05 15:29:46,670 ERROR CHOLAFIN.NS: Yahoo web request for share count failed
2026-07-05 15:29:46,718 ERROR CHOLAHLDNG.NS: Yahoo web request for share count failed
2026-07-05 15:29:46,829 ERROR CIEINDIA.NS: Yahoo web request for share count failed
2026-07-05 15:29:46,832 ERROR CIPLA.NS: Yahoo web request for share count failed
2026-07-05 15:29:47,038 ERROR DEVYANI.NS: Yahoo web request for share count failed
2026-07-05 15:29:47,058 ERROR DIVISLAB.NS: Yahoo web request for share count failed
2026-07-05 15:29:47,101 ERROR CLEAN.NS: Yahoo web request for share count failed
2026-07-05 15:29:47,346 ERROR DIXON.NS: Yahoo web request for share count failed
2026-07-05 15:29:47,349 ERROR LALPATHLAB.NS: Yahoo web request for share count failed
2026-07-05 15:29:47,466 ERROR DRREDDY.NS: Yahoo web request for share count failed
2026-07-05 15:29:47,494 ERROR EIDPARRY.NS: Yahoo web request for share count failed
2026-07-05 15:29:47,497 ERROR EIHOTEL.NS: Yahoo web request for share count failed
2026-07-05 15:30:06,578 ERROR CMSINFO.NS: Yahoo web request for share count failed
2026-07-05 15:30:26,684 ERROR $CPPLUS.NS: possibly delisted; no price data found  (period=1y)
2026-07-05 15:30:27,110 ERROR EICHERMOT.NS: Yahoo web request for share count failed
2026-07-05 15:30:27,476 ERROR ELGIEQUIP.NS: Yahoo web request for share count failed
2026-07-05 15:30:27,478 ERROR ELECON.NS: Yahoo web request for share count failed
2026-07-05 15:30:27,536 ERROR EMAMILTD.NS: Yahoo web request for share count failed
2026-07-05 15:30:27,582 ERROR EMMVEE.NS: Yahoo web request for share count failed
2026-07-05 15:30:27,583 ERROR EMCURE.NS: Yahoo web request for share count failed
2026-07-05 15:30:27,590 ERROR ENDURANCE.NS: Yahoo web request for share count failed
2026-07-05 15:30:27,712 ERROR ENGINERSIN.NS: Yahoo web request for share count failed
2026-07-05 15:30:27,928 ERROR ERIS.NS: Yahoo web request for share count failed
2026-07-05 15:30:36,691 ERROR $CPPLUS.NS: possibly delisted; no price data found  (period=5d)
2026-07-05 15:30:46,335 ERROR COALINDIA.NS: Yahoo web request for share count failed
2026-07-05 15:30:46,338 ERROR COCHINSHIP.NS: Yahoo web request for share count failed
2026-07-05 15:30:46,463 ERROR COFORGE.NS: Yahoo web request for share count failed
2026-07-05 15:30:46,481 ERROR COHANCE.NS: Yahoo web request for share count failed
2026-07-05 15:30:46,591 ERROR COLPAL.NS: Yahoo web request for share count failed
2026-07-05 15:30:46,592 ERROR CONCOR.NS: Yahoo web request for share count failed
2026-07-05 15:30:46,600 ERROR CONCORDBIO.NS: Yahoo web request for share count failed
2026-07-05 15:30:46,643 ERROR CORONA.NS: Yahoo web request for share count failed
2026-07-05 15:30:46,645 ERROR COROMANDEL.NS: Yahoo web request for share count failed
2026-07-05 15:30:46,686 ERROR CRAFTSMAN.NS: Yahoo web request for share count failed
2026-07-05 15:30:46,732 ERROR CRAMC.NS: Yahoo web request for share count failed
2026-07-05 15:30:46,846 ERROR CREDITACC.NS: Yahoo web request for share count failed
2026-07-05 15:30:46,846 ERROR CRISIL.NS: Yahoo web request for share count failed
2026-07-05 15:30:47,049 ERROR ESCORTS.NS: Yahoo web request for share count failed
2026-07-05 15:30:47,068 ERROR ETERNAL.NS: Yahoo web request for share count failed
2026-07-05 15:30:47,111 ERROR CRIZAC.NS: Yahoo web request for share count failed
2026-07-05 15:30:47,368 ERROR EXIDEIND.NS: Yahoo web request for share count failed
2026-07-05 15:30:47,369 ERROR NYKAA.NS: Yahoo web request for share count failed
2026-07-05 15:30:47,479 ERROR FEDERALBNK.NS: Yahoo web request for share count failed
2026-07-05 15:30:47,502 ERROR FACT.NS: Yahoo web request for share count failed
2026-07-05 15:30:47,504 ERROR FINCABLES.NS: Yahoo web request for share count failed
2026-07-05 15:31:06,589 ERROR CROMPTON.NS: Yahoo web request for share count failed
2026-07-05 15:31:06,697 ERROR CSBBANK.NS: Yahoo web request for share count failed
2026-07-05 15:31:27,123 ERROR FSL.NS: Yahoo web request for share count failed
2026-07-05 15:31:27,499 ERROR FORCEMOT.NS: Yahoo web request for share count failed
2026-07-05 15:31:27,501 ERROR FIVESTAR.NS: Yahoo web request for share count failed
2026-07-05 15:31:27,545 ERROR FORTIS.NS: Yahoo web request for share count failed
2026-07-05 15:31:27,599 ERROR GVT&D.NS: Yahoo web request for share count failed
2026-07-05 15:31:27,599 ERROR GAIL.NS: Yahoo web request for share count failed
2026-07-05 15:31:27,603 ERROR GMRAIRPORT.NS: Yahoo web request for share count failed
2026-07-05 15:31:27,724 ERROR GABRIEL.NS: Yahoo web request for share count failed
2026-07-05 15:31:27,941 ERROR GALLANTT.NS: Yahoo web request for share count failed
2026-07-05 15:31:46,358 ERROR CUB.NS: Yahoo web request for share count failed
2026-07-05 15:31:46,359 ERROR CUMMINSIND.NS: Yahoo web request for share count failed
2026-07-05 15:31:46,474 ERROR CUPID.NS: Yahoo web request for share count failed
2026-07-05 15:31:46,491 ERROR CYIENT.NS: Yahoo web request for share count failed
2026-07-05 15:31:46,611 ERROR DALBHARAT.NS: Yahoo web request for share count failed
2026-07-05 15:31:46,613 ERROR DABUR.NS: Yahoo web request for share count failed
2026-07-05 15:31:46,613 ERROR DATAMATICS.NS: Yahoo web request for share count failed
2026-07-05 15:31:46,661 ERROR DATAPATTNS.NS: Yahoo web request for share count failed
2026-07-05 15:31:46,664 ERROR DBL.NS: Yahoo web request for share count failed
2026-07-05 15:31:46,695 ERROR DBREALTY.NS: Yahoo web request for share count failed
2026-07-05 15:31:46,746 ERROR DCBBANK.NS: Yahoo web request for share count failed
2026-07-05 15:31:46,869 ERROR DEEPAKFERT.NS: Yahoo web request for share count failed
2026-07-05 15:31:46,872 ERROR DCMSHRIRAM.NS: Yahoo web request for share count failed
2026-07-05 15:31:47,062 ERROR GRSE.NS: Yahoo web request for share count failed
2026-07-05 15:31:47,078 ERROR GICRE.NS: Yahoo web request for share count failed
2026-07-05 15:31:47,123 ERROR DEEPAKNTR.NS: Yahoo web request for share count failed
2026-07-05 15:31:47,387 ERROR GILLETTE.NS: Yahoo web request for share count failed
2026-07-05 15:31:47,391 ERROR GLAND.NS: Yahoo web request for share count failed
2026-07-05 15:31:47,492 ERROR GLAXO.NS: Yahoo web request for share count failed
2026-07-05 15:31:47,510 ERROR GLENMARK.NS: Yahoo web request for share count failed
2026-07-05 15:31:47,511 ERROR MEDANTA.NS: Yahoo web request for share count failed
2026-07-05 15:32:06,600 ERROR DELHIVERY.NS: Yahoo web request for share count failed
2026-07-05 15:32:06,709 ERROR DEVYANI.NS: Yahoo web request for share count failed
2026-07-05 15:32:27,136 ERROR GODIGIT.NS: Yahoo web request for share count failed
2026-07-05 15:32:27,522 ERROR GODFRYPHLP.NS: Yahoo web request for share count failed
2026-07-05 15:32:27,523 ERROR GPIL.NS: Yahoo web request for share count failed
2026-07-05 15:32:27,558 ERROR GODREJCP.NS: Yahoo web request for share count failed
2026-07-05 15:32:27,610 ERROR GODREJIND.NS: Yahoo web request for share count failed
2026-07-05 15:32:27,615 ERROR GODREJPROP.NS: Yahoo web request for share count failed
2026-07-05 15:32:27,619 ERROR GRANULES.NS: Yahoo web request for share count failed
2026-07-05 15:32:27,736 ERROR GRAPHITE.NS: Yahoo web request for share count failed
2026-07-05 15:32:27,953 ERROR GRASIM.NS: Yahoo web request for share count failed
2026-07-05 15:32:46,374 ERROR DIACABS.NS: Yahoo web request for share count failed
2026-07-05 15:32:46,374 ERROR DIVISLAB.NS: Yahoo web request for share count failed
2026-07-05 15:32:46,487 ERROR DIXON.NS: Yahoo web request for share count failed
2026-07-05 15:32:46,500 ERROR DLF.NS: Yahoo web request for share count failed
2026-07-05 15:32:46,683 ERROR ECLERX.NS: Yahoo web request for share count failed
2026-07-05 15:32:46,687 ERROR DYNAMATECH.NS: Yahoo web request for share count failed
2026-07-05 15:32:46,688 ERROR DOMS.NS: Yahoo web request for share count failed
2026-07-05 15:32:46,689 ERROR DRREDDY.NS: Yahoo web request for share count failed
2026-07-05 15:32:46,696 ERROR DMART.NS: Yahoo web request for share count failed
2026-07-05 15:32:46,705 ERROR EDELWEISS.NS: Yahoo web request for share count failed
2026-07-05 15:32:46,758 ERROR EICHERMOT.NS: Yahoo web request for share count failed
2026-07-05 15:32:46,889 ERROR EIEL.NS: Yahoo web request for share count failed
2026-07-05 15:32:46,891 ERROR EIDPARRY.NS: Yahoo web request for share count failed
2026-07-05 15:32:47,075 ERROR GRAVITA.NS: Yahoo web request for share count failed
2026-07-05 15:32:47,087 ERROR GESHIP.NS: Yahoo web request for share count failed
2026-07-05 15:32:47,132 ERROR EIHOTEL.NS: Yahoo web request for share count failed
2026-07-05 15:32:47,410 ERROR FLUOROCHEM.NS: Yahoo web request for share count failed
2026-07-05 15:32:47,410 ERROR GMDCLTD.NS: Yahoo web request for share count failed
2026-07-05 15:32:47,504 ERROR HEG.NS: Yahoo web request for share count failed
2026-07-05 15:32:47,520 ERROR HCLTECH.NS: Yahoo web request for share count failed
2026-07-05 15:32:47,520 ERROR HBLENGINE.NS: Yahoo web request for share count failed
2026-07-05 15:33:06,613 ERROR ELECON.NS: Yahoo web request for share count failed
2026-07-05 15:33:06,720 ERROR ELECTCAST.NS: Yahoo web request for share count failed
2026-07-05 15:33:27,149 ERROR HDBFS.NS: Yahoo web request for share count failed
2026-07-05 15:33:27,543 ERROR HDFCBANK.NS: Yahoo web request for share count failed
2026-07-05 15:33:27,545 ERROR HDFCAMC.NS: Yahoo web request for share count failed
2026-07-05 15:33:27,568 ERROR HDFCLIFE.NS: Yahoo web request for share count failed
2026-07-05 15:33:27,628 ERROR HFCL.NS: Yahoo web request for share count failed
2026-07-05 15:33:27,630 ERROR HEROMOTOCO.NS: Yahoo web request for share count failed
2026-07-05 15:33:27,631 ERROR HAVELLS.NS: Yahoo web request for share count failed
2026-07-05 15:33:27,748 ERROR HEXT.NS: Yahoo web request for share count failed
2026-07-05 15:33:27,965 ERROR HSCL.NS: Yahoo web request for share count failed
2026-07-05 15:33:46,389 ERROR ELGIEQUIP.NS: Yahoo web request for share count failed
2026-07-05 15:33:46,390 ERROR ELLEN.NS: Yahoo web request for share count failed
2026-07-05 15:33:46,501 ERROR EMAMILTD.NS: Yahoo web request for share count failed
2026-07-05 15:33:46,512 ERROR EMBDL.NS: Yahoo web request for share count failed
2026-07-05 15:33:46,724 ERROR EMIL.NS: Yahoo web request for share count failed
2026-07-05 15:33:46,732 ERROR EMCURE.NS: Yahoo web request for share count failed
2026-07-05 15:33:46,737 ERROR ENRIN.NS: Yahoo web request for share count failed
2026-07-05 15:33:46,739 ERROR ENDURANCE.NS: Yahoo web request for share count failed
2026-07-05 15:33:46,739 ERROR ENGINERSIN.NS: Yahoo web request for share count failed
2026-07-05 15:33:46,739 ERROR EMMVEE.NS: Yahoo web request for share count failed
2026-07-05 15:33:46,771 ERROR ENTERO.NS: Yahoo web request for share count failed
2026-07-05 15:33:46,904 ERROR EPL.NS: Yahoo web request for share count failed
2026-07-05 15:33:46,908 ERROR EQUITASBNK.NS: Yahoo web request for share count failed
2026-07-05 15:33:47,086 ERROR HINDALCO.NS: Yahoo web request for share count failed
2026-07-05 15:33:47,095 ERROR HAL.NS: Yahoo web request for share count failed
2026-07-05 15:33:47,142 ERROR ERIS.NS: Yahoo web request for share count failed
2026-07-05 15:33:47,429 ERROR HINDPETRO.NS: Yahoo web request for share count failed
2026-07-05 15:33:47,431 ERROR HINDCOPPER.NS: Yahoo web request for share count failed
2026-07-05 15:33:47,516 ERROR HINDUNILVR.NS: Yahoo web request for share count failed
2026-07-05 15:33:47,538 ERROR POWERINDIA.NS: Yahoo web request for share count failed
2026-07-05 15:33:47,540 ERROR HINDZINC.NS: Yahoo web request for share count failed
2026-07-05 15:34:06,625 ERROR ESCORTS.NS: Yahoo web request for share count failed
2026-07-05 15:34:06,734 ERROR ETERNAL.NS: Yahoo web request for share count failed
2026-07-05 15:34:27,161 ERROR HOMEFIRST.NS: Yahoo web request for share count failed
2026-07-05 15:34:27,559 ERROR HONASA.NS: Yahoo web request for share count failed
2026-07-05 15:34:27,562 ERROR HONAUT.NS: Yahoo web request for share count failed
2026-07-05 15:34:27,580 ERROR HUDCO.NS: Yahoo web request for share count failed
2026-07-05 15:34:27,643 ERROR HYUNDAI.NS: Yahoo web request for share count failed
2026-07-05 15:34:27,647 ERROR ICICIBANK.NS: Yahoo web request for share count failed
2026-07-05 15:34:27,647 ERROR ICICIGI.NS: Yahoo web request for share count failed
2026-07-05 15:34:27,761 ERROR ICICIAMC.NS: Yahoo web request for share count failed
2026-07-05 15:34:27,978 ERROR ICICIPRULI.NS: Yahoo web request for share count failed
2026-07-05 15:34:46,413 ERROR ETHOSLTD.NS: Yahoo web request for share count failed
2026-07-05 15:34:46,413 ERROR EUREKAFORB.NS: Yahoo web request for share count failed
2026-07-05 15:34:46,512 ERROR EXIDEIND.NS: Yahoo web request for share count failed
2026-07-05 15:34:46,520 ERROR FACT.NS: Yahoo web request for share count failed
2026-07-05 15:34:46,737 ERROR FEDERALBNK.NS: Yahoo web request for share count failed
2026-07-05 15:34:46,739 ERROR FEDFINA.NS: Yahoo web request for share count failed
2026-07-05 15:34:46,744 ERROR FIEMIND.NS: Yahoo web request for share count failed
2026-07-05 15:34:46,749 ERROR FIRSTCRY.NS: Yahoo web request for share count failed
2026-07-05 15:34:46,750 ERROR FINCABLES.NS: Yahoo web request for share count failed
2026-07-05 15:34:46,754 ERROR FINPIPE.NS: Yahoo web request for share count failed
2026-07-05 15:34:46,784 ERROR FIVESTAR.NS: Yahoo web request for share count failed
2026-07-05 15:34:46,918 ERROR FLUOROCHEM.NS: Yahoo web request for share count failed
2026-07-05 15:34:46,922 ERROR FORCEMOT.NS: Yahoo web request for share count failed
2026-07-05 15:34:47,099 ERROR IDBI.NS: Yahoo web request for share count failed
2026-07-05 15:34:47,108 ERROR IDFCFIRSTB.NS: Yahoo web request for share count failed
2026-07-05 15:34:47,155 ERROR FORTIS.NS: Yahoo web request for share count failed
2026-07-05 15:34:47,451 ERROR IFCI.NS: Yahoo web request for share count failed
2026-07-05 15:34:47,454 ERROR IIFL.NS: Yahoo web request for share count failed
2026-07-05 15:34:47,528 ERROR IRB.NS: Yahoo web request for share count failed
2026-07-05 15:34:47,547 ERROR IRCON.NS: Yahoo web request for share count failed
2026-07-05 15:34:47,550 ERROR ITCHOTELS.NS: Yahoo web request for share count failed
2026-07-05 15:35:06,635 ERROR FSL.NS: Yahoo web request for share count failed
2026-07-05 15:35:06,749 ERROR GABRIEL.NS: Yahoo web request for share count failed
2026-07-05 15:35:27,172 ERROR ITC.NS: Yahoo web request for share count failed
2026-07-05 15:35:27,581 ERROR INDGN.NS: Yahoo web request for share count failed
2026-07-05 15:35:27,583 ERROR ITI.NS: Yahoo web request for share count failed
2026-07-05 15:35:27,592 ERROR INDIACEM.NS: Yahoo web request for share count failed
2026-07-05 15:35:27,659 ERROR INDIAMART.NS: Yahoo web request for share count failed
2026-07-05 15:35:27,667 ERROR INDIANB.NS: Yahoo web request for share count failed
2026-07-05 15:35:27,669 ERROR IEX.NS: Yahoo web request for share count failed
2026-07-05 15:35:27,773 ERROR INDHOTEL.NS: Yahoo web request for share count failed
2026-07-05 15:35:27,992 ERROR IOC.NS: Yahoo web request for share count failed
2026-07-05 15:35:46,432 ERROR GAIL.NS: Yahoo web request for share count failed
2026-07-05 15:35:46,435 ERROR GAEL.NS: Yahoo web request for share count failed
2026-07-05 15:35:46,524 ERROR GALLANTT.NS: Yahoo web request for share count failed
2026-07-05 15:35:46,528 ERROR GESHIP.NS: Yahoo web request for share count failed
2026-07-05 15:35:46,757 ERROR GHCL.NS: Yahoo web request for share count failed
2026-07-05 15:35:46,767 ERROR GILLETTE.NS: Yahoo web request for share count failed
2026-07-05 15:35:46,782 ERROR GLAND.NS: Yahoo web request for share count failed
2026-07-05 15:35:46,786 ERROR GLAXO.NS: Yahoo web request for share count failed
2026-07-05 15:35:46,787 ERROR GICRE.NS: Yahoo web request for share count failed
2026-07-05 15:35:46,789 ERROR GLENMARK.NS: Yahoo web request for share count failed
2026-07-05 15:35:46,795 ERROR GMDCLTD.NS: Yahoo web request for share count failed
2026-07-05 15:35:46,930 ERROR GMMPFAUDLR.NS: Yahoo web request for share count failed
2026-07-05 15:35:46,932 ERROR GMRAIRPORT.NS: Yahoo web request for share count failed
2026-07-05 15:35:47,112 ERROR IOB.NS: Yahoo web request for share count failed
2026-07-05 15:35:47,121 ERROR IRCTC.NS: Yahoo web request for share count failed
2026-07-05 15:35:47,166 ERROR GMRP&UI.NS: Yahoo web request for share count failed
2026-07-05 15:35:47,467 ERROR IREDA.NS: Yahoo web request for share count failed
2026-07-05 15:35:47,470 ERROR IRFC.NS: Yahoo web request for share count failed
2026-07-05 15:35:47,541 ERROR IGL.NS: Yahoo web request for share count failed
2026-07-05 15:35:47,569 ERROR INDUSTOWER.NS: Yahoo web request for share count failed
2026-07-05 15:35:47,570 ERROR INDUSINDBK.NS: Yahoo web request for share count failed
2026-07-05 15:36:06,649 ERROR GNFC.NS: Yahoo web request for share count failed
2026-07-05 15:36:06,761 ERROR GODFRYPHLP.NS: Yahoo web request for share count failed
2026-07-05 15:36:27,186 ERROR NAUKRI.NS: Yahoo web request for share count failed
2026-07-05 15:36:27,600 ERROR INFY.NS: Yahoo web request for share count failed
2026-07-05 15:36:27,601 ERROR INOXWIND.NS: Yahoo web request for share count failed
2026-07-05 15:36:27,606 ERROR INTELLECT.NS: Yahoo web request for share count failed
2026-07-05 15:36:27,671 ERROR INDIGO.NS: Yahoo web request for share count failed
2026-07-05 15:36:27,678 ERROR IGIL.NS: Yahoo web request for share count failed
2026-07-05 15:36:27,680 ERROR IKS.NS: Yahoo web request for share count failed
2026-07-05 15:36:27,784 ERROR IPCALAB.NS: Yahoo web request for share count failed
2026-07-05 15:36:28,005 ERROR JBCHEPHARM.NS: Yahoo web request for share count failed
2026-07-05 15:36:46,455 ERROR GODREJAGRO.NS: Yahoo web request for share count failed
2026-07-05 15:36:46,457 ERROR GODIGIT.NS: Yahoo web request for share count failed
2026-07-05 15:36:46,542 ERROR GODREJCP.NS: Yahoo web request for share count failed
2026-07-05 15:36:46,545 ERROR GODREJIND.NS: Yahoo web request for share count failed
2026-07-05 15:36:46,770 ERROR GODREJPROP.NS: Yahoo web request for share count failed
2026-07-05 15:36:46,780 ERROR GOKEX.NS: Yahoo web request for share count failed
2026-07-05 15:36:46,796 ERROR GOKULAGRO.NS: Yahoo web request for share count failed
2026-07-05 15:36:46,802 ERROR GPPL.NS: Yahoo web request for share count failed
2026-07-05 15:36:46,804 ERROR GPIL.NS: Yahoo web request for share count failed
2026-07-05 15:36:46,805 ERROR GRANULES.NS: Yahoo web request for share count failed
2026-07-05 15:36:46,806 ERROR GRAPHITE.NS: Yahoo web request for share count failed
2026-07-05 15:36:46,950 ERROR GRASIM.NS: Yahoo web request for share count failed
2026-07-05 15:36:46,950 ERROR GRAVITA.NS: Yahoo web request for share count failed
2026-07-05 15:36:47,125 ERROR JKCEMENT.NS: Yahoo web request for share count failed
2026-07-05 15:36:47,130 ERROR JBMA.NS: Yahoo web request for share count failed
2026-07-05 15:36:47,177 ERROR GREAVESCOT.NS: Yahoo web request for share count failed
2026-07-05 15:36:47,488 ERROR JMFINANCIL.NS: Yahoo web request for share count failed
2026-07-05 15:36:47,489 ERROR JKTYRE.NS: Yahoo web request for share count failed
2026-07-05 15:36:47,551 ERROR JSWCEMENT.NS: Yahoo web request for share count failed
2026-07-05 15:36:47,581 ERROR JSWENERGY.NS: Yahoo web request for share count failed
2026-07-05 15:36:47,583 ERROR JSWDULUX.NS: Yahoo web request for share count failed
2026-07-05 15:37:06,661 ERROR GROWW.NS: Yahoo web request for share count failed
2026-07-05 15:37:06,771 ERROR GRSE.NS: Yahoo web request for share count failed
2026-07-05 15:37:27,197 ERROR JSWINFRA.NS: Yahoo web request for share count failed
2026-07-05 15:37:27,618 ERROR JSWSTEEL.NS: Yahoo web request for share count failed
2026-07-05 15:37:27,622 ERROR JPPOWER.NS: Yahoo web request for share count failed
2026-07-05 15:37:27,625 ERROR JAINREC.NS: Yahoo web request for share count failed
2026-07-05 15:37:27,683 ERROR J&KBANK.NS: Yahoo web request for share count failed
2026-07-05 15:37:27,688 ERROR JINDALSAW.NS: Yahoo web request for share count failed
2026-07-05 15:37:27,691 ERROR JSL.NS: Yahoo web request for share count failed
2026-07-05 15:37:27,796 ERROR JINDALSTEL.NS: Yahoo web request for share count failed
2026-07-05 15:37:28,017 ERROR JIOFIN.NS: Yahoo web request for share count failed
2026-07-05 15:37:46,473 ERROR GRWRHITECH.NS: Yahoo web request for share count failed
2026-07-05 15:37:46,476 ERROR GSFC.NS: Yahoo web request for share count failed
2026-07-05 15:37:46,565 ERROR GVT&D.NS: Yahoo web request for share count failed
2026-07-05 15:37:46,565 ERROR HAL.NS: Yahoo web request for share count failed
2026-07-05 15:37:46,780 ERROR HAPPSTMNDS.NS: Yahoo web request for share count failed
2026-07-05 15:37:46,789 ERROR HAVELLS.NS: Yahoo web request for share count failed
2026-07-05 15:37:46,805 ERROR HBLENGINE.NS: Yahoo web request for share count failed
2026-07-05 15:37:46,808 ERROR HCC.NS: Yahoo web request for share count failed
2026-07-05 15:37:46,811 ERROR HCG.NS: Yahoo web request for share count failed
2026-07-05 15:37:46,815 ERROR HCLTECH.NS: Yahoo web request for share count failed
2026-07-05 15:37:46,817 ERROR HDBFS.NS: Yahoo web request for share count failed
2026-07-05 15:37:46,970 ERROR HDFCBANK.NS: Yahoo web request for share count failed
2026-07-05 15:37:46,973 ERROR HDFCAMC.NS: Yahoo web request for share count failed
2026-07-05 15:37:47,141 ERROR JUBLFOOD.NS: Yahoo web request for share count failed
2026-07-05 15:37:47,144 ERROR JUBLINGREA.NS: Yahoo web request for share count failed
2026-07-05 15:37:47,190 ERROR HDFCLIFE.NS: Yahoo web request for share count failed
2026-07-05 15:37:47,505 ERROR JWL.NS: Yahoo web request for share count failed
2026-07-05 15:37:47,505 ERROR JUBLPHARMA.NS: Yahoo web request for share count failed
2026-07-05 15:37:47,564 ERROR JYOTICNC.NS: Yahoo web request for share count failed
2026-07-05 15:37:47,590 ERROR KPRMILL.NS: Yahoo web request for share count failed
2026-07-05 15:37:47,593 ERROR KEI.NS: Yahoo web request for share count failed
2026-07-05 15:38:06,673 ERROR HEG.NS: Yahoo web request for share count failed
2026-07-05 15:38:06,785 ERROR HEMIPROP.NS: Yahoo web request for share count failed
2026-07-05 15:38:27,209 ERROR KPITTECH.NS: Yahoo web request for share count failed
2026-07-05 15:38:27,636 ERROR KAJARIACER.NS: Yahoo web request for share count failed
2026-07-05 15:38:27,639 ERROR KPIL.NS: Yahoo web request for share count failed
2026-07-05 15:38:27,641 ERROR KALYANKJIL.NS: Yahoo web request for share count failed
2026-07-05 15:38:27,695 ERROR KARURVYSYA.NS: Yahoo web request for share count failed
2026-07-05 15:38:27,705 ERROR KEC.NS: Yahoo web request for share count failed
2026-07-05 15:38:27,707 ERROR KAYNES.NS: Yahoo web request for share count failed
2026-07-05 15:38:27,808 ERROR KFINTECH.NS: Yahoo web request for share count failed
2026-07-05 15:38:28,030 ERROR KIRLOSENG.NS: Yahoo web request for share count failed
2026-07-05 15:38:46,485 ERROR HERITGFOOD.NS: Yahoo web request for share count failed
2026-07-05 15:38:46,488 ERROR HEROMOTOCO.NS: Yahoo web request for share count failed
2026-07-05 15:38:46,584 ERROR HEXT.NS: Yahoo web request for share count failed
2026-07-05 15:38:46,587 ERROR HFCL.NS: Yahoo web request for share count failed
2026-07-05 15:38:46,791 ERROR HGINFRA.NS: Yahoo web request for share count failed
2026-07-05 15:38:46,798 ERROR HINDALCO.NS: Yahoo web request for share count failed
2026-07-05 15:38:46,813 ERROR HINDCOPPER.NS: Yahoo web request for share count failed
2026-07-05 15:38:46,816 ERROR HINDPETRO.NS: Yahoo web request for share count failed
2026-07-05 15:38:46,818 ERROR HINDUNILVR.NS: Yahoo web request for share count failed
2026-07-05 15:38:46,824 ERROR HINDZINC.NS: Yahoo web request for share count failed
2026-07-05 15:38:46,826 ERROR HOMEFIRST.NS: Yahoo web request for share count failed
2026-07-05 15:38:46,987 ERROR HONASA.NS: Yahoo web request for share count failed
2026-07-05 15:38:46,989 ERROR HONAUT.NS: Yahoo web request for share count failed
2026-07-05 15:38:47,154 ERROR KOTAKBANK.NS: Yahoo web request for share count failed
2026-07-05 15:38:47,154 ERROR KIMS.NS: Yahoo web request for share count failed
2026-07-05 15:38:47,201 ERROR HSCL.NS: Yahoo web request for share count failed
2026-07-05 15:38:47,521 ERROR LTF.NS: Yahoo web request for share count failed
2026-07-05 15:38:47,524 ERROR LTTS.NS: Yahoo web request for share count failed
2026-07-05 15:38:47,576 ERROR LGEINDIA.NS: Yahoo web request for share count failed
2026-07-05 15:38:47,606 ERROR LICHSGFIN.NS: Yahoo web request for share count failed
2026-07-05 15:38:47,607 ERROR LTFOODS.NS: Yahoo web request for share count failed
2026-07-05 15:38:50,615 ERROR LT.NS: Yahoo web request for share count failed
2026-07-05 15:38:50,616 ERROR LATENTVIEW.NS: Yahoo web request for share count failed
2026-07-05 15:38:50,616 ERROR LTM.NS: Yahoo web request for share count failed
2026-07-05 15:38:50,616 ERROR LAURUSLABS.NS: Yahoo web request for share count failed
2026-07-05 15:38:50,626 ERROR THELEELA.NS: Yahoo web request for share count failed
2026-07-05 15:38:50,628 ERROR LEMONTREE.NS: Yahoo web request for share count failed
2026-07-05 15:38:50,633 ERROR LENSKART.NS: Yahoo web request for share count failed
2026-07-05 15:38:50,636 ERROR LICI.NS: Yahoo web request for share count failed
2026-07-05 15:38:50,639 ERROR LINDEINDIA.NS: Yahoo web request for share count failed
2026-07-05 15:38:50,641 ERROR LLOYDSME.NS: Yahoo web request for share count failed
2026-07-05 15:38:50,648 ERROR LODHA.NS: Yahoo web request for share count failed
2026-07-05 15:38:50,649 ERROR LUPIN.NS: Yahoo web request for share count failed
2026-07-05 15:38:50,654 ERROR MRF.NS: Yahoo web request for share count failed
2026-07-05 15:38:50,657 ERROR MMTC.NS: Yahoo web request for share count failed
2026-07-05 15:38:50,659 ERROR MGL.NS: Yahoo web request for share count failed
2026-07-05 15:38:50,669 ERROR M&MFIN.NS: Yahoo web request for share count failed
2026-07-05 15:38:50,670 ERROR MRPL.NS: Yahoo web request for share count failed
2026-07-05 15:38:50,672 ERROR M&M.NS: Yahoo web request for share count failed
2026-07-05 15:38:50,673 ERROR MANAPPURAM.NS: Yahoo web request for share count failed
2026-07-05 15:38:50,685 ERROR MARICO.NS: Yahoo web request for share count failed
2026-07-05 15:38:50,685 ERROR MANKIND.NS: Yahoo web request for share count failed
2026-07-05 15:38:50,686 ERROR MARUTI.NS: Yahoo web request for share count failed
2026-07-05 15:38:50,686 ERROR MFSL.NS: Yahoo web request for share count failed
2026-07-05 15:38:50,698 ERROR MAZDOCK.NS: Yahoo web request for share count failed
2026-07-05 15:38:50,701 ERROR MAXHEALTH.NS: Yahoo web request for share count failed
2026-07-05 15:38:50,702 ERROR MEESHO.NS: Yahoo web request for share count failed
2026-07-05 15:38:50,702 ERROR MINDACORP.NS: Yahoo web request for share count failed
2026-07-05 15:38:50,712 ERROR MSUMI.NS: Yahoo web request for share count failed
2026-07-05 15:38:50,714 ERROR MOTILALOFS.NS: Yahoo web request for share count failed
2026-07-05 15:38:50,717 ERROR MPHASIS.NS: Yahoo web request for share count failed
2026-07-05 15:38:50,722 ERROR MCX.NS: Yahoo web request for share count failed
2026-07-05 15:38:50,727 ERROR NATCOPHARM.NS: Yahoo web request for share count failed
2026-07-05 15:38:50,729 ERROR MUTHOOTFIN.NS: Yahoo web request for share count failed
2026-07-05 15:38:50,731 ERROR NBCC.NS: Yahoo web request for share count failed
2026-07-05 15:38:50,736 ERROR NCC.NS: Yahoo web request for share count failed
2026-07-05 15:38:50,741 ERROR NHPC.NS: Yahoo web request for share count failed
2026-07-05 15:38:50,745 ERROR NLCINDIA.NS: Yahoo web request for share count failed
2026-07-05 15:38:50,747 ERROR NMDC.NS: Yahoo web request for share count failed
2026-07-05 15:38:50,752 ERROR NSLNISP.NS: Yahoo web request for share count failed
2026-07-05 15:38:50,756 ERROR NTPCGREEN.NS: Yahoo web request for share count failed
2026-07-05 15:38:50,761 ERROR NTPC.NS: Yahoo web request for share count failed
2026-07-05 15:38:50,764 ERROR NH.NS: Yahoo web request for share count failed
2026-07-05 15:38:50,766 ERROR NATIONALUM.NS: Yahoo web request for share count failed
2026-07-05 15:38:50,768 ERROR NAVA.NS: Yahoo web request for share count failed
2026-07-05 15:38:50,776 ERROR NAVINFLUOR.NS: Yahoo web request for share count failed
2026-07-05 15:38:50,776 ERROR NESTLEIND.NS: Yahoo web request for share count failed
2026-07-05 15:38:50,783 ERROR NETWEB.NS: Yahoo web request for share count failed
2026-07-05 15:38:50,786 ERROR NEULANDLAB.NS: Yahoo web request for share count failed
2026-07-05 15:38:50,790 ERROR NEWGEN.NS: Yahoo web request for share count failed
2026-07-05 15:38:50,796 ERROR NIVABUPA.NS: Yahoo web request for share count failed
2026-07-05 15:38:50,796 ERROR NUVAMA.NS: Yahoo web request for share count failed
2026-07-05 15:38:50,797 ERROR NAM-INDIA.NS: Yahoo web request for share count failed
2026-07-05 15:38:50,806 ERROR OBEROIRLTY.NS: Yahoo web request for share count failed
2026-07-05 15:38:50,807 ERROR NUVOCO.NS: Yahoo web request for share count failed
2026-07-05 15:38:50,811 ERROR ONGC.NS: Yahoo web request for share count failed
2026-07-05 15:38:50,815 ERROR OIL.NS: Yahoo web request for share count failed
2026-07-05 15:38:50,821 ERROR OLAELEC.NS: Yahoo web request for share count failed
2026-07-05 15:38:50,822 ERROR OLECTRA.NS: Yahoo web request for share count failed
2026-07-05 15:38:50,828 ERROR ONESOURCE.NS: Yahoo web request for share count failed
2026-07-05 15:38:50,832 ERROR PAYTM.NS: Yahoo web request for share count failed
2026-07-05 15:38:50,836 ERROR POLICYBZR.NS: Yahoo web request for share count failed
2026-07-05 15:38:50,838 ERROR OFSS.NS: Yahoo web request for share count failed
2026-07-05 15:38:50,845 ERROR PCBL.NS: Yahoo web request for share count failed
2026-07-05 15:38:50,849 ERROR PGEL.NS: Yahoo web request for share count failed
2026-07-05 15:38:50,850 ERROR PNBHOUSING.NS: Yahoo web request for share count failed
2026-07-05 15:38:50,852 ERROR PIIND.NS: Yahoo web request for share count failed
2026-07-05 15:38:50,858 ERROR PTCIL.NS: Yahoo web request for share count failed
2026-07-05 15:38:50,864 ERROR PVRINOX.NS: Yahoo web request for share count failed
2026-07-05 15:38:50,866 ERROR PARADEEP.NS: Yahoo web request for share count failed
2026-07-05 15:38:50,869 ERROR PAGEIND.NS: Yahoo web request for share count failed
2026-07-05 15:38:50,874 ERROR PATANJALI.NS: Yahoo web request for share count failed
2026-07-05 15:38:50,879 ERROR PERSISTENT.NS: Yahoo web request for share count failed
2026-07-05 15:38:50,881 ERROR PETRONET.NS: Yahoo web request for share count failed
2026-07-05 15:38:50,885 ERROR PFIZER.NS: Yahoo web request for share count failed
2026-07-05 15:38:50,889 ERROR PHOENIXLTD.NS: Yahoo web request for share count failed
2026-07-05 15:38:50,891 ERROR PWL.NS: Yahoo web request for share count failed
2026-07-05 15:38:50,896 ERROR PIDILITIND.NS: Yahoo web request for share count failed
2026-07-05 15:38:50,901 ERROR PINELABS.NS: Yahoo web request for share count failed
2026-07-05 15:38:50,905 ERROR PIRAMALFIN.NS: Yahoo web request for share count failed
2026-07-05 15:38:50,906 ERROR PPLPHARMA.NS: Yahoo web request for share count failed
2026-07-05 15:38:50,908 ERROR POLYMED.NS: Yahoo web request for share count failed
2026-07-05 15:38:50,916 ERROR POLYCAB.NS: Yahoo web request for share count failed
2026-07-05 15:38:50,921 ERROR PFC.NS: Yahoo web request for share count failed
2026-07-05 15:38:50,923 ERROR POONAWALLA.NS: Yahoo web request for share count failed
2026-07-05 15:38:50,925 ERROR POWERGRID.NS: Yahoo web request for share count failed
2026-07-05 15:38:50,933 ERROR PREMIERENE.NS: Yahoo web request for share count failed
2026-07-05 15:38:50,936 ERROR PRESTIGE.NS: Yahoo web request for share count failed
2026-07-05 15:38:50,937 ERROR RRKABEL.NS: Yahoo web request for share count failed
2026-07-05 15:38:50,941 ERROR PNB.NS: Yahoo web request for share count failed
2026-07-05 15:38:50,948 ERROR RBLBANK.NS: Yahoo web request for share count failed
2026-07-05 15:38:50,948 ERROR RECLTD.NS: Yahoo web request for share count failed
2026-07-05 15:38:50,952 ERROR RHIM.NS: Yahoo web request for share count failed
2026-07-05 15:38:50,961 ERROR RITES.NS: Yahoo web request for share count failed
2026-07-05 15:38:50,962 ERROR RADICO.NS: Yahoo web request for share count failed
2026-07-05 15:38:50,964 ERROR RVNL.NS: Yahoo web request for share count failed
2026-07-05 15:38:50,965 ERROR RAILTEL.NS: Yahoo web request for share count failed
2026-07-05 15:38:50,970 ERROR RAINBOW.NS: Yahoo web request for share count failed
2026-07-05 15:38:50,978 ERROR RKFORGE.NS: Yahoo web request for share count failed
2026-07-05 15:38:50,982 ERROR REDINGTON.NS: Yahoo web request for share count failed
2026-07-05 15:38:50,986 ERROR RELIANCE.NS: Yahoo web request for share count failed
2026-07-05 15:38:50,991 ERROR RPOWER.NS: Yahoo web request for share count failed
2026-07-05 15:38:50,991 ERROR SBFC.NS: Yahoo web request for share count failed
2026-07-05 15:38:50,994 ERROR SBICARD.NS: Yahoo web request for share count failed
2026-07-05 15:38:50,997 ERROR SBILIFE.NS: Yahoo web request for share count failed
2026-07-05 15:38:51,005 ERROR SJVN.NS: Yahoo web request for share count failed
2026-07-05 15:38:51,007 ERROR SRF.NS: Yahoo web request for share count failed
2026-07-05 15:38:51,007 ERROR SAGILITY.NS: Yahoo web request for share count failed
2026-07-05 15:38:51,019 ERROR SAMMAANCAP.NS: Yahoo web request for share count failed
2026-07-05 15:38:51,020 ERROR SAPPHIRE.NS: Yahoo web request for share count failed
2026-07-05 15:38:51,021 ERROR MOTHERSON.NS: Yahoo web request for share count failed
2026-07-05 15:38:51,021 ERROR SAILIFE.NS: Yahoo web request for share count failed
2026-07-05 15:38:51,034 ERROR SAREGAMA.NS: Yahoo web request for share count failed
2026-07-05 15:38:51,034 ERROR SCHAEFFLER.NS: Yahoo web request for share count failed
2026-07-05 15:38:51,035 ERROR SARDAEN.NS: Yahoo web request for share count failed
2026-07-05 15:38:51,037 ERROR SCHNEIDER.NS: Yahoo web request for share count failed
2026-07-05 15:38:51,047 ERROR SHRIRAMFIN.NS: Yahoo web request for share count failed
2026-07-05 15:38:51,049 ERROR SCI.NS: Yahoo web request for share count failed
2026-07-05 15:38:51,051 ERROR SHREECEM.NS: Yahoo web request for share count failed
2026-07-05 15:38:51,056 ERROR SHYAMMETL.NS: Yahoo web request for share count failed
2026-07-05 15:38:51,058 ERROR ENRIN.NS: Yahoo web request for share count failed
2026-07-05 15:38:51,065 ERROR SIEMENS.NS: Yahoo web request for share count failed
2026-07-05 15:38:51,065 ERROR SIGNATURE.NS: Yahoo web request for share count failed
2026-07-05 15:38:51,068 ERROR SOBHA.NS: Yahoo web request for share count failed
2026-07-05 15:38:51,073 ERROR SOLARINDS.NS: Yahoo web request for share count failed
2026-07-05 15:38:51,078 ERROR SONACOMS.NS: Yahoo web request for share count failed
2026-07-05 15:38:51,079 ERROR SONATSOFTW.NS: Yahoo web request for share count failed
2026-07-05 15:38:51,083 ERROR STARHEALTH.NS: Yahoo web request for share count failed
2026-07-05 15:38:51,088 ERROR SBIN.NS: Yahoo web request for share count failed
2026-07-05 15:38:51,090 ERROR SAIL.NS: Yahoo web request for share count failed
2026-07-05 15:38:51,097 ERROR SUNPHARMA.NS: Yahoo web request for share count failed
2026-07-05 15:38:51,100 ERROR SUNTV.NS: Yahoo web request for share count failed
2026-07-05 15:38:51,101 ERROR SUNDARMFIN.NS: Yahoo web request for share count failed
2026-07-05 15:38:51,109 ERROR SUPREMEIND.NS: Yahoo web request for share count failed
2026-07-05 15:38:51,113 ERROR SPLPETRO.NS: Yahoo web request for share count failed
2026-07-05 15:38:51,116 ERROR SUZLON.NS: Yahoo web request for share count failed
2026-07-05 15:38:51,117 ERROR SUMICHEM.NS: Yahoo web request for share count failed
2026-07-05 15:38:51,124 ERROR SWANCORP.NS: Yahoo web request for share count failed
2026-07-05 15:38:51,127 ERROR SWIGGY.NS: Yahoo web request for share count failed
2026-07-05 15:38:51,130 ERROR SYNGENE.NS: Yahoo web request for share count failed
2026-07-05 15:38:51,131 ERROR SYRMA.NS: Yahoo web request for share count failed
2026-07-05 15:38:51,139 ERROR TVSMOTOR.NS: Yahoo web request for share count failed
2026-07-05 15:38:51,144 ERROR TBOTEK.NS: Yahoo web request for share count failed
2026-07-05 15:38:51,148 ERROR TATACAP.NS: Yahoo web request for share count failed
2026-07-05 15:38:51,152 ERROR TATACOMM.NS: Yahoo web request for share count failed
2026-07-05 15:38:51,153 ERROR TATACHEM.NS: Yahoo web request for share count failed
2026-07-05 15:38:51,157 ERROR TCS.NS: Yahoo web request for share count failed
2026-07-05 15:38:51,163 ERROR TATACONSUM.NS: Yahoo web request for share count failed
2026-07-05 15:38:51,168 ERROR TATAINVEST.NS: Yahoo web request for share count failed
2026-07-05 15:38:51,168 ERROR TATAELXSI.NS: Yahoo web request for share count failed
2026-07-05 15:38:51,171 ERROR TMCV.NS: Yahoo web request for share count failed
2026-07-05 15:38:51,175 ERROR TMPV.NS: Yahoo web request for share count failed
2026-07-05 15:38:51,183 ERROR TATASTEEL.NS: Yahoo web request for share count failed
2026-07-05 15:38:51,183 ERROR TATAPOWER.NS: Yahoo web request for share count failed
2026-07-05 15:38:51,184 ERROR TATATECH.NS: Yahoo web request for share count failed
2026-07-05 15:38:51,193 ERROR TECHM.NS: Yahoo web request for share count failed
2026-07-05 15:38:51,195 ERROR TTML.NS: Yahoo web request for share count failed
2026-07-05 15:38:51,201 ERROR TEGA.NS: Yahoo web request for share count failed
2026-07-05 15:38:51,201 ERROR TECHNOE.NS: Yahoo web request for share count failed
2026-07-05 15:38:51,207 ERROR TEJASNET.NS: Yahoo web request for share count failed
2026-07-05 15:38:51,211 ERROR TENNIND.NS: Yahoo web request for share count failed
2026-07-05 15:38:51,215 ERROR NIACL.NS: Yahoo web request for share count failed
2026-07-05 15:38:51,220 ERROR THERMAX.NS: Yahoo web request for share count failed
2026-07-05 15:38:51,221 ERROR RAMCOCEM.NS: Yahoo web request for share count failed
2026-07-05 15:38:51,225 ERROR TITAGARH.NS: Yahoo web request for share count failed
2026-07-05 15:38:51,230 ERROR TIMKEN.NS: Yahoo web request for share count failed
2026-07-05 15:38:51,234 ERROR TITAN.NS: Yahoo web request for share count failed
2026-07-05 15:38:51,237 ERROR TORNTPOWER.NS: Yahoo web request for share count failed
2026-07-05 15:38:51,243 ERROR TORNTPHARM.NS: Yahoo web request for share count failed
2026-07-05 15:38:51,246 ERROR TARIL.NS: Yahoo web request for share count failed
2026-07-05 15:38:51,251 ERROR TRAVELFOOD.NS: Yahoo web request for share count failed
2026-07-05 15:38:51,252 ERROR TRENT.NS: Yahoo web request for share count failed
2026-07-05 15:38:51,254 ERROR TRIDENT.NS: Yahoo web request for share count failed
2026-07-05 15:38:51,263 ERROR TRITURBINE.NS: Yahoo web request for share count failed
2026-07-05 15:38:51,265 ERROR UCOBANK.NS: Yahoo web request for share count failed
2026-07-05 15:38:51,266 ERROR TIINDIA.NS: Yahoo web request for share count failed
2026-07-05 15:38:51,271 ERROR UNOMINDA.NS: Yahoo web request for share count failed
2026-07-05 15:38:51,273 ERROR UPL.NS: Yahoo web request for share count failed
2026-07-05 15:38:51,283 ERROR UTIAMC.NS: Yahoo web request for share count failed
2026-07-05 15:38:51,283 ERROR ULTRACEMCO.NS: Yahoo web request for share count failed
2026-07-05 15:38:51,285 ERROR UBL.NS: Yahoo web request for share count failed
2026-07-05 15:38:51,286 ERROR UNIONBANK.NS: Yahoo web request for share count failed
2026-07-05 15:38:51,296 ERROR URBANCO.NS: Yahoo web request for share count failed
2026-07-05 15:38:51,300 ERROR UNITDSPR.NS: Yahoo web request for share count failed
2026-07-05 15:38:51,301 ERROR VTL.NS: Yahoo web request for share count failed
2026-07-05 15:38:51,302 ERROR USHAMART.NS: Yahoo web request for share count failed
2026-07-05 15:38:51,309 ERROR VBL.NS: Yahoo web request for share count failed
2026-07-05 15:38:51,311 ERROR VEDL.NS: Yahoo web request for share count failed
2026-07-05 15:38:51,314 ERROR VIJAYA.NS: Yahoo web request for share count failed
2026-07-05 15:38:51,320 ERROR VMM.NS: Yahoo web request for share count failed
2026-07-05 15:38:51,320 ERROR IDEA.NS: Yahoo web request for share count failed
2026-07-05 15:38:51,328 ERROR VOLTAS.NS: Yahoo web request for share count failed
2026-07-05 15:38:51,329 ERROR WAAREEENER.NS: Yahoo web request for share count failed
2026-07-05 15:38:51,334 ERROR WELSPUNLIV.NS: Yahoo web request for share count failed
2026-07-05 15:38:51,337 ERROR WELCORP.NS: Yahoo web request for share count failed
2026-07-05 15:38:51,345 ERROR WHIRLPOOL.NS: Yahoo web request for share count failed
2026-07-05 15:38:51,347 ERROR WOCKPHARMA.NS: Yahoo web request for share count failed
2026-07-05 15:38:51,348 ERROR WIPRO.NS: Yahoo web request for share count failed
2026-07-05 15:38:51,352 ERROR YESBANK.NS: Yahoo web request for share count failed
2026-07-05 15:38:51,358 ERROR ZEEL.NS: Yahoo web request for share count failed
2026-07-05 15:38:51,360 ERROR ZFCVINDIA.NS: Yahoo web request for share count failed
2026-07-05 15:38:51,362 ERROR ZENTEC.NS: Yahoo web request for share count failed
2026-07-05 15:38:51,370 ERROR ZENSARTECH.NS: Yahoo web request for share count failed
2026-07-05 15:38:51,373 ERROR ZYDUSLIFE.NS: Yahoo web request for share count failed
2026-07-05 15:38:51,374 ERROR ZYDUSWELL.NS: Yahoo web request for share count failed
2026-07-05 15:38:51,376 ERROR ECLERX.NS: Yahoo web request for share count failed
2026-07-05 15:39:02,900 ERROR HYUNDAI.NS: Yahoo web request for share count failed
2026-07-05 15:39:02,902 ERROR HUDCO.NS: Yahoo web request for share count failed
2026-07-05 15:39:02,918 ERROR ICICIAMC.NS: Yahoo web request for share count failed
2026-07-05 15:39:02,919 ERROR IDFCFIRSTB.NS: Yahoo web request for share count failed
2026-07-05 15:39:02,923 ERROR ICICIGI.NS: Yahoo web request for share count failed
2026-07-05 15:39:02,924 ERROR IFCI.NS: Yahoo web request for share count failed
2026-07-05 15:39:02,925 ERROR ICICIBANK.NS: Yahoo web request for share count failed
2026-07-05 15:39:02,927 ERROR IGIL.NS: Yahoo web request for share count failed
2026-07-05 15:39:02,932 ERROR IEX.NS: Yahoo web request for share count failed
2026-07-05 15:39:02,933 ERROR ICICIPRULI.NS: Yahoo web request for share count failed
2026-07-05 15:39:02,933 ERROR IFBIND.NS: Yahoo web request for share count failed
2026-07-05 15:39:02,934 ERROR ICIL.NS: Yahoo web request for share count failed
2026-07-05 15:39:02,936 ERROR IGL.NS: Yahoo web request for share count failed
2026-07-05 15:39:02,940 ERROR IDEA.NS: Yahoo web request for share count failed
2026-07-05 15:39:02,942 ERROR IDBI.NS: Yahoo web request for share count failed
2026-07-05 15:39:02,948 ERROR IIFLCAPS.NS: Yahoo web request for share count failed
2026-07-05 15:39:02,952 ERROR IKS.NS: Yahoo web request for share count failed
2026-07-05 15:39:02,955 ERROR IIFL.NS: Yahoo web request for share count failed
2026-07-05 15:39:02,956 ERROR IMFA.NS: Yahoo web request for share count failed
2026-07-05 15:39:02,962 ERROR INDHOTEL.NS: Yahoo web request for share count failed
2026-07-05 15:39:02,966 ERROR INDGN.NS: Yahoo web request for share count failed
2026-07-05 15:39:02,978 ERROR INDIACEM.NS: Yahoo web request for share count failed
2026-07-05 15:39:02,983 ERROR INDIASHLTR.NS: Yahoo web request for share count failed
2026-07-05 15:39:02,983 ERROR INDIAGLYCO.NS: Yahoo web request for share count failed
2026-07-05 15:39:02,983 ERROR INDIAMART.NS: Yahoo web request for share count failed
2026-07-05 15:39:02,985 ERROR INDIGOPNTS.NS: Yahoo web request for share count failed
2026-07-05 15:39:02,987 ERROR INFY.NS: Yahoo web request for share count failed
2026-07-05 15:39:02,991 ERROR INDIANB.NS: Yahoo web request for share count failed
2026-07-05 15:39:02,992 ERROR INDIGO.NS: Yahoo web request for share count failed
2026-07-05 15:39:02,994 ERROR INDUSINDBK.NS: Yahoo web request for share count failed
2026-07-05 15:39:03,007 ERROR INDUSTOWER.NS: Yahoo web request for share count failed
2026-07-05 15:39:03,014 ERROR IOB.NS: Yahoo web request for share count failed
2026-07-05 15:39:03,015 ERROR IOC.NS: Yahoo web request for share count failed
2026-07-05 15:39:03,017 ERROR INOXWIND.NS: Yahoo web request for share count failed
2026-07-05 15:39:03,019 ERROR INTELLECT.NS: Yahoo web request for share count failed
2026-07-05 15:39:03,020 ERROR INOXGREEN.NS: Yahoo web request for share count failed
2026-07-05 15:39:03,027 ERROR IPCALAB.NS: Yahoo web request for share count failed
2026-07-05 15:39:03,030 ERROR IONEXCHANG.NS: Yahoo web request for share count failed
2026-07-05 15:39:03,033 ERROR IRCON.NS: Yahoo web request for share count failed
2026-07-05 15:39:03,034 ERROR INOXINDIA.NS: Yahoo web request for share count failed
2026-07-05 15:39:03,042 ERROR IRCTC.NS: Yahoo web request for share count failed
2026-07-05 15:39:03,047 ERROR IREDA.NS: Yahoo web request for share count failed
2026-07-05 15:39:03,049 ERROR IRB.NS: Yahoo web request for share count failed
2026-07-05 15:39:03,052 ERROR ITC.NS: Yahoo web request for share count failed
2026-07-05 15:39:03,053 ERROR IRFC.NS: Yahoo web request for share count failed
2026-07-05 15:39:03,055 ERROR IXIGO.NS: Yahoo web request for share count failed
2026-07-05 15:39:03,055 ERROR ITI.NS: Yahoo web request for share count failed
2026-07-05 15:39:03,055 ERROR ITCHOTELS.NS: Yahoo web request for share count failed
2026-07-05 15:39:03,069 ERROR JAIBALAJI.NS: Yahoo web request for share count failed
2026-07-05 15:39:03,073 ERROR JAMNAAUTO.NS: Yahoo web request for share count failed
2026-07-05 15:39:03,079 ERROR JAINREC.NS: Yahoo web request for share count failed
2026-07-05 15:39:03,082 ERROR J&KBANK.NS: Yahoo web request for share count failed
2026-07-05 15:39:03,084 ERROR JBCHEPHARM.NS: Yahoo web request for share count failed
2026-07-05 15:39:03,084 ERROR JAYNECOIND.NS: Yahoo web request for share count failed
2026-07-05 15:39:03,098 ERROR JBMA.NS: Yahoo web request for share count failed
2026-07-05 15:39:03,098 ERROR JIOFIN.NS: Yahoo web request for share count failed
2026-07-05 15:39:03,104 ERROR JKLAKSHMI.NS: Yahoo web request for share count failed
2026-07-05 15:39:03,109 ERROR JINDALSAW.NS: Yahoo web request for share count failed
2026-07-05 15:39:03,110 ERROR JKTYRE.NS: Yahoo web request for share count failed
2026-07-05 15:39:03,110 ERROR JKCEMENT.NS: Yahoo web request for share count failed
2026-07-05 15:39:03,114 ERROR JMFINANCIL.NS: Yahoo web request for share count failed
2026-07-05 15:39:03,120 ERROR JLHL.NS: Yahoo web request for share count failed
2026-07-05 15:39:03,122 ERROR JPPOWER.NS: Yahoo web request for share count failed
2026-07-05 15:39:03,133 ERROR JSFB.NS: Yahoo web request for share count failed
2026-07-05 15:39:03,142 ERROR JKPAPER.NS: Yahoo web request for share count failed
2026-07-05 15:39:03,144 ERROR JSWCEMENT.NS: Yahoo web request for share count failed
2026-07-05 15:39:03,150 ERROR JSWDULUX.NS: Yahoo web request for share count failed
2026-07-05 15:39:03,152 ERROR JSLL.NS: Yahoo web request for share count failed
2026-07-05 15:39:03,157 ERROR JSWSTEEL.NS: Yahoo web request for share count failed
2026-07-05 15:39:03,158 ERROR JSWENERGY.NS: Yahoo web request for share count failed
2026-07-05 15:39:03,163 ERROR JUBLPHARMA.NS: Yahoo web request for share count failed
2026-07-05 15:39:03,164 ERROR JSWINFRA.NS: Yahoo web request for share count failed
2026-07-05 15:39:03,165 ERROR JUBLINGREA.NS: Yahoo web request for share count failed
2026-07-05 15:39:03,166 ERROR JSL.NS: Yahoo web request for share count failed
2026-07-05 15:39:03,166 ERROR JINDALSTEL.NS: Yahoo web request for share count failed
2026-07-05 15:39:03,166 ERROR JUBLFOOD.NS: Yahoo web request for share count failed
2026-07-05 15:39:03,175 ERROR JUSTDIAL.NS: Yahoo web request for share count failed
2026-07-05 15:39:03,176 ERROR JWL.NS: Yahoo web request for share count failed
2026-07-05 15:39:03,183 ERROR JYOTHYLAB.NS: Yahoo web request for share count failed
2026-07-05 15:39:03,186 ERROR JYOTICNC.NS: Yahoo web request for share count failed
2026-07-05 15:39:03,197 ERROR KAJARIACER.NS: Yahoo web request for share count failed
2026-07-05 15:39:03,200 ERROR KAYNES.NS: Yahoo web request for share count failed
2026-07-05 15:39:03,205 ERROR KANSAINER.NS: Yahoo web request for share count failed
2026-07-05 15:39:03,205 ERROR KARURVYSYA.NS: Yahoo web request for share count failed
2026-07-05 15:39:03,207 ERROR KALYANKJIL.NS: Yahoo web request for share count failed
2026-07-05 15:39:03,211 ERROR KEI.NS: Yahoo web request for share count failed
2026-07-05 15:39:03,213 ERROR KIMS.NS: Yahoo web request for share count failed
2026-07-05 15:39:03,222 ERROR KEC.NS: Yahoo web request for share count failed
2026-07-05 15:39:03,225 ERROR KIRLOSENG.NS: Yahoo web request for share count failed
2026-07-05 15:39:03,225 ERROR KIRLOSBROS.NS: Yahoo web request for share count failed
2026-07-05 15:39:03,226 ERROR KFINTECH.NS: Yahoo web request for share count failed
2026-07-05 15:39:03,234 ERROR KIRLPNU.NS: Yahoo web request for share count failed
2026-07-05 15:39:03,234 ERROR KITEX.NS: Yahoo web request for share count failed
2026-07-05 15:39:03,237 ERROR KOTAKBANK.NS: Yahoo web request for share count failed
2026-07-05 15:39:03,237 ERROR KNRCON.NS: Yahoo web request for share count failed
2026-07-05 15:39:03,243 ERROR KPIGREEN.NS: Yahoo web request for share count failed
2026-07-05 15:39:03,244 ERROR KPIL.NS: Yahoo web request for share count failed
2026-07-05 15:39:03,249 ERROR KPRMILL.NS: Yahoo web request for share count failed
2026-07-05 15:39:03,253 ERROR KPITTECH.NS: Yahoo web request for share count failed
2026-07-05 15:39:03,257 ERROR KRN.NS: Yahoo web request for share count failed
2026-07-05 15:39:03,259 ERROR KRBL.NS: Yahoo web request for share count failed
2026-07-05 15:39:03,275 ERROR KSB.NS: Yahoo web request for share count failed
2026-07-05 15:39:03,277 ERROR KTKBANK.NS: Yahoo web request for share count failed
2026-07-05 15:39:03,278 ERROR KSCL.NS: Yahoo web request for share count failed
2026-07-05 15:39:03,278 ERROR LALPATHLAB.NS: Yahoo web request for share count failed
2026-07-05 15:39:03,279 ERROR LAURUSLABS.NS: Yahoo web request for share count failed
2026-07-05 15:39:03,281 ERROR LEMONTREE.NS: Yahoo web request for share count failed
2026-07-05 15:39:03,282 ERROR LENSKART.NS: Yahoo web request for share count failed
2026-07-05 15:39:03,296 ERROR LATENTVIEW.NS: Yahoo web request for share count failed
2026-07-05 15:39:03,306 ERROR LICHSGFIN.NS: Yahoo web request for share count failed
2026-07-05 15:39:03,306 ERROR LICI.NS: Yahoo web request for share count failed
2026-07-05 15:39:03,308 ERROR LINDEINDIA.NS: Yahoo web request for share count failed
2026-07-05 15:39:03,312 ERROR LLOYDSENT.NS: Yahoo web request for share count failed
2026-07-05 15:39:03,315 ERROR LLOYDSENGG.NS: Yahoo web request for share count failed
2026-07-05 15:39:03,321 ERROR LGEINDIA.NS: Yahoo web request for share count failed
2026-07-05 15:39:03,322 ERROR LTF.NS: Yahoo web request for share count failed
2026-07-05 15:39:03,326 ERROR LOTUSDEV.NS: Yahoo web request for share count failed
2026-07-05 15:39:03,331 ERROR LODHA.NS: Yahoo web request for share count failed
2026-07-05 15:39:03,331 ERROR LLOYDSME.NS: Yahoo web request for share count failed
2026-07-05 15:39:03,332 ERROR LTM.NS: Yahoo web request for share count failed
2026-07-05 15:39:03,333 ERROR LT.NS: Yahoo web request for share count failed
2026-07-05 15:39:03,339 ERROR LTTS.NS: Yahoo web request for share count failed
2026-07-05 15:39:03,339 ERROR LUMAXTECH.NS: Yahoo web request for share count failed
2026-07-05 15:39:03,351 ERROR M&M.NS: Yahoo web request for share count failed
2026-07-05 15:39:03,351 ERROR LTFOODS.NS: Yahoo web request for share count failed
2026-07-05 15:39:03,351 ERROR LUPIN.NS: Yahoo web request for share count failed
2026-07-05 15:39:03,354 ERROR LXCHEM.NS: Yahoo web request for share count failed
2026-07-05 15:39:03,358 ERROR M&MFIN.NS: Yahoo web request for share count failed
2026-07-05 15:39:03,371 ERROR MAHSCOOTER.NS: Yahoo web request for share count failed
2026-07-05 15:39:03,371 ERROR MANORAMA.NS: Yahoo web request for share count failed
2026-07-05 15:39:03,372 ERROR MAHSEAMLES.NS: Yahoo web request for share count failed
2026-07-05 15:39:03,375 ERROR MAHABANK.NS: Yahoo web request for share count failed
2026-07-05 15:39:03,385 ERROR MANAPPURAM.NS: Yahoo web request for share count failed
2026-07-05 15:39:03,385 ERROR MANKIND.NS: Yahoo web request for share count failed
2026-07-05 15:39:03,385 ERROR MAPMYINDIA.NS: Yahoo web request for share count failed
2026-07-05 15:39:03,392 ERROR MARICO.NS: Yahoo web request for share count failed
2026-07-05 15:39:03,403 ERROR MARUTI.NS: Yahoo web request for share count failed
2026-07-05 15:39:03,406 ERROR MARKSANS.NS: Yahoo web request for share count failed
2026-07-05 15:39:03,407 ERROR MAZDOCK.NS: Yahoo web request for share count failed
2026-07-05 15:39:03,410 ERROR MAXHEALTH.NS: Yahoo web request for share count failed
2026-07-05 15:39:03,415 ERROR MASTEK.NS: Yahoo web request for share count failed
2026-07-05 15:39:03,415 ERROR MCX.NS: Yahoo web request for share count failed
2026-07-05 15:39:03,417 ERROR MEESHO.NS: Yahoo web request for share count failed
2026-07-05 15:39:03,420 ERROR MEDPLUS.NS: Yahoo web request for share count failed
2026-07-05 15:39:03,429 ERROR MIDHANI.NS: Yahoo web request for share count failed
2026-07-05 15:39:03,429 ERROR METROPOLIS.NS: Yahoo web request for share count failed
2026-07-05 15:39:03,430 ERROR MGL.NS: Yahoo web request for share count failed
2026-07-05 15:39:03,433 ERROR MEDANTA.NS: Yahoo web request for share count failed
2026-07-05 15:39:03,434 ERROR MFSL.NS: Yahoo web request for share count failed
2026-07-05 15:39:03,434 ERROR MINDACORP.NS: Yahoo web request for share count failed
2026-07-05 15:39:03,452 ERROR MMTC.NS: Yahoo web request for share count failed
2026-07-05 15:39:03,457 ERROR MPHASIS.NS: Yahoo web request for share count failed
2026-07-05 15:39:03,467 ERROR MOTILALOFS.NS: Yahoo web request for share count failed
2026-07-05 15:39:03,471 ERROR MOIL.NS: Yahoo web request for share count failed
2026-07-05 15:39:03,473 ERROR MRF.NS: Yahoo web request for share count failed
2026-07-05 15:39:03,475 ERROR MANYAVAR.NS: Yahoo web request for share count failed
2026-07-05 15:39:03,479 ERROR MSUMI.NS: Yahoo web request for share count failed
2026-07-05 15:39:03,484 ERROR MOTHERSON.NS: Yahoo web request for share count failed
2026-07-05 15:39:03,489 ERROR MSTCLTD.NS: Yahoo web request for share count failed
2026-07-05 15:39:03,498 ERROR MRPL.NS: Yahoo web request for share count failed
2026-07-05 15:39:03,501 ERROR MTARTECH.NS: Yahoo web request for share count failed
2026-07-05 15:39:03,507 ERROR MUTHOOTFIN.NS: Yahoo web request for share count failed
2026-07-05 15:39:03,507 ERROR NAM-INDIA.NS: Yahoo web request for share count failed
2026-07-05 15:39:03,508 ERROR NATCOPHARM.NS: Yahoo web request for share count failed
2026-07-05 15:39:03,508 ERROR NAVA.NS: Yahoo web request for share count failed
2026-07-05 15:39:03,518 ERROR NAUKRI.NS: Yahoo web request for share count failed
2026-07-05 15:39:03,520 ERROR NATIONALUM.NS: Yahoo web request for share count failed
2026-07-05 15:39:03,520 ERROR NAVINFLUOR.NS: Yahoo web request for share count failed
2026-07-05 15:39:03,527 ERROR NAZARA.NS: Yahoo web request for share count failed
2026-07-05 15:39:03,529 ERROR NEOGEN.NS: Yahoo web request for share count failed
2026-07-05 15:39:03,542 ERROR NESCO.NS: Yahoo web request for share count failed
2026-07-05 15:39:03,542 ERROR NBCC.NS: Yahoo web request for share count failed
2026-07-05 15:39:03,543 ERROR NCC.NS: Yahoo web request for share count failed
2026-07-05 15:39:03,546 ERROR NESTLEIND.NS: Yahoo web request for share count failed
2026-07-05 15:39:03,548 ERROR NETWEB.NS: Yahoo web request for share count failed
2026-07-05 15:39:03,550 ERROR NETWORK18.NS: Yahoo web request for share count failed
2026-07-05 15:39:03,553 ERROR NEULANDLAB.NS: Yahoo web request for share count failed
2026-07-05 15:39:03,557 ERROR NFL.NS: Yahoo web request for share count failed
2026-07-05 15:39:03,559 ERROR NH.NS: Yahoo web request for share count failed
2026-07-05 15:39:03,572 ERROR NIACL.NS: Yahoo web request for share count failed
2026-07-05 15:39:03,573 ERROR NEWGEN.NS: Yahoo web request for share count failed
2026-07-05 15:39:03,579 ERROR NMDC.NS: Yahoo web request for share count failed
2026-07-05 15:39:03,583 ERROR NIVABUPA.NS: Yahoo web request for share count failed
2026-07-05 15:39:03,585 ERROR NLCINDIA.NS: Yahoo web request for share count failed
2026-07-05 15:39:03,587 ERROR NTPC.NS: Yahoo web request for share count failed
2026-07-05 15:39:03,589 ERROR NHPC.NS: Yahoo web request for share count failed
2026-07-05 15:39:03,590 ERROR NSLNISP.NS: Yahoo web request for share count failed
2026-07-05 15:39:03,591 ERROR NTPCGREEN.NS: Yahoo web request for share count failed
2026-07-05 15:39:03,596 ERROR NUVAMA.NS: Yahoo web request for share count failed
2026-07-05 15:39:03,603 ERROR NYKAA.NS: Yahoo web request for share count failed
2026-07-05 15:39:03,608 ERROR NUVOCO.NS: Yahoo web request for share count failed
2026-07-05 15:39:03,608 ERROR OBEROIRLTY.NS: Yahoo web request for share count failed
2026-07-05 15:39:03,628 ERROR OLECTRA.NS: Yahoo web request for share count failed
2026-07-05 15:39:03,630 ERROR OFSS.NS: Yahoo web request for share count failed
2026-07-05 15:39:03,631 ERROR ONESOURCE.NS: Yahoo web request for share count failed
2026-07-05 15:39:03,632 ERROR OIL.NS: Yahoo web request for share count failed
2026-07-05 15:39:03,633 ERROR OLAELEC.NS: Yahoo web request for share count failed
2026-07-05 15:39:03,634 ERROR ORKLAINDIA.NS: Yahoo web request for share count failed
2026-07-05 15:39:03,636 ERROR PAGEIND.NS: Yahoo web request for share count failed
2026-07-05 15:39:03,638 ERROR OPTIEMUS.NS: Yahoo web request for share count failed
2026-07-05 15:39:03,639 ERROR OSWALPUMPS.NS: Yahoo web request for share count failed
2026-07-05 15:39:03,644 ERROR ORIENTCEM.NS: Yahoo web request for share count failed
2026-07-05 15:39:03,647 ERROR PARADEEP.NS: Yahoo web request for share count failed
2026-07-05 15:39:03,650 ERROR ONGC.NS: Yahoo web request for share count failed
2026-07-05 15:39:03,658 ERROR PARAS.NS: Yahoo web request for share count failed
2026-07-05 15:39:03,666 ERROR PARKHOSPS.NS: Yahoo web request for share count failed
2026-07-05 15:39:03,666 ERROR PATANJALI.NS: Yahoo web request for share count failed
2026-07-05 15:39:03,687 ERROR PETRONET.NS: Yahoo web request for share count failed
2026-07-05 15:39:03,687 ERROR PCJEWELLER.NS: Yahoo web request for share count failed
2026-07-05 15:39:03,690 ERROR PCBL.NS: Yahoo web request for share count failed
2026-07-05 15:39:03,691 ERROR PFIZER.NS: Yahoo web request for share count failed
2026-07-05 15:39:03,692 ERROR PERSISTENT.NS: Yahoo web request for share count failed
2026-07-05 15:39:03,697 ERROR PAYTM.NS: Yahoo web request for share count failed
2026-07-05 15:39:03,702 ERROR PFC.NS: Yahoo web request for share count failed
2026-07-05 15:39:03,703 ERROR PICCADIL.NS: Yahoo web request for share count failed
2026-07-05 15:39:03,703 ERROR PFOCUS.NS: Yahoo web request for share count failed
2026-07-05 15:39:03,704 ERROR PGEL.NS: Yahoo web request for share count failed
2026-07-05 15:39:03,705 ERROR PGIL.NS: Yahoo web request for share count failed
2026-07-05 15:39:03,711 ERROR PIDILITIND.NS: Yahoo web request for share count failed
2026-07-05 15:39:03,717 ERROR PHOENIXLTD.NS: Yahoo web request for share count failed
2026-07-05 15:39:03,725 ERROR PINELABS.NS: Yahoo web request for share count failed
2026-07-05 15:39:03,727 ERROR PIIND.NS: Yahoo web request for share count failed
2026-07-05 15:39:03,730 ERROR PIRAMALFIN.NS: Yahoo web request for share count failed
2026-07-05 15:39:03,735 ERROR PNCINFRA.NS: Yahoo web request for share count failed
2026-07-05 15:39:03,742 ERROR PNB.NS: Yahoo web request for share count failed
2026-07-05 15:39:03,746 ERROR PNGJL.NS: Yahoo web request for share count failed
2026-07-05 15:39:03,751 ERROR POLYCAB.NS: Yahoo web request for share count failed
2026-07-05 15:39:03,753 ERROR PNBHOUSING.NS: Yahoo web request for share count failed
2026-07-05 15:39:03,755 ERROR POLYMED.NS: Yahoo web request for share count failed
2026-07-05 15:39:03,756 ERROR POLICYBZR.NS: Yahoo web request for share count failed
2026-07-05 15:39:03,761 ERROR POONAWALLA.NS: Yahoo web request for share count failed
2026-07-05 15:39:03,763 ERROR POWERMECH.NS: Yahoo web request for share count failed
2026-07-05 15:39:03,763 ERROR POWERGRID.NS: Yahoo web request for share count failed
2026-07-05 15:39:03,766 ERROR POWERINDIA.NS: Yahoo web request for share count failed
2026-07-05 15:39:03,774 ERROR PPLPHARMA.NS: Yahoo web request for share count failed
2026-07-05 15:39:03,776 ERROR PRAJIND.NS: Yahoo web request for share count failed
2026-07-05 15:39:03,783 ERROR PRESTIGE.NS: Yahoo web request for share count failed
2026-07-05 15:39:03,790 ERROR PREMIERENE.NS: Yahoo web request for share count failed
2026-07-05 15:39:03,796 ERROR PRICOLLTD.NS: Yahoo web request for share count failed
2026-07-05 15:39:03,796 ERROR PRIVISCL.NS: Yahoo web request for share count failed
2026-07-05 15:39:03,805 ERROR PRUDENT.NS: Yahoo web request for share count failed
2026-07-05 15:39:03,806 ERROR PTCIL.NS: Yahoo web request for share count failed
2026-07-05 15:39:03,807 ERROR PVRINOX.NS: Yahoo web request for share count failed
2026-07-05 15:39:03,808 ERROR PRSMJOHNSN.NS: Yahoo web request for share count failed
2026-07-05 15:39:03,811 ERROR PURVA.NS: Yahoo web request for share count failed
2026-07-05 15:39:03,815 ERROR PWL.NS: Yahoo web request for share count failed
2026-07-05 15:39:03,816 ERROR PTC.NS: Yahoo web request for share count failed
2026-07-05 15:39:03,822 ERROR QPOWER.NS: Yahoo web request for share count failed
2026-07-05 15:39:03,824 ERROR QUESS.NS: Yahoo web request for share count failed
2026-07-05 15:39:03,831 ERROR RAILTEL.NS: Yahoo web request for share count failed
2026-07-05 15:39:03,833 ERROR RADICO.NS: Yahoo web request for share count failed
2026-07-05 15:39:03,846 ERROR RAMCOCEM.NS: Yahoo web request for share count failed
2026-07-05 15:39:03,847 ERROR RATEGAIN.NS: Yahoo web request for share count failed
2026-07-05 15:39:03,847 ERROR RAIN.NS: Yahoo web request for share count failed
2026-07-05 15:39:03,849 ERROR RALLIS.NS: Yahoo web request for share count failed
2026-07-05 15:39:03,851 ERROR RATNAMANI.NS: Yahoo web request for share count failed
2026-07-05 15:39:03,851 ERROR RAINBOW.NS: Yahoo web request for share count failed
2026-07-05 15:39:03,859 ERROR RBA.NS: Yahoo web request for share count failed
2026-07-05 15:39:03,861 ERROR RAYMONDLSL.NS: Yahoo web request for share count failed
2026-07-05 15:39:03,866 ERROR RBLBANK.NS: Yahoo web request for share count failed
2026-07-05 15:39:03,867 ERROR RCF.NS: Yahoo web request for share count failed
2026-07-05 15:39:03,877 ERROR RECLTD.NS: Yahoo web request for share count failed
2026-07-05 15:39:03,877 ERROR REDINGTON.NS: Yahoo web request for share count failed
2026-07-05 15:39:03,879 ERROR REFEX.NS: Yahoo web request for share count failed
2026-07-05 15:39:03,882 ERROR REDTAPE.NS: Yahoo web request for share count failed
2026-07-05 15:39:03,895 ERROR RELIGARE.NS: Yahoo web request for share count failed
2026-07-05 15:39:03,897 ERROR RKFORGE.NS: Yahoo web request for share count failed
2026-07-05 15:39:03,900 ERROR RELAXO.NS: Yahoo web request for share count failed
2026-07-05 15:39:03,913 ERROR RELIANCE.NS: Yahoo web request for share count failed
2026-07-05 15:39:03,914 ERROR RHIM.NS: Yahoo web request for share count failed
2026-07-05 15:39:03,916 ERROR ROUTE.NS: Yahoo web request for share count failed
2026-07-05 15:39:03,918 ERROR RITES.NS: Yahoo web request for share count failed
2026-07-05 15:39:03,920 ERROR RTNINDIA.NS: Yahoo web request for share count failed
2026-07-05 15:39:03,920 ERROR RRKABEL.NS: Yahoo web request for share count failed
2026-07-05 15:39:03,927 ERROR RPOWER.NS: Yahoo web request for share count failed
2026-07-05 15:39:03,927 ERROR RUBICON.NS: Yahoo web request for share count failed
2026-07-05 15:39:03,931 ERROR RTNPOWER.NS: Yahoo web request for share count failed
2026-07-05 15:39:03,931 ERROR RENUKA.NS: Yahoo web request for share count failed
2026-07-05 15:39:03,942 ERROR SAATVIKGL.NS: Yahoo web request for share count failed
2026-07-05 15:39:03,943 ERROR RVNL.NS: Yahoo web request for share count failed
2026-07-05 15:39:03,954 ERROR SAIL.NS: Yahoo web request for share count failed
2026-07-05 15:39:03,956 ERROR SAILIFE.NS: Yahoo web request for share count failed
2026-07-05 15:39:03,960 ERROR SAFARI.NS: Yahoo web request for share count failed
2026-07-05 15:39:03,966 ERROR SAGILITY.NS: Yahoo web request for share count failed
2026-07-05 15:39:03,968 ERROR SAMHI.NS: Yahoo web request for share count failed
2026-07-05 15:39:03,970 ERROR SANDUMA.NS: Yahoo web request for share count failed
2026-07-05 15:39:03,974 ERROR SAPPHIRE.NS: Yahoo web request for share count failed
2026-07-05 15:39:03,974 ERROR SANOFICONR.NS: Yahoo web request for share count failed
2026-07-05 15:39:03,975 ERROR SANSERA.NS: Yahoo web request for share count failed
2026-07-05 15:39:03,980 ERROR SARDAEN.NS: Yahoo web request for share count failed
2026-07-05 15:39:03,980 ERROR SAMMAANCAP.NS: Yahoo web request for share count failed
2026-07-05 15:39:03,989 ERROR SBFC.NS: Yahoo web request for share count failed
2026-07-05 15:39:04,003 ERROR SAREGAMA.NS: Yahoo web request for share count failed
2026-07-05 15:39:04,007 ERROR SBILIFE.NS: Yahoo web request for share count failed
2026-07-05 15:39:04,008 ERROR SCI.NS: Yahoo web request for share count failed
2026-07-05 15:39:04,009 ERROR SBIN.NS: Yahoo web request for share count failed
2026-07-05 15:39:04,010 ERROR SCHNEIDER.NS: Yahoo web request for share count failed
2026-07-05 15:39:04,012 ERROR SBICARD.NS: Yahoo web request for share count failed
2026-07-05 15:39:04,013 ERROR SFL.NS: Yahoo web request for share count failed
2026-07-05 15:39:04,015 ERROR SCHAEFFLER.NS: Yahoo web request for share count failed
2026-07-05 15:39:04,015 ERROR SENCO.NS: Yahoo web request for share count failed
2026-07-05 15:39:04,017 ERROR SHAKTIPUMP.NS: Yahoo web request for share count failed
2026-07-05 15:39:04,022 ERROR SHAILY.NS: Yahoo web request for share count failed
2026-07-05 15:39:04,031 ERROR SHARDACROP.NS: Yahoo web request for share count failed
2026-07-05 15:39:04,047 ERROR SHREECEM.NS: Yahoo web request for share count failed
2026-07-05 15:39:04,048 ERROR SHAREINDIA.NS: Yahoo web request for share count failed
2026-07-05 15:39:04,055 ERROR SHYAMMETL.NS: Yahoo web request for share count failed
2026-07-05 15:39:04,055 ERROR SHRIPISTON.NS: Yahoo web request for share count failed
2026-07-05 15:39:04,055 ERROR SHILPAMED.NS: Yahoo web request for share count failed
2026-07-05 15:39:04,056 ERROR SIGNATURE.NS: Yahoo web request for share count failed
2026-07-05 15:39:04,060 ERROR SKFINDUS.NS: Yahoo web request for share count failed
2026-07-05 15:39:04,062 ERROR SIEMENS.NS: Yahoo web request for share count failed
2026-07-05 15:39:04,063 ERROR SJVN.NS: Yahoo web request for share count failed
2026-07-05 15:39:04,066 ERROR SHRIRAMFIN.NS: Yahoo web request for share count failed
2026-07-05 15:39:04,068 ERROR SKFINDIA.NS: Yahoo web request for share count failed
2026-07-05 15:39:04,070 ERROR SKIPPER.NS: Yahoo web request for share count failed
2026-07-05 15:39:04,077 ERROR SKYGOLD.NS: Yahoo web request for share count failed
2026-07-05 15:39:04,083 ERROR SOBHA.NS: Yahoo web request for share count failed
2026-07-05 15:39:04,096 ERROR SMARTWORKS.NS: Yahoo web request for share count failed
2026-07-05 15:39:04,105 ERROR SOLARINDS.NS: Yahoo web request for share count failed
2026-07-05 15:39:04,107 ERROR SONACOMS.NS: Yahoo web request for share count failed
2026-07-05 15:39:04,109 ERROR SMLMAH.NS: Yahoo web request for share count failed
2026-07-05 15:39:04,111 ERROR SOUTHBANK.NS: Yahoo web request for share count failed
2026-07-05 15:39:04,112 ERROR SRF.NS: Yahoo web request for share count failed
2026-07-05 15:39:04,114 ERROR SONATSOFTW.NS: Yahoo web request for share count failed
2026-07-05 15:39:04,116 ERROR STARCEMENT.NS: Yahoo web request for share count failed
2026-07-05 15:39:04,117 ERROR SPARC.NS: Yahoo web request for share count failed
2026-07-05 15:39:04,118 ERROR STARHEALTH.NS: Yahoo web request for share count failed
2026-07-05 15:39:04,128 ERROR STAR.NS: Yahoo web request for share count failed
2026-07-05 15:39:04,138 ERROR STLTECH.NS: Yahoo web request for share count failed
2026-07-05 15:39:04,150 ERROR SUBROS.NS: Yahoo web request for share count failed
2026-07-05 15:39:04,151 ERROR STYL.NS: Yahoo web request for share count failed
2026-07-05 15:39:04,152 ERROR SPLPETRO.NS: Yahoo web request for share count failed
2026-07-05 15:39:04,153 ERROR STYRENIX.NS: Yahoo web request for share count failed
2026-07-05 15:39:04,155 ERROR SUDARSCHEM.NS: Yahoo web request for share count failed
2026-07-05 15:39:04,157 ERROR SUNTECK.NS: Yahoo web request for share count failed
2026-07-05 15:39:04,158 ERROR SUNDARMFIN.NS: Yahoo web request for share count failed
2026-07-05 15:39:04,161 ERROR SUDEEPPHRM.NS: Yahoo web request for share count failed
2026-07-05 15:39:04,166 ERROR SUMICHEM.NS: Yahoo web request for share count failed
2026-07-05 15:39:04,168 ERROR SUNPHARMA.NS: Yahoo web request for share count failed
2026-07-05 15:39:04,169 ERROR SUPREMEIND.NS: Yahoo web request for share count failed
2026-07-05 15:39:04,178 ERROR SUNTV.NS: Yahoo web request for share count failed
2026-07-05 15:39:04,184 ERROR SUZLON.NS: Yahoo web request for share count failed
2026-07-05 15:39:04,185 ERROR SUPRIYA.NS: Yahoo web request for share count failed
2026-07-05 15:39:04,193 ERROR SURYAROSNI.NS: Yahoo web request for share count failed
2026-07-05 15:39:04,199 ERROR TANLA.NS: Yahoo web request for share count failed
2026-07-05 15:39:04,202 ERROR SWANCORP.NS: Yahoo web request for share count failed
2026-07-05 15:39:04,207 ERROR SYRMA.NS: Yahoo web request for share count failed
2026-07-05 15:39:04,208 ERROR SWIGGY.NS: Yahoo web request for share count failed
2026-07-05 15:39:04,209 ERROR TATACAP.NS: Yahoo web request for share count failed
2026-07-05 15:39:04,210 ERROR TARC.NS: Yahoo web request for share count failed
2026-07-05 15:39:04,210 ERROR TARIL.NS: Yahoo web request for share count failed
2026-07-05 15:39:04,215 ERROR TATACHEM.NS: Yahoo web request for share count failed
2026-07-05 15:39:04,217 ERROR SWSOLAR.NS: Yahoo web request for share count failed
2026-07-05 15:39:04,222 ERROR SYNGENE.NS: Yahoo web request for share count failed
2026-07-05 15:39:04,225 ERROR TATACOMM.NS: Yahoo web request for share count failed
2026-07-05 15:39:04,234 ERROR TATAELXSI.NS: Yahoo web request for share count failed
2026-07-05 15:39:04,236 ERROR TATACONSUM.NS: Yahoo web request for share count failed
2026-07-05 15:39:04,241 ERROR TATAINVEST.NS: Yahoo web request for share count failed
2026-07-05 15:39:04,254 ERROR TATASTEEL.NS: Yahoo web request for share count failed
2026-07-05 15:39:04,256 ERROR TECHM.NS: Yahoo web request for share count failed
2026-07-05 15:39:04,260 ERROR TATATECH.NS: Yahoo web request for share count failed
2026-07-05 15:39:04,260 ERROR TCS.NS: Yahoo web request for share count failed
2026-07-05 15:39:04,261 ERROR TBOTEK.NS: Yahoo web request for share count failed
2026-07-05 15:39:04,263 ERROR TATAPOWER.NS: Yahoo web request for share count failed
2026-07-05 15:39:04,263 ERROR TEJASNET.NS: Yahoo web request for share count failed
2026-07-05 15:39:04,270 ERROR TDPOWERSYS.NS: Yahoo web request for share count failed
2026-07-05 15:39:04,270 ERROR TEXRAIL.NS: Yahoo web request for share count failed
2026-07-05 15:39:04,272 ERROR THANGAMAYL.NS: Yahoo web request for share count failed
2026-07-05 15:39:04,275 ERROR TENNIND.NS: Yahoo web request for share count failed
2026-07-05 15:39:04,276 ERROR THERMAX.NS: Yahoo web request for share count failed
2026-07-05 15:39:04,281 ERROR TECHNOE.NS: Yahoo web request for share count failed
2026-07-05 15:39:04,288 ERROR TEGA.NS: Yahoo web request for share count failed
2026-07-05 15:39:04,296 ERROR THELEELA.NS: Yahoo web request for share count failed
2026-07-05 15:39:04,298 ERROR THOMASCOOK.NS: Yahoo web request for share count failed
2026-07-05 15:39:04,311 ERROR TI.NS: Yahoo web request for share count failed
2026-07-05 15:39:04,313 ERROR THYROCARE.NS: Yahoo web request for share count failed
2026-07-05 15:39:04,316 ERROR TMPV.NS: Yahoo web request for share count failed
2026-07-05 15:39:04,317 ERROR TIINDIA.NS: Yahoo web request for share count failed
2026-07-05 15:39:04,318 ERROR TIMKEN.NS: Yahoo web request for share count failed
2026-07-05 15:39:04,318 ERROR TIMETECHNO.NS: Yahoo web request for share count failed
2026-07-05 15:39:04,318 ERROR TIPSMUSIC.NS: Yahoo web request for share count failed
2026-07-05 15:39:04,319 ERROR TMCV.NS: Yahoo web request for share count failed
2026-07-05 15:39:04,321 ERROR TITAN.NS: Yahoo web request for share count failed
2026-07-05 15:39:04,322 ERROR TMB.NS: Yahoo web request for share count failed
2026-07-05 15:39:04,331 ERROR TORNTPOWER.NS: Yahoo web request for share count failed
2026-07-05 15:39:04,333 ERROR TITAGARH.NS: Yahoo web request for share count failed
2026-07-05 15:39:04,335 ERROR TORNTPHARM.NS: Yahoo web request for share count failed
2026-07-05 15:39:04,349 ERROR TRENT.NS: Yahoo web request for share count failed
2026-07-05 15:39:04,349 ERROR TRANSRAILL.NS: Yahoo web request for share count failed
2026-07-05 15:39:04,354 ERROR TRIDENT.NS: Yahoo web request for share count failed
2026-07-05 15:39:04,355 ERROR TRITURBINE.NS: Yahoo web request for share count failed
2026-07-05 15:39:04,356 ERROR TSFINV.NS: Yahoo web request for share count failed
2026-07-05 15:39:04,360 ERROR TVSMOTOR.NS: Yahoo web request for share count failed
2026-07-05 15:39:04,361 ERROR TRAVELFOOD.NS: Yahoo web request for share count failed
2026-07-05 15:39:04,362 ERROR TTML.NS: Yahoo web request for share count failed
2026-07-05 15:39:04,365 ERROR TRIVENI.NS: Yahoo web request for share count failed
2026-07-05 15:39:04,372 ERROR UCOBANK.NS: Yahoo web request for share count failed
2026-07-05 15:39:04,372 ERROR TVSSCS.NS: Yahoo web request for share count failed
2026-07-05 15:39:04,373 ERROR UBL.NS: Yahoo web request for share count failed
2026-07-05 15:39:04,387 ERROR UNIONBANK.NS: Yahoo web request for share count failed
2026-07-05 15:39:04,388 ERROR UJJIVANSFB.NS: Yahoo web request for share count failed
2026-07-05 15:39:04,394 ERROR ULTRACEMCO.NS: Yahoo web request for share count failed
2026-07-05 15:39:04,395 ERROR UNOMINDA.NS: Yahoo web request for share count failed
2026-07-05 15:39:04,395 ERROR UNITDSPR.NS: Yahoo web request for share count failed
2026-07-05 15:39:04,402 ERROR UPL.NS: Yahoo web request for share count failed
2026-07-05 15:39:04,403 ERROR URBANCO.NS: Yahoo web request for share count failed
2026-07-05 15:39:04,404 ERROR UTLSOLAR.NS: Yahoo web request for share count failed
2026-07-05 15:39:04,404 ERROR UTIAMC.NS: Yahoo web request for share count failed
2026-07-05 15:39:04,412 ERROR USHAMART.NS: Yahoo web request for share count failed
2026-07-05 15:39:04,412 ERROR V2RETAIL.NS: Yahoo web request for share count failed
2026-07-05 15:39:04,414 ERROR VARROC.NS: Yahoo web request for share count failed
2026-07-05 15:39:04,416 ERROR VAIBHAVGBL.NS: Yahoo web request for share count failed
2026-07-05 15:39:04,419 ERROR VBL.NS: Yahoo web request for share count failed
2026-07-05 15:39:04,421 ERROR VEDL.NS: Yahoo web request for share count failed
2026-07-05 15:39:04,434 ERROR VIKRAMSOLR.NS: Yahoo web request for share count failed
2026-07-05 15:39:04,435 ERROR VGUARD.NS: Yahoo web request for share count failed
2026-07-05 15:39:04,437 ERROR VIPIND.NS: Yahoo web request for share count failed
2026-07-05 15:39:04,438 ERROR VIJAYA.NS: Yahoo web request for share count failed
2026-07-05 15:39:04,440 ERROR VMART.NS: Yahoo web request for share count failed
2026-07-05 15:39:04,440 ERROR VMM.NS: Yahoo web request for share count failed
2026-07-05 15:39:04,441 ERROR VOLTAMP.NS: Yahoo web request for share count failed
2026-07-05 15:39:04,444 ERROR VIYASH.NS: Yahoo web request for share count failed
2026-07-05 15:39:04,449 ERROR VOLTAS.NS: Yahoo web request for share count failed
2026-07-05 15:39:04,458 ERROR WAAREERTL.NS: Yahoo web request for share count failed
2026-07-05 15:39:04,459 ERROR VTL.NS: Yahoo web request for share count failed
2026-07-05 15:39:04,464 ERROR WAAREEENER.NS: Yahoo web request for share count failed
2026-07-05 15:39:04,470 ERROR WELCORP.NS: Yahoo web request for share count failed
2026-07-05 15:39:04,470 ERROR WABAG.NS: Yahoo web request for share count failed
2026-07-05 15:39:04,471 ERROR WEBELSOLAR.NS: Yahoo web request for share count failed
2026-07-05 15:39:04,472 ERROR WAKEFIT.NS: Yahoo web request for share count failed
2026-07-05 15:39:04,478 ERROR WESTLIFE.NS: Yahoo web request for share count failed
2026-07-05 15:39:04,485 ERROR WHIRLPOOL.NS: Yahoo web request for share count failed
2026-07-05 15:39:04,488 ERROR WIPRO.NS: Yahoo web request for share count failed
2026-07-05 15:39:04,488 ERROR WOCKPHARMA.NS: Yahoo web request for share count failed
2026-07-05 15:39:04,493 ERROR WELSPUNLIV.NS: Yahoo web request for share count failed
2026-07-05 15:39:04,495 ERROR WEWORK.NS: Yahoo web request for share count failed
2026-07-05 15:39:04,497 ERROR YATHARTH.NS: Yahoo web request for share count failed
2026-07-05 15:39:04,499 ERROR WELENT.NS: Yahoo web request for share count failed
2026-07-05 15:39:04,503 ERROR ZENSARTECH.NS: Yahoo web request for share count failed
2026-07-05 15:39:04,506 ERROR YESBANK.NS: Yahoo web request for share count failed
2026-07-05 15:39:04,506 ERROR ZEEL.NS: Yahoo web request for share count failed
2026-07-05 15:39:04,507 ERROR ZAGGLE.NS: Yahoo web request for share count failed
2026-07-05 15:39:04,509 ERROR ZFCVINDIA.NS: Yahoo web request for share count failed
2026-07-05 15:39:04,510 ERROR ZENTEC.NS: Yahoo web request for share count failed
2026-07-05 15:39:04,511 ERROR ZYDUSLIFE.NS: Yahoo web request for share count failed
2026-07-05 15:39:04,511 ERROR ZYDUSWELL.NS: Yahoo web request for share count failed
2026-07-05 15:39:09,038 INFO Background cache refresh complete for 751 symbols.
2026-07-05 15:52:09,270 ERROR Exception in callback AppSession._on_scriptrunner_event.<locals>.<lambda>() at /home/kumar/Downloads/workspace/stocks/trading_env/lib/python3.8/site-packages/streamlit/runtime/app_session.py:494
handle: <Handle AppSession._on_scriptrunner_event.<locals>.<lambda>() at /home/kumar/Downloads/workspace/stocks/trading_env/lib/python3.8/site-packages/streamlit/runtime/app_session.py:494>
Traceback (most recent call last):
  File "/usr/lib/python3.8/asyncio/events.py", line 81, in _run
    self._context.run(self._callback, *self._args)
  File "/home/kumar/Downloads/workspace/stocks/trading_env/lib/python3.8/site-packages/streamlit/runtime/app_session.py", line 494, in <lambda>
    lambda: self._handle_scriptrunner_event_on_event_loop(
  File "/home/kumar/Downloads/workspace/stocks/trading_env/lib/python3.8/site-packages/streamlit/runtime/app_session.py", line 621, in _handle_scriptrunner_event_on_event_loop
    self._local_sources_watcher.update_watched_modules()
  File "/home/kumar/Downloads/workspace/stocks/trading_env/lib/python3.8/site-packages/streamlit/watcher/local_sources_watcher.py", line 177, in update_watched_modules
    self._register_necessary_watchers(modules_paths)
  File "/home/kumar/Downloads/workspace/stocks/trading_env/lib/python3.8/site-packages/streamlit/watcher/local_sources_watcher.py", line 183, in _register_necessary_watchers
    self._register_watcher(str(Path(path).resolve()), name)
  File "/home/kumar/Downloads/workspace/stocks/trading_env/lib/python3.8/site-packages/streamlit/watcher/local_sources_watcher.py", line 136, in _register_watcher
    watcher=PathWatcher(filepath, self.on_file_changed),
  File "/home/kumar/Downloads/workspace/stocks/trading_env/lib/python3.8/site-packages/streamlit/watcher/event_based_path_watcher.py", line 107, in __init__
    path_watcher.watch_path(
  File "/home/kumar/Downloads/workspace/stocks/trading_env/lib/python3.8/site-packages/streamlit/watcher/event_based_path_watcher.py", line 185, in watch_path
    folder_handler.watch = self._observer.schedule(
  File "/home/kumar/Downloads/workspace/stocks/trading_env/lib/python3.8/site-packages/watchdog/observers/api.py", line 306, in schedule
    emitter.start()
  File "/home/kumar/Downloads/workspace/stocks/trading_env/lib/python3.8/site-packages/watchdog/utils/__init__.py", line 86, in start
    self.on_thread_start()
  File "/home/kumar/Downloads/workspace/stocks/trading_env/lib/python3.8/site-packages/watchdog/observers/inotify.py", line 123, in on_thread_start
    self._inotify = InotifyBuffer(path, self.watch.is_recursive, event_mask)
  File "/home/kumar/Downloads/workspace/stocks/trading_env/lib/python3.8/site-packages/watchdog/observers/inotify_buffer.py", line 37, in __init__
    self._inotify = Inotify(path, recursive, event_mask)
  File "/home/kumar/Downloads/workspace/stocks/trading_env/lib/python3.8/site-packages/watchdog/observers/inotify_c.py", line 173, in __init__
    self._add_dir_watch(path, recursive, event_mask)
  File "/home/kumar/Downloads/workspace/stocks/trading_env/lib/python3.8/site-packages/watchdog/observers/inotify_c.py", line 367, in _add_dir_watch
    self._add_watch(path, mask)
  File "/home/kumar/Downloads/workspace/stocks/trading_env/lib/python3.8/site-packages/watchdog/observers/inotify_c.py", line 387, in _add_watch
    Inotify._raise_error()
  File "/home/kumar/Downloads/workspace/stocks/trading_env/lib/python3.8/site-packages/watchdog/observers/inotify_c.py", line 398, in _raise_error
    raise OSError(errno.ENOSPC, "inotify watch limit reached")
OSError: [Errno 28] inotify watch limit reached
2026-07-05 15:52:16,683 INFO Background metadata worker starting...
2026-07-05 15:52:16,717 INFO Prefetching missing metadata for 751 tickers...
2026-07-05 15:52:18,655 ERROR HTTP Error 401: {"finance":{"result":null,"error":{"code":"Unauthorized","description":"Invalid Crumb"}}}
2026-07-05 15:52:18,657 ERROR HTTP Error 401: {"finance":{"result":null,"error":{"code":"Unauthorized","description":"Invalid Crumb"}}}
2026-07-05 15:52:18,659 ERROR HTTP Error 401: {"finance":{"result":null,"error":{"code":"Unauthorized","description":"Invalid Crumb"}}}
2026-07-05 15:52:18,661 ERROR HTTP Error 401: {"finance":{"result":null,"error":{"code":"Unauthorized","description":"Invalid Crumb"}}}
2026-07-05 15:52:18,663 ERROR HTTP Error 401: {"finance":{"result":null,"error":{"code":"Unauthorized","description":"Invalid Crumb"}}}
2026-07-05 15:52:18,666 ERROR HTTP Error 401: {"finance":{"result":null,"error":{"code":"Unauthorized","description":"Invalid Crumb"}}}
2026-07-05 15:52:18,783 ERROR HTTP Error 401: {"finance":{"result":null,"error":{"code":"Unauthorized","description":"Invalid Crumb"}}}
2026-07-05 15:52:18,785 ERROR HTTP Error 401: {"finance":{"result":null,"error":{"code":"Unauthorized","description":"Invalid Crumb"}}}
2026-07-05 15:52:18,804 ERROR HTTP Error 401: {"finance":{"result":null,"error":{"code":"Unauthorized","description":"Invalid Crumb"}}}
2026-07-05 15:52:21,135 ERROR Exception in callback AppSession._on_scriptrunner_event.<locals>.<lambda>() at /home/kumar/Downloads/workspace/stocks/trading_env/lib/python3.8/site-packages/streamlit/runtime/app_session.py:494
handle: <Handle AppSession._on_scriptrunner_event.<locals>.<lambda>() at /home/kumar/Downloads/workspace/stocks/trading_env/lib/python3.8/site-packages/streamlit/runtime/app_session.py:494>
Traceback (most recent call last):
  File "/usr/lib/python3.8/asyncio/events.py", line 81, in _run
    self._context.run(self._callback, *self._args)
  File "/home/kumar/Downloads/workspace/stocks/trading_env/lib/python3.8/site-packages/streamlit/runtime/app_session.py", line 494, in <lambda>
    lambda: self._handle_scriptrunner_event_on_event_loop(
  File "/home/kumar/Downloads/workspace/stocks/trading_env/lib/python3.8/site-packages/streamlit/runtime/app_session.py", line 621, in _handle_scriptrunner_event_on_event_loop
    self._local_sources_watcher.update_watched_modules()
  File "/home/kumar/Downloads/workspace/stocks/trading_env/lib/python3.8/site-packages/streamlit/watcher/local_sources_watcher.py", line 177, in update_watched_modules
    self._register_necessary_watchers(modules_paths)
  File "/home/kumar/Downloads/workspace/stocks/trading_env/lib/python3.8/site-packages/streamlit/watcher/local_sources_watcher.py", line 183, in _register_necessary_watchers
    self._register_watcher(str(Path(path).resolve()), name)
  File "/home/kumar/Downloads/workspace/stocks/trading_env/lib/python3.8/site-packages/streamlit/watcher/local_sources_watcher.py", line 136, in _register_watcher
    watcher=PathWatcher(filepath, self.on_file_changed),
  File "/home/kumar/Downloads/workspace/stocks/trading_env/lib/python3.8/site-packages/streamlit/watcher/event_based_path_watcher.py", line 107, in __init__
    path_watcher.watch_path(
  File "/home/kumar/Downloads/workspace/stocks/trading_env/lib/python3.8/site-packages/streamlit/watcher/event_based_path_watcher.py", line 185, in watch_path
    folder_handler.watch = self._observer.schedule(
  File "/home/kumar/Downloads/workspace/stocks/trading_env/lib/python3.8/site-packages/watchdog/observers/api.py", line 306, in schedule
    emitter.start()
  File "/home/kumar/Downloads/workspace/stocks/trading_env/lib/python3.8/site-packages/watchdog/utils/__init__.py", line 86, in start
    self.on_thread_start()
  File "/home/kumar/Downloads/workspace/stocks/trading_env/lib/python3.8/site-packages/watchdog/observers/inotify.py", line 123, in on_thread_start
    self._inotify = InotifyBuffer(path, self.watch.is_recursive, event_mask)
  File "/home/kumar/Downloads/workspace/stocks/trading_env/lib/python3.8/site-packages/watchdog/observers/inotify_buffer.py", line 37, in __init__
    self._inotify = Inotify(path, recursive, event_mask)
  File "/home/kumar/Downloads/workspace/stocks/trading_env/lib/python3.8/site-packages/watchdog/observers/inotify_c.py", line 173, in __init__
    self._add_dir_watch(path, recursive, event_mask)
  File "/home/kumar/Downloads/workspace/stocks/trading_env/lib/python3.8/site-packages/watchdog/observers/inotify_c.py", line 367, in _add_dir_watch
    self._add_watch(path, mask)
  File "/home/kumar/Downloads/workspace/stocks/trading_env/lib/python3.8/site-packages/watchdog/observers/inotify_c.py", line 387, in _add_watch
    Inotify._raise_error()
  File "/home/kumar/Downloads/workspace/stocks/trading_env/lib/python3.8/site-packages/watchdog/observers/inotify_c.py", line 398, in _raise_error
    raise OSError(errno.ENOSPC, "inotify watch limit reached")
OSError: [Errno 28] inotify watch limit reached
2026-07-05 15:52:25,058 INFO Prefetching missing metadata for 500 tickers...
2026-07-05 16:02:25,177 INFO Background metadata worker starting...
2026-07-05 16:02:25,225 INFO Prefetching missing metadata for 751 tickers...
2026-07-05 16:02:27,207 ERROR HTTP Error 401: {"finance":{"result":null,"error":{"code":"Unauthorized","description":"Invalid Crumb"}}}
2026-07-05 16:02:27,208 ERROR HTTP Error 401: {"finance":{"result":null,"error":{"code":"Unauthorized","description":"Invalid Crumb"}}}
2026-07-05 16:02:27,214 ERROR HTTP Error 401: {"finance":{"result":null,"error":{"code":"Unauthorized","description":"Invalid Crumb"}}}
2026-07-05 16:02:27,217 ERROR HTTP Error 401: {"finance":{"result":null,"error":{"code":"Unauthorized","description":"Invalid Crumb"}}}
2026-07-05 16:02:27,225 ERROR HTTP Error 401: {"finance":{"result":null,"error":{"code":"Unauthorized","description":"Invalid Crumb"}}}
2026-07-05 16:02:27,230 ERROR HTTP Error 401: {"finance":{"result":null,"error":{"code":"Unauthorized","description":"Invalid Crumb"}}}
2026-07-05 16:02:27,458 ERROR HTTP Error 401: {"finance":{"result":null,"error":{"code":"Unauthorized","description":"Invalid Crumb"}}}
2026-07-05 16:02:32,112 INFO Prefetching missing metadata for 500 tickers...
2026-07-05 16:09:38,399 ERROR ELECTCAST.NS: Yahoo web request for share count failed
2026-07-05 16:09:38,431 ERROR ELGIEQUIP.NS: Yahoo web request for share count failed
2026-07-05 16:09:38,461 ERROR ELLEN.NS: Yahoo web request for share count failed
2026-07-05 16:09:38,653 ERROR EMAMILTD.NS: Yahoo web request for share count failed
2026-07-05 16:09:38,660 ERROR EMBDL.NS: Yahoo web request for share count failed
2026-07-05 16:09:38,801 ERROR EMCURE.NS: Yahoo web request for share count failed
2026-07-05 16:09:38,832 ERROR EMIL.NS: Yahoo web request for share count failed
2026-07-05 16:09:38,933 ERROR EMMVEE.NS: Yahoo web request for share count failed
2026-07-05 16:09:38,949 ERROR ENDURANCE.NS: Yahoo web request for share count failed
2026-07-05 16:09:39,063 ERROR ENGINERSIN.NS: Yahoo web request for share count failed
2026-07-05 16:09:39,086 ERROR ENRIN.NS: Yahoo web request for share count failed
2026-07-05 16:09:39,088 ERROR ENTERO.NS: Yahoo web request for share count failed
2026-07-05 16:09:39,309 ERROR EPL.NS: Yahoo web request for share count failed
2026-07-05 16:09:39,464 ERROR EQUITASBNK.NS: Yahoo web request for share count failed
2026-07-05 16:09:39,561 ERROR ERIS.NS: Yahoo web request for share count failed
2026-07-05 16:09:39,601 ERROR ESCORTS.NS: Yahoo web request for share count failed
2026-07-05 16:09:42,786 ERROR HINDALCO.NS: Yahoo web request for share count failed
2026-07-05 16:09:43,036 ERROR HAL.NS: Yahoo web request for share count failed
2026-07-05 16:09:43,188 ERROR HINDCOPPER.NS: Yahoo web request for share count failed
2026-07-05 16:09:45,409 ERROR HINDPETRO.NS: Yahoo web request for share count failed
2026-07-05 16:09:45,521 ERROR HINDUNILVR.NS: Yahoo web request for share count failed
2026-07-05 16:09:45,610 ERROR HINDZINC.NS: Yahoo web request for share count failed
2026-07-05 16:09:45,761 ERROR POWERINDIA.NS: Yahoo web request for share count failed
2026-07-05 16:09:45,767 ERROR HOMEFIRST.NS: Yahoo web request for share count failed
2026-07-05 16:09:45,780 ERROR HONASA.NS: Yahoo web request for share count failed
2026-07-05 16:09:45,783 ERROR HONAUT.NS: Yahoo web request for share count failed
2026-07-05 16:09:45,785 ERROR HUDCO.NS: Yahoo web request for share count failed
2026-07-05 16:09:45,822 ERROR HYUNDAI.NS: Yahoo web request for share count failed
2026-07-05 16:09:45,833 ERROR ICICIBANK.NS: Yahoo web request for share count failed
2026-07-05 16:09:45,905 ERROR ICICIGI.NS: Yahoo web request for share count failed
2026-07-05 16:09:45,945 ERROR ICICIAMC.NS: Yahoo web request for share count failed
2026-07-05 16:09:46,460 ERROR ICICIPRULI.NS: Yahoo web request for share count failed
2026-07-05 16:58:15,071 INFO Background metadata worker starting...
2026-07-05 16:58:15,118 INFO Prefetching missing metadata for 751 tickers...
2026-07-05 16:58:23,869 INFO Prefetching missing metadata for 500 tickers...
2026-07-05 17:07:15,786 INFO Background metadata worker starting...
2026-07-05 17:07:15,801 INFO Prefetching missing metadata for 751 tickers...
2026-07-05 17:07:17,921 ERROR HTTP Error 401: {"finance":{"result":null,"error":{"code":"Unauthorized","description":"Invalid Crumb"}}}
2026-07-05 17:07:17,924 ERROR HTTP Error 401: {"finance":{"result":null,"error":{"code":"Unauthorized","description":"Invalid Crumb"}}}
2026-07-05 17:07:17,926 ERROR HTTP Error 401: {"finance":{"result":null,"error":{"code":"Unauthorized","description":"Invalid Crumb"}}}
2026-07-05 17:07:17,931 ERROR HTTP Error 401: {"finance":{"result":null,"error":{"code":"Unauthorized","description":"Invalid Crumb"}}}
2026-07-05 17:07:17,934 ERROR HTTP Error 401: {"finance":{"result":null,"error":{"code":"Unauthorized","description":"Invalid Crumb"}}}
2026-07-05 17:07:17,939 ERROR HTTP Error 401: {"finance":{"result":null,"error":{"code":"Unauthorized","description":"Invalid Crumb"}}}
2026-07-05 17:07:17,952 ERROR HTTP Error 401: {"finance":{"result":null,"error":{"code":"Unauthorized","description":"Invalid Crumb"}}}
2026-07-05 17:07:17,969 ERROR HTTP Error 401: {"finance":{"result":null,"error":{"code":"Unauthorized","description":"Invalid Crumb"}}}
2026-07-05 17:07:18,052 ERROR HTTP Error 401: {"finance":{"result":null,"error":{"code":"Unauthorized","description":"Invalid Crumb"}}}
2026-07-05 17:07:18,128 ERROR HTTP Error 401: {"finance":{"result":null,"error":{"code":"Unauthorized","description":"Invalid Crumb"}}}
2026-07-05 17:07:18,579 ERROR HTTP Error 401: {"finance":{"result":null,"error":{"code":"Unauthorized","description":"User is unable to access this feature - https://bit.ly/yahoo-finance-api-feedback"}}}
2026-07-05 17:07:18,697 ERROR HTTP Error 401: {"finance":{"result":null,"error":{"code":"Unauthorized","description":"User is unable to access this feature - https://bit.ly/yahoo-finance-api-feedback"}}}
2026-07-05 17:11:54,818 ERROR BSOFT.NS: Yahoo web request for share count failed
2026-07-05 17:11:55,128 ERROR CAMPUS.NS: Yahoo web request for share count failed
2026-07-05 17:11:55,130 ERROR CAMS.NS: Yahoo web request for share count failed
2026-07-05 17:11:55,423 ERROR CANBK.NS: Yahoo web request for share count failed
2026-07-05 17:11:55,425 ERROR CANFINHOME.NS: Yahoo web request for share count failed
2026-07-05 17:11:55,694 ERROR CANHLIFE.NS: Yahoo web request for share count failed
2026-07-05 17:11:55,782 ERROR CAPLIPOINT.NS: Yahoo web request for share count failed
2026-07-05 17:11:55,786 ERROR CAPILLARY.NS: Yahoo web request for share count failed
2026-07-05 17:11:55,863 ERROR CARTRADE.NS: Yahoo web request for share count failed
2026-07-05 17:11:55,865 ERROR CARBORUNIV.NS: Yahoo web request for share count failed
2026-07-05 17:11:55,950 ERROR CASTROLIND.NS: Yahoo web request for share count failed
2026-07-05 17:11:55,954 ERROR CCAVENUE.NS: Yahoo web request for share count failed
2026-07-05 17:11:55,956 ERROR CCL.NS: Yahoo web request for share count failed
2026-07-05 17:11:56,058 ERROR CDSL.NS: Yahoo web request for share count failed
2026-07-05 17:11:56,079 ERROR CEATLTD.NS: Yahoo web request for share count failed
2026-07-05 17:11:56,126 ERROR CELLO.NS: Yahoo web request for share count failed
2026-07-05 17:12:54,827 ERROR CEMPRO.NS: Yahoo web request for share count failed
2026-07-05 17:12:55,143 ERROR CENTRALBK.NS: Yahoo web request for share count failed
2026-07-05 17:12:55,144 ERROR CENTURYPLY.NS: Yahoo web request for share count failed
2026-07-05 17:12:55,440 ERROR CERA.NS: Yahoo web request for share count failed
2026-07-05 17:12:55,444 ERROR CESC.NS: Yahoo web request for share count failed
2026-07-05 17:12:55,705 ERROR CGCL.NS: Yahoo web request for share count failed
2026-07-05 17:12:55,798 ERROR CGPOWER.NS: Yahoo web request for share count failed
2026-07-05 17:12:55,801 ERROR CHALET.NS: Yahoo web request for share count failed
2026-07-05 17:12:55,880 ERROR CHAMBLFERT.NS: Yahoo web request for share count failed
2026-07-05 17:12:55,880 ERROR CHENNPETRO.NS: Yahoo web request for share count failed
2026-07-05 17:12:55,964 ERROR CHOICEIN.NS: Yahoo web request for share count failed
2026-07-05 17:12:55,968 ERROR CHOLAFIN.NS: Yahoo web request for share count failed
2026-07-05 17:12:55,970 ERROR CHOLAHLDNG.NS: Yahoo web request for share count failed
2026-07-05 17:12:56,070 ERROR CIEINDIA.NS: Yahoo web request for share count failed
2026-07-05 17:12:56,093 ERROR CIPLA.NS: Yahoo web request for share count failed
2026-07-05 17:12:56,138 ERROR CLEAN.NS: Yahoo web request for share count failed
2026-07-05 17:13:54,838 ERROR CMSINFO.NS: Yahoo web request for share count failed
2026-07-05 17:13:55,150 ERROR COALINDIA.NS: Yahoo web request for share count failed
2026-07-05 17:13:55,151 ERROR COCHINSHIP.NS: Yahoo web request for share count failed
2026-07-05 17:13:55,453 ERROR COFORGE.NS: Yahoo web request for share count failed
2026-07-05 17:13:55,455 ERROR COHANCE.NS: Yahoo web request for share count failed
2026-07-05 17:13:55,719 ERROR COLPAL.NS: Yahoo web request for share count failed
2026-07-05 17:13:55,811 ERROR CONCOR.NS: Yahoo web request for share count failed
2026-07-05 17:13:55,813 ERROR CONCORDBIO.NS: Yahoo web request for share count failed
2026-07-05 17:13:55,894 ERROR CORONA.NS: Yahoo web request for share count failed
2026-07-05 17:13:55,897 ERROR COROMANDEL.NS: Yahoo web request for share count failed
2026-07-05 17:13:55,979 ERROR CPPLUS.NS: Yahoo web request for share count failed
2026-07-05 17:13:55,983 ERROR CRAMC.NS: Yahoo web request for share count failed
2026-07-05 17:13:55,984 ERROR CRAFTSMAN.NS: Yahoo web request for share count failed
2026-07-05 17:13:56,083 ERROR CREDITACC.NS: Yahoo web request for share count failed
2026-07-05 17:13:56,104 ERROR CRISIL.NS: Yahoo web request for share count failed
2026-07-05 17:13:56,151 ERROR CRIZAC.NS: Yahoo web request for share count failed
2026-07-05 17:14:54,847 ERROR CROMPTON.NS: Yahoo web request for share count failed
2026-07-05 17:14:55,161 ERROR CSBBANK.NS: Yahoo web request for share count failed
2026-07-05 17:14:55,163 ERROR CUB.NS: Yahoo web request for share count failed
2026-07-05 17:14:55,470 ERROR CUPID.NS: Yahoo web request for share count failed
2026-07-05 17:14:55,472 ERROR CUMMINSIND.NS: Yahoo web request for share count failed
2026-07-05 17:14:55,732 ERROR CYIENT.NS: Yahoo web request for share count failed
2026-07-05 17:14:55,834 ERROR DABUR.NS: Yahoo web request for share count failed
2026-07-05 17:14:55,836 ERROR DALBHARAT.NS: Yahoo web request for share count failed
2026-07-05 17:14:55,910 ERROR DATAMATICS.NS: Yahoo web request for share count failed
2026-07-05 17:14:55,912 ERROR DATAPATTNS.NS: Yahoo web request for share count failed
2026-07-05 17:14:55,990 ERROR DBL.NS: Yahoo web request for share count failed
2026-07-05 17:14:56,003 ERROR DBREALTY.NS: Yahoo web request for share count failed
2026-07-05 17:14:56,004 ERROR DCBBANK.NS: Yahoo web request for share count failed
2026-07-05 17:14:56,096 ERROR DCMSHRIRAM.NS: Yahoo web request for share count failed
2026-07-05 17:14:56,118 ERROR DEEPAKFERT.NS: Yahoo web request for share count failed
2026-07-05 17:14:56,159 ERROR DEEPAKNTR.NS: Yahoo web request for share count failed
2026-07-05 17:15:54,860 ERROR DELHIVERY.NS: Yahoo web request for share count failed
2026-07-05 17:15:55,179 ERROR DEVYANI.NS: Yahoo web request for share count failed
2026-07-05 17:15:55,180 ERROR DIACABS.NS: Yahoo web request for share count failed
2026-07-05 17:15:55,491 ERROR DIXON.NS: Yahoo web request for share count failed
2026-07-05 17:15:55,494 ERROR DIVISLAB.NS: Yahoo web request for share count failed
2026-07-05 17:15:55,745 ERROR DLF.NS: Yahoo web request for share count failed
2026-07-05 17:15:55,857 ERROR DMART.NS: Yahoo web request for share count failed
2026-07-05 17:15:55,858 ERROR DOMS.NS: Yahoo web request for share count failed
2026-07-05 17:15:55,927 ERROR DRREDDY.NS: Yahoo web request for share count failed
2026-07-05 17:15:55,930 ERROR DYNAMATECH.NS: Yahoo web request for share count failed
2026-07-05 17:15:56,000 ERROR ECLERX.NS: Yahoo web request for share count failed
2026-07-05 17:15:56,022 ERROR EDELWEISS.NS: Yahoo web request for share count failed
2026-07-05 17:15:56,024 ERROR EICHERMOT.NS: Yahoo web request for share count failed
2026-07-05 17:15:56,109 ERROR EIDPARRY.NS: Yahoo web request for share count failed
2026-07-05 17:15:56,130 ERROR EIEL.NS: Yahoo web request for share count failed
2026-07-05 17:15:56,173 ERROR EIHOTEL.NS: Yahoo web request for share count failed
2026-07-05 17:16:54,878 ERROR ELECON.NS: Yahoo web request for share count failed
2026-07-05 17:16:55,196 ERROR ELECTCAST.NS: Yahoo web request for share count failed
2026-07-05 17:16:55,197 ERROR ELGIEQUIP.NS: Yahoo web request for share count failed
2026-07-05 17:16:55,506 ERROR ELLEN.NS: Yahoo web request for share count failed
2026-07-05 17:16:55,507 ERROR EMAMILTD.NS: Yahoo web request for share count failed
2026-07-05 17:16:55,758 ERROR EMBDL.NS: Yahoo web request for share count failed
2026-07-05 17:16:55,878 ERROR EMCURE.NS: Yahoo web request for share count failed
2026-07-05 17:16:55,879 ERROR EMIL.NS: Yahoo web request for share count failed
2026-07-05 17:16:55,939 ERROR EMMVEE.NS: Yahoo web request for share count failed
2026-07-05 17:16:55,942 ERROR ENDURANCE.NS: Yahoo web request for share count failed
2026-07-05 17:16:56,013 ERROR ENGINERSIN.NS: Yahoo web request for share count failed
2026-07-05 17:16:56,036 ERROR ENTERO.NS: Yahoo web request for share count failed
2026-07-05 17:16:56,039 ERROR ENRIN.NS: Yahoo web request for share count failed
2026-07-05 17:16:56,122 ERROR EPL.NS: Yahoo web request for share count failed
2026-07-05 17:16:56,143 ERROR EQUITASBNK.NS: Yahoo web request for share count failed
2026-07-05 17:16:56,186 ERROR ERIS.NS: Yahoo web request for share count failed
2026-07-05 17:17:54,889 ERROR ESCORTS.NS: Yahoo web request for share count failed
2026-07-05 17:17:55,217 ERROR ETHOSLTD.NS: Yahoo web request for share count failed
2026-07-05 17:17:55,219 ERROR ETERNAL.NS: Yahoo web request for share count failed
2026-07-05 17:17:55,519 ERROR EUREKAFORB.NS: Yahoo web request for share count failed
2026-07-05 17:17:55,521 ERROR EXIDEIND.NS: Yahoo web request for share count failed
2026-07-05 17:17:55,771 ERROR FACT.NS: Yahoo web request for share count failed
2026-07-05 17:17:55,900 ERROR FEDFINA.NS: Yahoo web request for share count failed
2026-07-05 17:17:55,901 ERROR FEDERALBNK.NS: Yahoo web request for share count failed
2026-07-05 17:17:55,961 ERROR FINCABLES.NS: Yahoo web request for share count failed
2026-07-05 17:17:55,961 ERROR FIEMIND.NS: Yahoo web request for share count failed
2026-07-05 17:17:56,022 ERROR FINPIPE.NS: Yahoo web request for share count failed
2026-07-05 17:17:56,052 ERROR FIRSTCRY.NS: Yahoo web request for share count failed
2026-07-05 17:17:56,055 ERROR FIVESTAR.NS: Yahoo web request for share count failed
2026-07-05 17:17:56,134 ERROR FLUOROCHEM.NS: Yahoo web request for share count failed
2026-07-05 17:17:56,154 ERROR FORCEMOT.NS: Yahoo web request for share count failed
2026-07-05 17:17:56,197 ERROR FORTIS.NS: Yahoo web request for share count failed
2026-07-05 17:18:54,902 ERROR FSL.NS: Yahoo web request for share count failed
2026-07-05 17:18:55,239 ERROR GAEL.NS: Yahoo web request for share count failed
2026-07-05 17:18:55,240 ERROR GABRIEL.NS: Yahoo web request for share count failed
2026-07-05 17:18:55,534 ERROR GAIL.NS: Yahoo web request for share count failed
2026-07-05 17:18:55,537 ERROR GALLANTT.NS: Yahoo web request for share count failed
2026-07-05 17:18:55,783 ERROR GESHIP.NS: Yahoo web request for share count failed
2026-07-05 17:18:55,918 ERROR GHCL.NS: Yahoo web request for share count failed
2026-07-05 17:18:55,921 ERROR GICRE.NS: Yahoo web request for share count failed
2026-07-05 17:18:55,972 ERROR GILLETTE.NS: Yahoo web request for share count failed
2026-07-05 17:18:55,974 ERROR GLAND.NS: Yahoo web request for share count failed
2026-07-05 17:18:56,033 ERROR GLAXO.NS: Yahoo web request for share count failed
2026-07-05 17:18:56,065 ERROR GMDCLTD.NS: Yahoo web request for share count failed
2026-07-05 17:18:56,066 ERROR GLENMARK.NS: Yahoo web request for share count failed
2026-07-05 17:18:56,146 ERROR GMMPFAUDLR.NS: Yahoo web request for share count failed
2026-07-05 17:18:56,166 ERROR GMRAIRPORT.NS: Yahoo web request for share count failed
2026-07-05 17:18:56,210 ERROR GMRP&UI.NS: Yahoo web request for share count failed
2026-07-05 17:19:54,914 ERROR GNFC.NS: Yahoo web request for share count failed
2026-07-05 17:19:55,259 ERROR GODIGIT.NS: Yahoo web request for share count failed
2026-07-05 17:19:55,260 ERROR GODFRYPHLP.NS: Yahoo web request for share count failed
2026-07-05 17:19:55,554 ERROR GODREJCP.NS: Yahoo web request for share count failed
2026-07-05 17:19:55,556 ERROR GODREJAGRO.NS: Yahoo web request for share count failed
2026-07-05 17:19:55,795 ERROR GODREJIND.NS: Yahoo web request for share count failed
2026-07-05 17:19:55,939 ERROR GODREJPROP.NS: Yahoo web request for share count failed
2026-07-05 17:19:55,940 ERROR GOKEX.NS: Yahoo web request for share count failed
2026-07-05 17:19:55,986 ERROR GOKULAGRO.NS: Yahoo web request for share count failed
2026-07-05 17:19:55,987 ERROR GPIL.NS: Yahoo web request for share count failed
2026-07-05 17:19:56,044 ERROR GPPL.NS: Yahoo web request for share count failed
2026-07-05 17:19:56,078 ERROR GRAPHITE.NS: Yahoo web request for share count failed
2026-07-05 17:19:56,078 ERROR GRANULES.NS: Yahoo web request for share count failed
2026-07-05 17:19:56,159 ERROR GRASIM.NS: Yahoo web request for share count failed
2026-07-05 17:19:56,178 ERROR GRAVITA.NS: Yahoo web request for share count failed
2026-07-05 17:19:56,222 ERROR GREAVESCOT.NS: Yahoo web request for share count failed
2026-07-05 17:20:54,922 ERROR GROWW.NS: Yahoo web request for share count failed
2026-07-05 17:20:55,271 ERROR GRSE.NS: Yahoo web request for share count failed
2026-07-05 17:20:55,273 ERROR GRWRHITECH.NS: Yahoo web request for share count failed
2026-07-05 17:20:55,568 ERROR GSFC.NS: Yahoo web request for share count failed
2026-07-05 17:20:55,570 ERROR GVT&D.NS: Yahoo web request for share count failed
2026-07-05 17:20:55,813 ERROR HAL.NS: Yahoo web request for share count failed
2026-07-05 17:20:55,953 ERROR HAVELLS.NS: Yahoo web request for share count failed
2026-07-05 17:20:55,953 ERROR HAPPSTMNDS.NS: Yahoo web request for share count failed
2026-07-05 17:20:56,000 ERROR HBLENGINE.NS: Yahoo web request for share count failed
2026-07-05 17:20:56,003 ERROR HCC.NS: Yahoo web request for share count failed
2026-07-05 17:20:56,057 ERROR HCG.NS: Yahoo web request for share count failed
2026-07-05 17:20:56,099 ERROR HCLTECH.NS: Yahoo web request for share count failed
2026-07-05 17:20:56,099 ERROR HDBFS.NS: Yahoo web request for share count failed
2026-07-05 17:20:56,170 ERROR HDFCAMC.NS: Yahoo web request for share count failed
2026-07-05 17:20:56,188 ERROR HDFCBANK.NS: Yahoo web request for share count failed
2026-07-05 17:20:56,232 ERROR HDFCLIFE.NS: Yahoo web request for share count failed
2026-07-05 17:21:54,935 ERROR HEG.NS: Yahoo web request for share count failed
2026-07-05 17:21:55,293 ERROR HERITGFOOD.NS: Yahoo web request for share count failed
2026-07-05 17:21:55,294 ERROR HEMIPROP.NS: Yahoo web request for share count failed
2026-07-05 17:21:55,581 ERROR HEXT.NS: Yahoo web request for share count failed
2026-07-05 17:21:55,583 ERROR HEROMOTOCO.NS: Yahoo web request for share count failed
2026-07-05 17:21:55,825 ERROR HFCL.NS: Yahoo web request for share count failed
2026-07-05 17:21:55,968 ERROR HINDALCO.NS: Yahoo web request for share count failed
2026-07-05 17:21:55,970 ERROR HGINFRA.NS: Yahoo web request for share count failed
2026-07-05 17:21:56,018 ERROR HINDCOPPER.NS: Yahoo web request for share count failed
2026-07-05 17:21:56,019 ERROR HINDPETRO.NS: Yahoo web request for share count failed
2026-07-05 17:21:56,068 ERROR HINDUNILVR.NS: Yahoo web request for share count failed
2026-07-05 17:21:56,120 ERROR HOMEFIRST.NS: Yahoo web request for share count failed
2026-07-05 17:21:56,122 ERROR HINDZINC.NS: Yahoo web request for share count failed
2026-07-05 17:21:56,182 ERROR HONASA.NS: Yahoo web request for share count failed
2026-07-05 17:21:56,200 ERROR HONAUT.NS: Yahoo web request for share count failed
2026-07-05 17:21:56,242 ERROR HSCL.NS: Yahoo web request for share count failed
2026-07-05 17:22:54,948 ERROR HUDCO.NS: Yahoo web request for share count failed
2026-07-05 17:22:55,313 ERROR HYUNDAI.NS: Yahoo web request for share count failed
2026-07-05 17:22:55,317 ERROR ICICIAMC.NS: Yahoo web request for share count failed
2026-07-05 17:22:55,601 ERROR ICICIGI.NS: Yahoo web request for share count failed
2026-07-05 17:22:55,603 ERROR ICICIBANK.NS: Yahoo web request for share count failed
2026-07-05 17:22:55,836 ERROR ICICIPRULI.NS: Yahoo web request for share count failed
2026-07-05 17:22:55,986 ERROR IDBI.NS: Yahoo web request for share count failed
2026-07-05 17:22:55,987 ERROR ICIL.NS: Yahoo web request for share count failed
2026-07-05 17:22:56,030 ERROR IDEA.NS: Yahoo web request for share count failed
2026-07-05 17:22:56,032 ERROR IDFCFIRSTB.NS: Yahoo web request for share count failed
2026-07-05 17:22:56,080 ERROR IEX.NS: Yahoo web request for share count failed
2026-07-05 17:22:56,138 ERROR IFCI.NS: Yahoo web request for share count failed
2026-07-05 17:22:56,140 ERROR IFBIND.NS: Yahoo web request for share count failed
2026-07-05 17:22:56,190 ERROR IGIL.NS: Yahoo web request for share count failed
2026-07-05 17:22:56,209 ERROR IGL.NS: Yahoo web request for share count failed
2026-07-05 17:22:56,254 ERROR IIFL.NS: Yahoo web request for share count failed
2026-07-05 17:23:54,960 ERROR IIFLCAPS.NS: Yahoo web request for share count failed
2026-07-05 17:23:55,337 ERROR IMFA.NS: Yahoo web request for share count failed
2026-07-05 17:23:55,337 ERROR IKS.NS: Yahoo web request for share count failed
2026-07-05 17:23:55,621 ERROR INDGN.NS: Yahoo web request for share count failed
2026-07-05 17:23:55,622 ERROR INDHOTEL.NS: Yahoo web request for share count failed
2026-07-05 17:23:55,846 ERROR INDIACEM.NS: Yahoo web request for share count failed
2026-07-05 17:23:56,003 ERROR INDIAMART.NS: Yahoo web request for share count failed
2026-07-05 17:23:56,005 ERROR INDIAGLYCO.NS: Yahoo web request for share count failed
2026-07-05 17:23:56,039 ERROR INDIANB.NS: Yahoo web request for share count failed
2026-07-05 17:23:56,043 ERROR INDIASHLTR.NS: Yahoo web request for share count failed
2026-07-05 17:23:56,093 ERROR INDIGO.NS: Yahoo web request for share count failed
2026-07-05 17:23:56,160 ERROR INDIGOPNTS.NS: Yahoo web request for share count failed
2026-07-05 17:23:56,161 ERROR INDUSINDBK.NS: Yahoo web request for share count failed
2026-07-05 17:23:56,202 ERROR INDUSTOWER.NS: Yahoo web request for share count failed
2026-07-05 17:23:56,220 ERROR INFY.NS: Yahoo web request for share count failed
2026-07-05 17:23:56,266 ERROR INOXGREEN.NS: Yahoo web request for share count failed
2026-07-05 17:24:54,972 ERROR INOXINDIA.NS: Yahoo web request for share count failed
2026-07-05 17:24:55,359 ERROR INTELLECT.NS: Yahoo web request for share count failed
2026-07-05 17:24:55,361 ERROR INOXWIND.NS: Yahoo web request for share count failed
2026-07-05 17:24:55,633 ERROR IOB.NS: Yahoo web request for share count failed
2026-07-05 17:24:55,634 ERROR IOC.NS: Yahoo web request for share count failed
2026-07-05 17:24:55,856 ERROR IONEXCHANG.NS: Yahoo web request for share count failed
2026-07-05 17:24:56,024 ERROR IRB.NS: Yahoo web request for share count failed
2026-07-05 17:24:56,026 ERROR IPCALAB.NS: Yahoo web request for share count failed
2026-07-05 17:24:56,050 ERROR IRCON.NS: Yahoo web request for share count failed
2026-07-05 17:24:56,052 ERROR IRCTC.NS: Yahoo web request for share count failed
2026-07-05 17:24:56,104 ERROR IREDA.NS: Yahoo web request for share count failed
2026-07-05 17:24:56,179 ERROR ITC.NS: Yahoo web request for share count failed
2026-07-05 17:24:56,180 ERROR IRFC.NS: Yahoo web request for share count failed
2026-07-05 17:24:56,213 ERROR ITCHOTELS.NS: Yahoo web request for share count failed
2026-07-05 17:24:56,228 ERROR ITI.NS: Yahoo web request for share count failed
2026-07-05 17:24:56,278 ERROR IXIGO.NS: Yahoo web request for share count failed
2026-07-05 17:25:54,982 ERROR J&KBANK.NS: Yahoo web request for share count failed
2026-07-05 17:25:55,374 ERROR JAIBALAJI.NS: Yahoo web request for share count failed
2026-07-05 17:25:55,377 ERROR JAINREC.NS: Yahoo web request for share count failed
2026-07-05 17:25:55,652 ERROR JAYNECOIND.NS: Yahoo web request for share count failed
2026-07-05 17:25:55,653 ERROR JAMNAAUTO.NS: Yahoo web request for share count failed
2026-07-05 17:25:55,869 ERROR JBCHEPHARM.NS: Yahoo web request for share count failed
2026-07-05 17:25:56,043 ERROR JBMA.NS: Yahoo web request for share count failed
2026-07-05 17:25:56,045 ERROR JINDALSAW.NS: Yahoo web request for share count failed
2026-07-05 17:25:56,062 ERROR JIOFIN.NS: Yahoo web request for share count failed
2026-07-05 17:25:56,063 ERROR JINDALSTEL.NS: Yahoo web request for share count failed
2026-07-05 17:25:56,116 ERROR JKCEMENT.NS: Yahoo web request for share count failed
2026-07-05 17:25:56,200 ERROR JKLAKSHMI.NS: Yahoo web request for share count failed
2026-07-05 17:25:56,201 ERROR JKPAPER.NS: Yahoo web request for share count failed
2026-07-05 17:25:56,224 ERROR JKTYRE.NS: Yahoo web request for share count failed
2026-07-05 17:25:56,237 ERROR JLHL.NS: Yahoo web request for share count failed
2026-07-05 17:25:56,288 ERROR JMFINANCIL.NS: Yahoo web request for share count failed
2026-07-05 17:26:54,994 ERROR JPPOWER.NS: Yahoo web request for share count failed
2026-07-05 17:26:55,389 ERROR JSFB.NS: Yahoo web request for share count failed
2026-07-05 17:26:55,391 ERROR JSL.NS: Yahoo web request for share count failed
2026-07-05 17:26:55,670 ERROR JSLL.NS: Yahoo web request for share count failed
2026-07-05 17:26:55,672 ERROR JSWCEMENT.NS: Yahoo web request for share count failed
2026-07-05 17:26:55,882 ERROR JSWDULUX.NS: Yahoo web request for share count failed
2026-07-05 17:26:56,059 ERROR JSWENERGY.NS: Yahoo web request for share count failed
2026-07-05 17:26:56,062 ERROR JSWINFRA.NS: Yahoo web request for share count failed
2026-07-05 17:26:56,083 ERROR JUBLFOOD.NS: Yahoo web request for share count failed
2026-07-05 17:26:56,086 ERROR JSWSTEEL.NS: Yahoo web request for share count failed
2026-07-05 17:26:56,129 ERROR JUBLINGREA.NS: Yahoo web request for share count failed
2026-07-05 17:26:56,218 ERROR JUBLPHARMA.NS: Yahoo web request for share count failed
2026-07-05 17:26:56,218 ERROR JUSTDIAL.NS: Yahoo web request for share count failed
2026-07-05 17:26:56,235 ERROR JWL.NS: Yahoo web request for share count failed
2026-07-05 17:26:56,245 ERROR JYOTHYLAB.NS: Yahoo web request for share count failed
2026-07-05 17:26:56,299 ERROR JYOTICNC.NS: Yahoo web request for share count failed
2026-07-05 17:27:16,076 ERROR KFINTECH.NS: Yahoo web request for share count failed
2026-07-05 17:27:16,082 ERROR KITEX.NS: Yahoo web request for share count failed
2026-07-05 17:27:16,085 ERROR KIRLOSENG.NS: Yahoo web request for share count failed
2026-07-05 17:27:16,085 ERROR KIMS.NS: Yahoo web request for share count failed
2026-07-05 17:27:16,086 ERROR KNRCON.NS: Yahoo web request for share count failed
2026-07-05 17:27:16,089 ERROR KIRLOSBROS.NS: Yahoo web request for share count failed
2026-07-05 17:27:16,091 ERROR KOTAKBANK.NS: Yahoo web request for share count failed
2026-07-05 17:27:16,092 ERROR KPIGREEN.NS: Yahoo web request for share count failed
2026-07-05 17:27:16,094 ERROR KIRLPNU.NS: Yahoo web request for share count failed
2026-07-05 17:27:16,103 ERROR KPIL.NS: Yahoo web request for share count failed
2026-07-05 17:27:16,108 ERROR KPITTECH.NS: Yahoo web request for share count failed
2026-07-05 17:27:16,114 ERROR KPRMILL.NS: Yahoo web request for share count failed
2026-07-05 17:27:16,125 ERROR KRBL.NS: Yahoo web request for share count failed
2026-07-05 17:27:16,126 ERROR KSB.NS: Yahoo web request for share count failed
2026-07-05 17:27:16,129 ERROR KSCL.NS: Yahoo web request for share count failed
2026-07-05 17:27:16,131 ERROR LALPATHLAB.NS: Yahoo web request for share count failed
2026-07-05 17:27:16,132 ERROR KRN.NS: Yahoo web request for share count failed
2026-07-05 17:27:16,137 ERROR KTKBANK.NS: Yahoo web request for share count failed
2026-07-05 17:27:16,140 ERROR LAURUSLABS.NS: Yahoo web request for share count failed
2026-07-05 17:27:16,153 ERROR LATENTVIEW.NS: Yahoo web request for share count failed
2026-07-05 17:27:16,158 ERROR LEMONTREE.NS: Yahoo web request for share count failed
2026-07-05 17:27:16,167 ERROR LICI.NS: Yahoo web request for share count failed
2026-07-05 17:27:16,172 ERROR LENSKART.NS: Yahoo web request for share count failed
2026-07-05 17:27:16,190 ERROR LODHA.NS: Yahoo web request for share count failed
2026-07-05 17:27:16,194 ERROR LINDEINDIA.NS: Yahoo web request for share count failed
2026-07-05 17:27:16,200 ERROR LLOYDSME.NS: Yahoo web request for share count failed
2026-07-05 17:27:16,202 ERROR LGEINDIA.NS: Yahoo web request for share count failed
2026-07-05 17:27:16,214 ERROR LICHSGFIN.NS: Yahoo web request for share count failed
2026-07-05 17:27:16,216 ERROR LLOYDSENT.NS: Yahoo web request for share count failed
2026-07-05 17:27:16,217 ERROR LLOYDSENGG.NS: Yahoo web request for share count failed
2026-07-05 17:27:16,224 ERROR LTF.NS: Yahoo web request for share count failed
2026-07-05 17:27:16,227 ERROR LT.NS: Yahoo web request for share count failed
2026-07-05 17:27:16,229 ERROR LOTUSDEV.NS: Yahoo web request for share count failed
2026-07-05 17:27:16,234 ERROR LTFOODS.NS: Yahoo web request for share count failed
2026-07-05 17:27:16,235 ERROR LTTS.NS: Yahoo web request for share count failed
2026-07-05 17:27:16,235 ERROR LUPIN.NS: Yahoo web request for share count failed
2026-07-05 17:27:16,241 ERROR LTM.NS: Yahoo web request for share count failed
2026-07-05 17:27:16,241 ERROR LUMAXTECH.NS: Yahoo web request for share count failed
2026-07-05 17:27:16,241 ERROR LXCHEM.NS: Yahoo web request for share count failed
2026-07-05 17:27:16,249 ERROR M&M.NS: Yahoo web request for share count failed
2026-07-05 17:27:16,256 ERROR M&MFIN.NS: Yahoo web request for share count failed
2026-07-05 17:27:16,257 ERROR MAHABANK.NS: Yahoo web request for share count failed
2026-07-05 17:27:16,262 ERROR MAHSCOOTER.NS: Yahoo web request for share count failed
2026-07-05 17:27:16,274 ERROR MANYAVAR.NS: Yahoo web request for share count failed
2026-07-05 17:27:16,275 ERROR MANAPPURAM.NS: Yahoo web request for share count failed
2026-07-05 17:27:16,275 ERROR MAHSEAMLES.NS: Yahoo web request for share count failed
2026-07-05 17:27:16,275 ERROR MANORAMA.NS: Yahoo web request for share count failed
2026-07-05 17:27:16,283 ERROR MANKIND.NS: Yahoo web request for share count failed
2026-07-05 17:27:16,283 ERROR MARKSANS.NS: Yahoo web request for share count failed
2026-07-05 17:27:16,286 ERROR MAPMYINDIA.NS: Yahoo web request for share count failed
2026-07-05 17:27:16,286 ERROR MARICO.NS: Yahoo web request for share count failed
2026-07-05 17:27:16,292 ERROR MARUTI.NS: Yahoo web request for share count failed
2026-07-05 17:27:16,297 ERROR MASTEK.NS: Yahoo web request for share count failed
2026-07-05 17:27:16,298 ERROR MAXHEALTH.NS: Yahoo web request for share count failed
2026-07-05 17:27:16,304 ERROR MAZDOCK.NS: Yahoo web request for share count failed
2026-07-05 17:27:16,314 ERROR MEESHO.NS: Yahoo web request for share count failed
2026-07-05 17:27:16,314 ERROR MCX.NS: Yahoo web request for share count failed
2026-07-05 17:27:16,320 ERROR MEDPLUS.NS: Yahoo web request for share count failed
2026-07-05 17:27:16,325 ERROR METROPOLIS.NS: Yahoo web request for share count failed
2026-07-05 17:27:16,326 ERROR MFSL.NS: Yahoo web request for share count failed
2026-07-05 17:27:16,328 ERROR MIDHANI.NS: Yahoo web request for share count failed
2026-07-05 17:27:16,328 ERROR MEDANTA.NS: Yahoo web request for share count failed
2026-07-05 17:27:16,328 ERROR MGL.NS: Yahoo web request for share count failed
2026-07-05 17:27:16,345 ERROR MMTC.NS: Yahoo web request for share count failed
2026-07-05 17:27:16,346 ERROR MOTHERSON.NS: Yahoo web request for share count failed
2026-07-05 17:27:16,346 ERROR MOTILALOFS.NS: Yahoo web request for share count failed
2026-07-05 17:27:16,346 ERROR MOIL.NS: Yahoo web request for share count failed
2026-07-05 17:27:16,351 ERROR MPHASIS.NS: Yahoo web request for share count failed
2026-07-05 17:27:16,354 ERROR MRPL.NS: Yahoo web request for share count failed
2026-07-05 17:27:16,356 ERROR MRF.NS: Yahoo web request for share count failed
2026-07-05 17:27:16,360 ERROR MSTCLTD.NS: Yahoo web request for share count failed
2026-07-05 17:27:16,372 ERROR MSUMI.NS: Yahoo web request for share count failed
2026-07-05 17:27:16,373 ERROR NAM-INDIA.NS: Yahoo web request for share count failed
2026-07-05 17:27:16,375 ERROR MTARTECH.NS: Yahoo web request for share count failed
2026-07-05 17:27:16,376 ERROR MUTHOOTFIN.NS: Yahoo web request for share count failed
2026-07-05 17:27:16,379 ERROR NATCOPHARM.NS: Yahoo web request for share count failed
2026-07-05 17:27:16,385 ERROR NAVA.NS: Yahoo web request for share count failed
2026-07-05 17:27:16,389 ERROR NAUKRI.NS: Yahoo web request for share count failed
2026-07-05 17:27:16,390 ERROR NATIONALUM.NS: Yahoo web request for share count failed
2026-07-05 17:27:16,397 ERROR MINDACORP.NS: Yahoo web request for share count failed
2026-07-05 17:27:16,403 ERROR NAZARA.NS: Yahoo web request for share count failed
2026-07-05 17:27:16,404 ERROR NBCC.NS: Yahoo web request for share count failed
2026-07-05 17:27:16,406 ERROR NCC.NS: Yahoo web request for share count failed
2026-07-05 17:27:16,407 ERROR NEOGEN.NS: Yahoo web request for share count failed
2026-07-05 17:27:16,407 ERROR NAVINFLUOR.NS: Yahoo web request for share count failed
2026-07-05 17:27:16,412 ERROR NESTLEIND.NS: Yahoo web request for share count failed
2026-07-05 17:27:16,415 ERROR NESCO.NS: Yahoo web request for share count failed
2026-07-05 17:27:16,421 ERROR NETWORK18.NS: Yahoo web request for share count failed
2026-07-05 17:27:16,421 ERROR NETWEB.NS: Yahoo web request for share count failed
2026-07-05 17:27:16,424 ERROR NEULANDLAB.NS: Yahoo web request for share count failed
2026-07-05 17:27:16,435 ERROR NHPC.NS: Yahoo web request for share count failed
2026-07-05 17:27:16,435 ERROR NH.NS: Yahoo web request for share count failed
2026-07-05 17:27:16,439 ERROR NIACL.NS: Yahoo web request for share count failed
2026-07-05 17:27:16,442 ERROR NEWGEN.NS: Yahoo web request for share count failed
2026-07-05 17:27:16,442 ERROR NFL.NS: Yahoo web request for share count failed
2026-07-05 17:27:16,448 ERROR NIVABUPA.NS: Yahoo web request for share count failed
2026-07-05 17:27:16,451 ERROR NMDC.NS: Yahoo web request for share count failed
2026-07-05 17:27:16,451 ERROR NSLNISP.NS: Yahoo web request for share count failed
2026-07-05 17:27:16,454 ERROR NLCINDIA.NS: Yahoo web request for share count failed
2026-07-05 17:27:16,465 ERROR NTPCGREEN.NS: Yahoo web request for share count failed
2026-07-05 17:27:16,466 ERROR NUVOCO.NS: Yahoo web request for share count failed
2026-07-05 17:27:16,473 ERROR OFSS.NS: Yahoo web request for share count failed
2026-07-05 17:27:16,473 ERROR NTPC.NS: Yahoo web request for share count failed
2026-07-05 17:27:16,477 ERROR OLAELEC.NS: Yahoo web request for share count failed
2026-07-05 17:27:16,478 ERROR NUVAMA.NS: Yahoo web request for share count failed
2026-07-05 17:27:16,480 ERROR OBEROIRLTY.NS: Yahoo web request for share count failed
2026-07-05 17:27:16,481 ERROR OIL.NS: Yahoo web request for share count failed
2026-07-05 17:27:16,488 ERROR OLECTRA.NS: Yahoo web request for share count failed
2026-07-05 17:27:16,489 ERROR NYKAA.NS: Yahoo web request for share count failed
2026-07-05 17:27:16,494 ERROR ONESOURCE.NS: Yahoo web request for share count failed
2026-07-05 17:27:16,496 ERROR OPTIEMUS.NS: Yahoo web request for share count failed
2026-07-05 17:27:16,498 ERROR ONGC.NS: Yahoo web request for share count failed
2026-07-05 17:27:16,500 ERROR ORIENTCEM.NS: Yahoo web request for share count failed
2026-07-05 17:27:16,503 ERROR OSWALPUMPS.NS: Yahoo web request for share count failed
2026-07-05 17:27:16,506 ERROR ORKLAINDIA.NS: Yahoo web request for share count failed
2026-07-05 17:27:16,510 ERROR PARKHOSPS.NS: Yahoo web request for share count failed
2026-07-05 17:27:16,513 ERROR PAGEIND.NS: Yahoo web request for share count failed
2026-07-05 17:27:16,523 ERROR PAYTM.NS: Yahoo web request for share count failed
2026-07-05 17:27:16,525 ERROR PARAS.NS: Yahoo web request for share count failed
2026-07-05 17:27:16,526 ERROR PARADEEP.NS: Yahoo web request for share count failed
2026-07-05 17:27:16,528 ERROR PCBL.NS: Yahoo web request for share count failed
2026-07-05 17:27:16,528 ERROR PATANJALI.NS: Yahoo web request for share count failed
2026-07-05 17:27:16,531 ERROR PERSISTENT.NS: Yahoo web request for share count failed
2026-07-05 17:27:16,535 ERROR PCJEWELLER.NS: Yahoo web request for share count failed
2026-07-05 17:27:16,537 ERROR PETRONET.NS: Yahoo web request for share count failed
2026-07-05 17:27:16,543 ERROR PFIZER.NS: Yahoo web request for share count failed
2026-07-05 17:27:16,544 ERROR PFOCUS.NS: Yahoo web request for share count failed
2026-07-05 17:27:16,544 ERROR PFC.NS: Yahoo web request for share count failed
2026-07-05 17:27:16,546 ERROR PGEL.NS: Yahoo web request for share count failed
2026-07-05 17:27:16,552 ERROR PICCADIL.NS: Yahoo web request for share count failed
2026-07-05 17:27:16,552 ERROR PGIL.NS: Yahoo web request for share count failed
2026-07-05 17:27:16,557 ERROR PHOENIXLTD.NS: Yahoo web request for share count failed
2026-07-05 17:27:16,561 ERROR PIDILITIND.NS: Yahoo web request for share count failed
2026-07-05 17:27:16,564 ERROR PIIND.NS: Yahoo web request for share count failed
2026-07-05 17:27:16,571 ERROR PINELABS.NS: Yahoo web request for share count failed
2026-07-05 17:27:16,575 ERROR PNBHOUSING.NS: Yahoo web request for share count failed
2026-07-05 17:27:16,578 ERROR PNB.NS: Yahoo web request for share count failed
2026-07-05 17:27:16,580 ERROR PNCINFRA.NS: Yahoo web request for share count failed
2026-07-05 17:27:16,581 ERROR PNGJL.NS: Yahoo web request for share count failed
2026-07-05 17:27:16,582 ERROR PIRAMALFIN.NS: Yahoo web request for share count failed
2026-07-05 17:27:16,582 ERROR POLYCAB.NS: Yahoo web request for share count failed
2026-07-05 17:27:16,589 ERROR POLYMED.NS: Yahoo web request for share count failed
2026-07-05 17:27:16,591 ERROR POLICYBZR.NS: Yahoo web request for share count failed
2026-07-05 17:27:16,596 ERROR POONAWALLA.NS: Yahoo web request for share count failed
2026-07-05 17:27:16,599 ERROR POWERMECH.NS: Yahoo web request for share count failed
2026-07-05 17:27:16,601 ERROR POWERGRID.NS: Yahoo web request for share count failed
2026-07-05 17:27:16,611 ERROR POWERINDIA.NS: Yahoo web request for share count failed
2026-07-05 17:27:16,613 ERROR PPLPHARMA.NS: Yahoo web request for share count failed
2026-07-05 17:27:16,614 ERROR PRESTIGE.NS: Yahoo web request for share count failed
2026-07-05 17:27:16,615 ERROR PREMIERENE.NS: Yahoo web request for share count failed
2026-07-05 17:27:16,617 ERROR PRAJIND.NS: Yahoo web request for share count failed
2026-07-05 17:27:16,621 ERROR PRIVISCL.NS: Yahoo web request for share count failed
2026-07-05 17:27:16,622 ERROR PRICOLLTD.NS: Yahoo web request for share count failed
2026-07-05 17:27:16,634 ERROR PRSMJOHNSN.NS: Yahoo web request for share count failed
2026-07-05 17:27:16,638 ERROR PTC.NS: Yahoo web request for share count failed
2026-07-05 17:27:16,640 ERROR PTCIL.NS: Yahoo web request for share count failed
2026-07-05 17:27:16,641 ERROR PRUDENT.NS: Yahoo web request for share count failed
2026-07-05 17:27:16,641 ERROR PURVA.NS: Yahoo web request for share count failed
2026-07-05 17:27:16,643 ERROR PWL.NS: Yahoo web request for share count failed
2026-07-05 17:27:16,644 ERROR QPOWER.NS: Yahoo web request for share count failed
2026-07-05 17:27:16,647 ERROR QUESS.NS: Yahoo web request for share count failed
2026-07-05 17:27:16,653 ERROR PVRINOX.NS: Yahoo web request for share count failed
2026-07-05 17:27:16,662 ERROR RADICO.NS: Yahoo web request for share count failed
2026-07-05 17:27:16,664 ERROR RAINBOW.NS: Yahoo web request for share count failed
2026-07-05 17:27:16,664 ERROR RAILTEL.NS: Yahoo web request for share count failed
2026-07-05 17:27:16,664 ERROR RAIN.NS: Yahoo web request for share count failed
2026-07-05 17:27:16,669 ERROR RALLIS.NS: Yahoo web request for share count failed
2026-07-05 17:27:16,671 ERROR RAMCOCEM.NS: Yahoo web request for share count failed
2026-07-05 17:27:16,672 ERROR RATEGAIN.NS: Yahoo web request for share count failed
2026-07-05 17:27:16,678 ERROR RATNAMANI.NS: Yahoo web request for share count failed
2026-07-05 17:27:16,680 ERROR RAYMONDLSL.NS: Yahoo web request for share count failed
2026-07-05 17:27:16,687 ERROR RBLBANK.NS: Yahoo web request for share count failed
2026-07-05 17:27:16,692 ERROR RBA.NS: Yahoo web request for share count failed
2026-07-05 17:27:16,693 ERROR RECLTD.NS: Yahoo web request for share count failed
2026-07-05 17:27:16,697 ERROR RCF.NS: Yahoo web request for share count failed
2026-07-05 17:27:16,698 ERROR REDINGTON.NS: Yahoo web request for share count failed
2026-07-05 17:27:16,699 ERROR REFEX.NS: Yahoo web request for share count failed
2026-07-05 17:27:16,704 ERROR RELAXO.NS: Yahoo web request for share count failed
2026-07-05 17:27:16,705 ERROR REDTAPE.NS: Yahoo web request for share count failed
2026-07-05 17:27:16,705 ERROR RELIANCE.NS: Yahoo web request for share count failed
2026-07-05 17:27:16,713 ERROR RELIGARE.NS: Yahoo web request for share count failed
2026-07-05 17:27:16,718 ERROR RENUKA.NS: Yahoo web request for share count failed
2026-07-05 17:27:16,723 ERROR RHIM.NS: Yahoo web request for share count failed
2026-07-05 17:27:16,725 ERROR RKFORGE.NS: Yahoo web request for share count failed
2026-07-05 17:27:16,729 ERROR RITES.NS: Yahoo web request for share count failed
2026-07-05 17:27:16,729 ERROR ROUTE.NS: Yahoo web request for share count failed
2026-07-05 17:27:16,730 ERROR RPOWER.NS: Yahoo web request for share count failed
2026-07-05 17:27:16,732 ERROR RTNINDIA.NS: Yahoo web request for share count failed
2026-07-05 17:27:16,734 ERROR RRKABEL.NS: Yahoo web request for share count failed
2026-07-05 17:27:16,745 ERROR RTNPOWER.NS: Yahoo web request for share count failed
2026-07-05 17:27:16,747 ERROR RVNL.NS: Yahoo web request for share count failed
2026-07-05 17:27:16,749 ERROR RUBICON.NS: Yahoo web request for share count failed
2026-07-05 17:27:16,752 ERROR SAATVIKGL.NS: Yahoo web request for share count failed
2026-07-05 17:27:16,753 ERROR SAFARI.NS: Yahoo web request for share count failed
2026-07-05 17:27:16,754 ERROR SAGILITY.NS: Yahoo web request for share count failed
2026-07-05 17:27:16,755 ERROR SAIL.NS: Yahoo web request for share count failed
2026-07-05 17:27:16,758 ERROR SAILIFE.NS: Yahoo web request for share count failed
2026-07-05 17:27:16,758 ERROR SAMHI.NS: Yahoo web request for share count failed
2026-07-05 17:27:16,764 ERROR SAMMAANCAP.NS: Yahoo web request for share count failed
2026-07-05 17:27:16,771 ERROR SANDUMA.NS: Yahoo web request for share count failed
2026-07-05 17:27:16,772 ERROR SANSERA.NS: Yahoo web request for share count failed
2026-07-05 17:27:16,772 ERROR SANOFICONR.NS: Yahoo web request for share count failed
2026-07-05 17:27:16,780 ERROR SARDAEN.NS: Yahoo web request for share count failed
2026-07-05 17:27:16,785 ERROR SAPPHIRE.NS: Yahoo web request for share count failed
2026-07-05 17:27:16,787 ERROR SBFC.NS: Yahoo web request for share count failed
2026-07-05 17:27:16,789 ERROR SAREGAMA.NS: Yahoo web request for share count failed
2026-07-05 17:27:16,789 ERROR SBICARD.NS: Yahoo web request for share count failed
2026-07-05 17:27:16,795 ERROR SBILIFE.NS: Yahoo web request for share count failed
2026-07-05 17:27:16,797 ERROR SBIN.NS: Yahoo web request for share count failed
2026-07-05 17:27:16,798 ERROR SCHAEFFLER.NS: Yahoo web request for share count failed
2026-07-05 17:27:16,808 ERROR SCHNEIDER.NS: Yahoo web request for share count failed
2026-07-05 17:27:16,810 ERROR SFL.NS: Yahoo web request for share count failed
2026-07-05 17:27:16,811 ERROR SHAILY.NS: Yahoo web request for share count failed
2026-07-05 17:27:16,813 ERROR SHAREINDIA.NS: Yahoo web request for share count failed
2026-07-05 17:27:16,813 ERROR SENCO.NS: Yahoo web request for share count failed
2026-07-05 17:27:16,816 ERROR SHAKTIPUMP.NS: Yahoo web request for share count failed
2026-07-05 17:27:16,818 ERROR SHARDACROP.NS: Yahoo web request for share count failed
2026-07-05 17:27:16,821 ERROR SCI.NS: Yahoo web request for share count failed
2026-07-05 17:27:16,832 ERROR SHREECEM.NS: Yahoo web request for share count failed
2026-07-05 17:27:16,833 ERROR SIGNATURE.NS: Yahoo web request for share count failed
2026-07-05 17:27:16,837 ERROR SHILPAMED.NS: Yahoo web request for share count failed
2026-07-05 17:27:16,839 ERROR SHYAMMETL.NS: Yahoo web request for share count failed
2026-07-05 17:27:16,839 ERROR SIEMENS.NS: Yahoo web request for share count failed
2026-07-05 17:27:16,840 ERROR SHRIPISTON.NS: Yahoo web request for share count failed
2026-07-05 17:27:16,843 ERROR SJVN.NS: Yahoo web request for share count failed
2026-07-05 17:27:16,843 ERROR SHRIRAMFIN.NS: Yahoo web request for share count failed
2026-07-05 17:27:16,854 ERROR SMARTWORKS.NS: Yahoo web request for share count failed
2026-07-05 17:27:16,856 ERROR SKIPPER.NS: Yahoo web request for share count failed
2026-07-05 17:27:16,858 ERROR SKFINDIA.NS: Yahoo web request for share count failed
2026-07-05 17:27:16,860 ERROR SKFINDUS.NS: Yahoo web request for share count failed
2026-07-05 17:27:16,868 ERROR SMLMAH.NS: Yahoo web request for share count failed
2026-07-05 17:27:16,870 ERROR SKYGOLD.NS: Yahoo web request for share count failed
2026-07-05 17:27:16,874 ERROR SOLARINDS.NS: Yahoo web request for share count failed
2026-07-05 17:27:16,875 ERROR SOBHA.NS: Yahoo web request for share count failed
2026-07-05 17:27:16,932 ERROR SONACOMS.NS: Yahoo web request for share count failed
2026-07-05 17:27:16,933 ERROR SPARC.NS: Yahoo web request for share count failed
2026-07-05 17:27:16,935 ERROR SONATSOFTW.NS: Yahoo web request for share count failed
2026-07-05 17:27:16,935 ERROR SPLPETRO.NS: Yahoo web request for share count failed
2026-07-05 17:27:16,939 ERROR SRF.NS: Yahoo web request for share count failed
2026-07-05 17:27:16,943 ERROR STARCEMENT.NS: Yahoo web request for share count failed
2026-07-05 17:27:16,948 ERROR SOUTHBANK.NS: Yahoo web request for share count failed
2026-07-05 17:27:16,954 ERROR STAR.NS: Yahoo web request for share count failed
2026-07-05 17:27:16,955 ERROR STARHEALTH.NS: Yahoo web request for share count failed
2026-07-05 17:27:16,959 ERROR STYRENIX.NS: Yahoo web request for share count failed
2026-07-05 17:27:16,962 ERROR STLTECH.NS: Yahoo web request for share count failed
2026-07-05 17:27:16,965 ERROR SUBROS.NS: Yahoo web request for share count failed
2026-07-05 17:27:16,967 ERROR STYL.NS: Yahoo web request for share count failed
2026-07-05 17:27:16,967 ERROR SUDEEPPHRM.NS: Yahoo web request for share count failed
2026-07-05 17:27:16,968 ERROR SUMICHEM.NS: Yahoo web request for share count failed
2026-07-05 17:27:16,969 ERROR SUDARSCHEM.NS: Yahoo web request for share count failed
2026-07-05 17:27:16,976 ERROR SUNDARMFIN.NS: Yahoo web request for share count failed
2026-07-05 17:27:16,979 ERROR SUNPHARMA.NS: Yahoo web request for share count failed
2026-07-05 17:27:16,991 ERROR SUNTV.NS: Yahoo web request for share count failed
2026-07-05 17:27:16,991 ERROR SUNTECK.NS: Yahoo web request for share count failed
2026-07-05 17:27:16,996 ERROR SURYAROSNI.NS: Yahoo web request for share count failed
2026-07-05 17:27:16,997 ERROR SUPRIYA.NS: Yahoo web request for share count failed
2026-07-05 17:27:16,997 ERROR SUPREMEIND.NS: Yahoo web request for share count failed
2026-07-05 17:27:16,998 ERROR SUZLON.NS: Yahoo web request for share count failed
2026-07-05 17:27:17,000 ERROR SWANCORP.NS: Yahoo web request for share count failed
2026-07-05 17:27:17,006 ERROR SWIGGY.NS: Yahoo web request for share count failed
2026-07-05 17:27:17,016 ERROR SWSOLAR.NS: Yahoo web request for share count failed
2026-07-05 17:27:17,019 ERROR TANLA.NS: Yahoo web request for share count failed
2026-07-05 17:27:17,019 ERROR SYRMA.NS: Yahoo web request for share count failed
2026-07-05 17:27:17,020 ERROR SYNGENE.NS: Yahoo web request for share count failed
2026-07-05 17:27:17,022 ERROR TARC.NS: Yahoo web request for share count failed
2026-07-05 17:27:17,024 ERROR TATACHEM.NS: Yahoo web request for share count failed
2026-07-05 17:27:17,026 ERROR TARIL.NS: Yahoo web request for share count failed
2026-07-05 17:27:17,028 ERROR TATACAP.NS: Yahoo web request for share count failed
2026-07-05 17:27:17,038 ERROR TATAELXSI.NS: Yahoo web request for share count failed
2026-07-05 17:27:17,041 ERROR TATAINVEST.NS: Yahoo web request for share count failed
2026-07-05 17:27:17,042 ERROR TATAPOWER.NS: Yahoo web request for share count failed
2026-07-05 17:27:17,042 ERROR TATACOMM.NS: Yahoo web request for share count failed
2026-07-05 17:27:17,046 ERROR TATACONSUM.NS: Yahoo web request for share count failed
2026-07-05 17:27:17,050 ERROR TATASTEEL.NS: Yahoo web request for share count failed
2026-07-05 17:27:17,054 ERROR TCS.NS: Yahoo web request for share count failed
2026-07-05 17:27:17,055 ERROR TBOTEK.NS: Yahoo web request for share count failed
2026-07-05 17:27:17,057 ERROR TATATECH.NS: Yahoo web request for share count failed
2026-07-05 17:27:17,059 ERROR TDPOWERSYS.NS: Yahoo web request for share count failed
2026-07-05 17:27:17,065 ERROR TEGA.NS: Yahoo web request for share count failed
2026-07-05 17:27:17,066 ERROR TEJASNET.NS: Yahoo web request for share count failed
2026-07-05 17:27:17,068 ERROR TECHM.NS: Yahoo web request for share count failed
2026-07-05 17:27:17,073 ERROR TECHNOE.NS: Yahoo web request for share count failed
2026-07-05 17:27:17,082 ERROR TEXRAIL.NS: Yahoo web request for share count failed
2026-07-05 17:27:17,086 ERROR THANGAMAYL.NS: Yahoo web request for share count failed
2026-07-05 17:27:17,087 ERROR THERMAX.NS: Yahoo web request for share count failed
2026-07-05 17:27:17,087 ERROR THELEELA.NS: Yahoo web request for share count failed
2026-07-05 17:27:17,088 ERROR TI.NS: Yahoo web request for share count failed
2026-07-05 17:27:17,088 ERROR TENNIND.NS: Yahoo web request for share count failed
2026-07-05 17:27:17,089 ERROR THOMASCOOK.NS: Yahoo web request for share count failed
2026-07-05 17:27:17,091 ERROR THYROCARE.NS: Yahoo web request for share count failed
2026-07-05 17:27:17,101 ERROR TIMETECHNO.NS: Yahoo web request for share count failed
2026-07-05 17:27:17,103 ERROR TIINDIA.NS: Yahoo web request for share count failed
2026-07-05 17:27:17,111 ERROR TIPSMUSIC.NS: Yahoo web request for share count failed
2026-07-05 17:27:17,112 ERROR TIMKEN.NS: Yahoo web request for share count failed
2026-07-05 17:27:17,115 ERROR TITAGARH.NS: Yahoo web request for share count failed
2026-07-05 17:27:17,116 ERROR TITAN.NS: Yahoo web request for share count failed
2026-07-05 17:27:17,117 ERROR TMPV.NS: Yahoo web request for share count failed
2026-07-05 17:27:17,118 ERROR TMB.NS: Yahoo web request for share count failed
2026-07-05 17:27:17,122 ERROR TMCV.NS: Yahoo web request for share count failed
2026-07-05 17:27:17,130 ERROR TORNTPHARM.NS: Yahoo web request for share count failed
2026-07-05 17:27:17,132 ERROR TRENT.NS: Yahoo web request for share count failed
2026-07-05 17:27:17,138 ERROR TRIDENT.NS: Yahoo web request for share count failed
2026-07-05 17:27:17,139 ERROR TORNTPOWER.NS: Yahoo web request for share count failed
2026-07-05 17:27:17,140 ERROR TRAVELFOOD.NS: Yahoo web request for share count failed
2026-07-05 17:27:17,140 ERROR TRANSRAILL.NS: Yahoo web request for share count failed
2026-07-05 17:27:17,141 ERROR TRITURBINE.NS: Yahoo web request for share count failed
2026-07-05 17:27:17,145 ERROR TRIVENI.NS: Yahoo web request for share count failed
2026-07-05 17:27:17,152 ERROR TTML.NS: Yahoo web request for share count failed
2026-07-05 17:27:17,157 ERROR TSFINV.NS: Yahoo web request for share count failed
2026-07-05 17:27:17,162 ERROR UBL.NS: Yahoo web request for share count failed
2026-07-05 17:27:17,163 ERROR UCOBANK.NS: Yahoo web request for share count failed
2026-07-05 17:27:17,163 ERROR TVSSCS.NS: Yahoo web request for share count failed
2026-07-05 17:27:17,167 ERROR ULTRACEMCO.NS: Yahoo web request for share count failed
2026-07-05 17:27:17,170 ERROR UJJIVANSFB.NS: Yahoo web request for share count failed
2026-07-05 17:27:17,173 ERROR UNIONBANK.NS: Yahoo web request for share count failed
2026-07-05 17:27:17,174 ERROR TVSMOTOR.NS: Yahoo web request for share count failed
2026-07-05 17:27:17,178 ERROR UNITDSPR.NS: Yahoo web request for share count failed
2026-07-05 17:27:17,181 ERROR UNOMINDA.NS: Yahoo web request for share count failed
2026-07-05 17:27:17,183 ERROR URBANCO.NS: Yahoo web request for share count failed
2026-07-05 17:27:17,184 ERROR UPL.NS: Yahoo web request for share count failed
2026-07-05 17:27:17,196 ERROR USHAMART.NS: Yahoo web request for share count failed
2026-07-05 17:27:17,197 ERROR UTIAMC.NS: Yahoo web request for share count failed
2026-07-05 17:27:17,200 ERROR V2RETAIL.NS: Yahoo web request for share count failed
2026-07-05 17:27:17,200 ERROR UTLSOLAR.NS: Yahoo web request for share count failed
2026-07-05 17:27:17,201 ERROR VAIBHAVGBL.NS: Yahoo web request for share count failed
2026-07-05 17:27:17,203 ERROR VARROC.NS: Yahoo web request for share count failed
2026-07-05 17:27:17,204 ERROR VBL.NS: Yahoo web request for share count failed
2026-07-05 17:27:17,205 ERROR VEDL.NS: Yahoo web request for share count failed
2026-07-05 17:27:17,219 ERROR VIJAYA.NS: Yahoo web request for share count failed
2026-07-05 17:27:17,219 ERROR VGUARD.NS: Yahoo web request for share count failed
2026-07-05 17:27:17,220 ERROR VIKRAMSOLR.NS: Yahoo web request for share count failed
2026-07-05 17:27:17,224 ERROR VIPIND.NS: Yahoo web request for share count failed
2026-07-05 17:27:17,229 ERROR VMART.NS: Yahoo web request for share count failed
2026-07-05 17:27:17,231 ERROR VOLTAMP.NS: Yahoo web request for share count failed
2026-07-05 17:27:17,232 ERROR VIYASH.NS: Yahoo web request for share count failed
2026-07-05 17:27:17,235 ERROR VMM.NS: Yahoo web request for share count failed
2026-07-05 17:27:17,242 ERROR VTL.NS: Yahoo web request for share count failed
2026-07-05 17:27:17,247 ERROR VOLTAS.NS: Yahoo web request for share count failed
2026-07-05 17:27:17,247 ERROR WABAG.NS: Yahoo web request for share count failed
2026-07-05 17:27:17,251 ERROR WAAREERTL.NS: Yahoo web request for share count failed
2026-07-05 17:27:17,251 ERROR WAKEFIT.NS: Yahoo web request for share count failed
2026-07-05 17:27:17,254 ERROR WAAREEENER.NS: Yahoo web request for share count failed
2026-07-05 17:27:17,255 ERROR WELCORP.NS: Yahoo web request for share count failed
2026-07-05 17:27:17,257 ERROR WEBELSOLAR.NS: Yahoo web request for share count failed
2026-07-05 17:27:17,267 ERROR WELENT.NS: Yahoo web request for share count failed
2026-07-05 17:27:17,270 ERROR WELSPUNLIV.NS: Yahoo web request for share count failed
2026-07-05 17:27:17,271 ERROR WESTLIFE.NS: Yahoo web request for share count failed
2026-07-05 17:27:17,274 ERROR WEWORK.NS: Yahoo web request for share count failed
2026-07-05 17:27:17,277 ERROR WHIRLPOOL.NS: Yahoo web request for share count failed
2026-07-05 17:27:17,280 ERROR WOCKPHARMA.NS: Yahoo web request for share count failed
2026-07-05 17:27:17,282 ERROR WIPRO.NS: Yahoo web request for share count failed
2026-07-05 17:27:17,295 ERROR YATHARTH.NS: Yahoo web request for share count failed
2026-07-05 17:27:17,298 ERROR YESBANK.NS: Yahoo web request for share count failed
2026-07-05 17:27:17,304 ERROR ZEEL.NS: Yahoo web request for share count failed
2026-07-05 17:27:17,304 ERROR ZENSARTECH.NS: Yahoo web request for share count failed
2026-07-05 17:27:17,320 ERROR ZENTEC.NS: Yahoo web request for share count failed
2026-07-05 17:27:17,321 ERROR ZAGGLE.NS: Yahoo web request for share count failed
2026-07-05 17:27:17,322 ERROR ZFCVINDIA.NS: Yahoo web request for share count failed
2026-07-05 17:27:17,324 ERROR ZYDUSLIFE.NS: Yahoo web request for share count failed
2026-07-05 17:27:17,324 ERROR ZYDUSWELL.NS: Yahoo web request for share count failed
2026-07-05 17:28:00,063 INFO Prefetching missing metadata for 500 tickers...
2026-07-05 17:28:11,720 INFO Background cache refresh complete for 751 symbols.
2026-07-05 17:32:07,088 ERROR CHALET.NS: Yahoo web request for share count failed
2026-07-05 17:32:07,196 ERROR CHAMBLFERT.NS: Yahoo web request for share count failed
2026-07-05 17:32:07,813 ERROR CHENNPETRO.NS: Yahoo web request for share count failed
2026-07-05 17:32:07,835 ERROR CHOICEIN.NS: Yahoo web request for share count failed
2026-07-05 17:32:07,858 ERROR CHOLAHLDNG.NS: Yahoo web request for share count failed
2026-07-05 17:32:07,865 ERROR CHOLAFIN.NS: Yahoo web request for share count failed
2026-07-05 17:32:07,869 ERROR CIPLA.NS: Yahoo web request for share count failed
2026-07-05 17:32:07,891 ERROR CUB.NS: Yahoo web request for share count failed
2026-07-05 17:32:07,899 ERROR CLEAN.NS: Yahoo web request for share count failed
2026-07-05 17:32:07,915 ERROR COALINDIA.NS: Yahoo web request for share count failed
2026-07-05 17:32:07,918 ERROR COCHINSHIP.NS: Yahoo web request for share count failed
2026-07-05 17:32:07,966 ERROR COFORGE.NS: Yahoo web request for share count failed
2026-07-05 17:32:08,016 ERROR COHANCE.NS: Yahoo web request for share count failed
2026-07-05 17:32:08,024 ERROR COLPAL.NS: Yahoo web request for share count failed
2026-07-05 17:32:08,045 ERROR CAMS.NS: Yahoo web request for share count failed
2026-07-05 17:32:08,063 ERROR CONCORDBIO.NS: Yahoo web request for share count failed
2026-07-05 17:33:07,102 ERROR CONCOR.NS: Yahoo web request for share count failed
2026-07-05 17:33:07,212 ERROR COROMANDEL.NS: Yahoo web request for share count failed
2026-07-05 17:33:07,828 ERROR CRAFTSMAN.NS: Yahoo web request for share count failed
2026-07-05 17:33:07,851 ERROR CREDITACC.NS: Yahoo web request for share count failed
2026-07-05 17:33:07,877 ERROR CROMPTON.NS: Yahoo web request for share count failed
2026-07-05 17:33:07,892 ERROR CUMMINSIND.NS: Yahoo web request for share count failed
2026-07-05 17:33:07,895 ERROR CYIENT.NS: Yahoo web request for share count failed
2026-07-05 17:33:07,909 ERROR DCMSHRIRAM.NS: Yahoo web request for share count failed
2026-07-05 17:33:07,914 ERROR DLF.NS: Yahoo web request for share count failed
2026-07-05 17:33:07,942 ERROR DOMS.NS: Yahoo web request for share count failed
2026-07-05 17:33:07,943 ERROR DABUR.NS: Yahoo web request for share count failed
2026-07-05 17:33:07,979 ERROR DALBHARAT.NS: Yahoo web request for share count failed
2026-07-05 17:33:08,028 ERROR DATAPATTNS.NS: Yahoo web request for share count failed
2026-07-05 17:33:08,039 ERROR DEEPAKFERT.NS: Yahoo web request for share count failed
2026-07-05 17:33:08,058 ERROR DEEPAKNTR.NS: Yahoo web request for share count failed
2026-07-05 17:33:08,076 ERROR DELHIVERY.NS: Yahoo web request for share count failed
2026-07-05 17:34:07,118 ERROR DEVYANI.NS: Yahoo web request for share count failed
2026-07-05 17:34:07,224 ERROR DIVISLAB.NS: Yahoo web request for share count failed
2026-07-05 17:34:07,841 ERROR DIXON.NS: Yahoo web request for share count failed
2026-07-05 17:34:07,868 ERROR LALPATHLAB.NS: Yahoo web request for share count failed
2026-07-05 17:34:07,889 ERROR DRREDDY.NS: Yahoo web request for share count failed
2026-07-05 17:34:07,917 ERROR EIDPARRY.NS: Yahoo web request for share count failed
2026-07-05 17:34:07,928 ERROR EIHOTEL.NS: Yahoo web request for share count failed
2026-07-05 17:34:07,936 ERROR ELECON.NS: Yahoo web request for share count failed
2026-07-05 17:34:07,937 ERROR EICHERMOT.NS: Yahoo web request for share count failed
2026-07-05 17:34:07,968 ERROR EMAMILTD.NS: Yahoo web request for share count failed
2026-07-05 17:34:07,971 ERROR ELGIEQUIP.NS: Yahoo web request for share count failed
2026-07-05 17:34:07,992 ERROR EMCURE.NS: Yahoo web request for share count failed
2026-07-05 17:34:08,041 ERROR EMMVEE.NS: Yahoo web request for share count failed
2026-07-05 17:34:08,052 ERROR ENDURANCE.NS: Yahoo web request for share count failed
2026-07-05 17:34:08,069 ERROR ENGINERSIN.NS: Yahoo web request for share count failed
2026-07-05 17:34:08,088 ERROR ERIS.NS: Yahoo web request for share count failed
2026-07-05 17:35:07,133 ERROR ESCORTS.NS: Yahoo web request for share count failed
2026-07-05 17:35:07,237 ERROR ETERNAL.NS: Yahoo web request for share count failed
2026-07-05 17:35:07,854 ERROR EXIDEIND.NS: Yahoo web request for share count failed
2026-07-05 17:35:07,882 ERROR NYKAA.NS: Yahoo web request for share count failed
2026-07-05 17:35:07,904 ERROR FEDERALBNK.NS: Yahoo web request for share count failed
2026-07-05 17:35:07,933 ERROR FACT.NS: Yahoo web request for share count failed
2026-07-05 17:35:07,943 ERROR FINCABLES.NS: Yahoo web request for share count failed
2026-07-05 17:35:07,958 ERROR FIVESTAR.NS: Yahoo web request for share count failed
2026-07-05 17:35:07,962 ERROR FSL.NS: Yahoo web request for share count failed
2026-07-05 17:35:07,985 ERROR FORCEMOT.NS: Yahoo web request for share count failed
2026-07-05 17:35:07,992 ERROR FORTIS.NS: Yahoo web request for share count failed
2026-07-05 17:35:08,008 ERROR GAIL.NS: Yahoo web request for share count failed
2026-07-05 17:35:08,053 ERROR GVT&D.NS: Yahoo web request for share count failed
2026-07-05 17:35:08,070 ERROR GMRAIRPORT.NS: Yahoo web request for share count failed
2026-07-05 17:35:08,085 ERROR GABRIEL.NS: Yahoo web request for share count failed
2026-07-05 17:35:08,101 ERROR GALLANTT.NS: Yahoo web request for share count failed
2026-07-05 17:36:07,147 ERROR GRSE.NS: Yahoo web request for share count failed
2026-07-05 17:36:07,249 ERROR GICRE.NS: Yahoo web request for share count failed
2026-07-05 17:36:07,870 ERROR GILLETTE.NS: Yahoo web request for share count failed
2026-07-05 17:36:07,897 ERROR GLAND.NS: Yahoo web request for share count failed
2026-07-05 17:36:07,917 ERROR GLAXO.NS: Yahoo web request for share count failed
2026-07-05 17:36:07,946 ERROR GLENMARK.NS: Yahoo web request for share count failed
2026-07-05 17:36:07,960 ERROR MEDANTA.NS: Yahoo web request for share count failed
2026-07-05 17:36:07,978 ERROR GODIGIT.NS: Yahoo web request for share count failed
2026-07-05 17:36:07,983 ERROR GPIL.NS: Yahoo web request for share count failed
2026-07-05 17:36:07,997 ERROR GODFRYPHLP.NS: Yahoo web request for share count failed
2026-07-05 17:36:08,009 ERROR GODREJCP.NS: Yahoo web request for share count failed
2026-07-05 17:36:08,025 ERROR GODREJIND.NS: Yahoo web request for share count failed
2026-07-05 17:36:08,065 ERROR GODREJPROP.NS: Yahoo web request for share count failed
2026-07-05 17:36:08,085 ERROR GRANULES.NS: Yahoo web request for share count failed
2026-07-05 17:36:08,097 ERROR GRAPHITE.NS: Yahoo web request for share count failed
2026-07-05 17:36:08,113 ERROR GRASIM.NS: Yahoo web request for share count failed
2026-07-05 17:37:07,164 ERROR GRAVITA.NS: Yahoo web request for share count failed
2026-07-05 17:37:07,264 ERROR GESHIP.NS: Yahoo web request for share count failed
2026-07-05 17:37:07,885 ERROR FLUOROCHEM.NS: Yahoo web request for share count failed
2026-07-05 17:37:07,905 ERROR GMDCLTD.NS: Yahoo web request for share count failed
2026-07-05 17:37:07,925 ERROR HEG.NS: Yahoo web request for share count failed
2026-07-05 17:37:07,956 ERROR HBLENGINE.NS: Yahoo web request for share count failed
2026-07-05 17:37:07,968 ERROR HCLTECH.NS: Yahoo web request for share count failed
2026-07-05 17:37:07,988 ERROR HDBFS.NS: Yahoo web request for share count failed
2026-07-05 17:37:07,992 ERROR HDFCAMC.NS: Yahoo web request for share count failed
2026-07-05 17:37:08,008 ERROR HDFCBANK.NS: Yahoo web request for share count failed
2026-07-05 17:37:08,020 ERROR HDFCLIFE.NS: Yahoo web request for share count failed
2026-07-05 17:37:08,038 ERROR HFCL.NS: Yahoo web request for share count failed
2026-07-05 17:37:08,082 ERROR HAVELLS.NS: Yahoo web request for share count failed
2026-07-05 17:37:08,099 ERROR HEROMOTOCO.NS: Yahoo web request for share count failed
2026-07-05 17:37:08,109 ERROR HEXT.NS: Yahoo web request for share count failed
2026-07-05 17:37:08,125 ERROR HSCL.NS: Yahoo web request for share count failed
2026-07-05 17:38:07,183 ERROR HINDALCO.NS: Yahoo web request for share count failed
2026-07-05 17:38:07,280 ERROR HAL.NS: Yahoo web request for share count failed
2026-07-05 17:38:07,900 ERROR HINDCOPPER.NS: Yahoo web request for share count failed
2026-07-05 17:38:07,920 ERROR HINDPETRO.NS: Yahoo web request for share count failed
2026-07-05 17:38:07,937 ERROR HINDUNILVR.NS: Yahoo web request for share count failed
2026-07-05 17:38:07,971 ERROR HINDZINC.NS: Yahoo web request for share count failed
2026-07-05 17:38:07,982 ERROR POWERINDIA.NS: Yahoo web request for share count failed
2026-07-05 17:38:08,012 ERROR HOMEFIRST.NS: Yahoo web request for share count failed
2026-07-05 17:38:08,015 ERROR HONASA.NS: Yahoo web request for share count failed
2026-07-05 17:38:08,021 ERROR HONAUT.NS: Yahoo web request for share count failed
2026-07-05 17:38:08,035 ERROR HUDCO.NS: Yahoo web request for share count failed
2026-07-05 17:38:08,053 ERROR HYUNDAI.NS: Yahoo web request for share count failed
2026-07-05 17:38:08,097 ERROR ICICIBANK.NS: Yahoo web request for share count failed
2026-07-05 17:38:08,123 ERROR ICICIGI.NS: Yahoo web request for share count failed
2026-07-05 17:38:08,125 ERROR ICICIAMC.NS: Yahoo web request for share count failed
2026-07-05 17:38:08,137 ERROR ICICIPRULI.NS: Yahoo web request for share count failed
2026-07-05 17:39:07,197 ERROR IDBI.NS: Yahoo web request for share count failed
2026-07-05 17:39:07,297 ERROR IDFCFIRSTB.NS: Yahoo web request for share count failed
2026-07-05 17:39:07,915 ERROR IFCI.NS: Yahoo web request for share count failed
2026-07-05 17:39:07,934 ERROR IIFL.NS: Yahoo web request for share count failed
2026-07-05 17:39:07,958 ERROR IRB.NS: Yahoo web request for share count failed
2026-07-05 17:39:07,984 ERROR IRCON.NS: Yahoo web request for share count failed
2026-07-05 17:39:07,996 ERROR ITCHOTELS.NS: Yahoo web request for share count failed
2026-07-05 17:39:08,043 ERROR ITC.NS: Yahoo web request for share count failed
2026-07-05 17:39:08,047 ERROR ITI.NS: Yahoo web request for share count failed
2026-07-05 17:39:08,060 ERROR INDGN.NS: Yahoo web request for share count failed
2026-07-05 17:39:08,060 ERROR INDIACEM.NS: Yahoo web request for share count failed
2026-07-05 17:39:08,065 ERROR INDIAMART.NS: Yahoo web request for share count failed
2026-07-05 17:39:08,109 ERROR INDIANB.NS: Yahoo web request for share count failed
2026-07-05 17:39:08,147 ERROR INDHOTEL.NS: Yahoo web request for share count failed
2026-07-05 17:39:08,150 ERROR IEX.NS: Yahoo web request for share count failed
2026-07-05 17:39:08,155 ERROR IOC.NS: Yahoo web request for share count failed
2026-07-05 17:40:07,210 ERROR IOB.NS: Yahoo web request for share count failed
2026-07-05 17:40:07,311 ERROR IRCTC.NS: Yahoo web request for share count failed
2026-07-05 17:40:07,927 ERROR IRFC.NS: Yahoo web request for share count failed
2026-07-05 17:40:08,041 ERROR INDUSTOWER.NS: Yahoo web request for share count failed
2026-07-05 17:40:08,046 ERROR INDUSINDBK.NS: Yahoo web request for share count failed
2026-07-05 17:40:08,047 ERROR IREDA.NS: Yahoo web request for share count failed
2026-07-05 17:40:08,047 ERROR IGL.NS: Yahoo web request for share count failed
2026-07-05 17:40:08,057 ERROR INFY.NS: Yahoo web request for share count failed
2026-07-05 17:40:08,057 ERROR NAUKRI.NS: Yahoo web request for share count failed
2026-07-05 17:40:08,075 ERROR INDIGO.NS: Yahoo web request for share count failed
2026-07-05 17:40:08,075 ERROR INOXWIND.NS: Yahoo web request for share count failed
2026-07-05 17:40:08,077 ERROR INTELLECT.NS: Yahoo web request for share count failed
2026-07-05 17:40:08,122 ERROR IGIL.NS: Yahoo web request for share count failed
2026-07-05 17:40:08,172 ERROR IKS.NS: Yahoo web request for share count failed
2026-07-05 17:40:08,172 ERROR IPCALAB.NS: Yahoo web request for share count failed
2026-07-05 17:40:08,177 ERROR JBCHEPHARM.NS: Yahoo web request for share count failed
2026-07-05 17:41:07,224 ERROR JKCEMENT.NS: Yahoo web request for share count failed
2026-07-05 17:41:07,324 ERROR JBMA.NS: Yahoo web request for share count failed
2026-07-05 17:41:07,940 ERROR JKTYRE.NS: Yahoo web request for share count failed
2026-07-05 17:41:08,058 ERROR JMFINANCIL.NS: Yahoo web request for share count failed
2026-07-05 17:41:08,088 ERROR JSWCEMENT.NS: Yahoo web request for share count failed
2026-07-05 17:41:08,090 ERROR JSWENERGY.NS: Yahoo web request for share count failed
2026-07-05 17:41:08,101 ERROR JSWDULUX.NS: Yahoo web request for share count failed
2026-07-05 17:41:08,103 ERROR JAINREC.NS: Yahoo web request for share count failed
2026-07-05 17:41:08,106 ERROR JSWINFRA.NS: Yahoo web request for share count failed
2026-07-05 17:41:08,117 ERROR JPPOWER.NS: Yahoo web request for share count failed
2026-07-05 17:41:08,118 ERROR JSWSTEEL.NS: Yahoo web request for share count failed
2026-07-05 17:41:08,120 ERROR J&KBANK.NS: Yahoo web request for share count failed
2026-07-05 17:41:08,134 ERROR JINDALSAW.NS: Yahoo web request for share count failed
2026-07-05 17:41:08,193 ERROR JSL.NS: Yahoo web request for share count failed
2026-07-05 17:41:08,201 ERROR JINDALSTEL.NS: Yahoo web request for share count failed
2026-07-05 17:41:08,204 ERROR JIOFIN.NS: Yahoo web request for share count failed
2026-07-05 17:52:13,974 INFO Background metadata worker starting...
2026-07-05 17:52:13,987 INFO Prefetching missing metadata for 751 tickers...
2026-07-05 17:52:16,523 ERROR HTTP Error 401: {"finance":{"result":null,"error":{"code":"Unauthorized","description":"User is unable to access this feature - https://bit.ly/yahoo-finance-api-feedback"}}}
2026-07-05 17:52:16,524 ERROR HTTP Error 401: {"finance":{"result":null,"error":{"code":"Unauthorized","description":"User is unable to access this feature - https://bit.ly/yahoo-finance-api-feedback"}}}
2026-07-05 17:52:16,528 ERROR HTTP Error 401: {"finance":{"result":null,"error":{"code":"Unauthorized","description":"User is unable to access this feature - https://bit.ly/yahoo-finance-api-feedback"}}}
2026-07-05 17:52:16,530 ERROR HTTP Error 401: {"finance":{"result":null,"error":{"code":"Unauthorized","description":"User is unable to access this feature - https://bit.ly/yahoo-finance-api-feedback"}}}
2026-07-05 17:52:16,533 ERROR HTTP Error 401: {"finance":{"result":null,"error":{"code":"Unauthorized","description":"User is unable to access this feature - https://bit.ly/yahoo-finance-api-feedback"}}}
2026-07-05 17:52:16,533 ERROR HTTP Error 401: {"finance":{"result":null,"error":{"code":"Unauthorized","description":"User is unable to access this feature - https://bit.ly/yahoo-finance-api-feedback"}}}
2026-07-05 17:52:16,538 ERROR HTTP Error 401: {"finance":{"result":null,"error":{"code":"Unauthorized","description":"User is unable to access this feature - https://bit.ly/yahoo-finance-api-feedback"}}}
2026-07-05 17:52:16,549 ERROR HTTP Error 401: {"finance":{"result":null,"error":{"code":"Unauthorized","description":"User is unable to access this feature - https://bit.ly/yahoo-finance-api-feedback"}}}
2026-07-05 17:52:16,551 ERROR HTTP Error 401: {"finance":{"result":null,"error":{"code":"Unauthorized","description":"User is unable to access this feature - https://bit.ly/yahoo-finance-api-feedback"}}}
2026-07-05 17:52:16,552 ERROR HTTP Error 401: {"finance":{"result":null,"error":{"code":"Unauthorized","description":"User is unable to access this feature - https://bit.ly/yahoo-finance-api-feedback"}}}
2026-07-05 17:52:16,558 ERROR HTTP Error 401: {"finance":{"result":null,"error":{"code":"Unauthorized","description":"User is unable to access this feature - https://bit.ly/yahoo-finance-api-feedback"}}}
2026-07-05 17:52:16,563 ERROR HTTP Error 401: {"finance":{"result":null,"error":{"code":"Unauthorized","description":"Invalid Crumb"}}}
2026-07-05 17:52:16,748 ERROR HTTP Error 401: {"finance":{"result":null,"error":{"code":"Unauthorized","description":"User is unable to access this feature - https://bit.ly/yahoo-finance-api-feedback"}}}
2026-07-05 17:52:26,126 INFO Prefetching missing metadata for 500 tickers...
2026-07-05 18:01:55,425 INFO Background metadata worker starting...
2026-07-05 18:01:55,438 INFO Prefetching missing metadata for 751 tickers...
2026-07-05 18:01:57,814 ERROR HTTP Error 401: {"finance":{"result":null,"error":{"code":"Unauthorized","description":"User is unable to access this feature - https://bit.ly/yahoo-finance-api-feedback"}}}
2026-07-05 18:01:57,816 ERROR HTTP Error 401: {"finance":{"result":null,"error":{"code":"Unauthorized","description":"User is unable to access this feature - https://bit.ly/yahoo-finance-api-feedback"}}}
2026-07-05 18:01:57,818 ERROR HTTP Error 401: {"finance":{"result":null,"error":{"code":"Unauthorized","description":"User is unable to access this feature - https://bit.ly/yahoo-finance-api-feedback"}}}
2026-07-05 18:01:57,820 ERROR HTTP Error 401: {"finance":{"result":null,"error":{"code":"Unauthorized","description":"User is unable to access this feature - https://bit.ly/yahoo-finance-api-feedback"}}}
2026-07-05 18:01:57,822 ERROR HTTP Error 401: {"finance":{"result":null,"error":{"code":"Unauthorized","description":"User is unable to access this feature - https://bit.ly/yahoo-finance-api-feedback"}}}
2026-07-05 18:01:57,824 ERROR HTTP Error 401: {"finance":{"result":null,"error":{"code":"Unauthorized","description":"User is unable to access this feature - https://bit.ly/yahoo-finance-api-feedback"}}}
2026-07-05 18:01:57,827 ERROR HTTP Error 401: {"finance":{"result":null,"error":{"code":"Unauthorized","description":"User is unable to access this feature - https://bit.ly/yahoo-finance-api-feedback"}}}
2026-07-05 18:01:57,829 ERROR HTTP Error 401: {"finance":{"result":null,"error":{"code":"Unauthorized","description":"User is unable to access this feature - https://bit.ly/yahoo-finance-api-feedback"}}}
2026-07-05 18:01:57,832 ERROR HTTP Error 401: {"finance":{"result":null,"error":{"code":"Unauthorized","description":"User is unable to access this feature - https://bit.ly/yahoo-finance-api-feedback"}}}
2026-07-05 18:01:57,835 ERROR HTTP Error 401: {"finance":{"result":null,"error":{"code":"Unauthorized","description":"User is unable to access this feature - https://bit.ly/yahoo-finance-api-feedback"}}}
2026-07-05 18:01:57,837 ERROR HTTP Error 401: {"finance":{"result":null,"error":{"code":"Unauthorized","description":"User is unable to access this feature - https://bit.ly/yahoo-finance-api-feedback"}}}
2026-07-05 18:01:57,840 ERROR HTTP Error 401: {"finance":{"result":null,"error":{"code":"Unauthorized","description":"Invalid Crumb"}}}
2026-07-05 18:01:57,842 ERROR HTTP Error 401: {"finance":{"result":null,"error":{"code":"Unauthorized","description":"User is unable to access this feature - https://bit.ly/yahoo-finance-api-feedback"}}}
2026-07-05 18:01:57,901 ERROR HTTP Error 401: {"finance":{"result":null,"error":{"code":"Unauthorized","description":"User is unable to access this feature - https://bit.ly/yahoo-finance-api-feedback"}}}
2026-07-05 18:01:57,967 ERROR HTTP Error 401: {"finance":{"result":null,"error":{"code":"Unauthorized","description":"User is unable to access this feature - https://bit.ly/yahoo-finance-api-feedback"}}}
2026-07-05 18:04:13,777 INFO Starting dual-mode scanner with config {'universe': 'Nifty 500', 'min_candles': 300, 'interval': '1d', 'lookback_period': '2y', 'max_candidates': 15, 'min_total_score': 25.0, 'watchlist_min_score': 60.0, 'entry_min_score': 70.0, 'watchlist_trend_weight': 0.2, 'watchlist_base_weight': 0.35, 'watchlist_volume_weight': 0.2, 'watchlist_rs_weight': 0.15, 'watchlist_sector_weight': 0.1, 'entry_trend_weight': 0.2, 'entry_breakout_weight': 0.25, 'entry_volume_weight': 0.2, 'entry_rs_weight': 0.15, 'entry_sector_weight': 0.15, 'entry_risk_weight': 0.1, 'watchlist_price_above_ema200': True, 'watchlist_base_high_pct': 5.0, 'watchlist_base_range_pct': 10.0, 'watchlist_base_days_min': 10, 'watchlist_atr_contraction_pct': -15.0, 'watchlist_bbw_contraction_pct': -20.0, 'watchlist_volume_dryup_pct': -25.0, 'watchlist_rs_min': 60.0, 'watchlist_sector_strength_min': 0.0, 'entry_breakout_volume_ratio': 2.0, 'entry_rs_rank_min': 80.0, 'entry_risk_reward_min': 2.0, 'entry_extension_pct': 10.0, 'entry_atr_expansion_pct': 1.8, 'ema_fast': 20, 'ema_medium': 50, 'ema_slow': 200, 'atr_window': 20, 'contraction_window': 20, 'volume_sma_window': 20, 'volume_contraction_lookback': 20, 'volume_multiplier': 1.6, 'relative_strength_window': 90, 'relative_strength_period_1': 30, 'relative_strength_period_2': 60, 'relative_strength_period_3': 90, 'relative_strength_min_data': 30, 'sector_lookback': 60, 'risk_atr_multiplier': 2.5, 'sector_blacklist': ['Financial Services', 'Utilities'], 'required_columns': ['Open', 'High', 'Low', 'Close', 'Volume']}
2026-07-05 18:04:25,277 INFO Saved 46 rows to data/watchlist.csv
2026-07-05 18:04:25,280 INFO Saved 30 rows to data/entry.csv
2026-07-05 18:04:25,286 INFO Watchlist candidates: 46 | Entry candidates: 30
2026-07-05 18:26:25,491 INFO Background metadata worker starting...
2026-07-05 18:26:25,509 INFO Prefetching missing metadata for 751 tickers...
2026-07-05 18:26:28,474 ERROR HTTP Error 401: {"finance":{"result":null,"error":{"code":"Unauthorized","description":"User is unable to access this feature - https://bit.ly/yahoo-finance-api-feedback"}}}
2026-07-05 18:26:28,476 ERROR HTTP Error 401: {"finance":{"result":null,"error":{"code":"Unauthorized","description":"User is unable to access this feature - https://bit.ly/yahoo-finance-api-feedback"}}}
2026-07-05 18:26:28,477 ERROR HTTP Error 401: {"finance":{"result":null,"error":{"code":"Unauthorized","description":"User is unable to access this feature - https://bit.ly/yahoo-finance-api-feedback"}}}
2026-07-05 18:26:28,480 ERROR HTTP Error 401: {"finance":{"result":null,"error":{"code":"Unauthorized","description":"User is unable to access this feature - https://bit.ly/yahoo-finance-api-feedback"}}}
2026-07-05 18:26:28,482 ERROR HTTP Error 401: {"finance":{"result":null,"error":{"code":"Unauthorized","description":"User is unable to access this feature - https://bit.ly/yahoo-finance-api-feedback"}}}
2026-07-05 18:26:28,483 ERROR HTTP Error 401: {"finance":{"result":null,"error":{"code":"Unauthorized","description":"User is unable to access this feature - https://bit.ly/yahoo-finance-api-feedback"}}}
2026-07-05 18:26:28,485 ERROR HTTP Error 401: {"finance":{"result":null,"error":{"code":"Unauthorized","description":"User is unable to access this feature - https://bit.ly/yahoo-finance-api-feedback"}}}
2026-07-05 18:26:28,486 ERROR HTTP Error 401: {"finance":{"result":null,"error":{"code":"Unauthorized","description":"User is unable to access this feature - https://bit.ly/yahoo-finance-api-feedback"}}}
2026-07-05 18:26:28,486 ERROR HTTP Error 401: {"finance":{"result":null,"error":{"code":"Unauthorized","description":"User is unable to access this feature - https://bit.ly/yahoo-finance-api-feedback"}}}
2026-07-05 18:26:28,588 ERROR HTTP Error 401: {"finance":{"result":null,"error":{"code":"Unauthorized","description":"User is unable to access this feature - https://bit.ly/yahoo-finance-api-feedback"}}}
2026-07-05 18:26:28,611 ERROR HTTP Error 401: {"finance":{"result":null,"error":{"code":"Unauthorized","description":"User is unable to access this feature - https://bit.ly/yahoo-finance-api-feedback"}}}
2026-07-05 18:29:54,721 INFO Background metadata worker starting...
2026-07-05 18:29:54,762 INFO Prefetching missing metadata for 751 tickers...
2026-07-05 18:29:57,197 ERROR HTTP Error 401: {"finance":{"result":null,"error":{"code":"Unauthorized","description":"User is unable to access this feature - https://bit.ly/yahoo-finance-api-feedback"}}}
2026-07-05 18:29:57,200 ERROR HTTP Error 401: {"finance":{"result":null,"error":{"code":"Unauthorized","description":"User is unable to access this feature - https://bit.ly/yahoo-finance-api-feedback"}}}
2026-07-05 18:29:57,201 ERROR HTTP Error 401: {"finance":{"result":null,"error":{"code":"Unauthorized","description":"User is unable to access this feature - https://bit.ly/yahoo-finance-api-feedback"}}}
2026-07-05 18:29:57,202 ERROR HTTP Error 401: {"finance":{"result":null,"error":{"code":"Unauthorized","description":"User is unable to access this feature - https://bit.ly/yahoo-finance-api-feedback"}}}
2026-07-05 18:29:57,203 ERROR HTTP Error 401: {"finance":{"result":null,"error":{"code":"Unauthorized","description":"User is unable to access this feature - https://bit.ly/yahoo-finance-api-feedback"}}}
2026-07-05 18:29:57,204 ERROR HTTP Error 401: {"finance":{"result":null,"error":{"code":"Unauthorized","description":"User is unable to access this feature - https://bit.ly/yahoo-finance-api-feedback"}}}
2026-07-05 18:29:57,205 ERROR HTTP Error 401: {"finance":{"result":null,"error":{"code":"Unauthorized","description":"User is unable to access this feature - https://bit.ly/yahoo-finance-api-feedback"}}}
2026-07-05 18:29:57,206 ERROR HTTP Error 401: {"finance":{"result":null,"error":{"code":"Unauthorized","description":"User is unable to access this feature - https://bit.ly/yahoo-finance-api-feedback"}}}
2026-07-05 18:29:57,207 ERROR HTTP Error 401: {"finance":{"result":null,"error":{"code":"Unauthorized","description":"User is unable to access this feature - https://bit.ly/yahoo-finance-api-feedback"}}}
2026-07-05 18:29:57,208 ERROR HTTP Error 401: {"finance":{"result":null,"error":{"code":"Unauthorized","description":"User is unable to access this feature - https://bit.ly/yahoo-finance-api-feedback"}}}
2026-07-05 18:29:57,321 ERROR HTTP Error 401: {"finance":{"result":null,"error":{"code":"Unauthorized","description":"User is unable to access this feature - https://bit.ly/yahoo-finance-api-feedback"}}}
2026-07-05 18:29:57,321 ERROR HTTP Error 401: {"finance":{"result":null,"error":{"code":"Unauthorized","description":"Invalid Crumb"}}}
2026-07-05 18:29:57,357 ERROR HTTP Error 401: {"finance":{"result":null,"error":{"code":"Unauthorized","description":"User is unable to access this feature - https://bit.ly/yahoo-finance-api-feedback"}}}
2026-07-05 18:33:44,380 ERROR Failed to fetch NSE CSV after 3 attempts: 404 Client Error: Not Found for url: https://nsearchives.nseindia.com/content/indices/ind_niftymicrocap250list.csv
2026-07-05 18:33:44,380 WARNING Sector segment https://nsearchives.nseindia.com/content/indices/ind_niftymicrocap250list.csv failed: 404 Client Error: Not Found for url: https://nsearchives.nseindia.com/content/indices/ind_niftymicrocap250list.csv
2026-07-05 18:33:47,935 ERROR Failed to fetch NSE CSV after 3 attempts: 404 Client Error: Not Found for url: https://archives.nseindia.com/content/indices/ind_niftymicrocap250list.csv
2026-07-05 18:33:47,935 WARNING Sector segment https://archives.nseindia.com/content/indices/ind_niftymicrocap250list.csv failed: 404 Client Error: Not Found for url: https://archives.nseindia.com/content/indices/ind_niftymicrocap250list.csv
2026-07-05 18:33:47,944 INFO Prefetching missing metadata for 751 tickers...
2026-07-05 18:36:26,781 INFO Background cache refresh complete for 751 symbols.
2026-07-05 18:47:17,294 INFO Background metadata worker starting...
2026-07-05 18:47:17,347 INFO Prefetching missing metadata for 751 tickers...
2026-07-05 18:47:19,533 ERROR HTTP Error 401: {"finance":{"result":null,"error":{"code":"Unauthorized","description":"User is unable to access this feature - https://bit.ly/yahoo-finance-api-feedback"}}}
2026-07-05 18:47:19,545 ERROR HTTP Error 401: {"finance":{"result":null,"error":{"code":"Unauthorized","description":"User is unable to access this feature - https://bit.ly/yahoo-finance-api-feedback"}}}
2026-07-05 18:47:19,547 ERROR HTTP Error 401: {"finance":{"result":null,"error":{"code":"Unauthorized","description":"User is unable to access this feature - https://bit.ly/yahoo-finance-api-feedback"}}}
2026-07-05 18:47:19,547 ERROR HTTP Error 401: {"finance":{"result":null,"error":{"code":"Unauthorized","description":"User is unable to access this feature - https://bit.ly/yahoo-finance-api-feedback"}}}
2026-07-05 18:47:19,549 ERROR HTTP Error 401: {"finance":{"result":null,"error":{"code":"Unauthorized","description":"User is unable to access this feature - https://bit.ly/yahoo-finance-api-feedback"}}}
2026-07-05 18:47:19,552 ERROR HTTP Error 401: {"finance":{"result":null,"error":{"code":"Unauthorized","description":"User is unable to access this feature - https://bit.ly/yahoo-finance-api-feedback"}}}
2026-07-05 18:47:19,553 ERROR HTTP Error 401: {"finance":{"result":null,"error":{"code":"Unauthorized","description":"User is unable to access this feature - https://bit.ly/yahoo-finance-api-feedback"}}}
2026-07-05 18:47:19,556 ERROR HTTP Error 401: {"finance":{"result":null,"error":{"code":"Unauthorized","description":"User is unable to access this feature - https://bit.ly/yahoo-finance-api-feedback"}}}
2026-07-05 18:47:19,558 ERROR HTTP Error 401: {"finance":{"result":null,"error":{"code":"Unauthorized","description":"User is unable to access this feature - https://bit.ly/yahoo-finance-api-feedback"}}}
2026-07-05 18:47:19,560 ERROR HTTP Error 401: {"finance":{"result":null,"error":{"code":"Unauthorized","description":"User is unable to access this feature - https://bit.ly/yahoo-finance-api-feedback"}}}
2026-07-05 18:47:19,561 ERROR HTTP Error 401: {"finance":{"result":null,"error":{"code":"Unauthorized","description":"User is unable to access this feature - https://bit.ly/yahoo-finance-api-feedback"}}}
2026-07-05 18:47:19,565 ERROR HTTP Error 401: {"finance":{"result":null,"error":{"code":"Unauthorized","description":"User is unable to access this feature - https://bit.ly/yahoo-finance-api-feedback"}}}
2026-07-05 18:47:19,660 ERROR HTTP Error 401: {"finance":{"result":null,"error":{"code":"Unauthorized","description":"User is unable to access this feature - https://bit.ly/yahoo-finance-api-feedback"}}}
2026-07-05 18:47:19,677 ERROR HTTP Error 401: {"finance":{"result":null,"error":{"code":"Unauthorized","description":"User is unable to access this feature - https://bit.ly/yahoo-finance-api-feedback"}}}
2026-07-05 18:47:19,719 ERROR HTTP Error 401: {"finance":{"result":null,"error":{"code":"Unauthorized","description":"User is unable to access this feature - https://bit.ly/yahoo-finance-api-feedback"}}}
2026-07-05 18:47:52,322 ERROR Failed to fetch NSE CSV after 3 attempts: 404 Client Error: Not Found for url: https://nsearchives.nseindia.com/content/indices/ind_niftymicrocap250list.csv
2026-07-05 18:47:52,323 WARNING Sector segment https://nsearchives.nseindia.com/content/indices/ind_niftymicrocap250list.csv failed: 404 Client Error: Not Found for url: https://nsearchives.nseindia.com/content/indices/ind_niftymicrocap250list.csv
2026-07-05 18:47:56,260 ERROR Failed to fetch NSE CSV after 3 attempts: 404 Client Error: Not Found for url: https://archives.nseindia.com/content/indices/ind_niftymicrocap250list.csv
2026-07-05 18:47:56,260 WARNING Sector segment https://archives.nseindia.com/content/indices/ind_niftymicrocap250list.csv failed: 404 Client Error: Not Found for url: https://archives.nseindia.com/content/indices/ind_niftymicrocap250list.csv
2026-07-05 18:47:56,265 INFO Starting dual-mode scanner with config {'universe': 'Total Market (Cap Focused)', 'min_candles': 300, 'interval': '1d', 'lookback_period': '2y', 'max_candidates': 15, 'min_total_score': 25.0, 'watchlist_min_score': 60.0, 'entry_min_score': 70.0, 'watchlist_trend_weight': 0.2, 'watchlist_base_weight': 0.35, 'watchlist_volume_weight': 0.2, 'watchlist_rs_weight': 0.15, 'watchlist_sector_weight': 0.1, 'entry_trend_weight': 0.2, 'entry_breakout_weight': 0.25, 'entry_volume_weight': 0.2, 'entry_rs_weight': 0.15, 'entry_sector_weight': 0.15, 'entry_risk_weight': 0.1, 'watchlist_price_above_ema200': True, 'watchlist_base_high_pct': 5.0, 'watchlist_base_range_pct': 10.0, 'watchlist_base_days_min': 10, 'watchlist_atr_contraction_pct': -15.0, 'watchlist_bbw_contraction_pct': -20.0, 'watchlist_volume_dryup_pct': -25.0, 'watchlist_rs_min': 60.0, 'watchlist_sector_strength_min': 0.0, 'entry_breakout_volume_ratio': 2.0, 'entry_rs_rank_min': 80.0, 'entry_risk_reward_min': 2.0, 'entry_extension_pct': 10.0, 'entry_atr_expansion_pct': 1.8, 'ema_fast': 20, 'ema_medium': 50, 'ema_slow': 200, 'atr_window': 20, 'contraction_window': 20, 'volume_sma_window': 20, 'volume_contraction_lookback': 20, 'volume_multiplier': 1.6, 'relative_strength_window': 90, 'relative_strength_period_1': 30, 'relative_strength_period_2': 60, 'relative_strength_period_3': 90, 'relative_strength_min_data': 30, 'sector_lookback': 60, 'risk_atr_multiplier': 2.5, 'sector_blacklist': ['Financial Services', 'Utilities'], 'required_columns': ['Open', 'High', 'Low', 'Close', 'Volume']}
2026-07-05 18:48:07,721 INFO Saved 39 rows to data/watchlist.csv
2026-07-05 18:48:07,724 INFO Saved 30 rows to data/entry.csv
2026-07-05 18:48:07,729 INFO Watchlist candidates: 39 | Entry candidates: 30
2026-07-05 18:50:45,983 INFO Starting dual-mode scanner with config {'universe': 'Total Market (Cap Focused)', 'min_candles': 300, 'interval': '1d', 'lookback_period': '2y', 'max_candidates': 15, 'min_total_score': 25.0, 'watchlist_min_score': 60.0, 'entry_min_score': 70.0, 'watchlist_trend_weight': 0.2, 'watchlist_base_weight': 0.35, 'watchlist_volume_weight': 0.2, 'watchlist_rs_weight': 0.15, 'watchlist_sector_weight': 0.1, 'entry_trend_weight': 0.2, 'entry_breakout_weight': 0.25, 'entry_volume_weight': 0.2, 'entry_rs_weight': 0.15, 'entry_sector_weight': 0.15, 'entry_risk_weight': 0.1, 'watchlist_price_above_ema200': True, 'watchlist_base_high_pct': 5.0, 'watchlist_base_range_pct': 10.0, 'watchlist_base_days_min': 10, 'watchlist_atr_contraction_pct': -15.0, 'watchlist_bbw_contraction_pct': -20.0, 'watchlist_volume_dryup_pct': -25.0, 'watchlist_rs_min': 60.0, 'watchlist_sector_strength_min': 0.0, 'entry_breakout_volume_ratio': 2.0, 'entry_rs_rank_min': 80.0, 'entry_risk_reward_min': 2.0, 'entry_extension_pct': 10.0, 'entry_atr_expansion_pct': 1.8, 'ema_fast': 20, 'ema_medium': 50, 'ema_slow': 200, 'atr_window': 20, 'contraction_window': 20, 'volume_sma_window': 20, 'volume_contraction_lookback': 20, 'volume_multiplier': 1.6, 'relative_strength_window': 90, 'relative_strength_period_1': 30, 'relative_strength_period_2': 60, 'relative_strength_period_3': 90, 'relative_strength_min_data': 30, 'sector_lookback': 60, 'risk_atr_multiplier': 2.5, 'sector_blacklist': ['Financial Services', 'Utilities'], 'required_columns': ['Open', 'High', 'Low', 'Close', 'Volume']}
2026-07-05 18:50:48,487 INFO Saved 39 rows to data/watchlist.csv
2026-07-05 18:50:48,490 INFO Saved 30 rows to data/entry.csv
2026-07-05 18:50:48,494 INFO Watchlist candidates: 39 | Entry candidates: 30
2026-07-05 19:11:40,927 INFO Background cache refresh complete for 751 symbols.
2026-07-05 21:08:29,535 INFO Starting dual-mode scanner with config {'universe': 'Total Market (Cap Focused)', 'min_candles': 300, 'interval': '1d', 'lookback_period': '2y', 'max_candidates': 15, 'min_total_score': 25.0, 'watchlist_min_score': 60.0, 'entry_min_score': 70.0, 'watchlist_trend_weight': 0.2, 'watchlist_base_weight': 0.35, 'watchlist_volume_weight': 0.2, 'watchlist_rs_weight': 0.15, 'watchlist_sector_weight': 0.1, 'entry_trend_weight': 0.2, 'entry_breakout_weight': 0.25, 'entry_volume_weight': 0.2, 'entry_rs_weight': 0.15, 'entry_sector_weight': 0.15, 'entry_risk_weight': 0.1, 'watchlist_price_above_ema200': True, 'watchlist_base_high_pct': 5.0, 'watchlist_base_range_pct': 10.0, 'watchlist_base_days_min': 10, 'watchlist_atr_contraction_pct': -15.0, 'watchlist_bbw_contraction_pct': -20.0, 'watchlist_volume_dryup_pct': -25.0, 'watchlist_rs_min': 60.0, 'watchlist_sector_strength_min': 0.0, 'entry_breakout_volume_ratio': 2.0, 'entry_rs_rank_min': 80.0, 'entry_risk_reward_min': 2.0, 'entry_extension_pct': 10.0, 'entry_atr_expansion_pct': 1.8, 'ema_fast': 20, 'ema_medium': 50, 'ema_slow': 200, 'atr_window': 20, 'contraction_window': 20, 'volume_sma_window': 20, 'volume_contraction_lookback': 20, 'volume_multiplier': 1.6, 'relative_strength_window': 90, 'relative_strength_period_1': 30, 'relative_strength_period_2': 60, 'relative_strength_period_3': 90, 'relative_strength_min_data': 30, 'sector_lookback': 60, 'risk_atr_multiplier': 2.5, 'sector_blacklist': ['Financial Services', 'Utilities'], 'required_columns': ['Open', 'High', 'Low', 'Close', 'Volume']}
2026-07-05 21:08:29,786 INFO Fetched 500 symbols for Nifty 500 from https://archives.nseindia.com/content/indices/ind_nifty500list.csv
2026-07-05 21:08:59,989 INFO Fetched 251 symbols for Nifty Microcap 250 from https://nsearchives.nseindia.com/content/indices/ind_niftymicrocap250_list.csv
2026-07-05 21:09:32,114 INFO Saved 39 rows to data/watchlist.csv
2026-07-05 21:09:32,117 INFO Saved 30 rows to data/entry.csv
2026-07-05 21:09:32,121 INFO Watchlist candidates: 39 | Entry candidates: 30
