2026-07-04 19:32:12,625 INFO Background metadata worker starting...
2026-07-04 19:32:13,267 INFO Fetched 500 symbols for Nifty 500 from https://archives.nseindia.com/content/indices/ind_nifty500list.csv
2026-07-04 19:32:14,654 INFO Fetched 251 symbols for Nifty Microcap 250 from https://nsearchives.nseindia.com/content/indices/ind_niftymicrocap250_list.csv
2026-07-04 19:32:15,214 INFO Prefetching missing metadata for 751 tickers...
2026-07-04 19:32:17,432 ERROR HTTP Error 401: {"finance":{"result":null,"error":{"code":"Unauthorized","description":"User is unable to access this feature - https://bit.ly/yahoo-finance-api-feedback"}}}
2026-07-04 19:32:17,434 ERROR HTTP Error 401: {"finance":{"result":null,"error":{"code":"Unauthorized","description":"User is unable to access this feature - https://bit.ly/yahoo-finance-api-feedback"}}}
2026-07-04 19:32:17,435 ERROR HTTP Error 401: {"finance":{"result":null,"error":{"code":"Unauthorized","description":"User is unable to access this feature - https://bit.ly/yahoo-finance-api-feedback"}}}
2026-07-04 19:32:17,437 ERROR HTTP Error 401: {"finance":{"result":null,"error":{"code":"Unauthorized","description":"User is unable to access this feature - https://bit.ly/yahoo-finance-api-feedback"}}}
2026-07-04 19:32:17,438 ERROR HTTP Error 401: {"finance":{"result":null,"error":{"code":"Unauthorized","description":"User is unable to access this feature - https://bit.ly/yahoo-finance-api-feedback"}}}
2026-07-04 19:32:17,441 ERROR HTTP Error 401: {"finance":{"result":null,"error":{"code":"Unauthorized","description":"User is unable to access this feature - https://bit.ly/yahoo-finance-api-feedback"}}}
2026-07-04 19:32:17,442 ERROR HTTP Error 401: {"finance":{"result":null,"error":{"code":"Unauthorized","description":"User is unable to access this feature - https://bit.ly/yahoo-finance-api-feedback"}}}
2026-07-04 19:32:17,443 ERROR HTTP Error 401: {"finance":{"result":null,"error":{"code":"Unauthorized","description":"User is unable to access this feature - https://bit.ly/yahoo-finance-api-feedback"}}}
2026-07-04 19:32:17,445 ERROR HTTP Error 401: {"finance":{"result":null,"error":{"code":"Unauthorized","description":"User is unable to access this feature - https://bit.ly/yahoo-finance-api-feedback"}}}
2026-07-04 19:32:17,448 ERROR HTTP Error 401: {"finance":{"result":null,"error":{"code":"Unauthorized","description":"User is unable to access this feature - https://bit.ly/yahoo-finance-api-feedback"}}}
2026-07-04 19:32:17,449 ERROR HTTP Error 401: {"finance":{"result":null,"error":{"code":"Unauthorized","description":"User is unable to access this feature - https://bit.ly/yahoo-finance-api-feedback"}}}
2026-07-04 19:32:17,450 ERROR HTTP Error 401: {"finance":{"result":null,"error":{"code":"Unauthorized","description":"User is unable to access this feature - https://bit.ly/yahoo-finance-api-feedback"}}}
2026-07-04 19:32:17,451 ERROR HTTP Error 401: {"finance":{"result":null,"error":{"code":"Unauthorized","description":"User is unable to access this feature - https://bit.ly/yahoo-finance-api-feedback"}}}
2026-07-04 19:32:17,472 ERROR HTTP Error 401: {"finance":{"result":null,"error":{"code":"Unauthorized","description":"User is unable to access this feature - https://bit.ly/yahoo-finance-api-feedback"}}}
2026-07-04 19:33:38,208 INFO Background metadata worker starting...
2026-07-04 19:33:38,236 INFO Prefetching missing metadata for 518 tickers...
2026-07-04 19:33:40,704 ERROR HTTP Error 401: {"finance":{"result":null,"error":{"code":"Unauthorized","description":"User is unable to access this feature - https://bit.ly/yahoo-finance-api-feedback"}}}
2026-07-04 19:33:40,722 ERROR HTTP Error 401: {"finance":{"result":null,"error":{"code":"Unauthorized","description":"Invalid Crumb"}}}
2026-07-04 19:33:41,324 ERROR HTTP Error 401: {"finance":{"result":null,"error":{"code":"Unauthorized","description":"User is unable to access this feature - https://bit.ly/yahoo-finance-api-feedback"}}}
2026-07-04 19:33:41,325 ERROR HTTP Error 401: {"finance":{"result":null,"error":{"code":"Unauthorized","description":"User is unable to access this feature - https://bit.ly/yahoo-finance-api-feedback"}}}
2026-07-04 19:33:41,326 ERROR HTTP Error 401: {"finance":{"result":null,"error":{"code":"Unauthorized","description":"User is unable to access this feature - https://bit.ly/yahoo-finance-api-feedback"}}}
2026-07-04 19:33:41,327 ERROR HTTP Error 401: {"finance":{"result":null,"error":{"code":"Unauthorized","description":"User is unable to access this feature - https://bit.ly/yahoo-finance-api-feedback"}}}
2026-07-04 19:33:41,330 ERROR HTTP Error 401: {"finance":{"result":null,"error":{"code":"Unauthorized","description":"User is unable to access this feature - https://bit.ly/yahoo-finance-api-feedback"}}}
2026-07-04 19:33:41,332 ERROR HTTP Error 401: {"finance":{"result":null,"error":{"code":"Unauthorized","description":"User is unable to access this feature - https://bit.ly/yahoo-finance-api-feedback"}}}
2026-07-04 19:33:41,333 ERROR HTTP Error 401: {"finance":{"result":null,"error":{"code":"Unauthorized","description":"User is unable to access this feature - https://bit.ly/yahoo-finance-api-feedback"}}}
2026-07-04 19:33:41,333 ERROR HTTP Error 401: {"finance":{"result":null,"error":{"code":"Unauthorized","description":"User is unable to access this feature - https://bit.ly/yahoo-finance-api-feedback"}}}
2026-07-04 19:33:41,334 ERROR HTTP Error 401: {"finance":{"result":null,"error":{"code":"Unauthorized","description":"User is unable to access this feature - https://bit.ly/yahoo-finance-api-feedback"}}}
2026-07-04 19:33:41,340 ERROR HTTP Error 401: {"finance":{"result":null,"error":{"code":"Unauthorized","description":"User is unable to access this feature - https://bit.ly/yahoo-finance-api-feedback"}}}
2026-07-04 19:33:41,340 ERROR HTTP Error 401: {"finance":{"result":null,"error":{"code":"Unauthorized","description":"User is unable to access this feature - https://bit.ly/yahoo-finance-api-feedback"}}}
2026-07-04 19:33:41,342 ERROR HTTP Error 401: {"finance":{"result":null,"error":{"code":"Unauthorized","description":"User is unable to access this feature - https://bit.ly/yahoo-finance-api-feedback"}}}
2026-07-04 19:33:41,355 ERROR HTTP Error 401: {"finance":{"result":null,"error":{"code":"Unauthorized","description":"User is unable to access this feature - https://bit.ly/yahoo-finance-api-feedback"}}}
2026-07-04 19:34:19,386 INFO Background metadata worker starting...
2026-07-04 19:34:19,491 INFO Prefetching missing metadata for 518 tickers...
2026-07-04 19:34:20,953 ERROR HTTP Error 401: {"finance":{"result":null,"error":{"code":"Unauthorized","description":"User is unable to access this feature - https://bit.ly/yahoo-finance-api-feedback"}}}
2026-07-04 19:34:22,220 ERROR HTTP Error 401: {"finance":{"result":null,"error":{"code":"Unauthorized","description":"User is unable to access this feature - https://bit.ly/yahoo-finance-api-feedback"}}}
2026-07-04 19:34:22,223 ERROR HTTP Error 401: {"finance":{"result":null,"error":{"code":"Unauthorized","description":"User is unable to access this feature - https://bit.ly/yahoo-finance-api-feedback"}}}
2026-07-04 19:34:22,224 ERROR HTTP Error 401: {"finance":{"result":null,"error":{"code":"Unauthorized","description":"User is unable to access this feature - https://bit.ly/yahoo-finance-api-feedback"}}}
2026-07-04 19:34:22,230 ERROR HTTP Error 401: {"finance":{"result":null,"error":{"code":"Unauthorized","description":"User is unable to access this feature - https://bit.ly/yahoo-finance-api-feedback"}}}
2026-07-04 19:36:21,907 INFO Background metadata worker starting...
2026-07-04 19:36:21,986 INFO Prefetching missing metadata for 518 tickers...
2026-07-04 19:36:24,569 ERROR HTTP Error 401: {"finance":{"result":null,"error":{"code":"Unauthorized","description":"User is unable to access this feature - https://bit.ly/yahoo-finance-api-feedback"}}}
2026-07-04 19:36:24,571 ERROR HTTP Error 401: {"finance":{"result":null,"error":{"code":"Unauthorized","description":"User is unable to access this feature - https://bit.ly/yahoo-finance-api-feedback"}}}
2026-07-04 19:36:24,571 ERROR HTTP Error 401: {"finance":{"result":null,"error":{"code":"Unauthorized","description":"User is unable to access this feature - https://bit.ly/yahoo-finance-api-feedback"}}}
2026-07-04 19:36:24,572 ERROR HTTP Error 401: {"finance":{"result":null,"error":{"code":"Unauthorized","description":"User is unable to access this feature - https://bit.ly/yahoo-finance-api-feedback"}}}
2026-07-04 19:36:24,572 ERROR HTTP Error 401: {"finance":{"result":null,"error":{"code":"Unauthorized","description":"User is unable to access this feature - https://bit.ly/yahoo-finance-api-feedback"}}}
2026-07-04 19:36:24,575 ERROR HTTP Error 401: {"finance":{"result":null,"error":{"code":"Unauthorized","description":"User is unable to access this feature - https://bit.ly/yahoo-finance-api-feedback"}}}
2026-07-04 19:36:24,576 ERROR HTTP Error 401: {"finance":{"result":null,"error":{"code":"Unauthorized","description":"Invalid Crumb"}}}
2026-07-04 19:36:24,578 ERROR HTTP Error 401: {"finance":{"result":null,"error":{"code":"Unauthorized","description":"User is unable to access this feature - https://bit.ly/yahoo-finance-api-feedback"}}}
2026-07-04 19:36:24,578 ERROR HTTP Error 401: {"finance":{"result":null,"error":{"code":"Unauthorized","description":"User is unable to access this feature - https://bit.ly/yahoo-finance-api-feedback"}}}
2026-07-04 19:36:24,579 ERROR HTTP Error 401: {"finance":{"result":null,"error":{"code":"Unauthorized","description":"Invalid Crumb"}}}
2026-07-04 19:36:24,579 ERROR HTTP Error 401: {"finance":{"result":null,"error":{"code":"Unauthorized","description":"User is unable to access this feature - https://bit.ly/yahoo-finance-api-feedback"}}}
2026-07-04 19:36:24,579 ERROR HTTP Error 401: {"finance":{"result":null,"error":{"code":"Unauthorized","description":"User is unable to access this feature - https://bit.ly/yahoo-finance-api-feedback"}}}
2026-07-04 19:36:24,591 ERROR HTTP Error 401: {"finance":{"result":null,"error":{"code":"Unauthorized","description":"User is unable to access this feature - https://bit.ly/yahoo-finance-api-feedback"}}}
2026-07-04 19:36:25,187 ERROR HTTP Error 401: {"finance":{"result":null,"error":{"code":"Unauthorized","description":"User is unable to access this feature - https://bit.ly/yahoo-finance-api-feedback"}}}
2026-07-04 19:36:25,190 ERROR HTTP Error 401: {"finance":{"result":null,"error":{"code":"Unauthorized","description":"User is unable to access this feature - https://bit.ly/yahoo-finance-api-feedback"}}}
2026-07-04 19:38:09,241 INFO Background metadata worker starting...
2026-07-04 19:38:09,298 INFO Prefetching missing metadata for 518 tickers...
2026-07-04 19:38:09,737 INFO Starting scanner with config {'universe': 'Nifty 500', 'min_candles': 300, 'interval': '1d', 'lookback_period': '2y', 'max_candidates': 15, 'min_total_score': 72.0, 'ema_fast': 20, 'ema_medium': 50, 'ema_slow': 200, 'atr_window': 20, 'contraction_window': 20, 'volume_sma_window': 20, 'volume_contraction_lookback': 20, 'volume_multiplier': 1.6, 'relative_strength_window': 90, 'sector_lookback': 60, 'risk_atr_multiplier': 2.5, 'trend_weight': 0.2, 'structure_weight': 0.2, 'volume_weight': 0.15, 'rs_weight': 0.1, 'sector_weight': 0.15, 'risk_weight': 0.1, 'reserved_weight': 0.1, 'sector_blacklist': ['Financial Services', 'Utilities'], 'required_columns': ['Open', 'High', 'Low', 'Close', 'Volume']}
2026-07-04 19:38:10,466 ERROR Scanner failed for 360ONE.NS: ['Open', 'High', 'Low', 'Close', 'Volume']
Traceback (most recent call last):
  File "/home/kumar/Downloads/workspace/stocks/scanner/scanner.py", line 85, in run_scanner
    df = download_history(ticker, config)
  File "/home/kumar/Downloads/workspace/stocks/scanner/data.py", line 41, in download_history
    return df.dropna(subset=["Open", "High", "Low", "Close", "Volume"]).copy()
  File "/home/kumar/Downloads/workspace/stocks/trading_env/lib/python3.8/site-packages/pandas/core/frame.py", line 6407, in dropna
    raise KeyError(np.array(subset)[check].tolist())
KeyError: ['Open', 'High', 'Low', 'Close', 'Volume']
2026-07-04 19:38:10,580 ERROR HTTP Error 401: {"finance":{"result":null,"error":{"code":"Unauthorized","description":"Invalid Crumb"}}}
2026-07-04 19:38:11,175 ERROR Scanner failed for 3MINDIA.NS: ['Open', 'High', 'Low', 'Close', 'Volume']
Traceback (most recent call last):
  File "/home/kumar/Downloads/workspace/stocks/scanner/scanner.py", line 85, in run_scanner
    df = download_history(ticker, config)
  File "/home/kumar/Downloads/workspace/stocks/scanner/data.py", line 41, in download_history
    return df.dropna(subset=["Open", "High", "Low", "Close", "Volume"]).copy()
  File "/home/kumar/Downloads/workspace/stocks/trading_env/lib/python3.8/site-packages/pandas/core/frame.py", line 6407, in dropna
    raise KeyError(np.array(subset)[check].tolist())
KeyError: ['Open', 'High', 'Low', 'Close', 'Volume']
2026-07-04 19:38:11,622 ERROR Scanner failed for ABB.NS: ['Open', 'High', 'Low', 'Close', 'Volume']
Traceback (most recent call last):
  File "/home/kumar/Downloads/workspace/stocks/scanner/scanner.py", line 85, in run_scanner
    df = download_history(ticker, config)
  File "/home/kumar/Downloads/workspace/stocks/scanner/data.py", line 41, in download_history
    return df.dropna(subset=["Open", "High", "Low", "Close", "Volume"]).copy()
  File "/home/kumar/Downloads/workspace/stocks/trading_env/lib/python3.8/site-packages/pandas/core/frame.py", line 6407, in dropna
    raise KeyError(np.array(subset)[check].tolist())
KeyError: ['Open', 'High', 'Low', 'Close', 'Volume']
2026-07-04 19:38:11,822 ERROR Scanner failed for ACC.NS: ['Open', 'High', 'Low', 'Close', 'Volume']
Traceback (most recent call last):
  File "/home/kumar/Downloads/workspace/stocks/scanner/scanner.py", line 85, in run_scanner
    df = download_history(ticker, config)
  File "/home/kumar/Downloads/workspace/stocks/scanner/data.py", line 41, in download_history
    return df.dropna(subset=["Open", "High", "Low", "Close", "Volume"]).copy()
  File "/home/kumar/Downloads/workspace/stocks/trading_env/lib/python3.8/site-packages/pandas/core/frame.py", line 6407, in dropna
    raise KeyError(np.array(subset)[check].tolist())
KeyError: ['Open', 'High', 'Low', 'Close', 'Volume']
2026-07-04 19:38:12,145 ERROR HTTP Error 401: {"finance":{"result":null,"error":{"code":"Unauthorized","description":"User is unable to access this feature - https://bit.ly/yahoo-finance-api-feedback"}}}
2026-07-04 19:38:12,150 ERROR HTTP Error 401: {"finance":{"result":null,"error":{"code":"Unauthorized","description":"User is unable to access this feature - https://bit.ly/yahoo-finance-api-feedback"}}}
2026-07-04 19:38:12,228 ERROR Scanner failed for ACMESOLAR.NS: ['Open', 'High', 'Low', 'Close', 'Volume']
Traceback (most recent call last):
  File "/home/kumar/Downloads/workspace/stocks/scanner/scanner.py", line 85, in run_scanner
    df = download_history(ticker, config)
  File "/home/kumar/Downloads/workspace/stocks/scanner/data.py", line 41, in download_history
    return df.dropna(subset=["Open", "High", "Low", "Close", "Volume"]).copy()
  File "/home/kumar/Downloads/workspace/stocks/trading_env/lib/python3.8/site-packages/pandas/core/frame.py", line 6407, in dropna
    raise KeyError(np.array(subset)[check].tolist())
KeyError: ['Open', 'High', 'Low', 'Close', 'Volume']
2026-07-04 19:38:12,518 ERROR Scanner failed for AIAENG.NS: ['Open', 'High', 'Low', 'Close', 'Volume']
Traceback (most recent call last):
  File "/home/kumar/Downloads/workspace/stocks/scanner/scanner.py", line 85, in run_scanner
    df = download_history(ticker, config)
  File "/home/kumar/Downloads/workspace/stocks/scanner/data.py", line 41, in download_history
    return df.dropna(subset=["Open", "High", "Low", "Close", "Volume"]).copy()
  File "/home/kumar/Downloads/workspace/stocks/trading_env/lib/python3.8/site-packages/pandas/core/frame.py", line 6407, in dropna
    raise KeyError(np.array(subset)[check].tolist())
KeyError: ['Open', 'High', 'Low', 'Close', 'Volume']
2026-07-04 19:38:12,802 ERROR Scanner failed for APLAPOLLO.NS: ['Open', 'High', 'Low', 'Close', 'Volume']
Traceback (most recent call last):
  File "/home/kumar/Downloads/workspace/stocks/scanner/scanner.py", line 85, in run_scanner
    df = download_history(ticker, config)
  File "/home/kumar/Downloads/workspace/stocks/scanner/data.py", line 41, in download_history
    return df.dropna(subset=["Open", "High", "Low", "Close", "Volume"]).copy()
  File "/home/kumar/Downloads/workspace/stocks/trading_env/lib/python3.8/site-packages/pandas/core/frame.py", line 6407, in dropna
    raise KeyError(np.array(subset)[check].tolist())
KeyError: ['Open', 'High', 'Low', 'Close', 'Volume']
2026-07-04 19:38:13,147 ERROR HTTP Error 401: {"finance":{"result":null,"error":{"code":"Unauthorized","description":"Invalid Crumb"}}}
2026-07-04 19:38:13,256 ERROR Scanner failed for AUBANK.NS: ['Open', 'High', 'Low', 'Close', 'Volume']
Traceback (most recent call last):
  File "/home/kumar/Downloads/workspace/stocks/scanner/scanner.py", line 85, in run_scanner
    df = download_history(ticker, config)
  File "/home/kumar/Downloads/workspace/stocks/scanner/data.py", line 41, in download_history
    return df.dropna(subset=["Open", "High", "Low", "Close", "Volume"]).copy()
  File "/home/kumar/Downloads/workspace/stocks/trading_env/lib/python3.8/site-packages/pandas/core/frame.py", line 6407, in dropna
    raise KeyError(np.array(subset)[check].tolist())
KeyError: ['Open', 'High', 'Low', 'Close', 'Volume']
2026-07-04 19:38:13,453 ERROR Scanner failed for AWL.NS: ['Open', 'High', 'Low', 'Close', 'Volume']
Traceback (most recent call last):
  File "/home/kumar/Downloads/workspace/stocks/scanner/scanner.py", line 85, in run_scanner
    df = download_history(ticker, config)
  File "/home/kumar/Downloads/workspace/stocks/scanner/data.py", line 41, in download_history
    return df.dropna(subset=["Open", "High", "Low", "Close", "Volume"]).copy()
  File "/home/kumar/Downloads/workspace/stocks/trading_env/lib/python3.8/site-packages/pandas/core/frame.py", line 6407, in dropna
    raise KeyError(np.array(subset)[check].tolist())
KeyError: ['Open', 'High', 'Low', 'Close', 'Volume']
2026-07-04 19:38:13,683 ERROR HTTP Error 401: {"finance":{"result":null,"error":{"code":"Unauthorized","description":"User is unable to access this feature - https://bit.ly/yahoo-finance-api-feedback"}}}
2026-07-04 19:38:13,748 ERROR Scanner failed for AADHARHFC.NS: ['Open', 'High', 'Low', 'Close', 'Volume']
Traceback (most recent call last):
  File "/home/kumar/Downloads/workspace/stocks/scanner/scanner.py", line 85, in run_scanner
    df = download_history(ticker, config)
  File "/home/kumar/Downloads/workspace/stocks/scanner/data.py", line 41, in download_history
    return df.dropna(subset=["Open", "High", "Low", "Close", "Volume"]).copy()
  File "/home/kumar/Downloads/workspace/stocks/trading_env/lib/python3.8/site-packages/pandas/core/frame.py", line 6407, in dropna
    raise KeyError(np.array(subset)[check].tolist())
KeyError: ['Open', 'High', 'Low', 'Close', 'Volume']
2026-07-04 19:38:13,927 ERROR Scanner failed for AARTIIND.NS: ['Open', 'High', 'Low', 'Close', 'Volume']
Traceback (most recent call last):
  File "/home/kumar/Downloads/workspace/stocks/scanner/scanner.py", line 85, in run_scanner
    df = download_history(ticker, config)
  File "/home/kumar/Downloads/workspace/stocks/scanner/data.py", line 41, in download_history
    return df.dropna(subset=["Open", "High", "Low", "Close", "Volume"]).copy()
  File "/home/kumar/Downloads/workspace/stocks/trading_env/lib/python3.8/site-packages/pandas/core/frame.py", line 6407, in dropna
    raise KeyError(np.array(subset)[check].tolist())
KeyError: ['Open', 'High', 'Low', 'Close', 'Volume']
2026-07-04 19:38:14,067 ERROR Scanner failed for AAVAS.NS: ['Open', 'High', 'Low', 'Close', 'Volume']
Traceback (most recent call last):
  File "/home/kumar/Downloads/workspace/stocks/scanner/scanner.py", line 85, in run_scanner
    df = download_history(ticker, config)
  File "/home/kumar/Downloads/workspace/stocks/scanner/data.py", line 41, in download_history
    return df.dropna(subset=["Open", "High", "Low", "Close", "Volume"]).copy()
  File "/home/kumar/Downloads/workspace/stocks/trading_env/lib/python3.8/site-packages/pandas/core/frame.py", line 6407, in dropna
    raise KeyError(np.array(subset)[check].tolist())
KeyError: ['Open', 'High', 'Low', 'Close', 'Volume']
2026-07-04 19:38:14,333 ERROR Scanner failed for ABBOTINDIA.NS: ['Open', 'High', 'Low', 'Close', 'Volume']
Traceback (most recent call last):
  File "/home/kumar/Downloads/workspace/stocks/scanner/scanner.py", line 85, in run_scanner
    df = download_history(ticker, config)
  File "/home/kumar/Downloads/workspace/stocks/scanner/data.py", line 41, in download_history
    return df.dropna(subset=["Open", "High", "Low", "Close", "Volume"]).copy()
  File "/home/kumar/Downloads/workspace/stocks/trading_env/lib/python3.8/site-packages/pandas/core/frame.py", line 6407, in dropna
    raise KeyError(np.array(subset)[check].tolist())
KeyError: ['Open', 'High', 'Low', 'Close', 'Volume']
2026-07-04 19:38:14,515 ERROR Scanner failed for ACE.NS: ['Open', 'High', 'Low', 'Close', 'Volume']
Traceback (most recent call last):
  File "/home/kumar/Downloads/workspace/stocks/scanner/scanner.py", line 85, in run_scanner
    df = download_history(ticker, config)
  File "/home/kumar/Downloads/workspace/stocks/scanner/data.py", line 41, in download_history
    return df.dropna(subset=["Open", "High", "Low", "Close", "Volume"]).copy()
  File "/home/kumar/Downloads/workspace/stocks/trading_env/lib/python3.8/site-packages/pandas/core/frame.py", line 6407, in dropna
    raise KeyError(np.array(subset)[check].tolist())
KeyError: ['Open', 'High', 'Low', 'Close', 'Volume']
2026-07-04 19:38:14,677 ERROR Scanner failed for ACUTAAS.NS: ['Open', 'High', 'Low', 'Close', 'Volume']
Traceback (most recent call last):
  File "/home/kumar/Downloads/workspace/stocks/scanner/scanner.py", line 85, in run_scanner
    df = download_history(ticker, config)
  File "/home/kumar/Downloads/workspace/stocks/scanner/data.py", line 41, in download_history
    return df.dropna(subset=["Open", "High", "Low", "Close", "Volume"]).copy()
  File "/home/kumar/Downloads/workspace/stocks/trading_env/lib/python3.8/site-packages/pandas/core/frame.py", line 6407, in dropna
    raise KeyError(np.array(subset)[check].tolist())
KeyError: ['Open', 'High', 'Low', 'Close', 'Volume']
2026-07-04 19:38:14,831 ERROR Scanner failed for ADANIENSOL.NS: ['Open', 'High', 'Low', 'Close', 'Volume']
Traceback (most recent call last):
  File "/home/kumar/Downloads/workspace/stocks/scanner/scanner.py", line 85, in run_scanner
    df = download_history(ticker, config)
  File "/home/kumar/Downloads/workspace/stocks/scanner/data.py", line 41, in download_history
    return df.dropna(subset=["Open", "High", "Low", "Close", "Volume"]).copy()
  File "/home/kumar/Downloads/workspace/stocks/trading_env/lib/python3.8/site-packages/pandas/core/frame.py", line 6407, in dropna
    raise KeyError(np.array(subset)[check].tolist())
KeyError: ['Open', 'High', 'Low', 'Close', 'Volume']
2026-07-04 19:38:15,011 ERROR Scanner failed for ADANIENT.NS: ['Open', 'High', 'Low', 'Close', 'Volume']
Traceback (most recent call last):
  File "/home/kumar/Downloads/workspace/stocks/scanner/scanner.py", line 85, in run_scanner
    df = download_history(ticker, config)
  File "/home/kumar/Downloads/workspace/stocks/scanner/data.py", line 41, in download_history
    return df.dropna(subset=["Open", "High", "Low", "Close", "Volume"]).copy()
  File "/home/kumar/Downloads/workspace/stocks/trading_env/lib/python3.8/site-packages/pandas/core/frame.py", line 6407, in dropna
    raise KeyError(np.array(subset)[check].tolist())
KeyError: ['Open', 'High', 'Low', 'Close', 'Volume']
2026-07-04 19:38:15,182 ERROR Scanner failed for ADANIGREEN.NS: ['Open', 'High', 'Low', 'Close', 'Volume']
Traceback (most recent call last):
  File "/home/kumar/Downloads/workspace/stocks/scanner/scanner.py", line 85, in run_scanner
    df = download_history(ticker, config)
  File "/home/kumar/Downloads/workspace/stocks/scanner/data.py", line 41, in download_history
    return df.dropna(subset=["Open", "High", "Low", "Close", "Volume"]).copy()
  File "/home/kumar/Downloads/workspace/stocks/trading_env/lib/python3.8/site-packages/pandas/core/frame.py", line 6407, in dropna
    raise KeyError(np.array(subset)[check].tolist())
KeyError: ['Open', 'High', 'Low', 'Close', 'Volume']
2026-07-04 19:38:15,504 ERROR Scanner failed for ADANIPORTS.NS: ['Open', 'High', 'Low', 'Close', 'Volume']
Traceback (most recent call last):
  File "/home/kumar/Downloads/workspace/stocks/scanner/scanner.py", line 85, in run_scanner
    df = download_history(ticker, config)
  File "/home/kumar/Downloads/workspace/stocks/scanner/data.py", line 41, in download_history
    return df.dropna(subset=["Open", "High", "Low", "Close", "Volume"]).copy()
  File "/home/kumar/Downloads/workspace/stocks/trading_env/lib/python3.8/site-packages/pandas/core/frame.py", line 6407, in dropna
    raise KeyError(np.array(subset)[check].tolist())
KeyError: ['Open', 'High', 'Low', 'Close', 'Volume']
2026-07-04 19:38:15,710 ERROR Scanner failed for ADANIPOWER.NS: ['Open', 'High', 'Low', 'Close', 'Volume']
Traceback (most recent call last):
  File "/home/kumar/Downloads/workspace/stocks/scanner/scanner.py", line 85, in run_scanner
    df = download_history(ticker, config)
  File "/home/kumar/Downloads/workspace/stocks/scanner/data.py", line 41, in download_history
    return df.dropna(subset=["Open", "High", "Low", "Close", "Volume"]).copy()
  File "/home/kumar/Downloads/workspace/stocks/trading_env/lib/python3.8/site-packages/pandas/core/frame.py", line 6407, in dropna
    raise KeyError(np.array(subset)[check].tolist())
KeyError: ['Open', 'High', 'Low', 'Close', 'Volume']
2026-07-04 19:38:15,888 ERROR Scanner failed for ATGL.NS: ['Open', 'High', 'Low', 'Close', 'Volume']
Traceback (most recent call last):
  File "/home/kumar/Downloads/workspace/stocks/scanner/scanner.py", line 85, in run_scanner
    df = download_history(ticker, config)
  File "/home/kumar/Downloads/workspace/stocks/scanner/data.py", line 41, in download_history
    return df.dropna(subset=["Open", "High", "Low", "Close", "Volume"]).copy()
  File "/home/kumar/Downloads/workspace/stocks/trading_env/lib/python3.8/site-packages/pandas/core/frame.py", line 6407, in dropna
    raise KeyError(np.array(subset)[check].tolist())
KeyError: ['Open', 'High', 'Low', 'Close', 'Volume']
2026-07-04 19:38:16,048 ERROR Scanner failed for ABCAPITAL.NS: ['Open', 'High', 'Low', 'Close', 'Volume']
Traceback (most recent call last):
  File "/home/kumar/Downloads/workspace/stocks/scanner/scanner.py", line 85, in run_scanner
    df = download_history(ticker, config)
  File "/home/kumar/Downloads/workspace/stocks/scanner/data.py", line 41, in download_history
    return df.dropna(subset=["Open", "High", "Low", "Close", "Volume"]).copy()
  File "/home/kumar/Downloads/workspace/stocks/trading_env/lib/python3.8/site-packages/pandas/core/frame.py", line 6407, in dropna
    raise KeyError(np.array(subset)[check].tolist())
KeyError: ['Open', 'High', 'Low', 'Close', 'Volume']
2026-07-04 19:38:16,213 ERROR Scanner failed for ABFRL.NS: ['Open', 'High', 'Low', 'Close', 'Volume']
Traceback (most recent call last):
  File "/home/kumar/Downloads/workspace/stocks/scanner/scanner.py", line 85, in run_scanner
    df = download_history(ticker, config)
  File "/home/kumar/Downloads/workspace/stocks/scanner/data.py", line 41, in download_history
    return df.dropna(subset=["Open", "High", "Low", "Close", "Volume"]).copy()
  File "/home/kumar/Downloads/workspace/stocks/trading_env/lib/python3.8/site-packages/pandas/core/frame.py", line 6407, in dropna
    raise KeyError(np.array(subset)[check].tolist())
KeyError: ['Open', 'High', 'Low', 'Close', 'Volume']
2026-07-04 19:38:16,351 ERROR Scanner failed for ABLBL.NS: ['Open', 'High', 'Low', 'Close', 'Volume']
Traceback (most recent call last):
  File "/home/kumar/Downloads/workspace/stocks/scanner/scanner.py", line 85, in run_scanner
    df = download_history(ticker, config)
  File "/home/kumar/Downloads/workspace/stocks/scanner/data.py", line 41, in download_history
    return df.dropna(subset=["Open", "High", "Low", "Close", "Volume"]).copy()
  File "/home/kumar/Downloads/workspace/stocks/trading_env/lib/python3.8/site-packages/pandas/core/frame.py", line 6407, in dropna
    raise KeyError(np.array(subset)[check].tolist())
KeyError: ['Open', 'High', 'Low', 'Close', 'Volume']
2026-07-04 19:38:16,524 ERROR Scanner failed for ABREL.NS: ['Open', 'High', 'Low', 'Close', 'Volume']
Traceback (most recent call last):
  File "/home/kumar/Downloads/workspace/stocks/scanner/scanner.py", line 85, in run_scanner
    df = download_history(ticker, config)
  File "/home/kumar/Downloads/workspace/stocks/scanner/data.py", line 41, in download_history
    return df.dropna(subset=["Open", "High", "Low", "Close", "Volume"]).copy()
  File "/home/kumar/Downloads/workspace/stocks/trading_env/lib/python3.8/site-packages/pandas/core/frame.py", line 6407, in dropna
    raise KeyError(np.array(subset)[check].tolist())
KeyError: ['Open', 'High', 'Low', 'Close', 'Volume']
2026-07-04 19:38:16,694 ERROR Scanner failed for ABSLAMC.NS: ['Open', 'High', 'Low', 'Close', 'Volume']
Traceback (most recent call last):
  File "/home/kumar/Downloads/workspace/stocks/scanner/scanner.py", line 85, in run_scanner
    df = download_history(ticker, config)
  File "/home/kumar/Downloads/workspace/stocks/scanner/data.py", line 41, in download_history
    return df.dropna(subset=["Open", "High", "Low", "Close", "Volume"]).copy()
  File "/home/kumar/Downloads/workspace/stocks/trading_env/lib/python3.8/site-packages/pandas/core/frame.py", line 6407, in dropna
    raise KeyError(np.array(subset)[check].tolist())
KeyError: ['Open', 'High', 'Low', 'Close', 'Volume']
2026-07-04 19:38:16,830 ERROR Scanner failed for CPPLUS.NS: ['Open', 'High', 'Low', 'Close', 'Volume']
Traceback (most recent call last):
  File "/home/kumar/Downloads/workspace/stocks/scanner/scanner.py", line 85, in run_scanner
    df = download_history(ticker, config)
  File "/home/kumar/Downloads/workspace/stocks/scanner/data.py", line 41, in download_history
    return df.dropna(subset=["Open", "High", "Low", "Close", "Volume"]).copy()
  File "/home/kumar/Downloads/workspace/stocks/trading_env/lib/python3.8/site-packages/pandas/core/frame.py", line 6407, in dropna
    raise KeyError(np.array(subset)[check].tolist())
KeyError: ['Open', 'High', 'Low', 'Close', 'Volume']
2026-07-04 19:38:17,006 ERROR Scanner failed for AEGISLOG.NS: ['Open', 'High', 'Low', 'Close', 'Volume']
Traceback (most recent call last):
  File "/home/kumar/Downloads/workspace/stocks/scanner/scanner.py", line 85, in run_scanner
    df = download_history(ticker, config)
  File "/home/kumar/Downloads/workspace/stocks/scanner/data.py", line 41, in download_history
    return df.dropna(subset=["Open", "High", "Low", "Close", "Volume"]).copy()
  File "/home/kumar/Downloads/workspace/stocks/trading_env/lib/python3.8/site-packages/pandas/core/frame.py", line 6407, in dropna
    raise KeyError(np.array(subset)[check].tolist())
KeyError: ['Open', 'High', 'Low', 'Close', 'Volume']
2026-07-04 19:38:17,308 ERROR Scanner failed for AEGISVOPAK.NS: ['Open', 'High', 'Low', 'Close', 'Volume']
Traceback (most recent call last):
  File "/home/kumar/Downloads/workspace/stocks/scanner/scanner.py", line 85, in run_scanner
    df = download_history(ticker, config)
  File "/home/kumar/Downloads/workspace/stocks/scanner/data.py", line 41, in download_history
    return df.dropna(subset=["Open", "High", "Low", "Close", "Volume"]).copy()
  File "/home/kumar/Downloads/workspace/stocks/trading_env/lib/python3.8/site-packages/pandas/core/frame.py", line 6407, in dropna
    raise KeyError(np.array(subset)[check].tolist())
KeyError: ['Open', 'High', 'Low', 'Close', 'Volume']
2026-07-04 19:38:17,462 ERROR Scanner failed for AFCONS.NS: ['Open', 'High', 'Low', 'Close', 'Volume']
Traceback (most recent call last):
  File "/home/kumar/Downloads/workspace/stocks/scanner/scanner.py", line 85, in run_scanner
    df = download_history(ticker, config)
  File "/home/kumar/Downloads/workspace/stocks/scanner/data.py", line 41, in download_history
    return df.dropna(subset=["Open", "High", "Low", "Close", "Volume"]).copy()
  File "/home/kumar/Downloads/workspace/stocks/trading_env/lib/python3.8/site-packages/pandas/core/frame.py", line 6407, in dropna
    raise KeyError(np.array(subset)[check].tolist())
KeyError: ['Open', 'High', 'Low', 'Close', 'Volume']
2026-07-04 19:38:17,653 ERROR Scanner failed for AFFLE.NS: ['Open', 'High', 'Low', 'Close', 'Volume']
Traceback (most recent call last):
  File "/home/kumar/Downloads/workspace/stocks/scanner/scanner.py", line 85, in run_scanner
    df = download_history(ticker, config)
  File "/home/kumar/Downloads/workspace/stocks/scanner/data.py", line 41, in download_history
    return df.dropna(subset=["Open", "High", "Low", "Close", "Volume"]).copy()
  File "/home/kumar/Downloads/workspace/stocks/trading_env/lib/python3.8/site-packages/pandas/core/frame.py", line 6407, in dropna
    raise KeyError(np.array(subset)[check].tolist())
KeyError: ['Open', 'High', 'Low', 'Close', 'Volume']
2026-07-04 19:38:17,840 ERROR Scanner failed for AJANTPHARM.NS: ['Open', 'High', 'Low', 'Close', 'Volume']
Traceback (most recent call last):
  File "/home/kumar/Downloads/workspace/stocks/scanner/scanner.py", line 85, in run_scanner
    df = download_history(ticker, config)
  File "/home/kumar/Downloads/workspace/stocks/scanner/data.py", line 41, in download_history
    return df.dropna(subset=["Open", "High", "Low", "Close", "Volume"]).copy()
  File "/home/kumar/Downloads/workspace/stocks/trading_env/lib/python3.8/site-packages/pandas/core/frame.py", line 6407, in dropna
    raise KeyError(np.array(subset)[check].tolist())
KeyError: ['Open', 'High', 'Low', 'Close', 'Volume']
2026-07-04 19:38:17,994 ERROR Scanner failed for ALKEM.NS: ['Open', 'High', 'Low', 'Close', 'Volume']
Traceback (most recent call last):
  File "/home/kumar/Downloads/workspace/stocks/scanner/scanner.py", line 85, in run_scanner
    df = download_history(ticker, config)
  File "/home/kumar/Downloads/workspace/stocks/scanner/data.py", line 41, in download_history
    return df.dropna(subset=["Open", "High", "Low", "Close", "Volume"]).copy()
  File "/home/kumar/Downloads/workspace/stocks/trading_env/lib/python3.8/site-packages/pandas/core/frame.py", line 6407, in dropna
    raise KeyError(np.array(subset)[check].tolist())
KeyError: ['Open', 'High', 'Low', 'Close', 'Volume']
2026-07-04 19:38:18,151 ERROR Scanner failed for ABDL.NS: ['Open', 'High', 'Low', 'Close', 'Volume']
Traceback (most recent call last):
  File "/home/kumar/Downloads/workspace/stocks/scanner/scanner.py", line 85, in run_scanner
    df = download_history(ticker, config)
  File "/home/kumar/Downloads/workspace/stocks/scanner/data.py", line 41, in download_history
    return df.dropna(subset=["Open", "High", "Low", "Close", "Volume"]).copy()
  File "/home/kumar/Downloads/workspace/stocks/trading_env/lib/python3.8/site-packages/pandas/core/frame.py", line 6407, in dropna
    raise KeyError(np.array(subset)[check].tolist())
KeyError: ['Open', 'High', 'Low', 'Close', 'Volume']
2026-07-04 19:38:18,392 ERROR Scanner failed for ARE&M.NS: ['Open', 'High', 'Low', 'Close', 'Volume']
Traceback (most recent call last):
  File "/home/kumar/Downloads/workspace/stocks/scanner/scanner.py", line 85, in run_scanner
    df = download_history(ticker, config)
  File "/home/kumar/Downloads/workspace/stocks/scanner/data.py", line 41, in download_history
    return df.dropna(subset=["Open", "High", "Low", "Close", "Volume"]).copy()
  File "/home/kumar/Downloads/workspace/stocks/trading_env/lib/python3.8/site-packages/pandas/core/frame.py", line 6407, in dropna
    raise KeyError(np.array(subset)[check].tolist())
KeyError: ['Open', 'High', 'Low', 'Close', 'Volume']
2026-07-04 19:38:18,540 ERROR Scanner failed for AMBER.NS: ['Open', 'High', 'Low', 'Close', 'Volume']
Traceback (most recent call last):
  File "/home/kumar/Downloads/workspace/stocks/scanner/scanner.py", line 85, in run_scanner
    df = download_history(ticker, config)
  File "/home/kumar/Downloads/workspace/stocks/scanner/data.py", line 41, in download_history
    return df.dropna(subset=["Open", "High", "Low", "Close", "Volume"]).copy()
  File "/home/kumar/Downloads/workspace/stocks/trading_env/lib/python3.8/site-packages/pandas/core/frame.py", line 6407, in dropna
    raise KeyError(np.array(subset)[check].tolist())
KeyError: ['Open', 'High', 'Low', 'Close', 'Volume']
2026-07-04 19:38:18,738 ERROR Scanner failed for AMBUJACEM.NS: ['Open', 'High', 'Low', 'Close', 'Volume']
Traceback (most recent call last):
  File "/home/kumar/Downloads/workspace/stocks/scanner/scanner.py", line 85, in run_scanner
    df = download_history(ticker, config)
  File "/home/kumar/Downloads/workspace/stocks/scanner/data.py", line 41, in download_history
    return df.dropna(subset=["Open", "High", "Low", "Close", "Volume"]).copy()
  File "/home/kumar/Downloads/workspace/stocks/trading_env/lib/python3.8/site-packages/pandas/core/frame.py", line 6407, in dropna
    raise KeyError(np.array(subset)[check].tolist())
KeyError: ['Open', 'High', 'Low', 'Close', 'Volume']
2026-07-04 19:38:18,959 ERROR Scanner failed for ANANDRATHI.NS: ['Open', 'High', 'Low', 'Close', 'Volume']
Traceback (most recent call last):
  File "/home/kumar/Downloads/workspace/stocks/scanner/scanner.py", line 85, in run_scanner
    df = download_history(ticker, config)
  File "/home/kumar/Downloads/workspace/stocks/scanner/data.py", line 41, in download_history
    return df.dropna(subset=["Open", "High", "Low", "Close", "Volume"]).copy()
  File "/home/kumar/Downloads/workspace/stocks/trading_env/lib/python3.8/site-packages/pandas/core/frame.py", line 6407, in dropna
    raise KeyError(np.array(subset)[check].tolist())
KeyError: ['Open', 'High', 'Low', 'Close', 'Volume']
2026-07-04 19:38:19,131 ERROR Scanner failed for ANANTRAJ.NS: ['Open', 'High', 'Low', 'Close', 'Volume']
Traceback (most recent call last):
  File "/home/kumar/Downloads/workspace/stocks/scanner/scanner.py", line 85, in run_scanner
    df = download_history(ticker, config)
  File "/home/kumar/Downloads/workspace/stocks/scanner/data.py", line 41, in download_history
    return df.dropna(subset=["Open", "High", "Low", "Close", "Volume"]).copy()
  File "/home/kumar/Downloads/workspace/stocks/trading_env/lib/python3.8/site-packages/pandas/core/frame.py", line 6407, in dropna
    raise KeyError(np.array(subset)[check].tolist())
KeyError: ['Open', 'High', 'Low', 'Close', 'Volume']
2026-07-04 19:38:19,298 ERROR Scanner failed for ANGELONE.NS: ['Open', 'High', 'Low', 'Close', 'Volume']
Traceback (most recent call last):
  File "/home/kumar/Downloads/workspace/stocks/scanner/scanner.py", line 85, in run_scanner
    df = download_history(ticker, config)
  File "/home/kumar/Downloads/workspace/stocks/scanner/data.py", line 41, in download_history
    return df.dropna(subset=["Open", "High", "Low", "Close", "Volume"]).copy()
  File "/home/kumar/Downloads/workspace/stocks/trading_env/lib/python3.8/site-packages/pandas/core/frame.py", line 6407, in dropna
    raise KeyError(np.array(subset)[check].tolist())
KeyError: ['Open', 'High', 'Low', 'Close', 'Volume']
2026-07-04 19:38:19,443 ERROR Scanner failed for ANTHEM.NS: ['Open', 'High', 'Low', 'Close', 'Volume']
Traceback (most recent call last):
  File "/home/kumar/Downloads/workspace/stocks/scanner/scanner.py", line 85, in run_scanner
    df = download_history(ticker, config)
  File "/home/kumar/Downloads/workspace/stocks/scanner/data.py", line 41, in download_history
    return df.dropna(subset=["Open", "High", "Low", "Close", "Volume"]).copy()
  File "/home/kumar/Downloads/workspace/stocks/trading_env/lib/python3.8/site-packages/pandas/core/frame.py", line 6407, in dropna
    raise KeyError(np.array(subset)[check].tolist())
KeyError: ['Open', 'High', 'Low', 'Close', 'Volume']
2026-07-04 19:38:19,785 ERROR Scanner failed for ANURAS.NS: ['Open', 'High', 'Low', 'Close', 'Volume']
Traceback (most recent call last):
  File "/home/kumar/Downloads/workspace/stocks/scanner/scanner.py", line 85, in run_scanner
    df = download_history(ticker, config)
  File "/home/kumar/Downloads/workspace/stocks/scanner/data.py", line 41, in download_history
    return df.dropna(subset=["Open", "High", "Low", "Close", "Volume"]).copy()
  File "/home/kumar/Downloads/workspace/stocks/trading_env/lib/python3.8/site-packages/pandas/core/frame.py", line 6407, in dropna
    raise KeyError(np.array(subset)[check].tolist())
KeyError: ['Open', 'High', 'Low', 'Close', 'Volume']
2026-07-04 19:38:19,967 ERROR Scanner failed for APARINDS.NS: ['Open', 'High', 'Low', 'Close', 'Volume']
Traceback (most recent call last):
  File "/home/kumar/Downloads/workspace/stocks/scanner/scanner.py", line 85, in run_scanner
    df = download_history(ticker, config)
  File "/home/kumar/Downloads/workspace/stocks/scanner/data.py", line 41, in download_history
    return df.dropna(subset=["Open", "High", "Low", "Close", "Volume"]).copy()
  File "/home/kumar/Downloads/workspace/stocks/trading_env/lib/python3.8/site-packages/pandas/core/frame.py", line 6407, in dropna
    raise KeyError(np.array(subset)[check].tolist())
KeyError: ['Open', 'High', 'Low', 'Close', 'Volume']
2026-07-04 19:38:20,215 ERROR Scanner failed for APOLLOHOSP.NS: ['Open', 'High', 'Low', 'Close', 'Volume']
Traceback (most recent call last):
  File "/home/kumar/Downloads/workspace/stocks/scanner/scanner.py", line 85, in run_scanner
    df = download_history(ticker, config)
  File "/home/kumar/Downloads/workspace/stocks/scanner/data.py", line 41, in download_history
    return df.dropna(subset=["Open", "High", "Low", "Close", "Volume"]).copy()
  File "/home/kumar/Downloads/workspace/stocks/trading_env/lib/python3.8/site-packages/pandas/core/frame.py", line 6407, in dropna
    raise KeyError(np.array(subset)[check].tolist())
KeyError: ['Open', 'High', 'Low', 'Close', 'Volume']
2026-07-04 19:38:20,913 ERROR Scanner failed for APOLLOTYRE.NS: ['Open', 'High', 'Low', 'Close', 'Volume']
Traceback (most recent call last):
  File "/home/kumar/Downloads/workspace/stocks/scanner/scanner.py", line 85, in run_scanner
    df = download_history(ticker, config)
  File "/home/kumar/Downloads/workspace/stocks/scanner/data.py", line 41, in download_history
    return df.dropna(subset=["Open", "High", "Low", "Close", "Volume"]).copy()
  File "/home/kumar/Downloads/workspace/stocks/trading_env/lib/python3.8/site-packages/pandas/core/frame.py", line 6407, in dropna
    raise KeyError(np.array(subset)[check].tolist())
KeyError: ['Open', 'High', 'Low', 'Close', 'Volume']
2026-07-04 19:38:21,460 ERROR Scanner failed for APTUS.NS: ['Open', 'High', 'Low', 'Close', 'Volume']
Traceback (most recent call last):
  File "/home/kumar/Downloads/workspace/stocks/scanner/scanner.py", line 85, in run_scanner
    df = download_history(ticker, config)
  File "/home/kumar/Downloads/workspace/stocks/scanner/data.py", line 41, in download_history
    return df.dropna(subset=["Open", "High", "Low", "Close", "Volume"]).copy()
  File "/home/kumar/Downloads/workspace/stocks/trading_env/lib/python3.8/site-packages/pandas/core/frame.py", line 6407, in dropna
    raise KeyError(np.array(subset)[check].tolist())
KeyError: ['Open', 'High', 'Low', 'Close', 'Volume']
2026-07-04 19:38:21,646 ERROR Scanner failed for ASAHIINDIA.NS: ['Open', 'High', 'Low', 'Close', 'Volume']
Traceback (most recent call last):
  File "/home/kumar/Downloads/workspace/stocks/scanner/scanner.py", line 85, in run_scanner
    df = download_history(ticker, config)
  File "/home/kumar/Downloads/workspace/stocks/scanner/data.py", line 41, in download_history
    return df.dropna(subset=["Open", "High", "Low", "Close", "Volume"]).copy()
  File "/home/kumar/Downloads/workspace/stocks/trading_env/lib/python3.8/site-packages/pandas/core/frame.py", line 6407, in dropna
    raise KeyError(np.array(subset)[check].tolist())
KeyError: ['Open', 'High', 'Low', 'Close', 'Volume']
2026-07-04 19:38:22,036 ERROR Scanner failed for ASHOKLEY.NS: ['Open', 'High', 'Low', 'Close', 'Volume']
Traceback (most recent call last):
  File "/home/kumar/Downloads/workspace/stocks/scanner/scanner.py", line 85, in run_scanner
    df = download_history(ticker, config)
  File "/home/kumar/Downloads/workspace/stocks/scanner/data.py", line 41, in download_history
    return df.dropna(subset=["Open", "High", "Low", "Close", "Volume"]).copy()
  File "/home/kumar/Downloads/workspace/stocks/trading_env/lib/python3.8/site-packages/pandas/core/frame.py", line 6407, in dropna
    raise KeyError(np.array(subset)[check].tolist())
KeyError: ['Open', 'High', 'Low', 'Close', 'Volume']
2026-07-04 19:38:22,222 ERROR Scanner failed for ASIANPAINT.NS: ['Open', 'High', 'Low', 'Close', 'Volume']
Traceback (most recent call last):
  File "/home/kumar/Downloads/workspace/stocks/scanner/scanner.py", line 85, in run_scanner
    df = download_history(ticker, config)
  File "/home/kumar/Downloads/workspace/stocks/scanner/data.py", line 41, in download_history
    return df.dropna(subset=["Open", "High", "Low", "Close", "Volume"]).copy()
  File "/home/kumar/Downloads/workspace/stocks/trading_env/lib/python3.8/site-packages/pandas/core/frame.py", line 6407, in dropna
    raise KeyError(np.array(subset)[check].tolist())
KeyError: ['Open', 'High', 'Low', 'Close', 'Volume']
2026-07-04 19:38:22,383 ERROR Scanner failed for ASTERDM.NS: ['Open', 'High', 'Low', 'Close', 'Volume']
Traceback (most recent call last):
  File "/home/kumar/Downloads/workspace/stocks/scanner/scanner.py", line 85, in run_scanner
    df = download_history(ticker, config)
  File "/home/kumar/Downloads/workspace/stocks/scanner/data.py", line 41, in download_history
    return df.dropna(subset=["Open", "High", "Low", "Close", "Volume"]).copy()
  File "/home/kumar/Downloads/workspace/stocks/trading_env/lib/python3.8/site-packages/pandas/core/frame.py", line 6407, in dropna
    raise KeyError(np.array(subset)[check].tolist())
KeyError: ['Open', 'High', 'Low', 'Close', 'Volume']
2026-07-04 19:38:22,557 ERROR Scanner failed for ASTRAL.NS: ['Open', 'High', 'Low', 'Close', 'Volume']
Traceback (most recent call last):
  File "/home/kumar/Downloads/workspace/stocks/scanner/scanner.py", line 85, in run_scanner
    df = download_history(ticker, config)
  File "/home/kumar/Downloads/workspace/stocks/scanner/data.py", line 41, in download_history
    return df.dropna(subset=["Open", "High", "Low", "Close", "Volume"]).copy()
  File "/home/kumar/Downloads/workspace/stocks/trading_env/lib/python3.8/site-packages/pandas/core/frame.py", line 6407, in dropna
    raise KeyError(np.array(subset)[check].tolist())
KeyError: ['Open', 'High', 'Low', 'Close', 'Volume']
2026-07-04 19:38:22,702 ERROR Scanner failed for ATHERENERG.NS: ['Open', 'High', 'Low', 'Close', 'Volume']
Traceback (most recent call last):
  File "/home/kumar/Downloads/workspace/stocks/scanner/scanner.py", line 85, in run_scanner
    df = download_history(ticker, config)
  File "/home/kumar/Downloads/workspace/stocks/scanner/data.py", line 41, in download_history
    return df.dropna(subset=["Open", "High", "Low", "Close", "Volume"]).copy()
  File "/home/kumar/Downloads/workspace/stocks/trading_env/lib/python3.8/site-packages/pandas/core/frame.py", line 6407, in dropna
    raise KeyError(np.array(subset)[check].tolist())
KeyError: ['Open', 'High', 'Low', 'Close', 'Volume']
2026-07-04 19:38:23,198 ERROR Scanner failed for ATUL.NS: ['Open', 'High', 'Low', 'Close', 'Volume']
Traceback (most recent call last):
  File "/home/kumar/Downloads/workspace/stocks/scanner/scanner.py", line 85, in run_scanner
    df = download_history(ticker, config)
  File "/home/kumar/Downloads/workspace/stocks/scanner/data.py", line 41, in download_history
    return df.dropna(subset=["Open", "High", "Low", "Close", "Volume"]).copy()
  File "/home/kumar/Downloads/workspace/stocks/trading_env/lib/python3.8/site-packages/pandas/core/frame.py", line 6407, in dropna
    raise KeyError(np.array(subset)[check].tolist())
KeyError: ['Open', 'High', 'Low', 'Close', 'Volume']
2026-07-04 19:38:23,599 ERROR Scanner failed for AUROPHARMA.NS: ['Open', 'High', 'Low', 'Close', 'Volume']
Traceback (most recent call last):
  File "/home/kumar/Downloads/workspace/stocks/scanner/scanner.py", line 85, in run_scanner
    df = download_history(ticker, config)
  File "/home/kumar/Downloads/workspace/stocks/scanner/data.py", line 41, in download_history
    return df.dropna(subset=["Open", "High", "Low", "Close", "Volume"]).copy()
  File "/home/kumar/Downloads/workspace/stocks/trading_env/lib/python3.8/site-packages/pandas/core/frame.py", line 6407, in dropna
    raise KeyError(np.array(subset)[check].tolist())
KeyError: ['Open', 'High', 'Low', 'Close', 'Volume']
2026-07-04 19:38:23,830 ERROR Scanner failed for AIIL.NS: ['Open', 'High', 'Low', 'Close', 'Volume']
Traceback (most recent call last):
  File "/home/kumar/Downloads/workspace/stocks/scanner/scanner.py", line 85, in run_scanner
    df = download_history(ticker, config)
  File "/home/kumar/Downloads/workspace/stocks/scanner/data.py", line 41, in download_history
    return df.dropna(subset=["Open", "High", "Low", "Close", "Volume"]).copy()
  File "/home/kumar/Downloads/workspace/stocks/trading_env/lib/python3.8/site-packages/pandas/core/frame.py", line 6407, in dropna
    raise KeyError(np.array(subset)[check].tolist())
KeyError: ['Open', 'High', 'Low', 'Close', 'Volume']
2026-07-04 19:38:24,082 ERROR Scanner failed for DMART.NS: ['Open', 'High', 'Low', 'Close', 'Volume']
Traceback (most recent call last):
  File "/home/kumar/Downloads/workspace/stocks/scanner/scanner.py", line 85, in run_scanner
    df = download_history(ticker, config)
  File "/home/kumar/Downloads/workspace/stocks/scanner/data.py", line 41, in download_history
    return df.dropna(subset=["Open", "High", "Low", "Close", "Volume"]).copy()
  File "/home/kumar/Downloads/workspace/stocks/trading_env/lib/python3.8/site-packages/pandas/core/frame.py", line 6407, in dropna
    raise KeyError(np.array(subset)[check].tolist())
KeyError: ['Open', 'High', 'Low', 'Close', 'Volume']
2026-07-04 19:38:24,257 ERROR Scanner failed for AXISBANK.NS: ['Open', 'High', 'Low', 'Close', 'Volume']
Traceback (most recent call last):
  File "/home/kumar/Downloads/workspace/stocks/scanner/scanner.py", line 85, in run_scanner
    df = download_history(ticker, config)
  File "/home/kumar/Downloads/workspace/stocks/scanner/data.py", line 41, in download_history
    return df.dropna(subset=["Open", "High", "Low", "Close", "Volume"]).copy()
  File "/home/kumar/Downloads/workspace/stocks/trading_env/lib/python3.8/site-packages/pandas/core/frame.py", line 6407, in dropna
    raise KeyError(np.array(subset)[check].tolist())
KeyError: ['Open', 'High', 'Low', 'Close', 'Volume']
2026-07-04 19:38:24,490 ERROR Scanner failed for BEML.NS: ['Open', 'High', 'Low', 'Close', 'Volume']
Traceback (most recent call last):
  File "/home/kumar/Downloads/workspace/stocks/scanner/scanner.py", line 85, in run_scanner
    df = download_history(ticker, config)
  File "/home/kumar/Downloads/workspace/stocks/scanner/data.py", line 41, in download_history
    return df.dropna(subset=["Open", "High", "Low", "Close", "Volume"]).copy()
  File "/home/kumar/Downloads/workspace/stocks/trading_env/lib/python3.8/site-packages/pandas/core/frame.py", line 6407, in dropna
    raise KeyError(np.array(subset)[check].tolist())
KeyError: ['Open', 'High', 'Low', 'Close', 'Volume']
2026-07-04 19:38:24,672 ERROR Scanner failed for BLS.NS: ['Open', 'High', 'Low', 'Close', 'Volume']
Traceback (most recent call last):
  File "/home/kumar/Downloads/workspace/stocks/scanner/scanner.py", line 85, in run_scanner
    df = download_history(ticker, config)
  File "/home/kumar/Downloads/workspace/stocks/scanner/data.py", line 41, in download_history
    return df.dropna(subset=["Open", "High", "Low", "Close", "Volume"]).copy()
  File "/home/kumar/Downloads/workspace/stocks/trading_env/lib/python3.8/site-packages/pandas/core/frame.py", line 6407, in dropna
    raise KeyError(np.array(subset)[check].tolist())
KeyError: ['Open', 'High', 'Low', 'Close', 'Volume']
2026-07-04 19:38:24,894 ERROR Scanner failed for BSE.NS: ['Open', 'High', 'Low', 'Close', 'Volume']
Traceback (most recent call last):
  File "/home/kumar/Downloads/workspace/stocks/scanner/scanner.py", line 85, in run_scanner
    df = download_history(ticker, config)
  File "/home/kumar/Downloads/workspace/stocks/scanner/data.py", line 41, in download_history
    return df.dropna(subset=["Open", "High", "Low", "Close", "Volume"]).copy()
  File "/home/kumar/Downloads/workspace/stocks/trading_env/lib/python3.8/site-packages/pandas/core/frame.py", line 6407, in dropna
    raise KeyError(np.array(subset)[check].tolist())
KeyError: ['Open', 'High', 'Low', 'Close', 'Volume']
2026-07-04 19:38:25,073 ERROR Scanner failed for BAJAJ-AUTO.NS: ['Open', 'High', 'Low', 'Close', 'Volume']
Traceback (most recent call last):
  File "/home/kumar/Downloads/workspace/stocks/scanner/scanner.py", line 85, in run_scanner
    df = download_history(ticker, config)
  File "/home/kumar/Downloads/workspace/stocks/scanner/data.py", line 41, in download_history
    return df.dropna(subset=["Open", "High", "Low", "Close", "Volume"]).copy()
  File "/home/kumar/Downloads/workspace/stocks/trading_env/lib/python3.8/site-packages/pandas/core/frame.py", line 6407, in dropna
    raise KeyError(np.array(subset)[check].tolist())
KeyError: ['Open', 'High', 'Low', 'Close', 'Volume']
2026-07-04 19:38:25,271 ERROR Scanner failed for BAJFINANCE.NS: ['Open', 'High', 'Low', 'Close', 'Volume']
Traceback (most recent call last):
  File "/home/kumar/Downloads/workspace/stocks/scanner/scanner.py", line 85, in run_scanner
    df = download_history(ticker, config)
  File "/home/kumar/Downloads/workspace/stocks/scanner/data.py", line 41, in download_history
    return df.dropna(subset=["Open", "High", "Low", "Close", "Volume"]).copy()
  File "/home/kumar/Downloads/workspace/stocks/trading_env/lib/python3.8/site-packages/pandas/core/frame.py", line 6407, in dropna
    raise KeyError(np.array(subset)[check].tolist())
KeyError: ['Open', 'High', 'Low', 'Close', 'Volume']
2026-07-04 19:38:25,450 ERROR Scanner failed for BAJAJFINSV.NS: ['Open', 'High', 'Low', 'Close', 'Volume']
Traceback (most recent call last):
  File "/home/kumar/Downloads/workspace/stocks/scanner/scanner.py", line 85, in run_scanner
    df = download_history(ticker, config)
  File "/home/kumar/Downloads/workspace/stocks/scanner/data.py", line 41, in download_history
    return df.dropna(subset=["Open", "High", "Low", "Close", "Volume"]).copy()
  File "/home/kumar/Downloads/workspace/stocks/trading_env/lib/python3.8/site-packages/pandas/core/frame.py", line 6407, in dropna
    raise KeyError(np.array(subset)[check].tolist())
KeyError: ['Open', 'High', 'Low', 'Close', 'Volume']
2026-07-04 19:38:25,682 ERROR Scanner failed for BAJAJHLDNG.NS: ['Open', 'High', 'Low', 'Close', 'Volume']
Traceback (most recent call last):
  File "/home/kumar/Downloads/workspace/stocks/scanner/scanner.py", line 85, in run_scanner
    df = download_history(ticker, config)
  File "/home/kumar/Downloads/workspace/stocks/scanner/data.py", line 41, in download_history
    return df.dropna(subset=["Open", "High", "Low", "Close", "Volume"]).copy()
  File "/home/kumar/Downloads/workspace/stocks/trading_env/lib/python3.8/site-packages/pandas/core/frame.py", line 6407, in dropna
    raise KeyError(np.array(subset)[check].tolist())
KeyError: ['Open', 'High', 'Low', 'Close', 'Volume']
2026-07-04 19:38:25,830 ERROR Scanner failed for BAJAJHFL.NS: ['Open', 'High', 'Low', 'Close', 'Volume']
Traceback (most recent call last):
  File "/home/kumar/Downloads/workspace/stocks/scanner/scanner.py", line 85, in run_scanner
    df = download_history(ticker, config)
  File "/home/kumar/Downloads/workspace/stocks/scanner/data.py", line 41, in download_history
    return df.dropna(subset=["Open", "High", "Low", "Close", "Volume"]).copy()
  File "/home/kumar/Downloads/workspace/stocks/trading_env/lib/python3.8/site-packages/pandas/core/frame.py", line 6407, in dropna
    raise KeyError(np.array(subset)[check].tolist())
KeyError: ['Open', 'High', 'Low', 'Close', 'Volume']
2026-07-04 19:38:26,042 ERROR Scanner failed for BALKRISIND.NS: ['Open', 'High', 'Low', 'Close', 'Volume']
Traceback (most recent call last):
  File "/home/kumar/Downloads/workspace/stocks/scanner/scanner.py", line 85, in run_scanner
    df = download_history(ticker, config)
  File "/home/kumar/Downloads/workspace/stocks/scanner/data.py", line 41, in download_history
    return df.dropna(subset=["Open", "High", "Low", "Close", "Volume"]).copy()
  File "/home/kumar/Downloads/workspace/stocks/trading_env/lib/python3.8/site-packages/pandas/core/frame.py", line 6407, in dropna
    raise KeyError(np.array(subset)[check].tolist())
KeyError: ['Open', 'High', 'Low', 'Close', 'Volume']
2026-07-04 19:38:26,302 ERROR Scanner failed for BALRAMCHIN.NS: ['Open', 'High', 'Low', 'Close', 'Volume']
Traceback (most recent call last):
  File "/home/kumar/Downloads/workspace/stocks/scanner/scanner.py", line 85, in run_scanner
    df = download_history(ticker, config)
  File "/home/kumar/Downloads/workspace/stocks/scanner/data.py", line 41, in download_history
    return df.dropna(subset=["Open", "High", "Low", "Close", "Volume"]).copy()
  File "/home/kumar/Downloads/workspace/stocks/trading_env/lib/python3.8/site-packages/pandas/core/frame.py", line 6407, in dropna
    raise KeyError(np.array(subset)[check].tolist())
KeyError: ['Open', 'High', 'Low', 'Close', 'Volume']
2026-07-04 19:38:26,474 ERROR Scanner failed for BANDHANBNK.NS: ['Open', 'High', 'Low', 'Close', 'Volume']
Traceback (most recent call last):
  File "/home/kumar/Downloads/workspace/stocks/scanner/scanner.py", line 85, in run_scanner
    df = download_history(ticker, config)
  File "/home/kumar/Downloads/workspace/stocks/scanner/data.py", line 41, in download_history
    return df.dropna(subset=["Open", "High", "Low", "Close", "Volume"]).copy()
  File "/home/kumar/Downloads/workspace/stocks/trading_env/lib/python3.8/site-packages/pandas/core/frame.py", line 6407, in dropna
    raise KeyError(np.array(subset)[check].tolist())
KeyError: ['Open', 'High', 'Low', 'Close', 'Volume']
2026-07-04 19:38:26,666 ERROR Scanner failed for BANKBARODA.NS: ['Open', 'High', 'Low', 'Close', 'Volume']
Traceback (most recent call last):
  File "/home/kumar/Downloads/workspace/stocks/scanner/scanner.py", line 85, in run_scanner
    df = download_history(ticker, config)
  File "/home/kumar/Downloads/workspace/stocks/scanner/data.py", line 41, in download_history
    return df.dropna(subset=["Open", "High", "Low", "Close", "Volume"]).copy()
  File "/home/kumar/Downloads/workspace/stocks/trading_env/lib/python3.8/site-packages/pandas/core/frame.py", line 6407, in dropna
    raise KeyError(np.array(subset)[check].tolist())
KeyError: ['Open', 'High', 'Low', 'Close', 'Volume']
2026-07-04 19:38:26,864 ERROR Scanner failed for BANKINDIA.NS: ['Open', 'High', 'Low', 'Close', 'Volume']
Traceback (most recent call last):
  File "/home/kumar/Downloads/workspace/stocks/scanner/scanner.py", line 85, in run_scanner
    df = download_history(ticker, config)
  File "/home/kumar/Downloads/workspace/stocks/scanner/data.py", line 41, in download_history
    return df.dropna(subset=["Open", "High", "Low", "Close", "Volume"]).copy()
  File "/home/kumar/Downloads/workspace/stocks/trading_env/lib/python3.8/site-packages/pandas/core/frame.py", line 6407, in dropna
    raise KeyError(np.array(subset)[check].tolist())
KeyError: ['Open', 'High', 'Low', 'Close', 'Volume']
2026-07-04 19:38:27,046 ERROR Scanner failed for MAHABANK.NS: ['Open', 'High', 'Low', 'Close', 'Volume']
Traceback (most recent call last):
  File "/home/kumar/Downloads/workspace/stocks/scanner/scanner.py", line 85, in run_scanner
    df = download_history(ticker, config)
  File "/home/kumar/Downloads/workspace/stocks/scanner/data.py", line 41, in download_history
    return df.dropna(subset=["Open", "High", "Low", "Close", "Volume"]).copy()
  File "/home/kumar/Downloads/workspace/stocks/trading_env/lib/python3.8/site-packages/pandas/core/frame.py", line 6407, in dropna
    raise KeyError(np.array(subset)[check].tolist())
KeyError: ['Open', 'High', 'Low', 'Close', 'Volume']
2026-07-04 19:38:27,264 ERROR Scanner failed for BATAINDIA.NS: ['Open', 'High', 'Low', 'Close', 'Volume']
Traceback (most recent call last):
  File "/home/kumar/Downloads/workspace/stocks/scanner/scanner.py", line 85, in run_scanner
    df = download_history(ticker, config)
  File "/home/kumar/Downloads/workspace/stocks/scanner/data.py", line 41, in download_history
    return df.dropna(subset=["Open", "High", "Low", "Close", "Volume"]).copy()
  File "/home/kumar/Downloads/workspace/stocks/trading_env/lib/python3.8/site-packages/pandas/core/frame.py", line 6407, in dropna
    raise KeyError(np.array(subset)[check].tolist())
KeyError: ['Open', 'High', 'Low', 'Close', 'Volume']
2026-07-04 19:38:27,424 ERROR Scanner failed for BAYERCROP.NS: ['Open', 'High', 'Low', 'Close', 'Volume']
Traceback (most recent call last):
  File "/home/kumar/Downloads/workspace/stocks/scanner/scanner.py", line 85, in run_scanner
    df = download_history(ticker, config)
  File "/home/kumar/Downloads/workspace/stocks/scanner/data.py", line 41, in download_history
    return df.dropna(subset=["Open", "High", "Low", "Close", "Volume"]).copy()
  File "/home/kumar/Downloads/workspace/stocks/trading_env/lib/python3.8/site-packages/pandas/core/frame.py", line 6407, in dropna
    raise KeyError(np.array(subset)[check].tolist())
KeyError: ['Open', 'High', 'Low', 'Close', 'Volume']
2026-07-04 19:38:27,563 ERROR Scanner failed for BELRISE.NS: ['Open', 'High', 'Low', 'Close', 'Volume']
Traceback (most recent call last):
  File "/home/kumar/Downloads/workspace/stocks/scanner/scanner.py", line 85, in run_scanner
    df = download_history(ticker, config)
  File "/home/kumar/Downloads/workspace/stocks/scanner/data.py", line 41, in download_history
    return df.dropna(subset=["Open", "High", "Low", "Close", "Volume"]).copy()
  File "/home/kumar/Downloads/workspace/stocks/trading_env/lib/python3.8/site-packages/pandas/core/frame.py", line 6407, in dropna
    raise KeyError(np.array(subset)[check].tolist())
KeyError: ['Open', 'High', 'Low', 'Close', 'Volume']
2026-07-04 19:38:27,786 ERROR Scanner failed for BERGEPAINT.NS: ['Open', 'High', 'Low', 'Close', 'Volume']
Traceback (most recent call last):
  File "/home/kumar/Downloads/workspace/stocks/scanner/scanner.py", line 85, in run_scanner
    df = download_history(ticker, config)
  File "/home/kumar/Downloads/workspace/stocks/scanner/data.py", line 41, in download_history
    return df.dropna(subset=["Open", "High", "Low", "Close", "Volume"]).copy()
  File "/home/kumar/Downloads/workspace/stocks/trading_env/lib/python3.8/site-packages/pandas/core/frame.py", line 6407, in dropna
    raise KeyError(np.array(subset)[check].tolist())
KeyError: ['Open', 'High', 'Low', 'Close', 'Volume']
2026-07-04 19:38:27,969 ERROR Scanner failed for BDL.NS: ['Open', 'High', 'Low', 'Close', 'Volume']
Traceback (most recent call last):
  File "/home/kumar/Downloads/workspace/stocks/scanner/scanner.py", line 85, in run_scanner
    df = download_history(ticker, config)
  File "/home/kumar/Downloads/workspace/stocks/scanner/data.py", line 41, in download_history
    return df.dropna(subset=["Open", "High", "Low", "Close", "Volume"]).copy()
  File "/home/kumar/Downloads/workspace/stocks/trading_env/lib/python3.8/site-packages/pandas/core/frame.py", line 6407, in dropna
    raise KeyError(np.array(subset)[check].tolist())
KeyError: ['Open', 'High', 'Low', 'Close', 'Volume']
2026-07-04 19:38:28,195 ERROR Scanner failed for BEL.NS: ['Open', 'High', 'Low', 'Close', 'Volume']
Traceback (most recent call last):
  File "/home/kumar/Downloads/workspace/stocks/scanner/scanner.py", line 85, in run_scanner
    df = download_history(ticker, config)
  File "/home/kumar/Downloads/workspace/stocks/scanner/data.py", line 41, in download_history
    return df.dropna(subset=["Open", "High", "Low", "Close", "Volume"]).copy()
  File "/home/kumar/Downloads/workspace/stocks/trading_env/lib/python3.8/site-packages/pandas/core/frame.py", line 6407, in dropna
    raise KeyError(np.array(subset)[check].tolist())
KeyError: ['Open', 'High', 'Low', 'Close', 'Volume']
2026-07-04 19:38:28,406 ERROR Scanner failed for BHARATFORG.NS: ['Open', 'High', 'Low', 'Close', 'Volume']
Traceback (most recent call last):
  File "/home/kumar/Downloads/workspace/stocks/scanner/scanner.py", line 85, in run_scanner
    df = download_history(ticker, config)
  File "/home/kumar/Downloads/workspace/stocks/scanner/data.py", line 41, in download_history
    return df.dropna(subset=["Open", "High", "Low", "Close", "Volume"]).copy()
  File "/home/kumar/Downloads/workspace/stocks/trading_env/lib/python3.8/site-packages/pandas/core/frame.py", line 6407, in dropna
    raise KeyError(np.array(subset)[check].tolist())
KeyError: ['Open', 'High', 'Low', 'Close', 'Volume']
2026-07-04 19:38:28,624 ERROR Scanner failed for BHEL.NS: ['Open', 'High', 'Low', 'Close', 'Volume']
Traceback (most recent call last):
  File "/home/kumar/Downloads/workspace/stocks/scanner/scanner.py", line 85, in run_scanner
    df = download_history(ticker, config)
  File "/home/kumar/Downloads/workspace/stocks/scanner/data.py", line 41, in download_history
    return df.dropna(subset=["Open", "High", "Low", "Close", "Volume"]).copy()
  File "/home/kumar/Downloads/workspace/stocks/trading_env/lib/python3.8/site-packages/pandas/core/frame.py", line 6407, in dropna
    raise KeyError(np.array(subset)[check].tolist())
KeyError: ['Open', 'High', 'Low', 'Close', 'Volume']
2026-07-04 19:38:28,854 ERROR Scanner failed for BPCL.NS: ['Open', 'High', 'Low', 'Close', 'Volume']
Traceback (most recent call last):
  File "/home/kumar/Downloads/workspace/stocks/scanner/scanner.py", line 85, in run_scanner
    df = download_history(ticker, config)
  File "/home/kumar/Downloads/workspace/stocks/scanner/data.py", line 41, in download_history
    return df.dropna(subset=["Open", "High", "Low", "Close", "Volume"]).copy()
  File "/home/kumar/Downloads/workspace/stocks/trading_env/lib/python3.8/site-packages/pandas/core/frame.py", line 6407, in dropna
    raise KeyError(np.array(subset)[check].tolist())
KeyError: ['Open', 'High', 'Low', 'Close', 'Volume']
2026-07-04 19:38:29,022 ERROR Scanner failed for BHARTIARTL.NS: ['Open', 'High', 'Low', 'Close', 'Volume']
Traceback (most recent call last):
  File "/home/kumar/Downloads/workspace/stocks/scanner/scanner.py", line 85, in run_scanner
    df = download_history(ticker, config)
  File "/home/kumar/Downloads/workspace/stocks/scanner/data.py", line 41, in download_history
    return df.dropna(subset=["Open", "High", "Low", "Close", "Volume"]).copy()
  File "/home/kumar/Downloads/workspace/stocks/trading_env/lib/python3.8/site-packages/pandas/core/frame.py", line 6407, in dropna
    raise KeyError(np.array(subset)[check].tolist())
KeyError: ['Open', 'High', 'Low', 'Close', 'Volume']
2026-07-04 19:38:29,168 ERROR Scanner failed for BHARTIHEXA.NS: ['Open', 'High', 'Low', 'Close', 'Volume']
Traceback (most recent call last):
  File "/home/kumar/Downloads/workspace/stocks/scanner/scanner.py", line 85, in run_scanner
    df = download_history(ticker, config)
  File "/home/kumar/Downloads/workspace/stocks/scanner/data.py", line 41, in download_history
    return df.dropna(subset=["Open", "High", "Low", "Close", "Volume"]).copy()
  File "/home/kumar/Downloads/workspace/stocks/trading_env/lib/python3.8/site-packages/pandas/core/frame.py", line 6407, in dropna
    raise KeyError(np.array(subset)[check].tolist())
KeyError: ['Open', 'High', 'Low', 'Close', 'Volume']
2026-07-04 19:38:29,335 ERROR Scanner failed for BIKAJI.NS: ['Open', 'High', 'Low', 'Close', 'Volume']
Traceback (most recent call last):
  File "/home/kumar/Downloads/workspace/stocks/scanner/scanner.py", line 85, in run_scanner
    df = download_history(ticker, config)
  File "/home/kumar/Downloads/workspace/stocks/scanner/data.py", line 41, in download_history
    return df.dropna(subset=["Open", "High", "Low", "Close", "Volume"]).copy()
  File "/home/kumar/Downloads/workspace/stocks/trading_env/lib/python3.8/site-packages/pandas/core/frame.py", line 6407, in dropna
    raise KeyError(np.array(subset)[check].tolist())
KeyError: ['Open', 'High', 'Low', 'Close', 'Volume']
2026-07-04 19:38:29,480 ERROR Scanner failed for GROWW.NS: ['Open', 'High', 'Low', 'Close', 'Volume']
Traceback (most recent call last):
  File "/home/kumar/Downloads/workspace/stocks/scanner/scanner.py", line 85, in run_scanner
    df = download_history(ticker, config)
  File "/home/kumar/Downloads/workspace/stocks/scanner/data.py", line 41, in download_history
    return df.dropna(subset=["Open", "High", "Low", "Close", "Volume"]).copy()
  File "/home/kumar/Downloads/workspace/stocks/trading_env/lib/python3.8/site-packages/pandas/core/frame.py", line 6407, in dropna
    raise KeyError(np.array(subset)[check].tolist())
KeyError: ['Open', 'High', 'Low', 'Close', 'Volume']
2026-07-04 19:38:29,710 ERROR Scanner failed for BIOCON.NS: ['Open', 'High', 'Low', 'Close', 'Volume']
Traceback (most recent call last):
  File "/home/kumar/Downloads/workspace/stocks/scanner/scanner.py", line 85, in run_scanner
    df = download_history(ticker, config)
  File "/home/kumar/Downloads/workspace/stocks/scanner/data.py", line 41, in download_history
    return df.dropna(subset=["Open", "High", "Low", "Close", "Volume"]).copy()
  File "/home/kumar/Downloads/workspace/stocks/trading_env/lib/python3.8/site-packages/pandas/core/frame.py", line 6407, in dropna
    raise KeyError(np.array(subset)[check].tolist())
KeyError: ['Open', 'High', 'Low', 'Close', 'Volume']
2026-07-04 19:38:29,903 ERROR Scanner failed for BSOFT.NS: ['Open', 'High', 'Low', 'Close', 'Volume']
Traceback (most recent call last):
  File "/home/kumar/Downloads/workspace/stocks/scanner/scanner.py", line 85, in run_scanner
    df = download_history(ticker, config)
  File "/home/kumar/Downloads/workspace/stocks/scanner/data.py", line 41, in download_history
    return df.dropna(subset=["Open", "High", "Low", "Close", "Volume"]).copy()
  File "/home/kumar/Downloads/workspace/stocks/trading_env/lib/python3.8/site-packages/pandas/core/frame.py", line 6407, in dropna
    raise KeyError(np.array(subset)[check].tolist())
KeyError: ['Open', 'High', 'Low', 'Close', 'Volume']
2026-07-04 19:38:30,098 ERROR Scanner failed for BLUEDART.NS: ['Open', 'High', 'Low', 'Close', 'Volume']
Traceback (most recent call last):
  File "/home/kumar/Downloads/workspace/stocks/scanner/scanner.py", line 85, in run_scanner
    df = download_history(ticker, config)
  File "/home/kumar/Downloads/workspace/stocks/scanner/data.py", line 41, in download_history
    return df.dropna(subset=["Open", "High", "Low", "Close", "Volume"]).copy()
  File "/home/kumar/Downloads/workspace/stocks/trading_env/lib/python3.8/site-packages/pandas/core/frame.py", line 6407, in dropna
    raise KeyError(np.array(subset)[check].tolist())
KeyError: ['Open', 'High', 'Low', 'Close', 'Volume']
2026-07-04 19:38:30,269 ERROR Scanner failed for BLUEJET.NS: ['Open', 'High', 'Low', 'Close', 'Volume']
Traceback (most recent call last):
  File "/home/kumar/Downloads/workspace/stocks/scanner/scanner.py", line 85, in run_scanner
    df = download_history(ticker, config)
  File "/home/kumar/Downloads/workspace/stocks/scanner/data.py", line 41, in download_history
    return df.dropna(subset=["Open", "High", "Low", "Close", "Volume"]).copy()
  File "/home/kumar/Downloads/workspace/stocks/trading_env/lib/python3.8/site-packages/pandas/core/frame.py", line 6407, in dropna
    raise KeyError(np.array(subset)[check].tolist())
KeyError: ['Open', 'High', 'Low', 'Close', 'Volume']
2026-07-04 19:38:30,480 ERROR Scanner failed for BLUESTARCO.NS: ['Open', 'High', 'Low', 'Close', 'Volume']
Traceback (most recent call last):
  File "/home/kumar/Downloads/workspace/stocks/scanner/scanner.py", line 85, in run_scanner
    df = download_history(ticker, config)
  File "/home/kumar/Downloads/workspace/stocks/scanner/data.py", line 41, in download_history
    return df.dropna(subset=["Open", "High", "Low", "Close", "Volume"]).copy()
  File "/home/kumar/Downloads/workspace/stocks/trading_env/lib/python3.8/site-packages/pandas/core/frame.py", line 6407, in dropna
    raise KeyError(np.array(subset)[check].tolist())
KeyError: ['Open', 'High', 'Low', 'Close', 'Volume']
2026-07-04 19:38:30,741 ERROR Scanner failed for BBTC.NS: ['Open', 'High', 'Low', 'Close', 'Volume']
Traceback (most recent call last):
  File "/home/kumar/Downloads/workspace/stocks/scanner/scanner.py", line 85, in run_scanner
    df = download_history(ticker, config)
  File "/home/kumar/Downloads/workspace/stocks/scanner/data.py", line 41, in download_history
    return df.dropna(subset=["Open", "High", "Low", "Close", "Volume"]).copy()
  File "/home/kumar/Downloads/workspace/stocks/trading_env/lib/python3.8/site-packages/pandas/core/frame.py", line 6407, in dropna
    raise KeyError(np.array(subset)[check].tolist())
KeyError: ['Open', 'High', 'Low', 'Close', 'Volume']
2026-07-04 19:38:30,925 ERROR Scanner failed for BOSCHLTD.NS: ['Open', 'High', 'Low', 'Close', 'Volume']
Traceback (most recent call last):
  File "/home/kumar/Downloads/workspace/stocks/scanner/scanner.py", line 85, in run_scanner
    df = download_history(ticker, config)
  File "/home/kumar/Downloads/workspace/stocks/scanner/data.py", line 41, in download_history
    return df.dropna(subset=["Open", "High", "Low", "Close", "Volume"]).copy()
  File "/home/kumar/Downloads/workspace/stocks/trading_env/lib/python3.8/site-packages/pandas/core/frame.py", line 6407, in dropna
    raise KeyError(np.array(subset)[check].tolist())
KeyError: ['Open', 'High', 'Low', 'Close', 'Volume']
2026-07-04 19:38:31,212 ERROR Scanner failed for FIRSTCRY.NS: ['Open', 'High', 'Low', 'Close', 'Volume']
Traceback (most recent call last):
  File "/home/kumar/Downloads/workspace/stocks/scanner/scanner.py", line 85, in run_scanner
    df = download_history(ticker, config)
  File "/home/kumar/Downloads/workspace/stocks/scanner/data.py", line 41, in download_history
    return df.dropna(subset=["Open", "High", "Low", "Close", "Volume"]).copy()
  File "/home/kumar/Downloads/workspace/stocks/trading_env/lib/python3.8/site-packages/pandas/core/frame.py", line 6407, in dropna
    raise KeyError(np.array(subset)[check].tolist())
KeyError: ['Open', 'High', 'Low', 'Close', 'Volume']
2026-07-04 19:38:31,392 ERROR Scanner failed for BRIGADE.NS: ['Open', 'High', 'Low', 'Close', 'Volume']
Traceback (most recent call last):
  File "/home/kumar/Downloads/workspace/stocks/scanner/scanner.py", line 85, in run_scanner
    df = download_history(ticker, config)
  File "/home/kumar/Downloads/workspace/stocks/scanner/data.py", line 41, in download_history
    return df.dropna(subset=["Open", "High", "Low", "Close", "Volume"]).copy()
  File "/home/kumar/Downloads/workspace/stocks/trading_env/lib/python3.8/site-packages/pandas/core/frame.py", line 6407, in dropna
    raise KeyError(np.array(subset)[check].tolist())
KeyError: ['Open', 'High', 'Low', 'Close', 'Volume']
2026-07-04 19:38:31,579 ERROR Scanner failed for BRITANNIA.NS: ['Open', 'High', 'Low', 'Close', 'Volume']
Traceback (most recent call last):
  File "/home/kumar/Downloads/workspace/stocks/scanner/scanner.py", line 85, in run_scanner
    df = download_history(ticker, config)
  File "/home/kumar/Downloads/workspace/stocks/scanner/data.py", line 41, in download_history
    return df.dropna(subset=["Open", "High", "Low", "Close", "Volume"]).copy()
  File "/home/kumar/Downloads/workspace/stocks/trading_env/lib/python3.8/site-packages/pandas/core/frame.py", line 6407, in dropna
    raise KeyError(np.array(subset)[check].tolist())
KeyError: ['Open', 'High', 'Low', 'Close', 'Volume']
2026-07-04 19:38:31,790 ERROR Scanner failed for MAPMYINDIA.NS: ['Open', 'High', 'Low', 'Close', 'Volume']
Traceback (most recent call last):
  File "/home/kumar/Downloads/workspace/stocks/scanner/scanner.py", line 85, in run_scanner
    df = download_history(ticker, config)
  File "/home/kumar/Downloads/workspace/stocks/scanner/data.py", line 41, in download_history
    return df.dropna(subset=["Open", "High", "Low", "Close", "Volume"]).copy()
  File "/home/kumar/Downloads/workspace/stocks/trading_env/lib/python3.8/site-packages/pandas/core/frame.py", line 6407, in dropna
    raise KeyError(np.array(subset)[check].tolist())
KeyError: ['Open', 'High', 'Low', 'Close', 'Volume']
2026-07-04 19:38:31,978 ERROR Scanner failed for CCL.NS: ['Open', 'High', 'Low', 'Close', 'Volume']
Traceback (most recent call last):
  File "/home/kumar/Downloads/workspace/stocks/scanner/scanner.py", line 85, in run_scanner
    df = download_history(ticker, config)
  File "/home/kumar/Downloads/workspace/stocks/scanner/data.py", line 41, in download_history
    return df.dropna(subset=["Open", "High", "Low", "Close", "Volume"]).copy()
  File "/home/kumar/Downloads/workspace/stocks/trading_env/lib/python3.8/site-packages/pandas/core/frame.py", line 6407, in dropna
    raise KeyError(np.array(subset)[check].tolist())
KeyError: ['Open', 'High', 'Low', 'Close', 'Volume']
2026-07-04 19:38:32,169 ERROR Scanner failed for CESC.NS: ['Open', 'High', 'Low', 'Close', 'Volume']
Traceback (most recent call last):
  File "/home/kumar/Downloads/workspace/stocks/scanner/scanner.py", line 85, in run_scanner
    df = download_history(ticker, config)
  File "/home/kumar/Downloads/workspace/stocks/scanner/data.py", line 41, in download_history
    return df.dropna(subset=["Open", "High", "Low", "Close", "Volume"]).copy()
  File "/home/kumar/Downloads/workspace/stocks/trading_env/lib/python3.8/site-packages/pandas/core/frame.py", line 6407, in dropna
    raise KeyError(np.array(subset)[check].tolist())
KeyError: ['Open', 'High', 'Low', 'Close', 'Volume']
2026-07-04 19:38:32,405 ERROR Scanner failed for CGPOWER.NS: ['Open', 'High', 'Low', 'Close', 'Volume']
Traceback (most recent call last):
  File "/home/kumar/Downloads/workspace/stocks/scanner/scanner.py", line 85, in run_scanner
    df = download_history(ticker, config)
  File "/home/kumar/Downloads/workspace/stocks/scanner/data.py", line 41, in download_history
    return df.dropna(subset=["Open", "High", "Low", "Close", "Volume"]).copy()
  File "/home/kumar/Downloads/workspace/stocks/trading_env/lib/python3.8/site-packages/pandas/core/frame.py", line 6407, in dropna
    raise KeyError(np.array(subset)[check].tolist())
KeyError: ['Open', 'High', 'Low', 'Close', 'Volume']
2026-07-04 19:38:32,623 ERROR Scanner failed for CIEINDIA.NS: ['Open', 'High', 'Low', 'Close', 'Volume']
Traceback (most recent call last):
  File "/home/kumar/Downloads/workspace/stocks/scanner/scanner.py", line 85, in run_scanner
    df = download_history(ticker, config)
  File "/home/kumar/Downloads/workspace/stocks/scanner/data.py", line 41, in download_history
    return df.dropna(subset=["Open", "High", "Low", "Close", "Volume"]).copy()
  File "/home/kumar/Downloads/workspace/stocks/trading_env/lib/python3.8/site-packages/pandas/core/frame.py", line 6407, in dropna
    raise KeyError(np.array(subset)[check].tolist())
KeyError: ['Open', 'High', 'Low', 'Close', 'Volume']
2026-07-04 19:38:33,075 ERROR Scanner failed for CRISIL.NS: ['Open', 'High', 'Low', 'Close', 'Volume']
Traceback (most recent call last):
  File "/home/kumar/Downloads/workspace/stocks/scanner/scanner.py", line 85, in run_scanner
    df = download_history(ticker, config)
  File "/home/kumar/Downloads/workspace/stocks/scanner/data.py", line 41, in download_history
    return df.dropna(subset=["Open", "High", "Low", "Close", "Volume"]).copy()
  File "/home/kumar/Downloads/workspace/stocks/trading_env/lib/python3.8/site-packages/pandas/core/frame.py", line 6407, in dropna
    raise KeyError(np.array(subset)[check].tolist())
KeyError: ['Open', 'High', 'Low', 'Close', 'Volume']
2026-07-04 19:38:33,421 ERROR Scanner failed for CANFINHOME.NS: ['Open', 'High', 'Low', 'Close', 'Volume']
Traceback (most recent call last):
  File "/home/kumar/Downloads/workspace/stocks/scanner/scanner.py", line 85, in run_scanner
    df = download_history(ticker, config)
  File "/home/kumar/Downloads/workspace/stocks/scanner/data.py", line 41, in download_history
    return df.dropna(subset=["Open", "High", "Low", "Close", "Volume"]).copy()
  File "/home/kumar/Downloads/workspace/stocks/trading_env/lib/python3.8/site-packages/pandas/core/frame.py", line 6407, in dropna
    raise KeyError(np.array(subset)[check].tolist())
KeyError: ['Open', 'High', 'Low', 'Close', 'Volume']
2026-07-04 19:38:33,653 ERROR Scanner failed for CANBK.NS: ['Open', 'High', 'Low', 'Close', 'Volume']
Traceback (most recent call last):
  File "/home/kumar/Downloads/workspace/stocks/scanner/scanner.py", line 85, in run_scanner
    df = download_history(ticker, config)
  File "/home/kumar/Downloads/workspace/stocks/scanner/data.py", line 41, in download_history
    return df.dropna(subset=["Open", "High", "Low", "Close", "Volume"]).copy()
  File "/home/kumar/Downloads/workspace/stocks/trading_env/lib/python3.8/site-packages/pandas/core/frame.py", line 6407, in dropna
    raise KeyError(np.array(subset)[check].tolist())
KeyError: ['Open', 'High', 'Low', 'Close', 'Volume']
2026-07-04 19:38:34,016 ERROR Scanner failed for CANHLIFE.NS: ['Open', 'High', 'Low', 'Close', 'Volume']
Traceback (most recent call last):
  File "/home/kumar/Downloads/workspace/stocks/scanner/scanner.py", line 85, in run_scanner
    df = download_history(ticker, config)
  File "/home/kumar/Downloads/workspace/stocks/scanner/data.py", line 41, in download_history
    return df.dropna(subset=["Open", "High", "Low", "Close", "Volume"]).copy()
  File "/home/kumar/Downloads/workspace/stocks/trading_env/lib/python3.8/site-packages/pandas/core/frame.py", line 6407, in dropna
    raise KeyError(np.array(subset)[check].tolist())
KeyError: ['Open', 'High', 'Low', 'Close', 'Volume']
2026-07-04 19:38:34,225 ERROR Scanner failed for CAPLIPOINT.NS: ['Open', 'High', 'Low', 'Close', 'Volume']
Traceback (most recent call last):
  File "/home/kumar/Downloads/workspace/stocks/scanner/scanner.py", line 85, in run_scanner
    df = download_history(ticker, config)
  File "/home/kumar/Downloads/workspace/stocks/scanner/data.py", line 41, in download_history
    return df.dropna(subset=["Open", "High", "Low", "Close", "Volume"]).copy()
  File "/home/kumar/Downloads/workspace/stocks/trading_env/lib/python3.8/site-packages/pandas/core/frame.py", line 6407, in dropna
    raise KeyError(np.array(subset)[check].tolist())
KeyError: ['Open', 'High', 'Low', 'Close', 'Volume']
2026-07-04 19:38:34,455 ERROR Scanner failed for CGCL.NS: ['Open', 'High', 'Low', 'Close', 'Volume']
Traceback (most recent call last):
  File "/home/kumar/Downloads/workspace/stocks/scanner/scanner.py", line 85, in run_scanner
    df = download_history(ticker, config)
  File "/home/kumar/Downloads/workspace/stocks/scanner/data.py", line 41, in download_history
    return df.dropna(subset=["Open", "High", "Low", "Close", "Volume"]).copy()
  File "/home/kumar/Downloads/workspace/stocks/trading_env/lib/python3.8/site-packages/pandas/core/frame.py", line 6407, in dropna
    raise KeyError(np.array(subset)[check].tolist())
KeyError: ['Open', 'High', 'Low', 'Close', 'Volume']
2026-07-04 19:38:34,689 ERROR Scanner failed for CARBORUNIV.NS: ['Open', 'High', 'Low', 'Close', 'Volume']
Traceback (most recent call last):
  File "/home/kumar/Downloads/workspace/stocks/scanner/scanner.py", line 85, in run_scanner
    df = download_history(ticker, config)
  File "/home/kumar/Downloads/workspace/stocks/scanner/data.py", line 41, in download_history
    return df.dropna(subset=["Open", "High", "Low", "Close", "Volume"]).copy()
  File "/home/kumar/Downloads/workspace/stocks/trading_env/lib/python3.8/site-packages/pandas/core/frame.py", line 6407, in dropna
    raise KeyError(np.array(subset)[check].tolist())
KeyError: ['Open', 'High', 'Low', 'Close', 'Volume']
2026-07-04 19:38:34,880 ERROR Scanner failed for CARTRADE.NS: ['Open', 'High', 'Low', 'Close', 'Volume']
Traceback (most recent call last):
  File "/home/kumar/Downloads/workspace/stocks/scanner/scanner.py", line 85, in run_scanner
    df = download_history(ticker, config)
  File "/home/kumar/Downloads/workspace/stocks/scanner/data.py", line 41, in download_history
    return df.dropna(subset=["Open", "High", "Low", "Close", "Volume"]).copy()
  File "/home/kumar/Downloads/workspace/stocks/trading_env/lib/python3.8/site-packages/pandas/core/frame.py", line 6407, in dropna
    raise KeyError(np.array(subset)[check].tolist())
KeyError: ['Open', 'High', 'Low', 'Close', 'Volume']
2026-07-04 19:38:35,130 ERROR Scanner failed for CASTROLIND.NS: ['Open', 'High', 'Low', 'Close', 'Volume']
Traceback (most recent call last):
  File "/home/kumar/Downloads/workspace/stocks/scanner/scanner.py", line 85, in run_scanner
    df = download_history(ticker, config)
  File "/home/kumar/Downloads/workspace/stocks/scanner/data.py", line 41, in download_history
    return df.dropna(subset=["Open", "High", "Low", "Close", "Volume"]).copy()
  File "/home/kumar/Downloads/workspace/stocks/trading_env/lib/python3.8/site-packages/pandas/core/frame.py", line 6407, in dropna
    raise KeyError(np.array(subset)[check].tolist())
KeyError: ['Open', 'High', 'Low', 'Close', 'Volume']
2026-07-04 19:38:35,315 ERROR Scanner failed for CEATLTD.NS: ['Open', 'High', 'Low', 'Close', 'Volume']
Traceback (most recent call last):
  File "/home/kumar/Downloads/workspace/stocks/scanner/scanner.py", line 85, in run_scanner
    df = download_history(ticker, config)
  File "/home/kumar/Downloads/workspace/stocks/scanner/data.py", line 41, in download_history
    return df.dropna(subset=["Open", "High", "Low", "Close", "Volume"]).copy()
  File "/home/kumar/Downloads/workspace/stocks/trading_env/lib/python3.8/site-packages/pandas/core/frame.py", line 6407, in dropna
    raise KeyError(np.array(subset)[check].tolist())
KeyError: ['Open', 'High', 'Low', 'Close', 'Volume']
2026-07-04 19:38:35,586 ERROR Scanner failed for CEMPRO.NS: ['Open', 'High', 'Low', 'Close', 'Volume']
Traceback (most recent call last):
  File "/home/kumar/Downloads/workspace/stocks/scanner/scanner.py", line 85, in run_scanner
    df = download_history(ticker, config)
  File "/home/kumar/Downloads/workspace/stocks/scanner/data.py", line 41, in download_history
    return df.dropna(subset=["Open", "High", "Low", "Close", "Volume"]).copy()
  File "/home/kumar/Downloads/workspace/stocks/trading_env/lib/python3.8/site-packages/pandas/core/frame.py", line 6407, in dropna
    raise KeyError(np.array(subset)[check].tolist())
KeyError: ['Open', 'High', 'Low', 'Close', 'Volume']
2026-07-04 19:38:35,800 ERROR Scanner failed for CENTRALBK.NS: ['Open', 'High', 'Low', 'Close', 'Volume']
Traceback (most recent call last):
  File "/home/kumar/Downloads/workspace/stocks/scanner/scanner.py", line 85, in run_scanner
    df = download_history(ticker, config)
  File "/home/kumar/Downloads/workspace/stocks/scanner/data.py", line 41, in download_history
    return df.dropna(subset=["Open", "High", "Low", "Close", "Volume"]).copy()
  File "/home/kumar/Downloads/workspace/stocks/trading_env/lib/python3.8/site-packages/pandas/core/frame.py", line 6407, in dropna
    raise KeyError(np.array(subset)[check].tolist())
KeyError: ['Open', 'High', 'Low', 'Close', 'Volume']
2026-07-04 19:38:35,968 ERROR Scanner failed for CDSL.NS: ['Open', 'High', 'Low', 'Close', 'Volume']
Traceback (most recent call last):
  File "/home/kumar/Downloads/workspace/stocks/scanner/scanner.py", line 85, in run_scanner
    df = download_history(ticker, config)
  File "/home/kumar/Downloads/workspace/stocks/scanner/data.py", line 41, in download_history
    return df.dropna(subset=["Open", "High", "Low", "Close", "Volume"]).copy()
  File "/home/kumar/Downloads/workspace/stocks/trading_env/lib/python3.8/site-packages/pandas/core/frame.py", line 6407, in dropna
    raise KeyError(np.array(subset)[check].tolist())
KeyError: ['Open', 'High', 'Low', 'Close', 'Volume']
2026-07-04 19:38:36,161 ERROR Scanner failed for CHALET.NS: ['Open', 'High', 'Low', 'Close', 'Volume']
Traceback (most recent call last):
  File "/home/kumar/Downloads/workspace/stocks/scanner/scanner.py", line 85, in run_scanner
    df = download_history(ticker, config)
  File "/home/kumar/Downloads/workspace/stocks/scanner/data.py", line 41, in download_history
    return df.dropna(subset=["Open", "High", "Low", "Close", "Volume"]).copy()
  File "/home/kumar/Downloads/workspace/stocks/trading_env/lib/python3.8/site-packages/pandas/core/frame.py", line 6407, in dropna
    raise KeyError(np.array(subset)[check].tolist())
KeyError: ['Open', 'High', 'Low', 'Close', 'Volume']
2026-07-04 19:38:36,331 ERROR Scanner failed for CHAMBLFERT.NS: ['Open', 'High', 'Low', 'Close', 'Volume']
Traceback (most recent call last):
  File "/home/kumar/Downloads/workspace/stocks/scanner/scanner.py", line 85, in run_scanner
    df = download_history(ticker, config)
  File "/home/kumar/Downloads/workspace/stocks/scanner/data.py", line 41, in download_history
    return df.dropna(subset=["Open", "High", "Low", "Close", "Volume"]).copy()
  File "/home/kumar/Downloads/workspace/stocks/trading_env/lib/python3.8/site-packages/pandas/core/frame.py", line 6407, in dropna
    raise KeyError(np.array(subset)[check].tolist())
KeyError: ['Open', 'High', 'Low', 'Close', 'Volume']
2026-07-04 19:38:36,561 ERROR Scanner failed for CHENNPETRO.NS: ['Open', 'High', 'Low', 'Close', 'Volume']
Traceback (most recent call last):
  File "/home/kumar/Downloads/workspace/stocks/scanner/scanner.py", line 85, in run_scanner
    df = download_history(ticker, config)
  File "/home/kumar/Downloads/workspace/stocks/scanner/data.py", line 41, in download_history
    return df.dropna(subset=["Open", "High", "Low", "Close", "Volume"]).copy()
  File "/home/kumar/Downloads/workspace/stocks/trading_env/lib/python3.8/site-packages/pandas/core/frame.py", line 6407, in dropna
    raise KeyError(np.array(subset)[check].tolist())
KeyError: ['Open', 'High', 'Low', 'Close', 'Volume']
2026-07-04 19:38:36,711 ERROR Scanner failed for CHOICEIN.NS: ['Open', 'High', 'Low', 'Close', 'Volume']
Traceback (most recent call last):
  File "/home/kumar/Downloads/workspace/stocks/scanner/scanner.py", line 85, in run_scanner
    df = download_history(ticker, config)
  File "/home/kumar/Downloads/workspace/stocks/scanner/data.py", line 41, in download_history
    return df.dropna(subset=["Open", "High", "Low", "Close", "Volume"]).copy()
  File "/home/kumar/Downloads/workspace/stocks/trading_env/lib/python3.8/site-packages/pandas/core/frame.py", line 6407, in dropna
    raise KeyError(np.array(subset)[check].tolist())
KeyError: ['Open', 'High', 'Low', 'Close', 'Volume']
2026-07-04 19:38:36,891 ERROR Scanner failed for CHOLAHLDNG.NS: ['Open', 'High', 'Low', 'Close', 'Volume']
Traceback (most recent call last):
  File "/home/kumar/Downloads/workspace/stocks/scanner/scanner.py", line 85, in run_scanner
    df = download_history(ticker, config)
  File "/home/kumar/Downloads/workspace/stocks/scanner/data.py", line 41, in download_history
    return df.dropna(subset=["Open", "High", "Low", "Close", "Volume"]).copy()
  File "/home/kumar/Downloads/workspace/stocks/trading_env/lib/python3.8/site-packages/pandas/core/frame.py", line 6407, in dropna
    raise KeyError(np.array(subset)[check].tolist())
KeyError: ['Open', 'High', 'Low', 'Close', 'Volume']
2026-07-04 19:38:37,110 ERROR Scanner failed for CHOLAFIN.NS: ['Open', 'High', 'Low', 'Close', 'Volume']
Traceback (most recent call last):
  File "/home/kumar/Downloads/workspace/stocks/scanner/scanner.py", line 85, in run_scanner
    df = download_history(ticker, config)
  File "/home/kumar/Downloads/workspace/stocks/scanner/data.py", line 41, in download_history
    return df.dropna(subset=["Open", "High", "Low", "Close", "Volume"]).copy()
  File "/home/kumar/Downloads/workspace/stocks/trading_env/lib/python3.8/site-packages/pandas/core/frame.py", line 6407, in dropna
    raise KeyError(np.array(subset)[check].tolist())
KeyError: ['Open', 'High', 'Low', 'Close', 'Volume']
2026-07-04 19:38:37,344 ERROR Scanner failed for CIPLA.NS: ['Open', 'High', 'Low', 'Close', 'Volume']
Traceback (most recent call last):
  File "/home/kumar/Downloads/workspace/stocks/scanner/scanner.py", line 85, in run_scanner
    df = download_history(ticker, config)
  File "/home/kumar/Downloads/workspace/stocks/scanner/data.py", line 41, in download_history
    return df.dropna(subset=["Open", "High", "Low", "Close", "Volume"]).copy()
  File "/home/kumar/Downloads/workspace/stocks/trading_env/lib/python3.8/site-packages/pandas/core/frame.py", line 6407, in dropna
    raise KeyError(np.array(subset)[check].tolist())
KeyError: ['Open', 'High', 'Low', 'Close', 'Volume']
2026-07-04 19:38:37,615 ERROR Scanner failed for CUB.NS: ['Open', 'High', 'Low', 'Close', 'Volume']
Traceback (most recent call last):
  File "/home/kumar/Downloads/workspace/stocks/scanner/scanner.py", line 85, in run_scanner
    df = download_history(ticker, config)
  File "/home/kumar/Downloads/workspace/stocks/scanner/data.py", line 41, in download_history
    return df.dropna(subset=["Open", "High", "Low", "Close", "Volume"]).copy()
  File "/home/kumar/Downloads/workspace/stocks/trading_env/lib/python3.8/site-packages/pandas/core/frame.py", line 6407, in dropna
    raise KeyError(np.array(subset)[check].tolist())
KeyError: ['Open', 'High', 'Low', 'Close', 'Volume']
2026-07-04 19:41:33,089 INFO Background metadata worker starting...
2026-07-04 19:41:33,311 INFO Prefetching missing metadata for 518 tickers...
2026-07-04 19:41:36,491 INFO Starting scanner with config {'universe': 'Nifty 500', 'min_candles': 300, 'interval': '1d', 'lookback_period': '2y', 'max_candidates': 15, 'min_total_score': 55.0, 'ema_fast': 20, 'ema_medium': 50, 'ema_slow': 200, 'atr_window': 20, 'contraction_window': 20, 'volume_sma_window': 20, 'volume_contraction_lookback': 20, 'volume_multiplier': 1.6, 'relative_strength_window': 90, 'sector_lookback': 60, 'risk_atr_multiplier': 2.5, 'trend_weight': 0.2, 'structure_weight': 0.2, 'volume_weight': 0.15, 'rs_weight': 0.1, 'sector_weight': 0.15, 'risk_weight': 0.1, 'reserved_weight': 0.1, 'sector_blacklist': ['Financial Services', 'Utilities'], 'required_columns': ['Open', 'High', 'Low', 'Close', 'Volume']}
2026-07-04 19:41:36,982 ERROR Scanner failed for 360ONE.NS: ['Open', 'High', 'Low', 'Close', 'Volume']
Traceback (most recent call last):
  File "/home/kumar/Downloads/workspace/stocks/scanner/scanner.py", line 85, in run_scanner
    df = download_history(ticker, config)
  File "/home/kumar/Downloads/workspace/stocks/scanner/data.py", line 41, in download_history
    return df.dropna(subset=["Open", "High", "Low", "Close", "Volume"]).copy()
  File "/home/kumar/Downloads/workspace/stocks/trading_env/lib/python3.8/site-packages/pandas/core/frame.py", line 6407, in dropna
    raise KeyError(np.array(subset)[check].tolist())
KeyError: ['Open', 'High', 'Low', 'Close', 'Volume']
2026-07-04 19:41:37,157 ERROR Scanner failed for 3MINDIA.NS: ['Open', 'High', 'Low', 'Close', 'Volume']
Traceback (most recent call last):
  File "/home/kumar/Downloads/workspace/stocks/scanner/scanner.py", line 85, in run_scanner
    df = download_history(ticker, config)
  File "/home/kumar/Downloads/workspace/stocks/scanner/data.py", line 41, in download_history
    return df.dropna(subset=["Open", "High", "Low", "Close", "Volume"]).copy()
  File "/home/kumar/Downloads/workspace/stocks/trading_env/lib/python3.8/site-packages/pandas/core/frame.py", line 6407, in dropna
    raise KeyError(np.array(subset)[check].tolist())
KeyError: ['Open', 'High', 'Low', 'Close', 'Volume']
2026-07-04 19:41:37,355 ERROR Scanner failed for ABB.NS: ['Open', 'High', 'Low', 'Close', 'Volume']
Traceback (most recent call last):
  File "/home/kumar/Downloads/workspace/stocks/scanner/scanner.py", line 85, in run_scanner
    df = download_history(ticker, config)
  File "/home/kumar/Downloads/workspace/stocks/scanner/data.py", line 41, in download_history
    return df.dropna(subset=["Open", "High", "Low", "Close", "Volume"]).copy()
  File "/home/kumar/Downloads/workspace/stocks/trading_env/lib/python3.8/site-packages/pandas/core/frame.py", line 6407, in dropna
    raise KeyError(np.array(subset)[check].tolist())
KeyError: ['Open', 'High', 'Low', 'Close', 'Volume']
2026-07-04 19:41:37,601 ERROR Scanner failed for ACC.NS: ['Open', 'High', 'Low', 'Close', 'Volume']
Traceback (most recent call last):
  File "/home/kumar/Downloads/workspace/stocks/scanner/scanner.py", line 85, in run_scanner
    df = download_history(ticker, config)
  File "/home/kumar/Downloads/workspace/stocks/scanner/data.py", line 41, in download_history
    return df.dropna(subset=["Open", "High", "Low", "Close", "Volume"]).copy()
  File "/home/kumar/Downloads/workspace/stocks/trading_env/lib/python3.8/site-packages/pandas/core/frame.py", line 6407, in dropna
    raise KeyError(np.array(subset)[check].tolist())
KeyError: ['Open', 'High', 'Low', 'Close', 'Volume']
2026-07-04 19:41:37,844 ERROR Scanner failed for ACMESOLAR.NS: ['Open', 'High', 'Low', 'Close', 'Volume']
Traceback (most recent call last):
  File "/home/kumar/Downloads/workspace/stocks/scanner/scanner.py", line 85, in run_scanner
    df = download_history(ticker, config)
  File "/home/kumar/Downloads/workspace/stocks/scanner/data.py", line 41, in download_history
    return df.dropna(subset=["Open", "High", "Low", "Close", "Volume"]).copy()
  File "/home/kumar/Downloads/workspace/stocks/trading_env/lib/python3.8/site-packages/pandas/core/frame.py", line 6407, in dropna
    raise KeyError(np.array(subset)[check].tolist())
KeyError: ['Open', 'High', 'Low', 'Close', 'Volume']
2026-07-04 19:41:38,029 ERROR Scanner failed for AIAENG.NS: ['Open', 'High', 'Low', 'Close', 'Volume']
Traceback (most recent call last):
  File "/home/kumar/Downloads/workspace/stocks/scanner/scanner.py", line 85, in run_scanner
    df = download_history(ticker, config)
  File "/home/kumar/Downloads/workspace/stocks/scanner/data.py", line 41, in download_history
    return df.dropna(subset=["Open", "High", "Low", "Close", "Volume"]).copy()
  File "/home/kumar/Downloads/workspace/stocks/trading_env/lib/python3.8/site-packages/pandas/core/frame.py", line 6407, in dropna
    raise KeyError(np.array(subset)[check].tolist())
KeyError: ['Open', 'High', 'Low', 'Close', 'Volume']
2026-07-04 19:41:38,264 ERROR Scanner failed for APLAPOLLO.NS: ['Open', 'High', 'Low', 'Close', 'Volume']
Traceback (most recent call last):
  File "/home/kumar/Downloads/workspace/stocks/scanner/scanner.py", line 85, in run_scanner
    df = download_history(ticker, config)
  File "/home/kumar/Downloads/workspace/stocks/scanner/data.py", line 41, in download_history
    return df.dropna(subset=["Open", "High", "Low", "Close", "Volume"]).copy()
  File "/home/kumar/Downloads/workspace/stocks/trading_env/lib/python3.8/site-packages/pandas/core/frame.py", line 6407, in dropna
    raise KeyError(np.array(subset)[check].tolist())
KeyError: ['Open', 'High', 'Low', 'Close', 'Volume']
2026-07-04 19:41:38,468 ERROR Scanner failed for AUBANK.NS: ['Open', 'High', 'Low', 'Close', 'Volume']
Traceback (most recent call last):
  File "/home/kumar/Downloads/workspace/stocks/scanner/scanner.py", line 85, in run_scanner
    df = download_history(ticker, config)
  File "/home/kumar/Downloads/workspace/stocks/scanner/data.py", line 41, in download_history
    return df.dropna(subset=["Open", "High", "Low", "Close", "Volume"]).copy()
  File "/home/kumar/Downloads/workspace/stocks/trading_env/lib/python3.8/site-packages/pandas/core/frame.py", line 6407, in dropna
    raise KeyError(np.array(subset)[check].tolist())
KeyError: ['Open', 'High', 'Low', 'Close', 'Volume']
2026-07-04 19:41:38,803 ERROR Scanner failed for AWL.NS: ['Open', 'High', 'Low', 'Close', 'Volume']
Traceback (most recent call last):
  File "/home/kumar/Downloads/workspace/stocks/scanner/scanner.py", line 85, in run_scanner
    df = download_history(ticker, config)
  File "/home/kumar/Downloads/workspace/stocks/scanner/data.py", line 41, in download_history
    return df.dropna(subset=["Open", "High", "Low", "Close", "Volume"]).copy()
  File "/home/kumar/Downloads/workspace/stocks/trading_env/lib/python3.8/site-packages/pandas/core/frame.py", line 6407, in dropna
    raise KeyError(np.array(subset)[check].tolist())
KeyError: ['Open', 'High', 'Low', 'Close', 'Volume']
2026-07-04 19:41:38,965 ERROR Scanner failed for AADHARHFC.NS: ['Open', 'High', 'Low', 'Close', 'Volume']
Traceback (most recent call last):
  File "/home/kumar/Downloads/workspace/stocks/scanner/scanner.py", line 85, in run_scanner
    df = download_history(ticker, config)
  File "/home/kumar/Downloads/workspace/stocks/scanner/data.py", line 41, in download_history
    return df.dropna(subset=["Open", "High", "Low", "Close", "Volume"]).copy()
  File "/home/kumar/Downloads/workspace/stocks/trading_env/lib/python3.8/site-packages/pandas/core/frame.py", line 6407, in dropna
    raise KeyError(np.array(subset)[check].tolist())
KeyError: ['Open', 'High', 'Low', 'Close', 'Volume']
2026-07-04 19:41:39,207 ERROR Scanner failed for AARTIIND.NS: ['Open', 'High', 'Low', 'Close', 'Volume']
Traceback (most recent call last):
  File "/home/kumar/Downloads/workspace/stocks/scanner/scanner.py", line 85, in run_scanner
    df = download_history(ticker, config)
  File "/home/kumar/Downloads/workspace/stocks/scanner/data.py", line 41, in download_history
    return df.dropna(subset=["Open", "High", "Low", "Close", "Volume"]).copy()
  File "/home/kumar/Downloads/workspace/stocks/trading_env/lib/python3.8/site-packages/pandas/core/frame.py", line 6407, in dropna
    raise KeyError(np.array(subset)[check].tolist())
KeyError: ['Open', 'High', 'Low', 'Close', 'Volume']
2026-07-04 19:41:39,444 ERROR Scanner failed for AAVAS.NS: ['Open', 'High', 'Low', 'Close', 'Volume']
Traceback (most recent call last):
  File "/home/kumar/Downloads/workspace/stocks/scanner/scanner.py", line 85, in run_scanner
    df = download_history(ticker, config)
  File "/home/kumar/Downloads/workspace/stocks/scanner/data.py", line 41, in download_history
    return df.dropna(subset=["Open", "High", "Low", "Close", "Volume"]).copy()
  File "/home/kumar/Downloads/workspace/stocks/trading_env/lib/python3.8/site-packages/pandas/core/frame.py", line 6407, in dropna
    raise KeyError(np.array(subset)[check].tolist())
KeyError: ['Open', 'High', 'Low', 'Close', 'Volume']
2026-07-04 19:41:39,783 ERROR Scanner failed for ABBOTINDIA.NS: ['Open', 'High', 'Low', 'Close', 'Volume']
Traceback (most recent call last):
  File "/home/kumar/Downloads/workspace/stocks/scanner/scanner.py", line 85, in run_scanner
    df = download_history(ticker, config)
  File "/home/kumar/Downloads/workspace/stocks/scanner/data.py", line 41, in download_history
    return df.dropna(subset=["Open", "High", "Low", "Close", "Volume"]).copy()
  File "/home/kumar/Downloads/workspace/stocks/trading_env/lib/python3.8/site-packages/pandas/core/frame.py", line 6407, in dropna
    raise KeyError(np.array(subset)[check].tolist())
KeyError: ['Open', 'High', 'Low', 'Close', 'Volume']
2026-07-04 19:41:40,077 ERROR Scanner failed for ACE.NS: ['Open', 'High', 'Low', 'Close', 'Volume']
Traceback (most recent call last):
  File "/home/kumar/Downloads/workspace/stocks/scanner/scanner.py", line 85, in run_scanner
    df = download_history(ticker, config)
  File "/home/kumar/Downloads/workspace/stocks/scanner/data.py", line 41, in download_history
    return df.dropna(subset=["Open", "High", "Low", "Close", "Volume"]).copy()
  File "/home/kumar/Downloads/workspace/stocks/trading_env/lib/python3.8/site-packages/pandas/core/frame.py", line 6407, in dropna
    raise KeyError(np.array(subset)[check].tolist())
KeyError: ['Open', 'High', 'Low', 'Close', 'Volume']
2026-07-04 19:41:40,389 ERROR Scanner failed for ACUTAAS.NS: ['Open', 'High', 'Low', 'Close', 'Volume']
Traceback (most recent call last):
  File "/home/kumar/Downloads/workspace/stocks/scanner/scanner.py", line 85, in run_scanner
    df = download_history(ticker, config)
  File "/home/kumar/Downloads/workspace/stocks/scanner/data.py", line 41, in download_history
    return df.dropna(subset=["Open", "High", "Low", "Close", "Volume"]).copy()
  File "/home/kumar/Downloads/workspace/stocks/trading_env/lib/python3.8/site-packages/pandas/core/frame.py", line 6407, in dropna
    raise KeyError(np.array(subset)[check].tolist())
KeyError: ['Open', 'High', 'Low', 'Close', 'Volume']
2026-07-04 19:41:40,559 ERROR Scanner failed for ADANIENSOL.NS: ['Open', 'High', 'Low', 'Close', 'Volume']
Traceback (most recent call last):
  File "/home/kumar/Downloads/workspace/stocks/scanner/scanner.py", line 85, in run_scanner
    df = download_history(ticker, config)
  File "/home/kumar/Downloads/workspace/stocks/scanner/data.py", line 41, in download_history
    return df.dropna(subset=["Open", "High", "Low", "Close", "Volume"]).copy()
  File "/home/kumar/Downloads/workspace/stocks/trading_env/lib/python3.8/site-packages/pandas/core/frame.py", line 6407, in dropna
    raise KeyError(np.array(subset)[check].tolist())
KeyError: ['Open', 'High', 'Low', 'Close', 'Volume']
2026-07-04 19:41:40,744 ERROR Scanner failed for ADANIENT.NS: ['Open', 'High', 'Low', 'Close', 'Volume']
Traceback (most recent call last):
  File "/home/kumar/Downloads/workspace/stocks/scanner/scanner.py", line 85, in run_scanner
    df = download_history(ticker, config)
  File "/home/kumar/Downloads/workspace/stocks/scanner/data.py", line 41, in download_history
    return df.dropna(subset=["Open", "High", "Low", "Close", "Volume"]).copy()
  File "/home/kumar/Downloads/workspace/stocks/trading_env/lib/python3.8/site-packages/pandas/core/frame.py", line 6407, in dropna
    raise KeyError(np.array(subset)[check].tolist())
KeyError: ['Open', 'High', 'Low', 'Close', 'Volume']
2026-07-04 19:41:40,964 ERROR Scanner failed for ADANIGREEN.NS: ['Open', 'High', 'Low', 'Close', 'Volume']
Traceback (most recent call last):
  File "/home/kumar/Downloads/workspace/stocks/scanner/scanner.py", line 85, in run_scanner
    df = download_history(ticker, config)
  File "/home/kumar/Downloads/workspace/stocks/scanner/data.py", line 41, in download_history
    return df.dropna(subset=["Open", "High", "Low", "Close", "Volume"]).copy()
  File "/home/kumar/Downloads/workspace/stocks/trading_env/lib/python3.8/site-packages/pandas/core/frame.py", line 6407, in dropna
    raise KeyError(np.array(subset)[check].tolist())
KeyError: ['Open', 'High', 'Low', 'Close', 'Volume']
2026-07-04 19:41:41,152 ERROR Scanner failed for ADANIPORTS.NS: ['Open', 'High', 'Low', 'Close', 'Volume']
Traceback (most recent call last):
  File "/home/kumar/Downloads/workspace/stocks/scanner/scanner.py", line 85, in run_scanner
    df = download_history(ticker, config)
  File "/home/kumar/Downloads/workspace/stocks/scanner/data.py", line 41, in download_history
    return df.dropna(subset=["Open", "High", "Low", "Close", "Volume"]).copy()
  File "/home/kumar/Downloads/workspace/stocks/trading_env/lib/python3.8/site-packages/pandas/core/frame.py", line 6407, in dropna
    raise KeyError(np.array(subset)[check].tolist())
KeyError: ['Open', 'High', 'Low', 'Close', 'Volume']
2026-07-04 19:41:41,333 ERROR Scanner failed for ADANIPOWER.NS: ['Open', 'High', 'Low', 'Close', 'Volume']
Traceback (most recent call last):
  File "/home/kumar/Downloads/workspace/stocks/scanner/scanner.py", line 85, in run_scanner
    df = download_history(ticker, config)
  File "/home/kumar/Downloads/workspace/stocks/scanner/data.py", line 41, in download_history
    return df.dropna(subset=["Open", "High", "Low", "Close", "Volume"]).copy()
  File "/home/kumar/Downloads/workspace/stocks/trading_env/lib/python3.8/site-packages/pandas/core/frame.py", line 6407, in dropna
    raise KeyError(np.array(subset)[check].tolist())
KeyError: ['Open', 'High', 'Low', 'Close', 'Volume']
2026-07-04 19:41:41,517 ERROR Scanner failed for ATGL.NS: ['Open', 'High', 'Low', 'Close', 'Volume']
Traceback (most recent call last):
  File "/home/kumar/Downloads/workspace/stocks/scanner/scanner.py", line 85, in run_scanner
    df = download_history(ticker, config)
  File "/home/kumar/Downloads/workspace/stocks/scanner/data.py", line 41, in download_history
    return df.dropna(subset=["Open", "High", "Low", "Close", "Volume"]).copy()
  File "/home/kumar/Downloads/workspace/stocks/trading_env/lib/python3.8/site-packages/pandas/core/frame.py", line 6407, in dropna
    raise KeyError(np.array(subset)[check].tolist())
KeyError: ['Open', 'High', 'Low', 'Close', 'Volume']
2026-07-04 19:41:41,729 ERROR Scanner failed for ABCAPITAL.NS: ['Open', 'High', 'Low', 'Close', 'Volume']
Traceback (most recent call last):
  File "/home/kumar/Downloads/workspace/stocks/scanner/scanner.py", line 85, in run_scanner
    df = download_history(ticker, config)
  File "/home/kumar/Downloads/workspace/stocks/scanner/data.py", line 41, in download_history
    return df.dropna(subset=["Open", "High", "Low", "Close", "Volume"]).copy()
  File "/home/kumar/Downloads/workspace/stocks/trading_env/lib/python3.8/site-packages/pandas/core/frame.py", line 6407, in dropna
    raise KeyError(np.array(subset)[check].tolist())
KeyError: ['Open', 'High', 'Low', 'Close', 'Volume']
2026-07-04 19:41:41,918 ERROR Scanner failed for ABFRL.NS: ['Open', 'High', 'Low', 'Close', 'Volume']
Traceback (most recent call last):
  File "/home/kumar/Downloads/workspace/stocks/scanner/scanner.py", line 85, in run_scanner
    df = download_history(ticker, config)
  File "/home/kumar/Downloads/workspace/stocks/scanner/data.py", line 41, in download_history
    return df.dropna(subset=["Open", "High", "Low", "Close", "Volume"]).copy()
  File "/home/kumar/Downloads/workspace/stocks/trading_env/lib/python3.8/site-packages/pandas/core/frame.py", line 6407, in dropna
    raise KeyError(np.array(subset)[check].tolist())
KeyError: ['Open', 'High', 'Low', 'Close', 'Volume']
2026-07-04 19:41:42,177 ERROR Scanner failed for ABLBL.NS: ['Open', 'High', 'Low', 'Close', 'Volume']
Traceback (most recent call last):
  File "/home/kumar/Downloads/workspace/stocks/scanner/scanner.py", line 85, in run_scanner
    df = download_history(ticker, config)
  File "/home/kumar/Downloads/workspace/stocks/scanner/data.py", line 41, in download_history
    return df.dropna(subset=["Open", "High", "Low", "Close", "Volume"]).copy()
  File "/home/kumar/Downloads/workspace/stocks/trading_env/lib/python3.8/site-packages/pandas/core/frame.py", line 6407, in dropna
    raise KeyError(np.array(subset)[check].tolist())
KeyError: ['Open', 'High', 'Low', 'Close', 'Volume']
2026-07-04 19:41:42,385 ERROR Scanner failed for ABREL.NS: ['Open', 'High', 'Low', 'Close', 'Volume']
Traceback (most recent call last):
  File "/home/kumar/Downloads/workspace/stocks/scanner/scanner.py", line 85, in run_scanner
    df = download_history(ticker, config)
  File "/home/kumar/Downloads/workspace/stocks/scanner/data.py", line 41, in download_history
    return df.dropna(subset=["Open", "High", "Low", "Close", "Volume"]).copy()
  File "/home/kumar/Downloads/workspace/stocks/trading_env/lib/python3.8/site-packages/pandas/core/frame.py", line 6407, in dropna
    raise KeyError(np.array(subset)[check].tolist())
KeyError: ['Open', 'High', 'Low', 'Close', 'Volume']
2026-07-04 19:41:42,603 ERROR Scanner failed for ABSLAMC.NS: ['Open', 'High', 'Low', 'Close', 'Volume']
Traceback (most recent call last):
  File "/home/kumar/Downloads/workspace/stocks/scanner/scanner.py", line 85, in run_scanner
    df = download_history(ticker, config)
  File "/home/kumar/Downloads/workspace/stocks/scanner/data.py", line 41, in download_history
    return df.dropna(subset=["Open", "High", "Low", "Close", "Volume"]).copy()
  File "/home/kumar/Downloads/workspace/stocks/trading_env/lib/python3.8/site-packages/pandas/core/frame.py", line 6407, in dropna
    raise KeyError(np.array(subset)[check].tolist())
KeyError: ['Open', 'High', 'Low', 'Close', 'Volume']
2026-07-04 19:41:42,757 ERROR Scanner failed for CPPLUS.NS: ['Open', 'High', 'Low', 'Close', 'Volume']
Traceback (most recent call last):
  File "/home/kumar/Downloads/workspace/stocks/scanner/scanner.py", line 85, in run_scanner
    df = download_history(ticker, config)
  File "/home/kumar/Downloads/workspace/stocks/scanner/data.py", line 41, in download_history
    return df.dropna(subset=["Open", "High", "Low", "Close", "Volume"]).copy()
  File "/home/kumar/Downloads/workspace/stocks/trading_env/lib/python3.8/site-packages/pandas/core/frame.py", line 6407, in dropna
    raise KeyError(np.array(subset)[check].tolist())
KeyError: ['Open', 'High', 'Low', 'Close', 'Volume']
2026-07-04 19:41:42,960 ERROR Scanner failed for AEGISLOG.NS: ['Open', 'High', 'Low', 'Close', 'Volume']
Traceback (most recent call last):
  File "/home/kumar/Downloads/workspace/stocks/scanner/scanner.py", line 85, in run_scanner
    df = download_history(ticker, config)
  File "/home/kumar/Downloads/workspace/stocks/scanner/data.py", line 41, in download_history
    return df.dropna(subset=["Open", "High", "Low", "Close", "Volume"]).copy()
  File "/home/kumar/Downloads/workspace/stocks/trading_env/lib/python3.8/site-packages/pandas/core/frame.py", line 6407, in dropna
    raise KeyError(np.array(subset)[check].tolist())
KeyError: ['Open', 'High', 'Low', 'Close', 'Volume']
2026-07-04 19:41:43,160 ERROR Scanner failed for AEGISVOPAK.NS: ['Open', 'High', 'Low', 'Close', 'Volume']
Traceback (most recent call last):
  File "/home/kumar/Downloads/workspace/stocks/scanner/scanner.py", line 85, in run_scanner
    df = download_history(ticker, config)
  File "/home/kumar/Downloads/workspace/stocks/scanner/data.py", line 41, in download_history
    return df.dropna(subset=["Open", "High", "Low", "Close", "Volume"]).copy()
  File "/home/kumar/Downloads/workspace/stocks/trading_env/lib/python3.8/site-packages/pandas/core/frame.py", line 6407, in dropna
    raise KeyError(np.array(subset)[check].tolist())
KeyError: ['Open', 'High', 'Low', 'Close', 'Volume']
2026-07-04 19:41:43,317 ERROR Scanner failed for AFCONS.NS: ['Open', 'High', 'Low', 'Close', 'Volume']
Traceback (most recent call last):
  File "/home/kumar/Downloads/workspace/stocks/scanner/scanner.py", line 85, in run_scanner
    df = download_history(ticker, config)
  File "/home/kumar/Downloads/workspace/stocks/scanner/data.py", line 41, in download_history
    return df.dropna(subset=["Open", "High", "Low", "Close", "Volume"]).copy()
  File "/home/kumar/Downloads/workspace/stocks/trading_env/lib/python3.8/site-packages/pandas/core/frame.py", line 6407, in dropna
    raise KeyError(np.array(subset)[check].tolist())
KeyError: ['Open', 'High', 'Low', 'Close', 'Volume']
2026-07-04 19:41:43,489 ERROR Scanner failed for AFFLE.NS: ['Open', 'High', 'Low', 'Close', 'Volume']
Traceback (most recent call last):
  File "/home/kumar/Downloads/workspace/stocks/scanner/scanner.py", line 85, in run_scanner
    df = download_history(ticker, config)
  File "/home/kumar/Downloads/workspace/stocks/scanner/data.py", line 41, in download_history
    return df.dropna(subset=["Open", "High", "Low", "Close", "Volume"]).copy()
  File "/home/kumar/Downloads/workspace/stocks/trading_env/lib/python3.8/site-packages/pandas/core/frame.py", line 6407, in dropna
    raise KeyError(np.array(subset)[check].tolist())
KeyError: ['Open', 'High', 'Low', 'Close', 'Volume']
2026-07-04 19:41:43,748 ERROR Scanner failed for AJANTPHARM.NS: ['Open', 'High', 'Low', 'Close', 'Volume']
Traceback (most recent call last):
  File "/home/kumar/Downloads/workspace/stocks/scanner/scanner.py", line 85, in run_scanner
    df = download_history(ticker, config)
  File "/home/kumar/Downloads/workspace/stocks/scanner/data.py", line 41, in download_history
    return df.dropna(subset=["Open", "High", "Low", "Close", "Volume"]).copy()
  File "/home/kumar/Downloads/workspace/stocks/trading_env/lib/python3.8/site-packages/pandas/core/frame.py", line 6407, in dropna
    raise KeyError(np.array(subset)[check].tolist())
KeyError: ['Open', 'High', 'Low', 'Close', 'Volume']
2026-07-04 19:41:43,935 ERROR Scanner failed for ALKEM.NS: ['Open', 'High', 'Low', 'Close', 'Volume']
Traceback (most recent call last):
  File "/home/kumar/Downloads/workspace/stocks/scanner/scanner.py", line 85, in run_scanner
    df = download_history(ticker, config)
  File "/home/kumar/Downloads/workspace/stocks/scanner/data.py", line 41, in download_history
    return df.dropna(subset=["Open", "High", "Low", "Close", "Volume"]).copy()
  File "/home/kumar/Downloads/workspace/stocks/trading_env/lib/python3.8/site-packages/pandas/core/frame.py", line 6407, in dropna
    raise KeyError(np.array(subset)[check].tolist())
KeyError: ['Open', 'High', 'Low', 'Close', 'Volume']
2026-07-04 19:41:44,109 ERROR Scanner failed for ABDL.NS: ['Open', 'High', 'Low', 'Close', 'Volume']
Traceback (most recent call last):
  File "/home/kumar/Downloads/workspace/stocks/scanner/scanner.py", line 85, in run_scanner
    df = download_history(ticker, config)
  File "/home/kumar/Downloads/workspace/stocks/scanner/data.py", line 41, in download_history
    return df.dropna(subset=["Open", "High", "Low", "Close", "Volume"]).copy()
  File "/home/kumar/Downloads/workspace/stocks/trading_env/lib/python3.8/site-packages/pandas/core/frame.py", line 6407, in dropna
    raise KeyError(np.array(subset)[check].tolist())
KeyError: ['Open', 'High', 'Low', 'Close', 'Volume']
2026-07-04 19:41:44,302 ERROR Scanner failed for ARE&M.NS: ['Open', 'High', 'Low', 'Close', 'Volume']
Traceback (most recent call last):
  File "/home/kumar/Downloads/workspace/stocks/scanner/scanner.py", line 85, in run_scanner
    df = download_history(ticker, config)
  File "/home/kumar/Downloads/workspace/stocks/scanner/data.py", line 41, in download_history
    return df.dropna(subset=["Open", "High", "Low", "Close", "Volume"]).copy()
  File "/home/kumar/Downloads/workspace/stocks/trading_env/lib/python3.8/site-packages/pandas/core/frame.py", line 6407, in dropna
    raise KeyError(np.array(subset)[check].tolist())
KeyError: ['Open', 'High', 'Low', 'Close', 'Volume']
2026-07-04 19:41:44,530 ERROR Scanner failed for AMBER.NS: ['Open', 'High', 'Low', 'Close', 'Volume']
Traceback (most recent call last):
  File "/home/kumar/Downloads/workspace/stocks/scanner/scanner.py", line 85, in run_scanner
    df = download_history(ticker, config)
  File "/home/kumar/Downloads/workspace/stocks/scanner/data.py", line 41, in download_history
    return df.dropna(subset=["Open", "High", "Low", "Close", "Volume"]).copy()
  File "/home/kumar/Downloads/workspace/stocks/trading_env/lib/python3.8/site-packages/pandas/core/frame.py", line 6407, in dropna
    raise KeyError(np.array(subset)[check].tolist())
KeyError: ['Open', 'High', 'Low', 'Close', 'Volume']
2026-07-04 19:41:44,738 ERROR Scanner failed for AMBUJACEM.NS: ['Open', 'High', 'Low', 'Close', 'Volume']
Traceback (most recent call last):
  File "/home/kumar/Downloads/workspace/stocks/scanner/scanner.py", line 85, in run_scanner
    df = download_history(ticker, config)
  File "/home/kumar/Downloads/workspace/stocks/scanner/data.py", line 41, in download_history
    return df.dropna(subset=["Open", "High", "Low", "Close", "Volume"]).copy()
  File "/home/kumar/Downloads/workspace/stocks/trading_env/lib/python3.8/site-packages/pandas/core/frame.py", line 6407, in dropna
    raise KeyError(np.array(subset)[check].tolist())
KeyError: ['Open', 'High', 'Low', 'Close', 'Volume']
2026-07-04 19:41:44,992 ERROR Scanner failed for ANANDRATHI.NS: ['Open', 'High', 'Low', 'Close', 'Volume']
Traceback (most recent call last):
  File "/home/kumar/Downloads/workspace/stocks/scanner/scanner.py", line 85, in run_scanner
    df = download_history(ticker, config)
  File "/home/kumar/Downloads/workspace/stocks/scanner/data.py", line 41, in download_history
    return df.dropna(subset=["Open", "High", "Low", "Close", "Volume"]).copy()
  File "/home/kumar/Downloads/workspace/stocks/trading_env/lib/python3.8/site-packages/pandas/core/frame.py", line 6407, in dropna
    raise KeyError(np.array(subset)[check].tolist())
KeyError: ['Open', 'High', 'Low', 'Close', 'Volume']
2026-07-04 19:41:45,238 ERROR Scanner failed for ANANTRAJ.NS: ['Open', 'High', 'Low', 'Close', 'Volume']
Traceback (most recent call last):
  File "/home/kumar/Downloads/workspace/stocks/scanner/scanner.py", line 85, in run_scanner
    df = download_history(ticker, config)
  File "/home/kumar/Downloads/workspace/stocks/scanner/data.py", line 41, in download_history
    return df.dropna(subset=["Open", "High", "Low", "Close", "Volume"]).copy()
  File "/home/kumar/Downloads/workspace/stocks/trading_env/lib/python3.8/site-packages/pandas/core/frame.py", line 6407, in dropna
    raise KeyError(np.array(subset)[check].tolist())
KeyError: ['Open', 'High', 'Low', 'Close', 'Volume']
2026-07-04 19:41:45,497 ERROR Scanner failed for ANGELONE.NS: ['Open', 'High', 'Low', 'Close', 'Volume']
Traceback (most recent call last):
  File "/home/kumar/Downloads/workspace/stocks/scanner/scanner.py", line 85, in run_scanner
    df = download_history(ticker, config)
  File "/home/kumar/Downloads/workspace/stocks/scanner/data.py", line 41, in download_history
    return df.dropna(subset=["Open", "High", "Low", "Close", "Volume"]).copy()
  File "/home/kumar/Downloads/workspace/stocks/trading_env/lib/python3.8/site-packages/pandas/core/frame.py", line 6407, in dropna
    raise KeyError(np.array(subset)[check].tolist())
KeyError: ['Open', 'High', 'Low', 'Close', 'Volume']
2026-07-04 19:41:45,642 ERROR Scanner failed for ANTHEM.NS: ['Open', 'High', 'Low', 'Close', 'Volume']
Traceback (most recent call last):
  File "/home/kumar/Downloads/workspace/stocks/scanner/scanner.py", line 85, in run_scanner
    df = download_history(ticker, config)
  File "/home/kumar/Downloads/workspace/stocks/scanner/data.py", line 41, in download_history
    return df.dropna(subset=["Open", "High", "Low", "Close", "Volume"]).copy()
  File "/home/kumar/Downloads/workspace/stocks/trading_env/lib/python3.8/site-packages/pandas/core/frame.py", line 6407, in dropna
    raise KeyError(np.array(subset)[check].tolist())
KeyError: ['Open', 'High', 'Low', 'Close', 'Volume']
2026-07-04 19:41:46,030 ERROR Scanner failed for ANURAS.NS: ['Open', 'High', 'Low', 'Close', 'Volume']
Traceback (most recent call last):
  File "/home/kumar/Downloads/workspace/stocks/scanner/scanner.py", line 85, in run_scanner
    df = download_history(ticker, config)
  File "/home/kumar/Downloads/workspace/stocks/scanner/data.py", line 41, in download_history
    return df.dropna(subset=["Open", "High", "Low", "Close", "Volume"]).copy()
  File "/home/kumar/Downloads/workspace/stocks/trading_env/lib/python3.8/site-packages/pandas/core/frame.py", line 6407, in dropna
    raise KeyError(np.array(subset)[check].tolist())
KeyError: ['Open', 'High', 'Low', 'Close', 'Volume']
2026-07-04 19:41:46,227 ERROR Scanner failed for APARINDS.NS: ['Open', 'High', 'Low', 'Close', 'Volume']
Traceback (most recent call last):
  File "/home/kumar/Downloads/workspace/stocks/scanner/scanner.py", line 85, in run_scanner
    df = download_history(ticker, config)
  File "/home/kumar/Downloads/workspace/stocks/scanner/data.py", line 41, in download_history
    return df.dropna(subset=["Open", "High", "Low", "Close", "Volume"]).copy()
  File "/home/kumar/Downloads/workspace/stocks/trading_env/lib/python3.8/site-packages/pandas/core/frame.py", line 6407, in dropna
    raise KeyError(np.array(subset)[check].tolist())
KeyError: ['Open', 'High', 'Low', 'Close', 'Volume']
2026-07-04 19:41:46,457 ERROR Scanner failed for APOLLOHOSP.NS: ['Open', 'High', 'Low', 'Close', 'Volume']
Traceback (most recent call last):
  File "/home/kumar/Downloads/workspace/stocks/scanner/scanner.py", line 85, in run_scanner
    df = download_history(ticker, config)
  File "/home/kumar/Downloads/workspace/stocks/scanner/data.py", line 41, in download_history
    return df.dropna(subset=["Open", "High", "Low", "Close", "Volume"]).copy()
  File "/home/kumar/Downloads/workspace/stocks/trading_env/lib/python3.8/site-packages/pandas/core/frame.py", line 6407, in dropna
    raise KeyError(np.array(subset)[check].tolist())
KeyError: ['Open', 'High', 'Low', 'Close', 'Volume']
2026-07-04 19:41:46,647 ERROR Scanner failed for APOLLOTYRE.NS: ['Open', 'High', 'Low', 'Close', 'Volume']
Traceback (most recent call last):
  File "/home/kumar/Downloads/workspace/stocks/scanner/scanner.py", line 85, in run_scanner
    df = download_history(ticker, config)
  File "/home/kumar/Downloads/workspace/stocks/scanner/data.py", line 41, in download_history
    return df.dropna(subset=["Open", "High", "Low", "Close", "Volume"]).copy()
  File "/home/kumar/Downloads/workspace/stocks/trading_env/lib/python3.8/site-packages/pandas/core/frame.py", line 6407, in dropna
    raise KeyError(np.array(subset)[check].tolist())
KeyError: ['Open', 'High', 'Low', 'Close', 'Volume']
2026-07-04 19:41:46,824 ERROR Scanner failed for APTUS.NS: ['Open', 'High', 'Low', 'Close', 'Volume']
Traceback (most recent call last):
  File "/home/kumar/Downloads/workspace/stocks/scanner/scanner.py", line 85, in run_scanner
    df = download_history(ticker, config)
  File "/home/kumar/Downloads/workspace/stocks/scanner/data.py", line 41, in download_history
    return df.dropna(subset=["Open", "High", "Low", "Close", "Volume"]).copy()
  File "/home/kumar/Downloads/workspace/stocks/trading_env/lib/python3.8/site-packages/pandas/core/frame.py", line 6407, in dropna
    raise KeyError(np.array(subset)[check].tolist())
KeyError: ['Open', 'High', 'Low', 'Close', 'Volume']
2026-07-04 19:41:47,032 ERROR Scanner failed for ASAHIINDIA.NS: ['Open', 'High', 'Low', 'Close', 'Volume']
Traceback (most recent call last):
  File "/home/kumar/Downloads/workspace/stocks/scanner/scanner.py", line 85, in run_scanner
    df = download_history(ticker, config)
  File "/home/kumar/Downloads/workspace/stocks/scanner/data.py", line 41, in download_history
    return df.dropna(subset=["Open", "High", "Low", "Close", "Volume"]).copy()
  File "/home/kumar/Downloads/workspace/stocks/trading_env/lib/python3.8/site-packages/pandas/core/frame.py", line 6407, in dropna
    raise KeyError(np.array(subset)[check].tolist())
KeyError: ['Open', 'High', 'Low', 'Close', 'Volume']
2026-07-04 19:41:47,270 ERROR Scanner failed for ASHOKLEY.NS: ['Open', 'High', 'Low', 'Close', 'Volume']
Traceback (most recent call last):
  File "/home/kumar/Downloads/workspace/stocks/scanner/scanner.py", line 85, in run_scanner
    df = download_history(ticker, config)
  File "/home/kumar/Downloads/workspace/stocks/scanner/data.py", line 41, in download_history
    return df.dropna(subset=["Open", "High", "Low", "Close", "Volume"]).copy()
  File "/home/kumar/Downloads/workspace/stocks/trading_env/lib/python3.8/site-packages/pandas/core/frame.py", line 6407, in dropna
    raise KeyError(np.array(subset)[check].tolist())
KeyError: ['Open', 'High', 'Low', 'Close', 'Volume']
2026-07-04 19:41:47,758 ERROR Scanner failed for ASIANPAINT.NS: ['Open', 'High', 'Low', 'Close', 'Volume']
Traceback (most recent call last):
  File "/home/kumar/Downloads/workspace/stocks/scanner/scanner.py", line 85, in run_scanner
    df = download_history(ticker, config)
  File "/home/kumar/Downloads/workspace/stocks/scanner/data.py", line 41, in download_history
    return df.dropna(subset=["Open", "High", "Low", "Close", "Volume"]).copy()
  File "/home/kumar/Downloads/workspace/stocks/trading_env/lib/python3.8/site-packages/pandas/core/frame.py", line 6407, in dropna
    raise KeyError(np.array(subset)[check].tolist())
KeyError: ['Open', 'High', 'Low', 'Close', 'Volume']
2026-07-04 19:41:48,214 ERROR Scanner failed for ASTERDM.NS: ['Open', 'High', 'Low', 'Close', 'Volume']
Traceback (most recent call last):
  File "/home/kumar/Downloads/workspace/stocks/scanner/scanner.py", line 85, in run_scanner
    df = download_history(ticker, config)
  File "/home/kumar/Downloads/workspace/stocks/scanner/data.py", line 41, in download_history
    return df.dropna(subset=["Open", "High", "Low", "Close", "Volume"]).copy()
  File "/home/kumar/Downloads/workspace/stocks/trading_env/lib/python3.8/site-packages/pandas/core/frame.py", line 6407, in dropna
    raise KeyError(np.array(subset)[check].tolist())
KeyError: ['Open', 'High', 'Low', 'Close', 'Volume']
2026-07-04 19:41:48,795 ERROR Scanner failed for ASTRAL.NS: ['Open', 'High', 'Low', 'Close', 'Volume']
Traceback (most recent call last):
  File "/home/kumar/Downloads/workspace/stocks/scanner/scanner.py", line 85, in run_scanner
    df = download_history(ticker, config)
  File "/home/kumar/Downloads/workspace/stocks/scanner/data.py", line 41, in download_history
    return df.dropna(subset=["Open", "High", "Low", "Close", "Volume"]).copy()
  File "/home/kumar/Downloads/workspace/stocks/trading_env/lib/python3.8/site-packages/pandas/core/frame.py", line 6407, in dropna
    raise KeyError(np.array(subset)[check].tolist())
KeyError: ['Open', 'High', 'Low', 'Close', 'Volume']
2026-07-04 19:41:49,208 ERROR Scanner failed for ATHERENERG.NS: ['Open', 'High', 'Low', 'Close', 'Volume']
Traceback (most recent call last):
  File "/home/kumar/Downloads/workspace/stocks/scanner/scanner.py", line 85, in run_scanner
    df = download_history(ticker, config)
  File "/home/kumar/Downloads/workspace/stocks/scanner/data.py", line 41, in download_history
    return df.dropna(subset=["Open", "High", "Low", "Close", "Volume"]).copy()
  File "/home/kumar/Downloads/workspace/stocks/trading_env/lib/python3.8/site-packages/pandas/core/frame.py", line 6407, in dropna
    raise KeyError(np.array(subset)[check].tolist())
KeyError: ['Open', 'High', 'Low', 'Close', 'Volume']
2026-07-04 19:41:49,442 ERROR Scanner failed for ATUL.NS: ['Open', 'High', 'Low', 'Close', 'Volume']
Traceback (most recent call last):
  File "/home/kumar/Downloads/workspace/stocks/scanner/scanner.py", line 85, in run_scanner
    df = download_history(ticker, config)
  File "/home/kumar/Downloads/workspace/stocks/scanner/data.py", line 41, in download_history
    return df.dropna(subset=["Open", "High", "Low", "Close", "Volume"]).copy()
  File "/home/kumar/Downloads/workspace/stocks/trading_env/lib/python3.8/site-packages/pandas/core/frame.py", line 6407, in dropna
    raise KeyError(np.array(subset)[check].tolist())
KeyError: ['Open', 'High', 'Low', 'Close', 'Volume']
2026-07-04 19:41:50,236 ERROR HTTP Error 401: {"finance":{"result":null,"error":{"code":"Unauthorized","description":"User is unable to access this feature - https://bit.ly/yahoo-finance-api-feedback"}}}
2026-07-04 19:41:50,238 ERROR HTTP Error 401: {"finance":{"result":null,"error":{"code":"Unauthorized","description":"User is unable to access this feature - https://bit.ly/yahoo-finance-api-feedback"}}}
2026-07-04 19:41:50,240 ERROR HTTP Error 401: {"finance":{"result":null,"error":{"code":"Unauthorized","description":"User is unable to access this feature - https://bit.ly/yahoo-finance-api-feedback"}}}
2026-07-04 19:41:50,240 ERROR HTTP Error 401: {"finance":{"result":null,"error":{"code":"Unauthorized","description":"User is unable to access this feature - https://bit.ly/yahoo-finance-api-feedback"}}}
2026-07-04 19:41:50,242 ERROR HTTP Error 401: {"finance":{"result":null,"error":{"code":"Unauthorized","description":"User is unable to access this feature - https://bit.ly/yahoo-finance-api-feedback"}}}
2026-07-04 19:41:50,242 ERROR HTTP Error 401: {"finance":{"result":null,"error":{"code":"Unauthorized","description":"User is unable to access this feature - https://bit.ly/yahoo-finance-api-feedback"}}}
2026-07-04 19:41:50,244 ERROR HTTP Error 401: {"finance":{"result":null,"error":{"code":"Unauthorized","description":"User is unable to access this feature - https://bit.ly/yahoo-finance-api-feedback"}}}
2026-07-04 19:41:50,247 ERROR HTTP Error 401: {"finance":{"result":null,"error":{"code":"Unauthorized","description":"User is unable to access this feature - https://bit.ly/yahoo-finance-api-feedback"}}}
2026-07-04 19:41:50,265 ERROR HTTP Error 401: {"finance":{"result":null,"error":{"code":"Unauthorized","description":"User is unable to access this feature - https://bit.ly/yahoo-finance-api-feedback"}}}
2026-07-04 19:41:50,468 ERROR Scanner failed for AUROPHARMA.NS: ['Open', 'High', 'Low', 'Close', 'Volume']
Traceback (most recent call last):
  File "/home/kumar/Downloads/workspace/stocks/scanner/scanner.py", line 85, in run_scanner
    df = download_history(ticker, config)
  File "/home/kumar/Downloads/workspace/stocks/scanner/data.py", line 41, in download_history
    return df.dropna(subset=["Open", "High", "Low", "Close", "Volume"]).copy()
  File "/home/kumar/Downloads/workspace/stocks/trading_env/lib/python3.8/site-packages/pandas/core/frame.py", line 6407, in dropna
    raise KeyError(np.array(subset)[check].tolist())
KeyError: ['Open', 'High', 'Low', 'Close', 'Volume']
2026-07-04 19:41:51,013 ERROR Scanner failed for AIIL.NS: ['Open', 'High', 'Low', 'Close', 'Volume']
Traceback (most recent call last):
  File "/home/kumar/Downloads/workspace/stocks/scanner/scanner.py", line 85, in run_scanner
    df = download_history(ticker, config)
  File "/home/kumar/Downloads/workspace/stocks/scanner/data.py", line 41, in download_history
    return df.dropna(subset=["Open", "High", "Low", "Close", "Volume"]).copy()
  File "/home/kumar/Downloads/workspace/stocks/trading_env/lib/python3.8/site-packages/pandas/core/frame.py", line 6407, in dropna
    raise KeyError(np.array(subset)[check].tolist())
KeyError: ['Open', 'High', 'Low', 'Close', 'Volume']
2026-07-04 19:41:51,182 ERROR Scanner failed for DMART.NS: ['Open', 'High', 'Low', 'Close', 'Volume']
Traceback (most recent call last):
  File "/home/kumar/Downloads/workspace/stocks/scanner/scanner.py", line 85, in run_scanner
    df = download_history(ticker, config)
  File "/home/kumar/Downloads/workspace/stocks/scanner/data.py", line 41, in download_history
    return df.dropna(subset=["Open", "High", "Low", "Close", "Volume"]).copy()
  File "/home/kumar/Downloads/workspace/stocks/trading_env/lib/python3.8/site-packages/pandas/core/frame.py", line 6407, in dropna
    raise KeyError(np.array(subset)[check].tolist())
KeyError: ['Open', 'High', 'Low', 'Close', 'Volume']
2026-07-04 19:41:51,592 ERROR HTTP Error 401: {"finance":{"result":null,"error":{"code":"Unauthorized","description":"User is unable to access this feature - https://bit.ly/yahoo-finance-api-feedback"}}}
2026-07-04 19:41:51,742 ERROR Scanner failed for AXISBANK.NS: ['Open', 'High', 'Low', 'Close', 'Volume']
Traceback (most recent call last):
  File "/home/kumar/Downloads/workspace/stocks/scanner/scanner.py", line 85, in run_scanner
    df = download_history(ticker, config)
  File "/home/kumar/Downloads/workspace/stocks/scanner/data.py", line 41, in download_history
    return df.dropna(subset=["Open", "High", "Low", "Close", "Volume"]).copy()
  File "/home/kumar/Downloads/workspace/stocks/trading_env/lib/python3.8/site-packages/pandas/core/frame.py", line 6407, in dropna
    raise KeyError(np.array(subset)[check].tolist())
KeyError: ['Open', 'High', 'Low', 'Close', 'Volume']
2026-07-04 19:41:51,994 ERROR Scanner failed for BEML.NS: ['Open', 'High', 'Low', 'Close', 'Volume']
Traceback (most recent call last):
  File "/home/kumar/Downloads/workspace/stocks/scanner/scanner.py", line 85, in run_scanner
    df = download_history(ticker, config)
  File "/home/kumar/Downloads/workspace/stocks/scanner/data.py", line 41, in download_history
    return df.dropna(subset=["Open", "High", "Low", "Close", "Volume"]).copy()
  File "/home/kumar/Downloads/workspace/stocks/trading_env/lib/python3.8/site-packages/pandas/core/frame.py", line 6407, in dropna
    raise KeyError(np.array(subset)[check].tolist())
KeyError: ['Open', 'High', 'Low', 'Close', 'Volume']
2026-07-04 19:41:52,223 ERROR Scanner failed for BLS.NS: ['Open', 'High', 'Low', 'Close', 'Volume']
Traceback (most recent call last):
  File "/home/kumar/Downloads/workspace/stocks/scanner/scanner.py", line 85, in run_scanner
    df = download_history(ticker, config)
  File "/home/kumar/Downloads/workspace/stocks/scanner/data.py", line 41, in download_history
    return df.dropna(subset=["Open", "High", "Low", "Close", "Volume"]).copy()
  File "/home/kumar/Downloads/workspace/stocks/trading_env/lib/python3.8/site-packages/pandas/core/frame.py", line 6407, in dropna
    raise KeyError(np.array(subset)[check].tolist())
KeyError: ['Open', 'High', 'Low', 'Close', 'Volume']
2026-07-04 19:41:52,422 ERROR Scanner failed for BSE.NS: ['Open', 'High', 'Low', 'Close', 'Volume']
Traceback (most recent call last):
  File "/home/kumar/Downloads/workspace/stocks/scanner/scanner.py", line 85, in run_scanner
    df = download_history(ticker, config)
  File "/home/kumar/Downloads/workspace/stocks/scanner/data.py", line 41, in download_history
    return df.dropna(subset=["Open", "High", "Low", "Close", "Volume"]).copy()
  File "/home/kumar/Downloads/workspace/stocks/trading_env/lib/python3.8/site-packages/pandas/core/frame.py", line 6407, in dropna
    raise KeyError(np.array(subset)[check].tolist())
KeyError: ['Open', 'High', 'Low', 'Close', 'Volume']
2026-07-04 19:41:52,612 ERROR Scanner failed for BAJAJ-AUTO.NS: ['Open', 'High', 'Low', 'Close', 'Volume']
Traceback (most recent call last):
  File "/home/kumar/Downloads/workspace/stocks/scanner/scanner.py", line 85, in run_scanner
    df = download_history(ticker, config)
  File "/home/kumar/Downloads/workspace/stocks/scanner/data.py", line 41, in download_history
    return df.dropna(subset=["Open", "High", "Low", "Close", "Volume"]).copy()
  File "/home/kumar/Downloads/workspace/stocks/trading_env/lib/python3.8/site-packages/pandas/core/frame.py", line 6407, in dropna
    raise KeyError(np.array(subset)[check].tolist())
KeyError: ['Open', 'High', 'Low', 'Close', 'Volume']
2026-07-04 19:41:52,821 ERROR Scanner failed for BAJFINANCE.NS: ['Open', 'High', 'Low', 'Close', 'Volume']
Traceback (most recent call last):
  File "/home/kumar/Downloads/workspace/stocks/scanner/scanner.py", line 85, in run_scanner
    df = download_history(ticker, config)
  File "/home/kumar/Downloads/workspace/stocks/scanner/data.py", line 41, in download_history
    return df.dropna(subset=["Open", "High", "Low", "Close", "Volume"]).copy()
  File "/home/kumar/Downloads/workspace/stocks/trading_env/lib/python3.8/site-packages/pandas/core/frame.py", line 6407, in dropna
    raise KeyError(np.array(subset)[check].tolist())
KeyError: ['Open', 'High', 'Low', 'Close', 'Volume']
2026-07-04 19:41:53,009 ERROR Scanner failed for BAJAJFINSV.NS: ['Open', 'High', 'Low', 'Close', 'Volume']
Traceback (most recent call last):
  File "/home/kumar/Downloads/workspace/stocks/scanner/scanner.py", line 85, in run_scanner
    df = download_history(ticker, config)
  File "/home/kumar/Downloads/workspace/stocks/scanner/data.py", line 41, in download_history
    return df.dropna(subset=["Open", "High", "Low", "Close", "Volume"]).copy()
  File "/home/kumar/Downloads/workspace/stocks/trading_env/lib/python3.8/site-packages/pandas/core/frame.py", line 6407, in dropna
    raise KeyError(np.array(subset)[check].tolist())
KeyError: ['Open', 'High', 'Low', 'Close', 'Volume']
2026-07-04 19:41:53,205 ERROR Scanner failed for BAJAJHLDNG.NS: ['Open', 'High', 'Low', 'Close', 'Volume']
Traceback (most recent call last):
  File "/home/kumar/Downloads/workspace/stocks/scanner/scanner.py", line 85, in run_scanner
    df = download_history(ticker, config)
  File "/home/kumar/Downloads/workspace/stocks/scanner/data.py", line 41, in download_history
    return df.dropna(subset=["Open", "High", "Low", "Close", "Volume"]).copy()
  File "/home/kumar/Downloads/workspace/stocks/trading_env/lib/python3.8/site-packages/pandas/core/frame.py", line 6407, in dropna
    raise KeyError(np.array(subset)[check].tolist())
KeyError: ['Open', 'High', 'Low', 'Close', 'Volume']
2026-07-04 19:41:53,377 ERROR Scanner failed for BAJAJHFL.NS: ['Open', 'High', 'Low', 'Close', 'Volume']
Traceback (most recent call last):
  File "/home/kumar/Downloads/workspace/stocks/scanner/scanner.py", line 85, in run_scanner
    df = download_history(ticker, config)
  File "/home/kumar/Downloads/workspace/stocks/scanner/data.py", line 41, in download_history
    return df.dropna(subset=["Open", "High", "Low", "Close", "Volume"]).copy()
  File "/home/kumar/Downloads/workspace/stocks/trading_env/lib/python3.8/site-packages/pandas/core/frame.py", line 6407, in dropna
    raise KeyError(np.array(subset)[check].tolist())
KeyError: ['Open', 'High', 'Low', 'Close', 'Volume']
2026-07-04 19:41:53,555 ERROR Scanner failed for BALKRISIND.NS: ['Open', 'High', 'Low', 'Close', 'Volume']
Traceback (most recent call last):
  File "/home/kumar/Downloads/workspace/stocks/scanner/scanner.py", line 85, in run_scanner
    df = download_history(ticker, config)
  File "/home/kumar/Downloads/workspace/stocks/scanner/data.py", line 41, in download_history
    return df.dropna(subset=["Open", "High", "Low", "Close", "Volume"]).copy()
  File "/home/kumar/Downloads/workspace/stocks/trading_env/lib/python3.8/site-packages/pandas/core/frame.py", line 6407, in dropna
    raise KeyError(np.array(subset)[check].tolist())
KeyError: ['Open', 'High', 'Low', 'Close', 'Volume']
2026-07-04 19:41:53,739 ERROR Scanner failed for BALRAMCHIN.NS: ['Open', 'High', 'Low', 'Close', 'Volume']
Traceback (most recent call last):
  File "/home/kumar/Downloads/workspace/stocks/scanner/scanner.py", line 85, in run_scanner
    df = download_history(ticker, config)
  File "/home/kumar/Downloads/workspace/stocks/scanner/data.py", line 41, in download_history
    return df.dropna(subset=["Open", "High", "Low", "Close", "Volume"]).copy()
  File "/home/kumar/Downloads/workspace/stocks/trading_env/lib/python3.8/site-packages/pandas/core/frame.py", line 6407, in dropna
    raise KeyError(np.array(subset)[check].tolist())
KeyError: ['Open', 'High', 'Low', 'Close', 'Volume']
2026-07-04 19:41:53,915 ERROR Scanner failed for BANDHANBNK.NS: ['Open', 'High', 'Low', 'Close', 'Volume']
Traceback (most recent call last):
  File "/home/kumar/Downloads/workspace/stocks/scanner/scanner.py", line 85, in run_scanner
    df = download_history(ticker, config)
  File "/home/kumar/Downloads/workspace/stocks/scanner/data.py", line 41, in download_history
    return df.dropna(subset=["Open", "High", "Low", "Close", "Volume"]).copy()
  File "/home/kumar/Downloads/workspace/stocks/trading_env/lib/python3.8/site-packages/pandas/core/frame.py", line 6407, in dropna
    raise KeyError(np.array(subset)[check].tolist())
KeyError: ['Open', 'High', 'Low', 'Close', 'Volume']
2026-07-04 19:41:54,315 ERROR Scanner failed for BANKBARODA.NS: ['Open', 'High', 'Low', 'Close', 'Volume']
Traceback (most recent call last):
  File "/home/kumar/Downloads/workspace/stocks/scanner/scanner.py", line 85, in run_scanner
    df = download_history(ticker, config)
  File "/home/kumar/Downloads/workspace/stocks/scanner/data.py", line 41, in download_history
    return df.dropna(subset=["Open", "High", "Low", "Close", "Volume"]).copy()
  File "/home/kumar/Downloads/workspace/stocks/trading_env/lib/python3.8/site-packages/pandas/core/frame.py", line 6407, in dropna
    raise KeyError(np.array(subset)[check].tolist())
KeyError: ['Open', 'High', 'Low', 'Close', 'Volume']
2026-07-04 19:41:54,518 ERROR Scanner failed for BANKINDIA.NS: ['Open', 'High', 'Low', 'Close', 'Volume']
Traceback (most recent call last):
  File "/home/kumar/Downloads/workspace/stocks/scanner/scanner.py", line 85, in run_scanner
    df = download_history(ticker, config)
  File "/home/kumar/Downloads/workspace/stocks/scanner/data.py", line 41, in download_history
    return df.dropna(subset=["Open", "High", "Low", "Close", "Volume"]).copy()
  File "/home/kumar/Downloads/workspace/stocks/trading_env/lib/python3.8/site-packages/pandas/core/frame.py", line 6407, in dropna
    raise KeyError(np.array(subset)[check].tolist())
KeyError: ['Open', 'High', 'Low', 'Close', 'Volume']
2026-07-04 19:41:54,858 ERROR Scanner failed for MAHABANK.NS: ['Open', 'High', 'Low', 'Close', 'Volume']
Traceback (most recent call last):
  File "/home/kumar/Downloads/workspace/stocks/scanner/scanner.py", line 85, in run_scanner
    df = download_history(ticker, config)
  File "/home/kumar/Downloads/workspace/stocks/scanner/data.py", line 41, in download_history
    return df.dropna(subset=["Open", "High", "Low", "Close", "Volume"]).copy()
  File "/home/kumar/Downloads/workspace/stocks/trading_env/lib/python3.8/site-packages/pandas/core/frame.py", line 6407, in dropna
    raise KeyError(np.array(subset)[check].tolist())
KeyError: ['Open', 'High', 'Low', 'Close', 'Volume']
2026-07-04 19:41:55,056 ERROR Scanner failed for BATAINDIA.NS: ['Open', 'High', 'Low', 'Close', 'Volume']
Traceback (most recent call last):
  File "/home/kumar/Downloads/workspace/stocks/scanner/scanner.py", line 85, in run_scanner
    df = download_history(ticker, config)
  File "/home/kumar/Downloads/workspace/stocks/scanner/data.py", line 41, in download_history
    return df.dropna(subset=["Open", "High", "Low", "Close", "Volume"]).copy()
  File "/home/kumar/Downloads/workspace/stocks/trading_env/lib/python3.8/site-packages/pandas/core/frame.py", line 6407, in dropna
    raise KeyError(np.array(subset)[check].tolist())
KeyError: ['Open', 'High', 'Low', 'Close', 'Volume']
2026-07-04 19:41:55,238 ERROR Scanner failed for BAYERCROP.NS: ['Open', 'High', 'Low', 'Close', 'Volume']
Traceback (most recent call last):
  File "/home/kumar/Downloads/workspace/stocks/scanner/scanner.py", line 85, in run_scanner
    df = download_history(ticker, config)
  File "/home/kumar/Downloads/workspace/stocks/scanner/data.py", line 41, in download_history
    return df.dropna(subset=["Open", "High", "Low", "Close", "Volume"]).copy()
  File "/home/kumar/Downloads/workspace/stocks/trading_env/lib/python3.8/site-packages/pandas/core/frame.py", line 6407, in dropna
    raise KeyError(np.array(subset)[check].tolist())
KeyError: ['Open', 'High', 'Low', 'Close', 'Volume']
2026-07-04 19:41:55,386 ERROR Scanner failed for BELRISE.NS: ['Open', 'High', 'Low', 'Close', 'Volume']
Traceback (most recent call last):
  File "/home/kumar/Downloads/workspace/stocks/scanner/scanner.py", line 85, in run_scanner
    df = download_history(ticker, config)
  File "/home/kumar/Downloads/workspace/stocks/scanner/data.py", line 41, in download_history
    return df.dropna(subset=["Open", "High", "Low", "Close", "Volume"]).copy()
  File "/home/kumar/Downloads/workspace/stocks/trading_env/lib/python3.8/site-packages/pandas/core/frame.py", line 6407, in dropna
    raise KeyError(np.array(subset)[check].tolist())
KeyError: ['Open', 'High', 'Low', 'Close', 'Volume']
2026-07-04 19:41:55,580 ERROR Scanner failed for BERGEPAINT.NS: ['Open', 'High', 'Low', 'Close', 'Volume']
Traceback (most recent call last):
  File "/home/kumar/Downloads/workspace/stocks/scanner/scanner.py", line 85, in run_scanner
    df = download_history(ticker, config)
  File "/home/kumar/Downloads/workspace/stocks/scanner/data.py", line 41, in download_history
    return df.dropna(subset=["Open", "High", "Low", "Close", "Volume"]).copy()
  File "/home/kumar/Downloads/workspace/stocks/trading_env/lib/python3.8/site-packages/pandas/core/frame.py", line 6407, in dropna
    raise KeyError(np.array(subset)[check].tolist())
KeyError: ['Open', 'High', 'Low', 'Close', 'Volume']
2026-07-04 19:41:55,798 ERROR Scanner failed for BDL.NS: ['Open', 'High', 'Low', 'Close', 'Volume']
Traceback (most recent call last):
  File "/home/kumar/Downloads/workspace/stocks/scanner/scanner.py", line 85, in run_scanner
    df = download_history(ticker, config)
  File "/home/kumar/Downloads/workspace/stocks/scanner/data.py", line 41, in download_history
    return df.dropna(subset=["Open", "High", "Low", "Close", "Volume"]).copy()
  File "/home/kumar/Downloads/workspace/stocks/trading_env/lib/python3.8/site-packages/pandas/core/frame.py", line 6407, in dropna
    raise KeyError(np.array(subset)[check].tolist())
KeyError: ['Open', 'High', 'Low', 'Close', 'Volume']
2026-07-04 19:41:56,037 ERROR Scanner failed for BEL.NS: ['Open', 'High', 'Low', 'Close', 'Volume']
Traceback (most recent call last):
  File "/home/kumar/Downloads/workspace/stocks/scanner/scanner.py", line 85, in run_scanner
    df = download_history(ticker, config)
  File "/home/kumar/Downloads/workspace/stocks/scanner/data.py", line 41, in download_history
    return df.dropna(subset=["Open", "High", "Low", "Close", "Volume"]).copy()
  File "/home/kumar/Downloads/workspace/stocks/trading_env/lib/python3.8/site-packages/pandas/core/frame.py", line 6407, in dropna
    raise KeyError(np.array(subset)[check].tolist())
KeyError: ['Open', 'High', 'Low', 'Close', 'Volume']
2026-07-04 19:41:56,387 ERROR Scanner failed for BHARATFORG.NS: ['Open', 'High', 'Low', 'Close', 'Volume']
Traceback (most recent call last):
  File "/home/kumar/Downloads/workspace/stocks/scanner/scanner.py", line 85, in run_scanner
    df = download_history(ticker, config)
  File "/home/kumar/Downloads/workspace/stocks/scanner/data.py", line 41, in download_history
    return df.dropna(subset=["Open", "High", "Low", "Close", "Volume"]).copy()
  File "/home/kumar/Downloads/workspace/stocks/trading_env/lib/python3.8/site-packages/pandas/core/frame.py", line 6407, in dropna
    raise KeyError(np.array(subset)[check].tolist())
KeyError: ['Open', 'High', 'Low', 'Close', 'Volume']
2026-07-04 19:41:56,809 ERROR Scanner failed for BHEL.NS: ['Open', 'High', 'Low', 'Close', 'Volume']
Traceback (most recent call last):
  File "/home/kumar/Downloads/workspace/stocks/scanner/scanner.py", line 85, in run_scanner
    df = download_history(ticker, config)
  File "/home/kumar/Downloads/workspace/stocks/scanner/data.py", line 41, in download_history
    return df.dropna(subset=["Open", "High", "Low", "Close", "Volume"]).copy()
  File "/home/kumar/Downloads/workspace/stocks/trading_env/lib/python3.8/site-packages/pandas/core/frame.py", line 6407, in dropna
    raise KeyError(np.array(subset)[check].tolist())
KeyError: ['Open', 'High', 'Low', 'Close', 'Volume']
2026-07-04 19:41:57,216 ERROR Scanner failed for BPCL.NS: ['Open', 'High', 'Low', 'Close', 'Volume']
Traceback (most recent call last):
  File "/home/kumar/Downloads/workspace/stocks/scanner/scanner.py", line 85, in run_scanner
    df = download_history(ticker, config)
  File "/home/kumar/Downloads/workspace/stocks/scanner/data.py", line 41, in download_history
    return df.dropna(subset=["Open", "High", "Low", "Close", "Volume"]).copy()
  File "/home/kumar/Downloads/workspace/stocks/trading_env/lib/python3.8/site-packages/pandas/core/frame.py", line 6407, in dropna
    raise KeyError(np.array(subset)[check].tolist())
KeyError: ['Open', 'High', 'Low', 'Close', 'Volume']
2026-07-04 19:41:57,694 ERROR Scanner failed for BHARTIARTL.NS: ['Open', 'High', 'Low', 'Close', 'Volume']
Traceback (most recent call last):
  File "/home/kumar/Downloads/workspace/stocks/scanner/scanner.py", line 85, in run_scanner
    df = download_history(ticker, config)
  File "/home/kumar/Downloads/workspace/stocks/scanner/data.py", line 41, in download_history
    return df.dropna(subset=["Open", "High", "Low", "Close", "Volume"]).copy()
  File "/home/kumar/Downloads/workspace/stocks/trading_env/lib/python3.8/site-packages/pandas/core/frame.py", line 6407, in dropna
    raise KeyError(np.array(subset)[check].tolist())
KeyError: ['Open', 'High', 'Low', 'Close', 'Volume']
2026-07-04 19:41:58,071 ERROR Scanner failed for BHARTIHEXA.NS: ['Open', 'High', 'Low', 'Close', 'Volume']
Traceback (most recent call last):
  File "/home/kumar/Downloads/workspace/stocks/scanner/scanner.py", line 85, in run_scanner
    df = download_history(ticker, config)
  File "/home/kumar/Downloads/workspace/stocks/scanner/data.py", line 41, in download_history
    return df.dropna(subset=["Open", "High", "Low", "Close", "Volume"]).copy()
  File "/home/kumar/Downloads/workspace/stocks/trading_env/lib/python3.8/site-packages/pandas/core/frame.py", line 6407, in dropna
    raise KeyError(np.array(subset)[check].tolist())
KeyError: ['Open', 'High', 'Low', 'Close', 'Volume']
2026-07-04 19:41:58,350 ERROR Scanner failed for BIKAJI.NS: ['Open', 'High', 'Low', 'Close', 'Volume']
Traceback (most recent call last):
  File "/home/kumar/Downloads/workspace/stocks/scanner/scanner.py", line 85, in run_scanner
    df = download_history(ticker, config)
  File "/home/kumar/Downloads/workspace/stocks/scanner/data.py", line 41, in download_history
    return df.dropna(subset=["Open", "High", "Low", "Close", "Volume"]).copy()
  File "/home/kumar/Downloads/workspace/stocks/trading_env/lib/python3.8/site-packages/pandas/core/frame.py", line 6407, in dropna
    raise KeyError(np.array(subset)[check].tolist())
KeyError: ['Open', 'High', 'Low', 'Close', 'Volume']
2026-07-04 19:41:58,547 ERROR Scanner failed for GROWW.NS: ['Open', 'High', 'Low', 'Close', 'Volume']
Traceback (most recent call last):
  File "/home/kumar/Downloads/workspace/stocks/scanner/scanner.py", line 85, in run_scanner
    df = download_history(ticker, config)
  File "/home/kumar/Downloads/workspace/stocks/scanner/data.py", line 41, in download_history
    return df.dropna(subset=["Open", "High", "Low", "Close", "Volume"]).copy()
  File "/home/kumar/Downloads/workspace/stocks/trading_env/lib/python3.8/site-packages/pandas/core/frame.py", line 6407, in dropna
    raise KeyError(np.array(subset)[check].tolist())
KeyError: ['Open', 'High', 'Low', 'Close', 'Volume']
2026-07-04 19:41:58,746 ERROR Scanner failed for BIOCON.NS: ['Open', 'High', 'Low', 'Close', 'Volume']
Traceback (most recent call last):
  File "/home/kumar/Downloads/workspace/stocks/scanner/scanner.py", line 85, in run_scanner
    df = download_history(ticker, config)
  File "/home/kumar/Downloads/workspace/stocks/scanner/data.py", line 41, in download_history
    return df.dropna(subset=["Open", "High", "Low", "Close", "Volume"]).copy()
  File "/home/kumar/Downloads/workspace/stocks/trading_env/lib/python3.8/site-packages/pandas/core/frame.py", line 6407, in dropna
    raise KeyError(np.array(subset)[check].tolist())
KeyError: ['Open', 'High', 'Low', 'Close', 'Volume']
2026-07-04 19:41:59,341 ERROR Scanner failed for BSOFT.NS: ['Open', 'High', 'Low', 'Close', 'Volume']
Traceback (most recent call last):
  File "/home/kumar/Downloads/workspace/stocks/scanner/scanner.py", line 85, in run_scanner
    df = download_history(ticker, config)
  File "/home/kumar/Downloads/workspace/stocks/scanner/data.py", line 41, in download_history
    return df.dropna(subset=["Open", "High", "Low", "Close", "Volume"]).copy()
  File "/home/kumar/Downloads/workspace/stocks/trading_env/lib/python3.8/site-packages/pandas/core/frame.py", line 6407, in dropna
    raise KeyError(np.array(subset)[check].tolist())
KeyError: ['Open', 'High', 'Low', 'Close', 'Volume']
2026-07-04 19:41:59,541 ERROR Scanner failed for BLUEDART.NS: ['Open', 'High', 'Low', 'Close', 'Volume']
Traceback (most recent call last):
  File "/home/kumar/Downloads/workspace/stocks/scanner/scanner.py", line 85, in run_scanner
    df = download_history(ticker, config)
  File "/home/kumar/Downloads/workspace/stocks/scanner/data.py", line 41, in download_history
    return df.dropna(subset=["Open", "High", "Low", "Close", "Volume"]).copy()
  File "/home/kumar/Downloads/workspace/stocks/trading_env/lib/python3.8/site-packages/pandas/core/frame.py", line 6407, in dropna
    raise KeyError(np.array(subset)[check].tolist())
KeyError: ['Open', 'High', 'Low', 'Close', 'Volume']
2026-07-04 19:41:59,708 ERROR Scanner failed for BLUEJET.NS: ['Open', 'High', 'Low', 'Close', 'Volume']
Traceback (most recent call last):
  File "/home/kumar/Downloads/workspace/stocks/scanner/scanner.py", line 85, in run_scanner
    df = download_history(ticker, config)
  File "/home/kumar/Downloads/workspace/stocks/scanner/data.py", line 41, in download_history
    return df.dropna(subset=["Open", "High", "Low", "Close", "Volume"]).copy()
  File "/home/kumar/Downloads/workspace/stocks/trading_env/lib/python3.8/site-packages/pandas/core/frame.py", line 6407, in dropna
    raise KeyError(np.array(subset)[check].tolist())
KeyError: ['Open', 'High', 'Low', 'Close', 'Volume']
2026-07-04 19:41:59,941 ERROR Scanner failed for BLUESTARCO.NS: ['Open', 'High', 'Low', 'Close', 'Volume']
Traceback (most recent call last):
  File "/home/kumar/Downloads/workspace/stocks/scanner/scanner.py", line 85, in run_scanner
    df = download_history(ticker, config)
  File "/home/kumar/Downloads/workspace/stocks/scanner/data.py", line 41, in download_history
    return df.dropna(subset=["Open", "High", "Low", "Close", "Volume"]).copy()
  File "/home/kumar/Downloads/workspace/stocks/trading_env/lib/python3.8/site-packages/pandas/core/frame.py", line 6407, in dropna
    raise KeyError(np.array(subset)[check].tolist())
KeyError: ['Open', 'High', 'Low', 'Close', 'Volume']
2026-07-04 19:42:00,141 ERROR Scanner failed for BBTC.NS: ['Open', 'High', 'Low', 'Close', 'Volume']
Traceback (most recent call last):
  File "/home/kumar/Downloads/workspace/stocks/scanner/scanner.py", line 85, in run_scanner
    df = download_history(ticker, config)
  File "/home/kumar/Downloads/workspace/stocks/scanner/data.py", line 41, in download_history
    return df.dropna(subset=["Open", "High", "Low", "Close", "Volume"]).copy()
  File "/home/kumar/Downloads/workspace/stocks/trading_env/lib/python3.8/site-packages/pandas/core/frame.py", line 6407, in dropna
    raise KeyError(np.array(subset)[check].tolist())
KeyError: ['Open', 'High', 'Low', 'Close', 'Volume']
2026-07-04 19:42:00,334 ERROR Scanner failed for BOSCHLTD.NS: ['Open', 'High', 'Low', 'Close', 'Volume']
Traceback (most recent call last):
  File "/home/kumar/Downloads/workspace/stocks/scanner/scanner.py", line 85, in run_scanner
    df = download_history(ticker, config)
  File "/home/kumar/Downloads/workspace/stocks/scanner/data.py", line 41, in download_history
    return df.dropna(subset=["Open", "High", "Low", "Close", "Volume"]).copy()
  File "/home/kumar/Downloads/workspace/stocks/trading_env/lib/python3.8/site-packages/pandas/core/frame.py", line 6407, in dropna
    raise KeyError(np.array(subset)[check].tolist())
KeyError: ['Open', 'High', 'Low', 'Close', 'Volume']
2026-07-04 19:42:00,535 ERROR Scanner failed for FIRSTCRY.NS: ['Open', 'High', 'Low', 'Close', 'Volume']
Traceback (most recent call last):
  File "/home/kumar/Downloads/workspace/stocks/scanner/scanner.py", line 85, in run_scanner
    df = download_history(ticker, config)
  File "/home/kumar/Downloads/workspace/stocks/scanner/data.py", line 41, in download_history
    return df.dropna(subset=["Open", "High", "Low", "Close", "Volume"]).copy()
  File "/home/kumar/Downloads/workspace/stocks/trading_env/lib/python3.8/site-packages/pandas/core/frame.py", line 6407, in dropna
    raise KeyError(np.array(subset)[check].tolist())
KeyError: ['Open', 'High', 'Low', 'Close', 'Volume']
2026-07-04 19:42:00,720 ERROR Scanner failed for BRIGADE.NS: ['Open', 'High', 'Low', 'Close', 'Volume']
Traceback (most recent call last):
  File "/home/kumar/Downloads/workspace/stocks/scanner/scanner.py", line 85, in run_scanner
    df = download_history(ticker, config)
  File "/home/kumar/Downloads/workspace/stocks/scanner/data.py", line 41, in download_history
    return df.dropna(subset=["Open", "High", "Low", "Close", "Volume"]).copy()
  File "/home/kumar/Downloads/workspace/stocks/trading_env/lib/python3.8/site-packages/pandas/core/frame.py", line 6407, in dropna
    raise KeyError(np.array(subset)[check].tolist())
KeyError: ['Open', 'High', 'Low', 'Close', 'Volume']
2026-07-04 19:42:00,950 ERROR Scanner failed for BRITANNIA.NS: ['Open', 'High', 'Low', 'Close', 'Volume']
Traceback (most recent call last):
  File "/home/kumar/Downloads/workspace/stocks/scanner/scanner.py", line 85, in run_scanner
    df = download_history(ticker, config)
  File "/home/kumar/Downloads/workspace/stocks/scanner/data.py", line 41, in download_history
    return df.dropna(subset=["Open", "High", "Low", "Close", "Volume"]).copy()
  File "/home/kumar/Downloads/workspace/stocks/trading_env/lib/python3.8/site-packages/pandas/core/frame.py", line 6407, in dropna
    raise KeyError(np.array(subset)[check].tolist())
KeyError: ['Open', 'High', 'Low', 'Close', 'Volume']
2026-07-04 19:42:01,272 ERROR Scanner failed for MAPMYINDIA.NS: ['Open', 'High', 'Low', 'Close', 'Volume']
Traceback (most recent call last):
  File "/home/kumar/Downloads/workspace/stocks/scanner/scanner.py", line 85, in run_scanner
    df = download_history(ticker, config)
  File "/home/kumar/Downloads/workspace/stocks/scanner/data.py", line 41, in download_history
    return df.dropna(subset=["Open", "High", "Low", "Close", "Volume"]).copy()
  File "/home/kumar/Downloads/workspace/stocks/trading_env/lib/python3.8/site-packages/pandas/core/frame.py", line 6407, in dropna
    raise KeyError(np.array(subset)[check].tolist())
KeyError: ['Open', 'High', 'Low', 'Close', 'Volume']
2026-07-04 19:42:01,507 ERROR Scanner failed for CCL.NS: ['Open', 'High', 'Low', 'Close', 'Volume']
Traceback (most recent call last):
  File "/home/kumar/Downloads/workspace/stocks/scanner/scanner.py", line 85, in run_scanner
    df = download_history(ticker, config)
  File "/home/kumar/Downloads/workspace/stocks/scanner/data.py", line 41, in download_history
    return df.dropna(subset=["Open", "High", "Low", "Close", "Volume"]).copy()
  File "/home/kumar/Downloads/workspace/stocks/trading_env/lib/python3.8/site-packages/pandas/core/frame.py", line 6407, in dropna
    raise KeyError(np.array(subset)[check].tolist())
KeyError: ['Open', 'High', 'Low', 'Close', 'Volume']
2026-07-04 19:42:01,812 ERROR Scanner failed for CESC.NS: ['Open', 'High', 'Low', 'Close', 'Volume']
Traceback (most recent call last):
  File "/home/kumar/Downloads/workspace/stocks/scanner/scanner.py", line 85, in run_scanner
    df = download_history(ticker, config)
  File "/home/kumar/Downloads/workspace/stocks/scanner/data.py", line 41, in download_history
    return df.dropna(subset=["Open", "High", "Low", "Close", "Volume"]).copy()
  File "/home/kumar/Downloads/workspace/stocks/trading_env/lib/python3.8/site-packages/pandas/core/frame.py", line 6407, in dropna
    raise KeyError(np.array(subset)[check].tolist())
KeyError: ['Open', 'High', 'Low', 'Close', 'Volume']
2026-07-04 19:42:02,265 ERROR Scanner failed for CGPOWER.NS: ['Open', 'High', 'Low', 'Close', 'Volume']
Traceback (most recent call last):
  File "/home/kumar/Downloads/workspace/stocks/scanner/scanner.py", line 85, in run_scanner
    df = download_history(ticker, config)
  File "/home/kumar/Downloads/workspace/stocks/scanner/data.py", line 41, in download_history
    return df.dropna(subset=["Open", "High", "Low", "Close", "Volume"]).copy()
  File "/home/kumar/Downloads/workspace/stocks/trading_env/lib/python3.8/site-packages/pandas/core/frame.py", line 6407, in dropna
    raise KeyError(np.array(subset)[check].tolist())
KeyError: ['Open', 'High', 'Low', 'Close', 'Volume']
2026-07-04 19:42:02,555 ERROR Scanner failed for CIEINDIA.NS: ['Open', 'High', 'Low', 'Close', 'Volume']
Traceback (most recent call last):
  File "/home/kumar/Downloads/workspace/stocks/scanner/scanner.py", line 85, in run_scanner
    df = download_history(ticker, config)
  File "/home/kumar/Downloads/workspace/stocks/scanner/data.py", line 41, in download_history
    return df.dropna(subset=["Open", "High", "Low", "Close", "Volume"]).copy()
  File "/home/kumar/Downloads/workspace/stocks/trading_env/lib/python3.8/site-packages/pandas/core/frame.py", line 6407, in dropna
    raise KeyError(np.array(subset)[check].tolist())
KeyError: ['Open', 'High', 'Low', 'Close', 'Volume']
2026-07-04 19:42:02,740 ERROR Scanner failed for CRISIL.NS: ['Open', 'High', 'Low', 'Close', 'Volume']
Traceback (most recent call last):
  File "/home/kumar/Downloads/workspace/stocks/scanner/scanner.py", line 85, in run_scanner
    df = download_history(ticker, config)
  File "/home/kumar/Downloads/workspace/stocks/scanner/data.py", line 41, in download_history
    return df.dropna(subset=["Open", "High", "Low", "Close", "Volume"]).copy()
  File "/home/kumar/Downloads/workspace/stocks/trading_env/lib/python3.8/site-packages/pandas/core/frame.py", line 6407, in dropna
    raise KeyError(np.array(subset)[check].tolist())
KeyError: ['Open', 'High', 'Low', 'Close', 'Volume']
2026-07-04 19:42:02,968 ERROR Scanner failed for CANFINHOME.NS: ['Open', 'High', 'Low', 'Close', 'Volume']
Traceback (most recent call last):
  File "/home/kumar/Downloads/workspace/stocks/scanner/scanner.py", line 85, in run_scanner
    df = download_history(ticker, config)
  File "/home/kumar/Downloads/workspace/stocks/scanner/data.py", line 41, in download_history
    return df.dropna(subset=["Open", "High", "Low", "Close", "Volume"]).copy()
  File "/home/kumar/Downloads/workspace/stocks/trading_env/lib/python3.8/site-packages/pandas/core/frame.py", line 6407, in dropna
    raise KeyError(np.array(subset)[check].tolist())
KeyError: ['Open', 'High', 'Low', 'Close', 'Volume']
2026-07-04 19:42:03,166 ERROR Scanner failed for CANBK.NS: ['Open', 'High', 'Low', 'Close', 'Volume']
Traceback (most recent call last):
  File "/home/kumar/Downloads/workspace/stocks/scanner/scanner.py", line 85, in run_scanner
    df = download_history(ticker, config)
  File "/home/kumar/Downloads/workspace/stocks/scanner/data.py", line 41, in download_history
    return df.dropna(subset=["Open", "High", "Low", "Close", "Volume"]).copy()
  File "/home/kumar/Downloads/workspace/stocks/trading_env/lib/python3.8/site-packages/pandas/core/frame.py", line 6407, in dropna
    raise KeyError(np.array(subset)[check].tolist())
KeyError: ['Open', 'High', 'Low', 'Close', 'Volume']
2026-07-04 19:42:03,324 ERROR Scanner failed for CANHLIFE.NS: ['Open', 'High', 'Low', 'Close', 'Volume']
Traceback (most recent call last):
  File "/home/kumar/Downloads/workspace/stocks/scanner/scanner.py", line 85, in run_scanner
    df = download_history(ticker, config)
  File "/home/kumar/Downloads/workspace/stocks/scanner/data.py", line 41, in download_history
    return df.dropna(subset=["Open", "High", "Low", "Close", "Volume"]).copy()
  File "/home/kumar/Downloads/workspace/stocks/trading_env/lib/python3.8/site-packages/pandas/core/frame.py", line 6407, in dropna
    raise KeyError(np.array(subset)[check].tolist())
KeyError: ['Open', 'High', 'Low', 'Close', 'Volume']
2026-07-04 19:42:03,508 ERROR Scanner failed for CAPLIPOINT.NS: ['Open', 'High', 'Low', 'Close', 'Volume']
Traceback (most recent call last):
  File "/home/kumar/Downloads/workspace/stocks/scanner/scanner.py", line 85, in run_scanner
    df = download_history(ticker, config)
  File "/home/kumar/Downloads/workspace/stocks/scanner/data.py", line 41, in download_history
    return df.dropna(subset=["Open", "High", "Low", "Close", "Volume"]).copy()
  File "/home/kumar/Downloads/workspace/stocks/trading_env/lib/python3.8/site-packages/pandas/core/frame.py", line 6407, in dropna
    raise KeyError(np.array(subset)[check].tolist())
KeyError: ['Open', 'High', 'Low', 'Close', 'Volume']
2026-07-04 19:42:03,753 ERROR Scanner failed for CGCL.NS: ['Open', 'High', 'Low', 'Close', 'Volume']
Traceback (most recent call last):
  File "/home/kumar/Downloads/workspace/stocks/scanner/scanner.py", line 85, in run_scanner
    df = download_history(ticker, config)
  File "/home/kumar/Downloads/workspace/stocks/scanner/data.py", line 41, in download_history
    return df.dropna(subset=["Open", "High", "Low", "Close", "Volume"]).copy()
  File "/home/kumar/Downloads/workspace/stocks/trading_env/lib/python3.8/site-packages/pandas/core/frame.py", line 6407, in dropna
    raise KeyError(np.array(subset)[check].tolist())
KeyError: ['Open', 'High', 'Low', 'Close', 'Volume']
2026-07-04 19:42:03,942 ERROR Scanner failed for CARBORUNIV.NS: ['Open', 'High', 'Low', 'Close', 'Volume']
Traceback (most recent call last):
  File "/home/kumar/Downloads/workspace/stocks/scanner/scanner.py", line 85, in run_scanner
    df = download_history(ticker, config)
  File "/home/kumar/Downloads/workspace/stocks/scanner/data.py", line 41, in download_history
    return df.dropna(subset=["Open", "High", "Low", "Close", "Volume"]).copy()
  File "/home/kumar/Downloads/workspace/stocks/trading_env/lib/python3.8/site-packages/pandas/core/frame.py", line 6407, in dropna
    raise KeyError(np.array(subset)[check].tolist())
KeyError: ['Open', 'High', 'Low', 'Close', 'Volume']
2026-07-04 19:42:04,150 ERROR Scanner failed for CARTRADE.NS: ['Open', 'High', 'Low', 'Close', 'Volume']
Traceback (most recent call last):
  File "/home/kumar/Downloads/workspace/stocks/scanner/scanner.py", line 85, in run_scanner
    df = download_history(ticker, config)
  File "/home/kumar/Downloads/workspace/stocks/scanner/data.py", line 41, in download_history
    return df.dropna(subset=["Open", "High", "Low", "Close", "Volume"]).copy()
  File "/home/kumar/Downloads/workspace/stocks/trading_env/lib/python3.8/site-packages/pandas/core/frame.py", line 6407, in dropna
    raise KeyError(np.array(subset)[check].tolist())
KeyError: ['Open', 'High', 'Low', 'Close', 'Volume']
2026-07-04 19:42:04,389 ERROR Scanner failed for CASTROLIND.NS: ['Open', 'High', 'Low', 'Close', 'Volume']
Traceback (most recent call last):
  File "/home/kumar/Downloads/workspace/stocks/scanner/scanner.py", line 85, in run_scanner
    df = download_history(ticker, config)
  File "/home/kumar/Downloads/workspace/stocks/scanner/data.py", line 41, in download_history
    return df.dropna(subset=["Open", "High", "Low", "Close", "Volume"]).copy()
  File "/home/kumar/Downloads/workspace/stocks/trading_env/lib/python3.8/site-packages/pandas/core/frame.py", line 6407, in dropna
    raise KeyError(np.array(subset)[check].tolist())
KeyError: ['Open', 'High', 'Low', 'Close', 'Volume']
2026-07-04 19:42:04,705 ERROR Scanner failed for CEATLTD.NS: ['Open', 'High', 'Low', 'Close', 'Volume']
Traceback (most recent call last):
  File "/home/kumar/Downloads/workspace/stocks/scanner/scanner.py", line 85, in run_scanner
    df = download_history(ticker, config)
  File "/home/kumar/Downloads/workspace/stocks/scanner/data.py", line 41, in download_history
    return df.dropna(subset=["Open", "High", "Low", "Close", "Volume"]).copy()
  File "/home/kumar/Downloads/workspace/stocks/trading_env/lib/python3.8/site-packages/pandas/core/frame.py", line 6407, in dropna
    raise KeyError(np.array(subset)[check].tolist())
KeyError: ['Open', 'High', 'Low', 'Close', 'Volume']
2026-07-04 19:42:04,965 ERROR Scanner failed for CEMPRO.NS: ['Open', 'High', 'Low', 'Close', 'Volume']
Traceback (most recent call last):
  File "/home/kumar/Downloads/workspace/stocks/scanner/scanner.py", line 85, in run_scanner
    df = download_history(ticker, config)
  File "/home/kumar/Downloads/workspace/stocks/scanner/data.py", line 41, in download_history
    return df.dropna(subset=["Open", "High", "Low", "Close", "Volume"]).copy()
  File "/home/kumar/Downloads/workspace/stocks/trading_env/lib/python3.8/site-packages/pandas/core/frame.py", line 6407, in dropna
    raise KeyError(np.array(subset)[check].tolist())
KeyError: ['Open', 'High', 'Low', 'Close', 'Volume']
2026-07-04 19:42:05,187 ERROR Scanner failed for CENTRALBK.NS: ['Open', 'High', 'Low', 'Close', 'Volume']
Traceback (most recent call last):
  File "/home/kumar/Downloads/workspace/stocks/scanner/scanner.py", line 85, in run_scanner
    df = download_history(ticker, config)
  File "/home/kumar/Downloads/workspace/stocks/scanner/data.py", line 41, in download_history
    return df.dropna(subset=["Open", "High", "Low", "Close", "Volume"]).copy()
  File "/home/kumar/Downloads/workspace/stocks/trading_env/lib/python3.8/site-packages/pandas/core/frame.py", line 6407, in dropna
    raise KeyError(np.array(subset)[check].tolist())
KeyError: ['Open', 'High', 'Low', 'Close', 'Volume']
2026-07-04 19:42:06,001 ERROR Scanner failed for CDSL.NS: ['Open', 'High', 'Low', 'Close', 'Volume']
Traceback (most recent call last):
  File "/home/kumar/Downloads/workspace/stocks/scanner/scanner.py", line 85, in run_scanner
    df = download_history(ticker, config)
  File "/home/kumar/Downloads/workspace/stocks/scanner/data.py", line 41, in download_history
    return df.dropna(subset=["Open", "High", "Low", "Close", "Volume"]).copy()
  File "/home/kumar/Downloads/workspace/stocks/trading_env/lib/python3.8/site-packages/pandas/core/frame.py", line 6407, in dropna
    raise KeyError(np.array(subset)[check].tolist())
KeyError: ['Open', 'High', 'Low', 'Close', 'Volume']
2026-07-04 19:42:06,312 ERROR HTTP Error 401: {"finance":{"result":null,"error":{"code":"Unauthorized","description":"Invalid Crumb"}}}
2026-07-04 19:42:06,681 ERROR Scanner failed for CHALET.NS: ['Open', 'High', 'Low', 'Close', 'Volume']
Traceback (most recent call last):
  File "/home/kumar/Downloads/workspace/stocks/scanner/scanner.py", line 85, in run_scanner
    df = download_history(ticker, config)
  File "/home/kumar/Downloads/workspace/stocks/scanner/data.py", line 41, in download_history
    return df.dropna(subset=["Open", "High", "Low", "Close", "Volume"]).copy()
  File "/home/kumar/Downloads/workspace/stocks/trading_env/lib/python3.8/site-packages/pandas/core/frame.py", line 6407, in dropna
    raise KeyError(np.array(subset)[check].tolist())
KeyError: ['Open', 'High', 'Low', 'Close', 'Volume']
2026-07-04 19:42:07,144 ERROR Scanner failed for CHAMBLFERT.NS: ['Open', 'High', 'Low', 'Close', 'Volume']
Traceback (most recent call last):
  File "/home/kumar/Downloads/workspace/stocks/scanner/scanner.py", line 85, in run_scanner
    df = download_history(ticker, config)
  File "/home/kumar/Downloads/workspace/stocks/scanner/data.py", line 41, in download_history
    return df.dropna(subset=["Open", "High", "Low", "Close", "Volume"]).copy()
  File "/home/kumar/Downloads/workspace/stocks/trading_env/lib/python3.8/site-packages/pandas/core/frame.py", line 6407, in dropna
    raise KeyError(np.array(subset)[check].tolist())
KeyError: ['Open', 'High', 'Low', 'Close', 'Volume']
2026-07-04 19:42:07,469 ERROR Scanner failed for CHENNPETRO.NS: ['Open', 'High', 'Low', 'Close', 'Volume']
Traceback (most recent call last):
  File "/home/kumar/Downloads/workspace/stocks/scanner/scanner.py", line 85, in run_scanner
    df = download_history(ticker, config)
  File "/home/kumar/Downloads/workspace/stocks/scanner/data.py", line 41, in download_history
    return df.dropna(subset=["Open", "High", "Low", "Close", "Volume"]).copy()
  File "/home/kumar/Downloads/workspace/stocks/trading_env/lib/python3.8/site-packages/pandas/core/frame.py", line 6407, in dropna
    raise KeyError(np.array(subset)[check].tolist())
KeyError: ['Open', 'High', 'Low', 'Close', 'Volume']
2026-07-04 19:42:07,552 ERROR HTTP Error 401: {"finance":{"result":null,"error":{"code":"Unauthorized","description":"User is unable to access this feature - https://bit.ly/yahoo-finance-api-feedback"}}}
2026-07-04 19:42:07,554 ERROR HTTP Error 401: {"finance":{"result":null,"error":{"code":"Unauthorized","description":"User is unable to access this feature - https://bit.ly/yahoo-finance-api-feedback"}}}
2026-07-04 19:42:07,556 ERROR HTTP Error 401: {"finance":{"result":null,"error":{"code":"Unauthorized","description":"User is unable to access this feature - https://bit.ly/yahoo-finance-api-feedback"}}}
2026-07-04 19:42:07,558 ERROR HTTP Error 401: {"finance":{"result":null,"error":{"code":"Unauthorized","description":"Invalid Crumb"}}}
2026-07-04 19:42:07,568 ERROR HTTP Error 401: {"finance":{"result":null,"error":{"code":"Unauthorized","description":"User is unable to access this feature - https://bit.ly/yahoo-finance-api-feedback"}}}
2026-07-04 19:42:07,639 ERROR Scanner failed for CHOICEIN.NS: ['Open', 'High', 'Low', 'Close', 'Volume']
Traceback (most recent call last):
  File "/home/kumar/Downloads/workspace/stocks/scanner/scanner.py", line 85, in run_scanner
    df = download_history(ticker, config)
  File "/home/kumar/Downloads/workspace/stocks/scanner/data.py", line 41, in download_history
    return df.dropna(subset=["Open", "High", "Low", "Close", "Volume"]).copy()
  File "/home/kumar/Downloads/workspace/stocks/trading_env/lib/python3.8/site-packages/pandas/core/frame.py", line 6407, in dropna
    raise KeyError(np.array(subset)[check].tolist())
KeyError: ['Open', 'High', 'Low', 'Close', 'Volume']
2026-07-04 19:42:07,843 ERROR Scanner failed for CHOLAHLDNG.NS: ['Open', 'High', 'Low', 'Close', 'Volume']
Traceback (most recent call last):
  File "/home/kumar/Downloads/workspace/stocks/scanner/scanner.py", line 85, in run_scanner
    df = download_history(ticker, config)
  File "/home/kumar/Downloads/workspace/stocks/scanner/data.py", line 41, in download_history
    return df.dropna(subset=["Open", "High", "Low", "Close", "Volume"]).copy()
  File "/home/kumar/Downloads/workspace/stocks/trading_env/lib/python3.8/site-packages/pandas/core/frame.py", line 6407, in dropna
    raise KeyError(np.array(subset)[check].tolist())
KeyError: ['Open', 'High', 'Low', 'Close', 'Volume']
2026-07-04 19:42:08,181 ERROR HTTP Error 401: {"finance":{"result":null,"error":{"code":"Unauthorized","description":"User is unable to access this feature - https://bit.ly/yahoo-finance-api-feedback"}}}
2026-07-04 19:42:08,334 ERROR Scanner failed for CHOLAFIN.NS: ['Open', 'High', 'Low', 'Close', 'Volume']
Traceback (most recent call last):
  File "/home/kumar/Downloads/workspace/stocks/scanner/scanner.py", line 85, in run_scanner
    df = download_history(ticker, config)
  File "/home/kumar/Downloads/workspace/stocks/scanner/data.py", line 41, in download_history
    return df.dropna(subset=["Open", "High", "Low", "Close", "Volume"]).copy()
  File "/home/kumar/Downloads/workspace/stocks/trading_env/lib/python3.8/site-packages/pandas/core/frame.py", line 6407, in dropna
    raise KeyError(np.array(subset)[check].tolist())
KeyError: ['Open', 'High', 'Low', 'Close', 'Volume']
2026-07-04 19:42:08,531 ERROR Scanner failed for CIPLA.NS: ['Open', 'High', 'Low', 'Close', 'Volume']
Traceback (most recent call last):
  File "/home/kumar/Downloads/workspace/stocks/scanner/scanner.py", line 85, in run_scanner
    df = download_history(ticker, config)
  File "/home/kumar/Downloads/workspace/stocks/scanner/data.py", line 41, in download_history
    return df.dropna(subset=["Open", "High", "Low", "Close", "Volume"]).copy()
  File "/home/kumar/Downloads/workspace/stocks/trading_env/lib/python3.8/site-packages/pandas/core/frame.py", line 6407, in dropna
    raise KeyError(np.array(subset)[check].tolist())
KeyError: ['Open', 'High', 'Low', 'Close', 'Volume']
2026-07-04 19:42:08,778 ERROR Scanner failed for CUB.NS: ['Open', 'High', 'Low', 'Close', 'Volume']
Traceback (most recent call last):
  File "/home/kumar/Downloads/workspace/stocks/scanner/scanner.py", line 85, in run_scanner
    df = download_history(ticker, config)
  File "/home/kumar/Downloads/workspace/stocks/scanner/data.py", line 41, in download_history
    return df.dropna(subset=["Open", "High", "Low", "Close", "Volume"]).copy()
  File "/home/kumar/Downloads/workspace/stocks/trading_env/lib/python3.8/site-packages/pandas/core/frame.py", line 6407, in dropna
    raise KeyError(np.array(subset)[check].tolist())
KeyError: ['Open', 'High', 'Low', 'Close', 'Volume']
2026-07-04 19:43:56,124 INFO Background cache refresh complete for 751 symbols.
2026-07-04 19:44:10,911 INFO Background cache refresh complete for 751 symbols.
2026-07-04 19:44:38,449 INFO Background cache refresh complete for 751 symbols.
2026-07-04 19:44:40,430 INFO Background cache refresh complete for 751 symbols.
2026-07-04 19:45:05,734 INFO Background metadata worker starting...
2026-07-04 19:45:05,790 INFO Prefetching missing metadata for 518 tickers...
2026-07-04 19:45:06,361 INFO Starting scanner with config {'universe': 'Nifty 500', 'min_candles': 300, 'interval': '1d', 'lookback_period': '2y', 'max_candidates': 15, 'min_total_score': 25.0, 'ema_fast': 20, 'ema_medium': 50, 'ema_slow': 200, 'atr_window': 20, 'contraction_window': 20, 'volume_sma_window': 20, 'volume_contraction_lookback': 20, 'volume_multiplier': 1.6, 'relative_strength_window': 90, 'sector_lookback': 60, 'risk_atr_multiplier': 2.5, 'trend_weight': 0.2, 'structure_weight': 0.2, 'volume_weight': 0.15, 'rs_weight': 0.1, 'sector_weight': 0.15, 'risk_weight': 0.1, 'reserved_weight': 0.1, 'sector_blacklist': ['Financial Services', 'Utilities'], 'required_columns': ['Open', 'High', 'Low', 'Close', 'Volume']}
2026-07-04 19:45:07,642 ERROR HTTP Error 401: {"finance":{"result":null,"error":{"code":"Unauthorized","description":"Invalid Crumb"}}}
2026-07-04 19:45:07,644 ERROR HTTP Error 401: {"finance":{"result":null,"error":{"code":"Unauthorized","description":"Invalid Crumb"}}}
2026-07-04 19:45:07,649 ERROR HTTP Error 401: {"finance":{"result":null,"error":{"code":"Unauthorized","description":"Invalid Crumb"}}}
2026-07-04 19:45:07,651 ERROR HTTP Error 401: {"finance":{"result":null,"error":{"code":"Unauthorized","description":"Invalid Crumb"}}}
2026-07-04 19:45:07,716 ERROR HTTP Error 401: {"finance":{"result":null,"error":{"code":"Unauthorized","description":"Invalid Crumb"}}}
2026-07-04 19:45:07,721 ERROR HTTP Error 401: {"finance":{"result":null,"error":{"code":"Unauthorized","description":"Invalid Crumb"}}}
2026-07-04 19:45:07,723 ERROR HTTP Error 401: {"finance":{"result":null,"error":{"code":"Unauthorized","description":"Invalid Crumb"}}}
2026-07-04 19:45:07,762 ERROR HTTP Error 401: {"finance":{"result":null,"error":{"code":"Unauthorized","description":"Invalid Crumb"}}}
2026-07-04 19:45:32,145 INFO Saved 15 rows to data/scanner_results.csv
2026-07-04 19:45:32,145 INFO Scanner produced 15 candidates
2026-07-04 19:45:38,361 ERROR HTTP Error 401: {"finance":{"result":null,"error":{"code":"Unauthorized","description":"Invalid Crumb"}}}
2026-07-04 19:45:38,364 ERROR HTTP Error 401: {"finance":{"result":null,"error":{"code":"Unauthorized","description":"Invalid Crumb"}}}
2026-07-04 19:45:38,443 ERROR HTTP Error 401: {"finance":{"result":null,"error":{"code":"Unauthorized","description":"Invalid Crumb"}}}
2026-07-04 19:45:38,485 ERROR HTTP Error 401: {"finance":{"result":null,"error":{"code":"Unauthorized","description":"Invalid Crumb"}}}
2026-07-04 19:45:38,672 ERROR HTTP Error 401: {"finance":{"result":null,"error":{"code":"Unauthorized","description":"Invalid Crumb"}}}
2026-07-04 19:45:38,673 ERROR HTTP Error 401: {"finance":{"result":null,"error":{"code":"Unauthorized","description":"Invalid Crumb"}}}
2026-07-04 19:45:38,675 ERROR HTTP Error 401: {"finance":{"result":null,"error":{"code":"Unauthorized","description":"Invalid Crumb"}}}
2026-07-04 19:46:08,857 INFO Background cache refresh complete for 751 symbols.
2026-07-04 19:49:42,387 INFO Background metadata worker starting...
2026-07-04 19:49:42,448 INFO Prefetching missing metadata for 518 tickers...
2026-07-04 19:49:42,882 INFO Starting scanner with config {'universe': 'Nifty 500', 'min_candles': 300, 'interval': '1d', 'lookback_period': '2y', 'max_candidates': 15, 'min_total_score': 25.0, 'ema_fast': 20, 'ema_medium': 50, 'ema_slow': 200, 'atr_window': 20, 'contraction_window': 20, 'volume_sma_window': 20, 'volume_contraction_lookback': 20, 'volume_multiplier': 1.6, 'relative_strength_window': 90, 'sector_lookback': 60, 'risk_atr_multiplier': 2.5, 'trend_weight': 0.2, 'structure_weight': 0.2, 'volume_weight': 0.15, 'rs_weight': 0.1, 'sector_weight': 0.15, 'risk_weight': 0.1, 'reserved_weight': 0.1, 'sector_blacklist': ['Financial Services', 'Utilities'], 'required_columns': ['Open', 'High', 'Low', 'Close', 'Volume']}
2026-07-04 19:49:44,790 ERROR HTTP Error 401: {"finance":{"result":null,"error":{"code":"Unauthorized","description":"User is unable to access this feature - https://bit.ly/yahoo-finance-api-feedback"}}}
2026-07-04 19:49:44,792 ERROR HTTP Error 401: {"finance":{"result":null,"error":{"code":"Unauthorized","description":"User is unable to access this feature - https://bit.ly/yahoo-finance-api-feedback"}}}
2026-07-04 19:49:44,793 ERROR HTTP Error 401: {"finance":{"result":null,"error":{"code":"Unauthorized","description":"User is unable to access this feature - https://bit.ly/yahoo-finance-api-feedback"}}}
2026-07-04 19:49:44,794 ERROR HTTP Error 401: {"finance":{"result":null,"error":{"code":"Unauthorized","description":"User is unable to access this feature - https://bit.ly/yahoo-finance-api-feedback"}}}
2026-07-04 19:49:44,794 ERROR HTTP Error 401: {"finance":{"result":null,"error":{"code":"Unauthorized","description":"User is unable to access this feature - https://bit.ly/yahoo-finance-api-feedback"}}}
2026-07-04 19:49:44,795 ERROR HTTP Error 401: {"finance":{"result":null,"error":{"code":"Unauthorized","description":"User is unable to access this feature - https://bit.ly/yahoo-finance-api-feedback"}}}
2026-07-04 19:49:44,797 ERROR HTTP Error 401: {"finance":{"result":null,"error":{"code":"Unauthorized","description":"User is unable to access this feature - https://bit.ly/yahoo-finance-api-feedback"}}}
2026-07-04 19:49:44,808 ERROR HTTP Error 401: {"finance":{"result":null,"error":{"code":"Unauthorized","description":"User is unable to access this feature - https://bit.ly/yahoo-finance-api-feedback"}}}
2026-07-04 19:49:45,408 ERROR HTTP Error 401: {"finance":{"result":null,"error":{"code":"Unauthorized","description":"Invalid Crumb"}}}
2026-07-04 19:49:45,902 ERROR HTTP Error 401: {"finance":{"result":null,"error":{"code":"Unauthorized","description":"User is unable to access this feature - https://bit.ly/yahoo-finance-api-feedback"}}}
2026-07-04 19:50:08,531 INFO Saved 15 rows to data/scanner_results.csv
2026-07-04 19:50:08,532 INFO Scanner produced 15 candidates
2026-07-04 19:53:50,326 INFO Background metadata worker starting...
2026-07-04 19:53:50,392 INFO Prefetching missing metadata for 518 tickers...
2026-07-04 19:53:50,813 INFO Starting scanner with config {'universe': 'Nifty 500', 'min_candles': 300, 'interval': '1d', 'lookback_period': '2y', 'max_candidates': 15, 'min_total_score': 25.0, 'ema_fast': 20, 'ema_medium': 50, 'ema_slow': 200, 'atr_window': 20, 'contraction_window': 20, 'volume_sma_window': 20, 'volume_contraction_lookback': 20, 'volume_multiplier': 1.6, 'relative_strength_window': 90, 'sector_lookback': 60, 'risk_atr_multiplier': 2.5, 'trend_weight': 0.2, 'structure_weight': 0.2, 'volume_weight': 0.15, 'rs_weight': 0.1, 'sector_weight': 0.15, 'risk_weight': 0.1, 'reserved_weight': 0.1, 'sector_blacklist': ['Financial Services', 'Utilities'], 'required_columns': ['Open', 'High', 'Low', 'Close', 'Volume']}
2026-07-04 19:53:54,851 ERROR HTTP Error 401: {"finance":{"result":null,"error":{"code":"Unauthorized","description":"Invalid Crumb"}}}
2026-07-04 19:53:55,351 ERROR HTTP Error 401: {"finance":{"result":null,"error":{"code":"Unauthorized","description":"User is unable to access this feature - https://bit.ly/yahoo-finance-api-feedback"}}}
2026-07-04 19:54:19,749 INFO Saved 15 rows to data/scanner_results.csv
2026-07-04 19:54:19,749 INFO Scanner produced 15 candidates
2026-07-04 20:10:46,565 INFO Background cache refresh complete for 751 symbols.
2026-07-04 20:13:41,854 INFO Background metadata worker starting...
2026-07-04 20:13:41,880 INFO Prefetching missing metadata for 518 tickers...
2026-07-04 20:13:47,509 INFO Starting dual-mode scanner with config {'universe': 'Nifty 500', 'min_candles': 300, 'interval': '1d', 'lookback_period': '2y', 'max_candidates': 15, 'min_total_score': 25.0, 'watchlist_min_score': 75.0, 'entry_min_score': 85.0, 'watchlist_trend_weight': 0.2, 'watchlist_base_weight': 0.3, 'watchlist_volume_weight': 0.2, 'watchlist_rs_weight': 0.15, 'watchlist_sector_weight': 0.15, 'entry_trend_weight': 0.2, 'entry_breakout_weight': 0.25, 'entry_volume_weight': 0.2, 'entry_rs_weight': 0.1, 'entry_sector_weight': 0.15, 'entry_risk_weight': 0.1, 'watchlist_price_above_ema200': True, 'watchlist_base_high_pct': 5.0, 'watchlist_base_range_pct': 10.0, 'watchlist_base_days_min': 10, 'watchlist_atr_contraction_pct': -10.0, 'watchlist_bbw_contraction_pct': -15.0, 'watchlist_volume_dryup_pct': -20.0, 'watchlist_rs_min': 60.0, 'watchlist_sector_strength_min': 0.0, 'entry_breakout_volume_ratio': 2.0, 'entry_rs_rank_min': 80.0, 'entry_risk_reward_min': 2.0, 'entry_extension_pct': 10.0, 'entry_atr_expansion_pct': 1.8, 'ema_fast': 20, 'ema_medium': 50, 'ema_slow': 200, 'atr_window': 20, 'contraction_window': 20, 'volume_sma_window': 20, 'volume_contraction_lookback': 20, 'volume_multiplier': 1.6, 'relative_strength_window': 90, 'sector_lookback': 60, 'risk_atr_multiplier': 2.5, 'trend_weight': 0.2, 'structure_weight': 0.2, 'volume_weight': 0.15, 'rs_weight': 0.1, 'sector_weight': 0.15, 'risk_weight': 0.1, 'reserved_weight': 0.1, 'sector_blacklist': ['Financial Services', 'Utilities'], 'required_columns': ['Open', 'High', 'Low', 'Close', 'Volume']}
2026-07-04 20:13:47,881 ERROR Scanner failed for 360ONE.NS: local variable 'atr_score' referenced before assignment
Traceback (most recent call last):
  File "/home/kumar/Downloads/workspace/stocks/scanner/scanner.py", line 97, in run_dual_mode_scan
    watch_result = watchlist_scanner.evaluate(df, ticker=ticker, sector=sector)
  File "/home/kumar/Downloads/workspace/stocks/scanner/modes.py", line 107, in evaluate
    if atr_score > 0:
UnboundLocalError: local variable 'atr_score' referenced before assignment
2026-07-04 20:13:48,042 ERROR Scanner failed for 3MINDIA.NS: local variable 'atr_score' referenced before assignment
Traceback (most recent call last):
  File "/home/kumar/Downloads/workspace/stocks/scanner/scanner.py", line 97, in run_dual_mode_scan
    watch_result = watchlist_scanner.evaluate(df, ticker=ticker, sector=sector)
  File "/home/kumar/Downloads/workspace/stocks/scanner/modes.py", line 107, in evaluate
    if atr_score > 0:
UnboundLocalError: local variable 'atr_score' referenced before assignment
2026-07-04 20:13:48,248 ERROR Scanner failed for ABB.NS: local variable 'atr_score' referenced before assignment
Traceback (most recent call last):
  File "/home/kumar/Downloads/workspace/stocks/scanner/scanner.py", line 97, in run_dual_mode_scan
    watch_result = watchlist_scanner.evaluate(df, ticker=ticker, sector=sector)
  File "/home/kumar/Downloads/workspace/stocks/scanner/modes.py", line 107, in evaluate
    if atr_score > 0:
UnboundLocalError: local variable 'atr_score' referenced before assignment
2026-07-04 20:13:48,487 ERROR Scanner failed for ACC.NS: local variable 'atr_score' referenced before assignment
Traceback (most recent call last):
  File "/home/kumar/Downloads/workspace/stocks/scanner/scanner.py", line 97, in run_dual_mode_scan
    watch_result = watchlist_scanner.evaluate(df, ticker=ticker, sector=sector)
  File "/home/kumar/Downloads/workspace/stocks/scanner/modes.py", line 107, in evaluate
    if atr_score > 0:
UnboundLocalError: local variable 'atr_score' referenced before assignment
2026-07-04 20:13:48,651 ERROR Scanner failed for ACMESOLAR.NS: local variable 'atr_score' referenced before assignment
Traceback (most recent call last):
  File "/home/kumar/Downloads/workspace/stocks/scanner/scanner.py", line 97, in run_dual_mode_scan
    watch_result = watchlist_scanner.evaluate(df, ticker=ticker, sector=sector)
  File "/home/kumar/Downloads/workspace/stocks/scanner/modes.py", line 107, in evaluate
    if atr_score > 0:
UnboundLocalError: local variable 'atr_score' referenced before assignment
2026-07-04 20:13:49,004 ERROR Scanner failed for AIAENG.NS: local variable 'atr_score' referenced before assignment
Traceback (most recent call last):
  File "/home/kumar/Downloads/workspace/stocks/scanner/scanner.py", line 97, in run_dual_mode_scan
    watch_result = watchlist_scanner.evaluate(df, ticker=ticker, sector=sector)
  File "/home/kumar/Downloads/workspace/stocks/scanner/modes.py", line 107, in evaluate
    if atr_score > 0:
UnboundLocalError: local variable 'atr_score' referenced before assignment
2026-07-04 20:13:49,180 ERROR Scanner failed for APLAPOLLO.NS: local variable 'atr_score' referenced before assignment
Traceback (most recent call last):
  File "/home/kumar/Downloads/workspace/stocks/scanner/scanner.py", line 97, in run_dual_mode_scan
    watch_result = watchlist_scanner.evaluate(df, ticker=ticker, sector=sector)
  File "/home/kumar/Downloads/workspace/stocks/scanner/modes.py", line 107, in evaluate
    if atr_score > 0:
UnboundLocalError: local variable 'atr_score' referenced before assignment
2026-07-04 20:13:49,352 ERROR Scanner failed for AUBANK.NS: local variable 'atr_score' referenced before assignment
Traceback (most recent call last):
  File "/home/kumar/Downloads/workspace/stocks/scanner/scanner.py", line 97, in run_dual_mode_scan
    watch_result = watchlist_scanner.evaluate(df, ticker=ticker, sector=sector)
  File "/home/kumar/Downloads/workspace/stocks/scanner/modes.py", line 107, in evaluate
    if atr_score > 0:
UnboundLocalError: local variable 'atr_score' referenced before assignment
2026-07-04 20:13:49,950 ERROR Scanner failed for AWL.NS: local variable 'atr_score' referenced before assignment
Traceback (most recent call last):
  File "/home/kumar/Downloads/workspace/stocks/scanner/scanner.py", line 97, in run_dual_mode_scan
    watch_result = watchlist_scanner.evaluate(df, ticker=ticker, sector=sector)
  File "/home/kumar/Downloads/workspace/stocks/scanner/modes.py", line 107, in evaluate
    if atr_score > 0:
UnboundLocalError: local variable 'atr_score' referenced before assignment
2026-07-04 20:13:50,098 ERROR Scanner failed for AADHARHFC.NS: local variable 'atr_score' referenced before assignment
Traceback (most recent call last):
  File "/home/kumar/Downloads/workspace/stocks/scanner/scanner.py", line 97, in run_dual_mode_scan
    watch_result = watchlist_scanner.evaluate(df, ticker=ticker, sector=sector)
  File "/home/kumar/Downloads/workspace/stocks/scanner/modes.py", line 107, in evaluate
    if atr_score > 0:
UnboundLocalError: local variable 'atr_score' referenced before assignment
2026-07-04 20:13:50,325 ERROR Scanner failed for AARTIIND.NS: local variable 'atr_score' referenced before assignment
Traceback (most recent call last):
  File "/home/kumar/Downloads/workspace/stocks/scanner/scanner.py", line 97, in run_dual_mode_scan
    watch_result = watchlist_scanner.evaluate(df, ticker=ticker, sector=sector)
  File "/home/kumar/Downloads/workspace/stocks/scanner/modes.py", line 107, in evaluate
    if atr_score > 0:
UnboundLocalError: local variable 'atr_score' referenced before assignment
2026-07-04 20:13:50,519 ERROR Scanner failed for AAVAS.NS: local variable 'atr_score' referenced before assignment
Traceback (most recent call last):
  File "/home/kumar/Downloads/workspace/stocks/scanner/scanner.py", line 97, in run_dual_mode_scan
    watch_result = watchlist_scanner.evaluate(df, ticker=ticker, sector=sector)
  File "/home/kumar/Downloads/workspace/stocks/scanner/modes.py", line 107, in evaluate
    if atr_score > 0:
UnboundLocalError: local variable 'atr_score' referenced before assignment
2026-07-04 20:13:50,695 ERROR Scanner failed for ABBOTINDIA.NS: local variable 'atr_score' referenced before assignment
Traceback (most recent call last):
  File "/home/kumar/Downloads/workspace/stocks/scanner/scanner.py", line 97, in run_dual_mode_scan
    watch_result = watchlist_scanner.evaluate(df, ticker=ticker, sector=sector)
  File "/home/kumar/Downloads/workspace/stocks/scanner/modes.py", line 107, in evaluate
    if atr_score > 0:
UnboundLocalError: local variable 'atr_score' referenced before assignment
2026-07-04 20:13:50,887 ERROR Scanner failed for ACE.NS: local variable 'atr_score' referenced before assignment
Traceback (most recent call last):
  File "/home/kumar/Downloads/workspace/stocks/scanner/scanner.py", line 97, in run_dual_mode_scan
    watch_result = watchlist_scanner.evaluate(df, ticker=ticker, sector=sector)
  File "/home/kumar/Downloads/workspace/stocks/scanner/modes.py", line 107, in evaluate
    if atr_score > 0:
UnboundLocalError: local variable 'atr_score' referenced before assignment
2026-07-04 20:13:51,074 ERROR Scanner failed for ACUTAAS.NS: local variable 'atr_score' referenced before assignment
Traceback (most recent call last):
  File "/home/kumar/Downloads/workspace/stocks/scanner/scanner.py", line 97, in run_dual_mode_scan
    watch_result = watchlist_scanner.evaluate(df, ticker=ticker, sector=sector)
  File "/home/kumar/Downloads/workspace/stocks/scanner/modes.py", line 107, in evaluate
    if atr_score > 0:
UnboundLocalError: local variable 'atr_score' referenced before assignment
2026-07-04 20:13:51,245 ERROR Scanner failed for ADANIENSOL.NS: local variable 'atr_score' referenced before assignment
Traceback (most recent call last):
  File "/home/kumar/Downloads/workspace/stocks/scanner/scanner.py", line 97, in run_dual_mode_scan
    watch_result = watchlist_scanner.evaluate(df, ticker=ticker, sector=sector)
  File "/home/kumar/Downloads/workspace/stocks/scanner/modes.py", line 107, in evaluate
    if atr_score > 0:
UnboundLocalError: local variable 'atr_score' referenced before assignment
2026-07-04 20:13:51,474 ERROR Scanner failed for ADANIENT.NS: local variable 'atr_score' referenced before assignment
Traceback (most recent call last):
  File "/home/kumar/Downloads/workspace/stocks/scanner/scanner.py", line 97, in run_dual_mode_scan
    watch_result = watchlist_scanner.evaluate(df, ticker=ticker, sector=sector)
  File "/home/kumar/Downloads/workspace/stocks/scanner/modes.py", line 107, in evaluate
    if atr_score > 0:
UnboundLocalError: local variable 'atr_score' referenced before assignment
2026-07-04 20:13:51,681 ERROR Scanner failed for ADANIGREEN.NS: local variable 'atr_score' referenced before assignment
Traceback (most recent call last):
  File "/home/kumar/Downloads/workspace/stocks/scanner/scanner.py", line 97, in run_dual_mode_scan
    watch_result = watchlist_scanner.evaluate(df, ticker=ticker, sector=sector)
  File "/home/kumar/Downloads/workspace/stocks/scanner/modes.py", line 107, in evaluate
    if atr_score > 0:
UnboundLocalError: local variable 'atr_score' referenced before assignment
2026-07-04 20:13:51,947 ERROR Scanner failed for ADANIPORTS.NS: local variable 'atr_score' referenced before assignment
Traceback (most recent call last):
  File "/home/kumar/Downloads/workspace/stocks/scanner/scanner.py", line 97, in run_dual_mode_scan
    watch_result = watchlist_scanner.evaluate(df, ticker=ticker, sector=sector)
  File "/home/kumar/Downloads/workspace/stocks/scanner/modes.py", line 107, in evaluate
    if atr_score > 0:
UnboundLocalError: local variable 'atr_score' referenced before assignment
2026-07-04 20:13:52,152 ERROR Scanner failed for ADANIPOWER.NS: local variable 'atr_score' referenced before assignment
Traceback (most recent call last):
  File "/home/kumar/Downloads/workspace/stocks/scanner/scanner.py", line 97, in run_dual_mode_scan
    watch_result = watchlist_scanner.evaluate(df, ticker=ticker, sector=sector)
  File "/home/kumar/Downloads/workspace/stocks/scanner/modes.py", line 107, in evaluate
    if atr_score > 0:
UnboundLocalError: local variable 'atr_score' referenced before assignment
2026-07-04 20:13:52,430 ERROR Scanner failed for ATGL.NS: local variable 'atr_score' referenced before assignment
Traceback (most recent call last):
  File "/home/kumar/Downloads/workspace/stocks/scanner/scanner.py", line 97, in run_dual_mode_scan
    watch_result = watchlist_scanner.evaluate(df, ticker=ticker, sector=sector)
  File "/home/kumar/Downloads/workspace/stocks/scanner/modes.py", line 107, in evaluate
    if atr_score > 0:
UnboundLocalError: local variable 'atr_score' referenced before assignment
2026-07-04 20:13:52,578 ERROR Scanner failed for ABCAPITAL.NS: local variable 'atr_score' referenced before assignment
Traceback (most recent call last):
  File "/home/kumar/Downloads/workspace/stocks/scanner/scanner.py", line 97, in run_dual_mode_scan
    watch_result = watchlist_scanner.evaluate(df, ticker=ticker, sector=sector)
  File "/home/kumar/Downloads/workspace/stocks/scanner/modes.py", line 107, in evaluate
    if atr_score > 0:
UnboundLocalError: local variable 'atr_score' referenced before assignment
2026-07-04 20:13:52,736 ERROR Scanner failed for ABFRL.NS: local variable 'atr_score' referenced before assignment
Traceback (most recent call last):
  File "/home/kumar/Downloads/workspace/stocks/scanner/scanner.py", line 97, in run_dual_mode_scan
    watch_result = watchlist_scanner.evaluate(df, ticker=ticker, sector=sector)
  File "/home/kumar/Downloads/workspace/stocks/scanner/modes.py", line 107, in evaluate
    if atr_score > 0:
UnboundLocalError: local variable 'atr_score' referenced before assignment
2026-07-04 20:13:53,067 ERROR Scanner failed for ABREL.NS: local variable 'atr_score' referenced before assignment
Traceback (most recent call last):
  File "/home/kumar/Downloads/workspace/stocks/scanner/scanner.py", line 97, in run_dual_mode_scan
    watch_result = watchlist_scanner.evaluate(df, ticker=ticker, sector=sector)
  File "/home/kumar/Downloads/workspace/stocks/scanner/modes.py", line 107, in evaluate
    if atr_score > 0:
UnboundLocalError: local variable 'atr_score' referenced before assignment
2026-07-04 20:13:53,235 ERROR Scanner failed for ABSLAMC.NS: local variable 'atr_score' referenced before assignment
Traceback (most recent call last):
  File "/home/kumar/Downloads/workspace/stocks/scanner/scanner.py", line 97, in run_dual_mode_scan
    watch_result = watchlist_scanner.evaluate(df, ticker=ticker, sector=sector)
  File "/home/kumar/Downloads/workspace/stocks/scanner/modes.py", line 107, in evaluate
    if atr_score > 0:
UnboundLocalError: local variable 'atr_score' referenced before assignment
2026-07-04 20:13:53,550 ERROR Scanner failed for AEGISLOG.NS: local variable 'atr_score' referenced before assignment
Traceback (most recent call last):
  File "/home/kumar/Downloads/workspace/stocks/scanner/scanner.py", line 97, in run_dual_mode_scan
    watch_result = watchlist_scanner.evaluate(df, ticker=ticker, sector=sector)
  File "/home/kumar/Downloads/workspace/stocks/scanner/modes.py", line 107, in evaluate
    if atr_score > 0:
UnboundLocalError: local variable 'atr_score' referenced before assignment
2026-07-04 20:13:53,885 ERROR Scanner failed for AFCONS.NS: local variable 'atr_score' referenced before assignment
Traceback (most recent call last):
  File "/home/kumar/Downloads/workspace/stocks/scanner/scanner.py", line 97, in run_dual_mode_scan
    watch_result = watchlist_scanner.evaluate(df, ticker=ticker, sector=sector)
  File "/home/kumar/Downloads/workspace/stocks/scanner/modes.py", line 107, in evaluate
    if atr_score > 0:
UnboundLocalError: local variable 'atr_score' referenced before assignment
2026-07-04 20:13:54,137 ERROR Scanner failed for AFFLE.NS: local variable 'atr_score' referenced before assignment
Traceback (most recent call last):
  File "/home/kumar/Downloads/workspace/stocks/scanner/scanner.py", line 97, in run_dual_mode_scan
    watch_result = watchlist_scanner.evaluate(df, ticker=ticker, sector=sector)
  File "/home/kumar/Downloads/workspace/stocks/scanner/modes.py", line 107, in evaluate
    if atr_score > 0:
UnboundLocalError: local variable 'atr_score' referenced before assignment
2026-07-04 20:13:54,337 ERROR Scanner failed for AJANTPHARM.NS: local variable 'atr_score' referenced before assignment
Traceback (most recent call last):
  File "/home/kumar/Downloads/workspace/stocks/scanner/scanner.py", line 97, in run_dual_mode_scan
    watch_result = watchlist_scanner.evaluate(df, ticker=ticker, sector=sector)
  File "/home/kumar/Downloads/workspace/stocks/scanner/modes.py", line 107, in evaluate
    if atr_score > 0:
UnboundLocalError: local variable 'atr_score' referenced before assignment
2026-07-04 20:13:54,515 ERROR Scanner failed for ALKEM.NS: local variable 'atr_score' referenced before assignment
Traceback (most recent call last):
  File "/home/kumar/Downloads/workspace/stocks/scanner/scanner.py", line 97, in run_dual_mode_scan
    watch_result = watchlist_scanner.evaluate(df, ticker=ticker, sector=sector)
  File "/home/kumar/Downloads/workspace/stocks/scanner/modes.py", line 107, in evaluate
    if atr_score > 0:
UnboundLocalError: local variable 'atr_score' referenced before assignment
2026-07-04 20:13:55,100 ERROR Scanner failed for ABDL.NS: local variable 'atr_score' referenced before assignment
Traceback (most recent call last):
  File "/home/kumar/Downloads/workspace/stocks/scanner/scanner.py", line 97, in run_dual_mode_scan
    watch_result = watchlist_scanner.evaluate(df, ticker=ticker, sector=sector)
  File "/home/kumar/Downloads/workspace/stocks/scanner/modes.py", line 107, in evaluate
    if atr_score > 0:
UnboundLocalError: local variable 'atr_score' referenced before assignment
2026-07-04 20:13:55,307 ERROR Scanner failed for ARE&M.NS: local variable 'atr_score' referenced before assignment
Traceback (most recent call last):
  File "/home/kumar/Downloads/workspace/stocks/scanner/scanner.py", line 97, in run_dual_mode_scan
    watch_result = watchlist_scanner.evaluate(df, ticker=ticker, sector=sector)
  File "/home/kumar/Downloads/workspace/stocks/scanner/modes.py", line 107, in evaluate
    if atr_score > 0:
UnboundLocalError: local variable 'atr_score' referenced before assignment
2026-07-04 20:13:55,451 ERROR Scanner failed for AMBER.NS: local variable 'atr_score' referenced before assignment
Traceback (most recent call last):
  File "/home/kumar/Downloads/workspace/stocks/scanner/scanner.py", line 97, in run_dual_mode_scan
    watch_result = watchlist_scanner.evaluate(df, ticker=ticker, sector=sector)
  File "/home/kumar/Downloads/workspace/stocks/scanner/modes.py", line 107, in evaluate
    if atr_score > 0:
UnboundLocalError: local variable 'atr_score' referenced before assignment
2026-07-04 20:13:55,641 ERROR Scanner failed for AMBUJACEM.NS: local variable 'atr_score' referenced before assignment
Traceback (most recent call last):
  File "/home/kumar/Downloads/workspace/stocks/scanner/scanner.py", line 97, in run_dual_mode_scan
    watch_result = watchlist_scanner.evaluate(df, ticker=ticker, sector=sector)
  File "/home/kumar/Downloads/workspace/stocks/scanner/modes.py", line 107, in evaluate
    if atr_score > 0:
UnboundLocalError: local variable 'atr_score' referenced before assignment
2026-07-04 20:13:55,814 ERROR Scanner failed for ANANDRATHI.NS: local variable 'atr_score' referenced before assignment
Traceback (most recent call last):
  File "/home/kumar/Downloads/workspace/stocks/scanner/scanner.py", line 97, in run_dual_mode_scan
    watch_result = watchlist_scanner.evaluate(df, ticker=ticker, sector=sector)
  File "/home/kumar/Downloads/workspace/stocks/scanner/modes.py", line 107, in evaluate
    if atr_score > 0:
UnboundLocalError: local variable 'atr_score' referenced before assignment
2026-07-04 20:13:56,080 ERROR Scanner failed for ANANTRAJ.NS: local variable 'atr_score' referenced before assignment
Traceback (most recent call last):
  File "/home/kumar/Downloads/workspace/stocks/scanner/scanner.py", line 97, in run_dual_mode_scan
    watch_result = watchlist_scanner.evaluate(df, ticker=ticker, sector=sector)
  File "/home/kumar/Downloads/workspace/stocks/scanner/modes.py", line 107, in evaluate
    if atr_score > 0:
UnboundLocalError: local variable 'atr_score' referenced before assignment
2026-07-04 20:13:56,774 ERROR Scanner failed for ANGELONE.NS: local variable 'atr_score' referenced before assignment
Traceback (most recent call last):
  File "/home/kumar/Downloads/workspace/stocks/scanner/scanner.py", line 97, in run_dual_mode_scan
    watch_result = watchlist_scanner.evaluate(df, ticker=ticker, sector=sector)
  File "/home/kumar/Downloads/workspace/stocks/scanner/modes.py", line 107, in evaluate
    if atr_score > 0:
UnboundLocalError: local variable 'atr_score' referenced before assignment
2026-07-04 20:13:57,207 ERROR Scanner failed for ANURAS.NS: local variable 'atr_score' referenced before assignment
Traceback (most recent call last):
  File "/home/kumar/Downloads/workspace/stocks/scanner/scanner.py", line 97, in run_dual_mode_scan
    watch_result = watchlist_scanner.evaluate(df, ticker=ticker, sector=sector)
  File "/home/kumar/Downloads/workspace/stocks/scanner/modes.py", line 107, in evaluate
    if atr_score > 0:
UnboundLocalError: local variable 'atr_score' referenced before assignment
2026-07-04 20:13:57,394 ERROR Scanner failed for APARINDS.NS: local variable 'atr_score' referenced before assignment
Traceback (most recent call last):
  File "/home/kumar/Downloads/workspace/stocks/scanner/scanner.py", line 97, in run_dual_mode_scan
    watch_result = watchlist_scanner.evaluate(df, ticker=ticker, sector=sector)
  File "/home/kumar/Downloads/workspace/stocks/scanner/modes.py", line 107, in evaluate
    if atr_score > 0:
UnboundLocalError: local variable 'atr_score' referenced before assignment
2026-07-04 20:13:57,617 ERROR Scanner failed for APOLLOHOSP.NS: local variable 'atr_score' referenced before assignment
Traceback (most recent call last):
  File "/home/kumar/Downloads/workspace/stocks/scanner/scanner.py", line 97, in run_dual_mode_scan
    watch_result = watchlist_scanner.evaluate(df, ticker=ticker, sector=sector)
  File "/home/kumar/Downloads/workspace/stocks/scanner/modes.py", line 107, in evaluate
    if atr_score > 0:
UnboundLocalError: local variable 'atr_score' referenced before assignment
2026-07-04 20:13:57,844 ERROR Scanner failed for APOLLOTYRE.NS: local variable 'atr_score' referenced before assignment
Traceback (most recent call last):
  File "/home/kumar/Downloads/workspace/stocks/scanner/scanner.py", line 97, in run_dual_mode_scan
    watch_result = watchlist_scanner.evaluate(df, ticker=ticker, sector=sector)
  File "/home/kumar/Downloads/workspace/stocks/scanner/modes.py", line 107, in evaluate
    if atr_score > 0:
UnboundLocalError: local variable 'atr_score' referenced before assignment
2026-07-04 20:13:58,000 ERROR Scanner failed for APTUS.NS: local variable 'atr_score' referenced before assignment
Traceback (most recent call last):
  File "/home/kumar/Downloads/workspace/stocks/scanner/scanner.py", line 97, in run_dual_mode_scan
    watch_result = watchlist_scanner.evaluate(df, ticker=ticker, sector=sector)
  File "/home/kumar/Downloads/workspace/stocks/scanner/modes.py", line 107, in evaluate
    if atr_score > 0:
UnboundLocalError: local variable 'atr_score' referenced before assignment
2026-07-04 20:13:58,228 ERROR Scanner failed for ASAHIINDIA.NS: local variable 'atr_score' referenced before assignment
Traceback (most recent call last):
  File "/home/kumar/Downloads/workspace/stocks/scanner/scanner.py", line 97, in run_dual_mode_scan
    watch_result = watchlist_scanner.evaluate(df, ticker=ticker, sector=sector)
  File "/home/kumar/Downloads/workspace/stocks/scanner/modes.py", line 107, in evaluate
    if atr_score > 0:
UnboundLocalError: local variable 'atr_score' referenced before assignment
2026-07-04 20:13:58,429 ERROR Scanner failed for ASHOKLEY.NS: local variable 'atr_score' referenced before assignment
Traceback (most recent call last):
  File "/home/kumar/Downloads/workspace/stocks/scanner/scanner.py", line 97, in run_dual_mode_scan
    watch_result = watchlist_scanner.evaluate(df, ticker=ticker, sector=sector)
  File "/home/kumar/Downloads/workspace/stocks/scanner/modes.py", line 107, in evaluate
    if atr_score > 0:
UnboundLocalError: local variable 'atr_score' referenced before assignment
2026-07-04 20:13:58,715 ERROR Scanner failed for ASIANPAINT.NS: local variable 'atr_score' referenced before assignment
Traceback (most recent call last):
  File "/home/kumar/Downloads/workspace/stocks/scanner/scanner.py", line 97, in run_dual_mode_scan
    watch_result = watchlist_scanner.evaluate(df, ticker=ticker, sector=sector)
  File "/home/kumar/Downloads/workspace/stocks/scanner/modes.py", line 107, in evaluate
    if atr_score > 0:
UnboundLocalError: local variable 'atr_score' referenced before assignment
2026-07-04 20:13:58,890 ERROR Scanner failed for ASTERDM.NS: local variable 'atr_score' referenced before assignment
Traceback (most recent call last):
  File "/home/kumar/Downloads/workspace/stocks/scanner/scanner.py", line 97, in run_dual_mode_scan
    watch_result = watchlist_scanner.evaluate(df, ticker=ticker, sector=sector)
  File "/home/kumar/Downloads/workspace/stocks/scanner/modes.py", line 107, in evaluate
    if atr_score > 0:
UnboundLocalError: local variable 'atr_score' referenced before assignment
2026-07-04 20:13:59,143 ERROR Scanner failed for ASTRAL.NS: local variable 'atr_score' referenced before assignment
Traceback (most recent call last):
  File "/home/kumar/Downloads/workspace/stocks/scanner/scanner.py", line 97, in run_dual_mode_scan
    watch_result = watchlist_scanner.evaluate(df, ticker=ticker, sector=sector)
  File "/home/kumar/Downloads/workspace/stocks/scanner/modes.py", line 107, in evaluate
    if atr_score > 0:
UnboundLocalError: local variable 'atr_score' referenced before assignment
2026-07-04 20:13:59,484 ERROR Scanner failed for ATUL.NS: local variable 'atr_score' referenced before assignment
Traceback (most recent call last):
  File "/home/kumar/Downloads/workspace/stocks/scanner/scanner.py", line 97, in run_dual_mode_scan
    watch_result = watchlist_scanner.evaluate(df, ticker=ticker, sector=sector)
  File "/home/kumar/Downloads/workspace/stocks/scanner/modes.py", line 107, in evaluate
    if atr_score > 0:
UnboundLocalError: local variable 'atr_score' referenced before assignment
2026-07-04 20:13:59,718 ERROR Scanner failed for AUROPHARMA.NS: local variable 'atr_score' referenced before assignment
Traceback (most recent call last):
  File "/home/kumar/Downloads/workspace/stocks/scanner/scanner.py", line 97, in run_dual_mode_scan
    watch_result = watchlist_scanner.evaluate(df, ticker=ticker, sector=sector)
  File "/home/kumar/Downloads/workspace/stocks/scanner/modes.py", line 107, in evaluate
    if atr_score > 0:
UnboundLocalError: local variable 'atr_score' referenced before assignment
2026-07-04 20:13:59,882 ERROR Scanner failed for AIIL.NS: local variable 'atr_score' referenced before assignment
Traceback (most recent call last):
  File "/home/kumar/Downloads/workspace/stocks/scanner/scanner.py", line 97, in run_dual_mode_scan
    watch_result = watchlist_scanner.evaluate(df, ticker=ticker, sector=sector)
  File "/home/kumar/Downloads/workspace/stocks/scanner/modes.py", line 107, in evaluate
    if atr_score > 0:
UnboundLocalError: local variable 'atr_score' referenced before assignment
2026-07-04 20:14:00,079 ERROR Scanner failed for DMART.NS: local variable 'atr_score' referenced before assignment
Traceback (most recent call last):
  File "/home/kumar/Downloads/workspace/stocks/scanner/scanner.py", line 97, in run_dual_mode_scan
    watch_result = watchlist_scanner.evaluate(df, ticker=ticker, sector=sector)
  File "/home/kumar/Downloads/workspace/stocks/scanner/modes.py", line 107, in evaluate
    if atr_score > 0:
UnboundLocalError: local variable 'atr_score' referenced before assignment
2026-07-04 20:14:00,253 ERROR Scanner failed for AXISBANK.NS: local variable 'atr_score' referenced before assignment
Traceback (most recent call last):
  File "/home/kumar/Downloads/workspace/stocks/scanner/scanner.py", line 97, in run_dual_mode_scan
    watch_result = watchlist_scanner.evaluate(df, ticker=ticker, sector=sector)
  File "/home/kumar/Downloads/workspace/stocks/scanner/modes.py", line 107, in evaluate
    if atr_score > 0:
UnboundLocalError: local variable 'atr_score' referenced before assignment
2026-07-04 20:14:00,457 ERROR Scanner failed for BEML.NS: local variable 'atr_score' referenced before assignment
Traceback (most recent call last):
  File "/home/kumar/Downloads/workspace/stocks/scanner/scanner.py", line 97, in run_dual_mode_scan
    watch_result = watchlist_scanner.evaluate(df, ticker=ticker, sector=sector)
  File "/home/kumar/Downloads/workspace/stocks/scanner/modes.py", line 107, in evaluate
    if atr_score > 0:
UnboundLocalError: local variable 'atr_score' referenced before assignment
2026-07-04 20:14:00,675 ERROR Scanner failed for BLS.NS: local variable 'atr_score' referenced before assignment
Traceback (most recent call last):
  File "/home/kumar/Downloads/workspace/stocks/scanner/scanner.py", line 97, in run_dual_mode_scan
    watch_result = watchlist_scanner.evaluate(df, ticker=ticker, sector=sector)
  File "/home/kumar/Downloads/workspace/stocks/scanner/modes.py", line 107, in evaluate
    if atr_score > 0:
UnboundLocalError: local variable 'atr_score' referenced before assignment
2026-07-04 20:14:00,896 ERROR Scanner failed for BSE.NS: local variable 'atr_score' referenced before assignment
Traceback (most recent call last):
  File "/home/kumar/Downloads/workspace/stocks/scanner/scanner.py", line 97, in run_dual_mode_scan
    watch_result = watchlist_scanner.evaluate(df, ticker=ticker, sector=sector)
  File "/home/kumar/Downloads/workspace/stocks/scanner/modes.py", line 107, in evaluate
    if atr_score > 0:
UnboundLocalError: local variable 'atr_score' referenced before assignment
2026-07-04 20:14:01,068 ERROR Scanner failed for BAJAJ-AUTO.NS: local variable 'atr_score' referenced before assignment
Traceback (most recent call last):
  File "/home/kumar/Downloads/workspace/stocks/scanner/scanner.py", line 97, in run_dual_mode_scan
    watch_result = watchlist_scanner.evaluate(df, ticker=ticker, sector=sector)
  File "/home/kumar/Downloads/workspace/stocks/scanner/modes.py", line 107, in evaluate
    if atr_score > 0:
UnboundLocalError: local variable 'atr_score' referenced before assignment
2026-07-04 20:14:01,276 ERROR Scanner failed for BAJFINANCE.NS: local variable 'atr_score' referenced before assignment
Traceback (most recent call last):
  File "/home/kumar/Downloads/workspace/stocks/scanner/scanner.py", line 97, in run_dual_mode_scan
    watch_result = watchlist_scanner.evaluate(df, ticker=ticker, sector=sector)
  File "/home/kumar/Downloads/workspace/stocks/scanner/modes.py", line 107, in evaluate
    if atr_score > 0:
UnboundLocalError: local variable 'atr_score' referenced before assignment
2026-07-04 20:14:01,464 ERROR Scanner failed for BAJAJFINSV.NS: local variable 'atr_score' referenced before assignment
Traceback (most recent call last):
  File "/home/kumar/Downloads/workspace/stocks/scanner/scanner.py", line 97, in run_dual_mode_scan
    watch_result = watchlist_scanner.evaluate(df, ticker=ticker, sector=sector)
  File "/home/kumar/Downloads/workspace/stocks/scanner/modes.py", line 107, in evaluate
    if atr_score > 0:
UnboundLocalError: local variable 'atr_score' referenced before assignment
2026-07-04 20:14:01,640 ERROR Scanner failed for BAJAJHLDNG.NS: local variable 'atr_score' referenced before assignment
Traceback (most recent call last):
  File "/home/kumar/Downloads/workspace/stocks/scanner/scanner.py", line 97, in run_dual_mode_scan
    watch_result = watchlist_scanner.evaluate(df, ticker=ticker, sector=sector)
  File "/home/kumar/Downloads/workspace/stocks/scanner/modes.py", line 107, in evaluate
    if atr_score > 0:
UnboundLocalError: local variable 'atr_score' referenced before assignment
2026-07-04 20:14:01,989 ERROR Scanner failed for BAJAJHFL.NS: local variable 'atr_score' referenced before assignment
Traceback (most recent call last):
  File "/home/kumar/Downloads/workspace/stocks/scanner/scanner.py", line 97, in run_dual_mode_scan
    watch_result = watchlist_scanner.evaluate(df, ticker=ticker, sector=sector)
  File "/home/kumar/Downloads/workspace/stocks/scanner/modes.py", line 107, in evaluate
    if atr_score > 0:
UnboundLocalError: local variable 'atr_score' referenced before assignment
2026-07-04 20:14:02,177 ERROR Scanner failed for BALKRISIND.NS: local variable 'atr_score' referenced before assignment
Traceback (most recent call last):
  File "/home/kumar/Downloads/workspace/stocks/scanner/scanner.py", line 97, in run_dual_mode_scan
    watch_result = watchlist_scanner.evaluate(df, ticker=ticker, sector=sector)
  File "/home/kumar/Downloads/workspace/stocks/scanner/modes.py", line 107, in evaluate
    if atr_score > 0:
UnboundLocalError: local variable 'atr_score' referenced before assignment
2026-07-04 20:14:02,404 ERROR Scanner failed for BALRAMCHIN.NS: local variable 'atr_score' referenced before assignment
Traceback (most recent call last):
  File "/home/kumar/Downloads/workspace/stocks/scanner/scanner.py", line 97, in run_dual_mode_scan
    watch_result = watchlist_scanner.evaluate(df, ticker=ticker, sector=sector)
  File "/home/kumar/Downloads/workspace/stocks/scanner/modes.py", line 107, in evaluate
    if atr_score > 0:
UnboundLocalError: local variable 'atr_score' referenced before assignment
2026-07-04 20:14:02,605 ERROR Scanner failed for BANDHANBNK.NS: local variable 'atr_score' referenced before assignment
Traceback (most recent call last):
  File "/home/kumar/Downloads/workspace/stocks/scanner/scanner.py", line 97, in run_dual_mode_scan
    watch_result = watchlist_scanner.evaluate(df, ticker=ticker, sector=sector)
  File "/home/kumar/Downloads/workspace/stocks/scanner/modes.py", line 107, in evaluate
    if atr_score > 0:
UnboundLocalError: local variable 'atr_score' referenced before assignment
2026-07-04 20:14:02,844 ERROR Scanner failed for BANKBARODA.NS: local variable 'atr_score' referenced before assignment
Traceback (most recent call last):
  File "/home/kumar/Downloads/workspace/stocks/scanner/scanner.py", line 97, in run_dual_mode_scan
    watch_result = watchlist_scanner.evaluate(df, ticker=ticker, sector=sector)
  File "/home/kumar/Downloads/workspace/stocks/scanner/modes.py", line 107, in evaluate
    if atr_score > 0:
UnboundLocalError: local variable 'atr_score' referenced before assignment
2026-07-04 20:14:03,082 ERROR Scanner failed for BANKINDIA.NS: local variable 'atr_score' referenced before assignment
Traceback (most recent call last):
  File "/home/kumar/Downloads/workspace/stocks/scanner/scanner.py", line 97, in run_dual_mode_scan
    watch_result = watchlist_scanner.evaluate(df, ticker=ticker, sector=sector)
  File "/home/kumar/Downloads/workspace/stocks/scanner/modes.py", line 107, in evaluate
    if atr_score > 0:
UnboundLocalError: local variable 'atr_score' referenced before assignment
2026-07-04 20:14:03,283 ERROR Scanner failed for MAHABANK.NS: local variable 'atr_score' referenced before assignment
Traceback (most recent call last):
  File "/home/kumar/Downloads/workspace/stocks/scanner/scanner.py", line 97, in run_dual_mode_scan
    watch_result = watchlist_scanner.evaluate(df, ticker=ticker, sector=sector)
  File "/home/kumar/Downloads/workspace/stocks/scanner/modes.py", line 107, in evaluate
    if atr_score > 0:
UnboundLocalError: local variable 'atr_score' referenced before assignment
2026-07-04 20:14:03,473 ERROR Scanner failed for BATAINDIA.NS: local variable 'atr_score' referenced before assignment
Traceback (most recent call last):
  File "/home/kumar/Downloads/workspace/stocks/scanner/scanner.py", line 97, in run_dual_mode_scan
    watch_result = watchlist_scanner.evaluate(df, ticker=ticker, sector=sector)
  File "/home/kumar/Downloads/workspace/stocks/scanner/modes.py", line 107, in evaluate
    if atr_score > 0:
UnboundLocalError: local variable 'atr_score' referenced before assignment
2026-07-04 20:14:03,702 ERROR Scanner failed for BAYERCROP.NS: local variable 'atr_score' referenced before assignment
Traceback (most recent call last):
  File "/home/kumar/Downloads/workspace/stocks/scanner/scanner.py", line 97, in run_dual_mode_scan
    watch_result = watchlist_scanner.evaluate(df, ticker=ticker, sector=sector)
  File "/home/kumar/Downloads/workspace/stocks/scanner/modes.py", line 107, in evaluate
    if atr_score > 0:
UnboundLocalError: local variable 'atr_score' referenced before assignment
2026-07-04 20:14:04,017 ERROR Scanner failed for BERGEPAINT.NS: local variable 'atr_score' referenced before assignment
Traceback (most recent call last):
  File "/home/kumar/Downloads/workspace/stocks/scanner/scanner.py", line 97, in run_dual_mode_scan
    watch_result = watchlist_scanner.evaluate(df, ticker=ticker, sector=sector)
  File "/home/kumar/Downloads/workspace/stocks/scanner/modes.py", line 107, in evaluate
    if atr_score > 0:
UnboundLocalError: local variable 'atr_score' referenced before assignment
2026-07-04 20:14:04,362 ERROR Scanner failed for BDL.NS: local variable 'atr_score' referenced before assignment
Traceback (most recent call last):
  File "/home/kumar/Downloads/workspace/stocks/scanner/scanner.py", line 97, in run_dual_mode_scan
    watch_result = watchlist_scanner.evaluate(df, ticker=ticker, sector=sector)
  File "/home/kumar/Downloads/workspace/stocks/scanner/modes.py", line 107, in evaluate
    if atr_score > 0:
UnboundLocalError: local variable 'atr_score' referenced before assignment
2026-07-04 20:14:04,544 ERROR Scanner failed for BEL.NS: local variable 'atr_score' referenced before assignment
Traceback (most recent call last):
  File "/home/kumar/Downloads/workspace/stocks/scanner/scanner.py", line 97, in run_dual_mode_scan
    watch_result = watchlist_scanner.evaluate(df, ticker=ticker, sector=sector)
  File "/home/kumar/Downloads/workspace/stocks/scanner/modes.py", line 107, in evaluate
    if atr_score > 0:
UnboundLocalError: local variable 'atr_score' referenced before assignment
2026-07-04 20:14:04,744 ERROR Scanner failed for BHARATFORG.NS: local variable 'atr_score' referenced before assignment
Traceback (most recent call last):
  File "/home/kumar/Downloads/workspace/stocks/scanner/scanner.py", line 97, in run_dual_mode_scan
    watch_result = watchlist_scanner.evaluate(df, ticker=ticker, sector=sector)
  File "/home/kumar/Downloads/workspace/stocks/scanner/modes.py", line 107, in evaluate
    if atr_score > 0:
UnboundLocalError: local variable 'atr_score' referenced before assignment
2026-07-04 20:14:04,982 ERROR Scanner failed for BHEL.NS: local variable 'atr_score' referenced before assignment
Traceback (most recent call last):
  File "/home/kumar/Downloads/workspace/stocks/scanner/scanner.py", line 97, in run_dual_mode_scan
    watch_result = watchlist_scanner.evaluate(df, ticker=ticker, sector=sector)
  File "/home/kumar/Downloads/workspace/stocks/scanner/modes.py", line 107, in evaluate
    if atr_score > 0:
UnboundLocalError: local variable 'atr_score' referenced before assignment
2026-07-04 20:14:05,218 ERROR Scanner failed for BPCL.NS: local variable 'atr_score' referenced before assignment
Traceback (most recent call last):
  File "/home/kumar/Downloads/workspace/stocks/scanner/scanner.py", line 97, in run_dual_mode_scan
    watch_result = watchlist_scanner.evaluate(df, ticker=ticker, sector=sector)
  File "/home/kumar/Downloads/workspace/stocks/scanner/modes.py", line 107, in evaluate
    if atr_score > 0:
UnboundLocalError: local variable 'atr_score' referenced before assignment
2026-07-04 20:14:05,392 ERROR Scanner failed for BHARTIARTL.NS: local variable 'atr_score' referenced before assignment
Traceback (most recent call last):
  File "/home/kumar/Downloads/workspace/stocks/scanner/scanner.py", line 97, in run_dual_mode_scan
    watch_result = watchlist_scanner.evaluate(df, ticker=ticker, sector=sector)
  File "/home/kumar/Downloads/workspace/stocks/scanner/modes.py", line 107, in evaluate
    if atr_score > 0:
UnboundLocalError: local variable 'atr_score' referenced before assignment
2026-07-04 20:14:05,569 ERROR Scanner failed for BHARTIHEXA.NS: local variable 'atr_score' referenced before assignment
Traceback (most recent call last):
  File "/home/kumar/Downloads/workspace/stocks/scanner/scanner.py", line 97, in run_dual_mode_scan
    watch_result = watchlist_scanner.evaluate(df, ticker=ticker, sector=sector)
  File "/home/kumar/Downloads/workspace/stocks/scanner/modes.py", line 107, in evaluate
    if atr_score > 0:
UnboundLocalError: local variable 'atr_score' referenced before assignment
2026-07-04 20:14:05,908 ERROR Scanner failed for BIKAJI.NS: local variable 'atr_score' referenced before assignment
Traceback (most recent call last):
  File "/home/kumar/Downloads/workspace/stocks/scanner/scanner.py", line 97, in run_dual_mode_scan
    watch_result = watchlist_scanner.evaluate(df, ticker=ticker, sector=sector)
  File "/home/kumar/Downloads/workspace/stocks/scanner/modes.py", line 107, in evaluate
    if atr_score > 0:
UnboundLocalError: local variable 'atr_score' referenced before assignment
2026-07-04 20:14:06,241 ERROR Scanner failed for BIOCON.NS: local variable 'atr_score' referenced before assignment
Traceback (most recent call last):
  File "/home/kumar/Downloads/workspace/stocks/scanner/scanner.py", line 97, in run_dual_mode_scan
    watch_result = watchlist_scanner.evaluate(df, ticker=ticker, sector=sector)
  File "/home/kumar/Downloads/workspace/stocks/scanner/modes.py", line 107, in evaluate
    if atr_score > 0:
UnboundLocalError: local variable 'atr_score' referenced before assignment
2026-07-04 20:14:06,434 ERROR Scanner failed for BSOFT.NS: local variable 'atr_score' referenced before assignment
Traceback (most recent call last):
  File "/home/kumar/Downloads/workspace/stocks/scanner/scanner.py", line 97, in run_dual_mode_scan
    watch_result = watchlist_scanner.evaluate(df, ticker=ticker, sector=sector)
  File "/home/kumar/Downloads/workspace/stocks/scanner/modes.py", line 107, in evaluate
    if atr_score > 0:
UnboundLocalError: local variable 'atr_score' referenced before assignment
2026-07-04 20:14:06,615 ERROR Scanner failed for BLUEDART.NS: local variable 'atr_score' referenced before assignment
Traceback (most recent call last):
  File "/home/kumar/Downloads/workspace/stocks/scanner/scanner.py", line 97, in run_dual_mode_scan
    watch_result = watchlist_scanner.evaluate(df, ticker=ticker, sector=sector)
  File "/home/kumar/Downloads/workspace/stocks/scanner/modes.py", line 107, in evaluate
    if atr_score > 0:
UnboundLocalError: local variable 'atr_score' referenced before assignment
2026-07-04 20:14:06,821 ERROR Scanner failed for BLUEJET.NS: local variable 'atr_score' referenced before assignment
Traceback (most recent call last):
  File "/home/kumar/Downloads/workspace/stocks/scanner/scanner.py", line 97, in run_dual_mode_scan
    watch_result = watchlist_scanner.evaluate(df, ticker=ticker, sector=sector)
  File "/home/kumar/Downloads/workspace/stocks/scanner/modes.py", line 107, in evaluate
    if atr_score > 0:
UnboundLocalError: local variable 'atr_score' referenced before assignment
2026-07-04 20:14:07,057 ERROR Scanner failed for BLUESTARCO.NS: local variable 'atr_score' referenced before assignment
Traceback (most recent call last):
  File "/home/kumar/Downloads/workspace/stocks/scanner/scanner.py", line 97, in run_dual_mode_scan
    watch_result = watchlist_scanner.evaluate(df, ticker=ticker, sector=sector)
  File "/home/kumar/Downloads/workspace/stocks/scanner/modes.py", line 107, in evaluate
    if atr_score > 0:
UnboundLocalError: local variable 'atr_score' referenced before assignment
2026-07-04 20:14:07,298 ERROR Scanner failed for BBTC.NS: local variable 'atr_score' referenced before assignment
Traceback (most recent call last):
  File "/home/kumar/Downloads/workspace/stocks/scanner/scanner.py", line 97, in run_dual_mode_scan
    watch_result = watchlist_scanner.evaluate(df, ticker=ticker, sector=sector)
  File "/home/kumar/Downloads/workspace/stocks/scanner/modes.py", line 107, in evaluate
    if atr_score > 0:
UnboundLocalError: local variable 'atr_score' referenced before assignment
2026-07-04 20:14:07,481 ERROR Scanner failed for BOSCHLTD.NS: local variable 'atr_score' referenced before assignment
Traceback (most recent call last):
  File "/home/kumar/Downloads/workspace/stocks/scanner/scanner.py", line 97, in run_dual_mode_scan
    watch_result = watchlist_scanner.evaluate(df, ticker=ticker, sector=sector)
  File "/home/kumar/Downloads/workspace/stocks/scanner/modes.py", line 107, in evaluate
    if atr_score > 0:
UnboundLocalError: local variable 'atr_score' referenced before assignment
2026-07-04 20:14:07,681 ERROR Scanner failed for FIRSTCRY.NS: local variable 'atr_score' referenced before assignment
Traceback (most recent call last):
  File "/home/kumar/Downloads/workspace/stocks/scanner/scanner.py", line 97, in run_dual_mode_scan
    watch_result = watchlist_scanner.evaluate(df, ticker=ticker, sector=sector)
  File "/home/kumar/Downloads/workspace/stocks/scanner/modes.py", line 107, in evaluate
    if atr_score > 0:
UnboundLocalError: local variable 'atr_score' referenced before assignment
2026-07-04 20:14:07,858 ERROR Scanner failed for BRIGADE.NS: local variable 'atr_score' referenced before assignment
Traceback (most recent call last):
  File "/home/kumar/Downloads/workspace/stocks/scanner/scanner.py", line 97, in run_dual_mode_scan
    watch_result = watchlist_scanner.evaluate(df, ticker=ticker, sector=sector)
  File "/home/kumar/Downloads/workspace/stocks/scanner/modes.py", line 107, in evaluate
    if atr_score > 0:
UnboundLocalError: local variable 'atr_score' referenced before assignment
2026-07-04 20:14:08,088 ERROR Scanner failed for BRITANNIA.NS: local variable 'atr_score' referenced before assignment
Traceback (most recent call last):
  File "/home/kumar/Downloads/workspace/stocks/scanner/scanner.py", line 97, in run_dual_mode_scan
    watch_result = watchlist_scanner.evaluate(df, ticker=ticker, sector=sector)
  File "/home/kumar/Downloads/workspace/stocks/scanner/modes.py", line 107, in evaluate
    if atr_score > 0:
UnboundLocalError: local variable 'atr_score' referenced before assignment
2026-07-04 20:14:08,530 ERROR Scanner failed for MAPMYINDIA.NS: local variable 'atr_score' referenced before assignment
Traceback (most recent call last):
  File "/home/kumar/Downloads/workspace/stocks/scanner/scanner.py", line 97, in run_dual_mode_scan
    watch_result = watchlist_scanner.evaluate(df, ticker=ticker, sector=sector)
  File "/home/kumar/Downloads/workspace/stocks/scanner/modes.py", line 107, in evaluate
    if atr_score > 0:
UnboundLocalError: local variable 'atr_score' referenced before assignment
2026-07-04 20:14:08,765 ERROR Scanner failed for CCL.NS: local variable 'atr_score' referenced before assignment
Traceback (most recent call last):
  File "/home/kumar/Downloads/workspace/stocks/scanner/scanner.py", line 97, in run_dual_mode_scan
    watch_result = watchlist_scanner.evaluate(df, ticker=ticker, sector=sector)
  File "/home/kumar/Downloads/workspace/stocks/scanner/modes.py", line 107, in evaluate
    if atr_score > 0:
UnboundLocalError: local variable 'atr_score' referenced before assignment
2026-07-04 20:14:09,181 ERROR Scanner failed for CESC.NS: local variable 'atr_score' referenced before assignment
Traceback (most recent call last):
  File "/home/kumar/Downloads/workspace/stocks/scanner/scanner.py", line 97, in run_dual_mode_scan
    watch_result = watchlist_scanner.evaluate(df, ticker=ticker, sector=sector)
  File "/home/kumar/Downloads/workspace/stocks/scanner/modes.py", line 107, in evaluate
    if atr_score > 0:
UnboundLocalError: local variable 'atr_score' referenced before assignment
2026-07-04 20:14:09,365 ERROR Scanner failed for CGPOWER.NS: local variable 'atr_score' referenced before assignment
Traceback (most recent call last):
  File "/home/kumar/Downloads/workspace/stocks/scanner/scanner.py", line 97, in run_dual_mode_scan
    watch_result = watchlist_scanner.evaluate(df, ticker=ticker, sector=sector)
  File "/home/kumar/Downloads/workspace/stocks/scanner/modes.py", line 107, in evaluate
    if atr_score > 0:
UnboundLocalError: local variable 'atr_score' referenced before assignment
2026-07-04 20:14:09,531 ERROR Scanner failed for CIEINDIA.NS: local variable 'atr_score' referenced before assignment
Traceback (most recent call last):
  File "/home/kumar/Downloads/workspace/stocks/scanner/scanner.py", line 97, in run_dual_mode_scan
    watch_result = watchlist_scanner.evaluate(df, ticker=ticker, sector=sector)
  File "/home/kumar/Downloads/workspace/stocks/scanner/modes.py", line 107, in evaluate
    if atr_score > 0:
UnboundLocalError: local variable 'atr_score' referenced before assignment
2026-07-04 20:14:09,726 ERROR Scanner failed for CRISIL.NS: local variable 'atr_score' referenced before assignment
Traceback (most recent call last):
  File "/home/kumar/Downloads/workspace/stocks/scanner/scanner.py", line 97, in run_dual_mode_scan
    watch_result = watchlist_scanner.evaluate(df, ticker=ticker, sector=sector)
  File "/home/kumar/Downloads/workspace/stocks/scanner/modes.py", line 107, in evaluate
    if atr_score > 0:
UnboundLocalError: local variable 'atr_score' referenced before assignment
2026-07-04 20:14:09,926 ERROR Scanner failed for CANFINHOME.NS: local variable 'atr_score' referenced before assignment
Traceback (most recent call last):
  File "/home/kumar/Downloads/workspace/stocks/scanner/scanner.py", line 97, in run_dual_mode_scan
    watch_result = watchlist_scanner.evaluate(df, ticker=ticker, sector=sector)
  File "/home/kumar/Downloads/workspace/stocks/scanner/modes.py", line 107, in evaluate
    if atr_score > 0:
UnboundLocalError: local variable 'atr_score' referenced before assignment
2026-07-04 20:14:10,149 ERROR Scanner failed for CANBK.NS: local variable 'atr_score' referenced before assignment
Traceback (most recent call last):
  File "/home/kumar/Downloads/workspace/stocks/scanner/scanner.py", line 97, in run_dual_mode_scan
    watch_result = watchlist_scanner.evaluate(df, ticker=ticker, sector=sector)
  File "/home/kumar/Downloads/workspace/stocks/scanner/modes.py", line 107, in evaluate
    if atr_score > 0:
UnboundLocalError: local variable 'atr_score' referenced before assignment
2026-07-04 20:14:10,608 ERROR Scanner failed for CAPLIPOINT.NS: local variable 'atr_score' referenced before assignment
Traceback (most recent call last):
  File "/home/kumar/Downloads/workspace/stocks/scanner/scanner.py", line 97, in run_dual_mode_scan
    watch_result = watchlist_scanner.evaluate(df, ticker=ticker, sector=sector)
  File "/home/kumar/Downloads/workspace/stocks/scanner/modes.py", line 107, in evaluate
    if atr_score > 0:
UnboundLocalError: local variable 'atr_score' referenced before assignment
2026-07-04 20:14:10,785 ERROR Scanner failed for CGCL.NS: local variable 'atr_score' referenced before assignment
Traceback (most recent call last):
  File "/home/kumar/Downloads/workspace/stocks/scanner/scanner.py", line 97, in run_dual_mode_scan
    watch_result = watchlist_scanner.evaluate(df, ticker=ticker, sector=sector)
  File "/home/kumar/Downloads/workspace/stocks/scanner/modes.py", line 107, in evaluate
    if atr_score > 0:
UnboundLocalError: local variable 'atr_score' referenced before assignment
2026-07-04 20:14:11,023 ERROR Scanner failed for CARBORUNIV.NS: local variable 'atr_score' referenced before assignment
Traceback (most recent call last):
  File "/home/kumar/Downloads/workspace/stocks/scanner/scanner.py", line 97, in run_dual_mode_scan
    watch_result = watchlist_scanner.evaluate(df, ticker=ticker, sector=sector)
  File "/home/kumar/Downloads/workspace/stocks/scanner/modes.py", line 107, in evaluate
    if atr_score > 0:
UnboundLocalError: local variable 'atr_score' referenced before assignment
2026-07-04 20:14:11,219 ERROR Scanner failed for CARTRADE.NS: local variable 'atr_score' referenced before assignment
Traceback (most recent call last):
  File "/home/kumar/Downloads/workspace/stocks/scanner/scanner.py", line 97, in run_dual_mode_scan
    watch_result = watchlist_scanner.evaluate(df, ticker=ticker, sector=sector)
  File "/home/kumar/Downloads/workspace/stocks/scanner/modes.py", line 107, in evaluate
    if atr_score > 0:
UnboundLocalError: local variable 'atr_score' referenced before assignment
2026-07-04 20:14:11,445 ERROR Scanner failed for CASTROLIND.NS: local variable 'atr_score' referenced before assignment
Traceback (most recent call last):
  File "/home/kumar/Downloads/workspace/stocks/scanner/scanner.py", line 97, in run_dual_mode_scan
    watch_result = watchlist_scanner.evaluate(df, ticker=ticker, sector=sector)
  File "/home/kumar/Downloads/workspace/stocks/scanner/modes.py", line 107, in evaluate
    if atr_score > 0:
UnboundLocalError: local variable 'atr_score' referenced before assignment
2026-07-04 20:14:11,641 ERROR Scanner failed for CEATLTD.NS: local variable 'atr_score' referenced before assignment
Traceback (most recent call last):
  File "/home/kumar/Downloads/workspace/stocks/scanner/scanner.py", line 97, in run_dual_mode_scan
    watch_result = watchlist_scanner.evaluate(df, ticker=ticker, sector=sector)
  File "/home/kumar/Downloads/workspace/stocks/scanner/modes.py", line 107, in evaluate
    if atr_score > 0:
UnboundLocalError: local variable 'atr_score' referenced before assignment
2026-07-04 20:14:11,813 ERROR Scanner failed for CEMPRO.NS: local variable 'atr_score' referenced before assignment
Traceback (most recent call last):
  File "/home/kumar/Downloads/workspace/stocks/scanner/scanner.py", line 97, in run_dual_mode_scan
    watch_result = watchlist_scanner.evaluate(df, ticker=ticker, sector=sector)
  File "/home/kumar/Downloads/workspace/stocks/scanner/modes.py", line 107, in evaluate
    if atr_score > 0:
UnboundLocalError: local variable 'atr_score' referenced before assignment
2026-07-04 20:14:12,002 ERROR Scanner failed for CENTRALBK.NS: local variable 'atr_score' referenced before assignment
Traceback (most recent call last):
  File "/home/kumar/Downloads/workspace/stocks/scanner/scanner.py", line 97, in run_dual_mode_scan
    watch_result = watchlist_scanner.evaluate(df, ticker=ticker, sector=sector)
  File "/home/kumar/Downloads/workspace/stocks/scanner/modes.py", line 107, in evaluate
    if atr_score > 0:
UnboundLocalError: local variable 'atr_score' referenced before assignment
2026-07-04 20:14:12,172 ERROR Scanner failed for CDSL.NS: local variable 'atr_score' referenced before assignment
Traceback (most recent call last):
  File "/home/kumar/Downloads/workspace/stocks/scanner/scanner.py", line 97, in run_dual_mode_scan
    watch_result = watchlist_scanner.evaluate(df, ticker=ticker, sector=sector)
  File "/home/kumar/Downloads/workspace/stocks/scanner/modes.py", line 107, in evaluate
    if atr_score > 0:
UnboundLocalError: local variable 'atr_score' referenced before assignment
2026-07-04 20:14:12,449 ERROR Scanner failed for CHALET.NS: local variable 'atr_score' referenced before assignment
Traceback (most recent call last):
  File "/home/kumar/Downloads/workspace/stocks/scanner/scanner.py", line 97, in run_dual_mode_scan
    watch_result = watchlist_scanner.evaluate(df, ticker=ticker, sector=sector)
  File "/home/kumar/Downloads/workspace/stocks/scanner/modes.py", line 107, in evaluate
    if atr_score > 0:
UnboundLocalError: local variable 'atr_score' referenced before assignment
2026-07-04 20:14:12,643 ERROR Scanner failed for CHAMBLFERT.NS: local variable 'atr_score' referenced before assignment
Traceback (most recent call last):
  File "/home/kumar/Downloads/workspace/stocks/scanner/scanner.py", line 97, in run_dual_mode_scan
    watch_result = watchlist_scanner.evaluate(df, ticker=ticker, sector=sector)
  File "/home/kumar/Downloads/workspace/stocks/scanner/modes.py", line 107, in evaluate
    if atr_score > 0:
UnboundLocalError: local variable 'atr_score' referenced before assignment
2026-07-04 20:14:12,850 ERROR Scanner failed for CHENNPETRO.NS: local variable 'atr_score' referenced before assignment
Traceback (most recent call last):
  File "/home/kumar/Downloads/workspace/stocks/scanner/scanner.py", line 97, in run_dual_mode_scan
    watch_result = watchlist_scanner.evaluate(df, ticker=ticker, sector=sector)
  File "/home/kumar/Downloads/workspace/stocks/scanner/modes.py", line 107, in evaluate
    if atr_score > 0:
UnboundLocalError: local variable 'atr_score' referenced before assignment
2026-07-04 20:14:13,000 ERROR Scanner failed for CHOICEIN.NS: local variable 'atr_score' referenced before assignment
Traceback (most recent call last):
  File "/home/kumar/Downloads/workspace/stocks/scanner/scanner.py", line 97, in run_dual_mode_scan
    watch_result = watchlist_scanner.evaluate(df, ticker=ticker, sector=sector)
  File "/home/kumar/Downloads/workspace/stocks/scanner/modes.py", line 107, in evaluate
    if atr_score > 0:
UnboundLocalError: local variable 'atr_score' referenced before assignment
2026-07-04 20:14:13,201 ERROR Scanner failed for CHOLAHLDNG.NS: local variable 'atr_score' referenced before assignment
Traceback (most recent call last):
  File "/home/kumar/Downloads/workspace/stocks/scanner/scanner.py", line 97, in run_dual_mode_scan
    watch_result = watchlist_scanner.evaluate(df, ticker=ticker, sector=sector)
  File "/home/kumar/Downloads/workspace/stocks/scanner/modes.py", line 107, in evaluate
    if atr_score > 0:
UnboundLocalError: local variable 'atr_score' referenced before assignment
2026-07-04 20:14:13,586 ERROR Scanner failed for CHOLAFIN.NS: local variable 'atr_score' referenced before assignment
Traceback (most recent call last):
  File "/home/kumar/Downloads/workspace/stocks/scanner/scanner.py", line 97, in run_dual_mode_scan
    watch_result = watchlist_scanner.evaluate(df, ticker=ticker, sector=sector)
  File "/home/kumar/Downloads/workspace/stocks/scanner/modes.py", line 107, in evaluate
    if atr_score > 0:
UnboundLocalError: local variable 'atr_score' referenced before assignment
2026-07-04 20:14:13,858 ERROR Scanner failed for CIPLA.NS: local variable 'atr_score' referenced before assignment
Traceback (most recent call last):
  File "/home/kumar/Downloads/workspace/stocks/scanner/scanner.py", line 97, in run_dual_mode_scan
    watch_result = watchlist_scanner.evaluate(df, ticker=ticker, sector=sector)
  File "/home/kumar/Downloads/workspace/stocks/scanner/modes.py", line 107, in evaluate
    if atr_score > 0:
UnboundLocalError: local variable 'atr_score' referenced before assignment
2026-07-04 20:14:14,157 ERROR Scanner failed for CUB.NS: local variable 'atr_score' referenced before assignment
Traceback (most recent call last):
  File "/home/kumar/Downloads/workspace/stocks/scanner/scanner.py", line 97, in run_dual_mode_scan
    watch_result = watchlist_scanner.evaluate(df, ticker=ticker, sector=sector)
  File "/home/kumar/Downloads/workspace/stocks/scanner/modes.py", line 107, in evaluate
    if atr_score > 0:
UnboundLocalError: local variable 'atr_score' referenced before assignment
2026-07-04 20:14:14,158 INFO Watchlist candidates: 0 | Entry candidates: 0
2026-07-04 20:14:15,286 ERROR HTTP Error 401: {"finance":{"result":null,"error":{"code":"Unauthorized","description":"User is unable to access this feature - https://bit.ly/yahoo-finance-api-feedback"}}}
2026-07-04 20:14:15,289 ERROR HTTP Error 401: {"finance":{"result":null,"error":{"code":"Unauthorized","description":"Invalid Crumb"}}}
2026-07-04 20:14:15,291 ERROR HTTP Error 401: {"finance":{"result":null,"error":{"code":"Unauthorized","description":"User is unable to access this feature - https://bit.ly/yahoo-finance-api-feedback"}}}
2026-07-04 20:14:15,292 ERROR HTTP Error 401: {"finance":{"result":null,"error":{"code":"Unauthorized","description":"Invalid Crumb"}}}
2026-07-04 20:14:15,293 ERROR HTTP Error 401: {"finance":{"result":null,"error":{"code":"Unauthorized","description":"User is unable to access this feature - https://bit.ly/yahoo-finance-api-feedback"}}}
2026-07-04 20:14:15,295 ERROR HTTP Error 401: {"finance":{"result":null,"error":{"code":"Unauthorized","description":"User is unable to access this feature - https://bit.ly/yahoo-finance-api-feedback"}}}
2026-07-04 20:14:15,297 ERROR HTTP Error 401: {"finance":{"result":null,"error":{"code":"Unauthorized","description":"User is unable to access this feature - https://bit.ly/yahoo-finance-api-feedback"}}}
2026-07-04 20:14:15,297 ERROR HTTP Error 401: {"finance":{"result":null,"error":{"code":"Unauthorized","description":"User is unable to access this feature - https://bit.ly/yahoo-finance-api-feedback"}}}
2026-07-04 20:14:15,298 ERROR HTTP Error 401: {"finance":{"result":null,"error":{"code":"Unauthorized","description":"Invalid Crumb"}}}
2026-07-04 20:14:15,300 ERROR HTTP Error 401: {"finance":{"result":null,"error":{"code":"Unauthorized","description":"User is unable to access this feature - https://bit.ly/yahoo-finance-api-feedback"}}}
2026-07-04 20:14:15,301 ERROR HTTP Error 401: {"finance":{"result":null,"error":{"code":"Unauthorized","description":"User is unable to access this feature - https://bit.ly/yahoo-finance-api-feedback"}}}
2026-07-04 20:14:15,321 ERROR HTTP Error 401: {"finance":{"result":null,"error":{"code":"Unauthorized","description":"Invalid Crumb"}}}
2026-07-04 20:14:15,927 ERROR HTTP Error 401: {"finance":{"result":null,"error":{"code":"Unauthorized","description":"User is unable to access this feature - https://bit.ly/yahoo-finance-api-feedback"}}}
2026-07-04 20:14:15,933 ERROR HTTP Error 401: {"finance":{"result":null,"error":{"code":"Unauthorized","description":"User is unable to access this feature - https://bit.ly/yahoo-finance-api-feedback"}}}
2026-07-04 20:14:15,935 ERROR HTTP Error 401: {"finance":{"result":null,"error":{"code":"Unauthorized","description":"User is unable to access this feature - https://bit.ly/yahoo-finance-api-feedback"}}}
2026-07-04 20:14:15,941 ERROR HTTP Error 401: {"finance":{"result":null,"error":{"code":"Unauthorized","description":"User is unable to access this feature - https://bit.ly/yahoo-finance-api-feedback"}}}
2026-07-04 20:14:15,975 ERROR HTTP Error 401: {"finance":{"result":null,"error":{"code":"Unauthorized","description":"User is unable to access this feature - https://bit.ly/yahoo-finance-api-feedback"}}}
2026-07-04 20:14:16,104 ERROR HTTP Error 401: {"finance":{"result":null,"error":{"code":"Unauthorized","description":"User is unable to access this feature - https://bit.ly/yahoo-finance-api-feedback"}}}
2026-07-04 21:03:17,683 INFO Background metadata worker starting...
2026-07-04 21:03:17,736 INFO Prefetching missing metadata for 518 tickers...
2026-07-04 21:03:19,282 INFO Starting dual-mode scanner with config {'universe': 'Nifty 500', 'min_candles': 300, 'interval': '1d', 'lookback_period': '2y', 'max_candidates': 15, 'min_total_score': 25.0, 'watchlist_min_score': 60.0, 'entry_min_score': 70.0, 'watchlist_trend_weight': 0.2, 'watchlist_base_weight': 0.3, 'watchlist_volume_weight': 0.2, 'watchlist_rs_weight': 0.15, 'watchlist_sector_weight': 0.15, 'entry_trend_weight': 0.2, 'entry_breakout_weight': 0.25, 'entry_volume_weight': 0.2, 'entry_rs_weight': 0.1, 'entry_sector_weight': 0.15, 'entry_risk_weight': 0.1, 'watchlist_price_above_ema200': True, 'watchlist_base_high_pct': 5.0, 'watchlist_base_range_pct': 10.0, 'watchlist_base_days_min': 10, 'watchlist_atr_contraction_pct': -10.0, 'watchlist_bbw_contraction_pct': -15.0, 'watchlist_volume_dryup_pct': -20.0, 'watchlist_rs_min': 60.0, 'watchlist_sector_strength_min': 0.0, 'entry_breakout_volume_ratio': 2.0, 'entry_rs_rank_min': 80.0, 'entry_risk_reward_min': 2.0, 'entry_extension_pct': 10.0, 'entry_atr_expansion_pct': 1.8, 'ema_fast': 20, 'ema_medium': 50, 'ema_slow': 200, 'atr_window': 20, 'contraction_window': 20, 'volume_sma_window': 20, 'volume_contraction_lookback': 20, 'volume_multiplier': 1.6, 'relative_strength_window': 90, 'sector_lookback': 60, 'risk_atr_multiplier': 2.5, 'trend_weight': 0.2, 'structure_weight': 0.2, 'volume_weight': 0.15, 'rs_weight': 0.1, 'sector_weight': 0.15, 'risk_weight': 0.1, 'reserved_weight': 0.1, 'sector_blacklist': ['Financial Services', 'Utilities'], 'required_columns': ['Open', 'High', 'Low', 'Close', 'Volume']}
2026-07-04 21:03:20,639 ERROR HTTP Error 401: {"finance":{"result":null,"error":{"code":"Unauthorized","description":"Invalid Crumb"}}}
2026-07-04 21:03:21,171 ERROR HTTP Error 401: {"finance":{"result":null,"error":{"code":"Unauthorized","description":"User is unable to access this feature - https://bit.ly/yahoo-finance-api-feedback"}}}
2026-07-04 21:03:47,361 INFO Saved 29 rows to data/watchlist.csv
2026-07-04 21:03:47,364 INFO Saved 19 rows to data/entry.csv
2026-07-04 21:03:47,370 INFO Saved 16 rows to data/rejected.csv
2026-07-04 21:03:47,370 INFO Watchlist candidates: 29 | Entry candidates: 19
2026-07-05 18:13:37,234 INFO Prefetching missing metadata for 751 tickers...
2026-07-05 18:13:39,208 INFO Prefetching missing metadata for 751 tickers...
2026-07-05 18:35:47,650 INFO Background cache refresh complete for 751 symbols.
2026-07-05 18:35:48,232 INFO Background cache refresh complete for 751 symbols.
