2026-07-12 15:11:35,482 INFO Background metadata worker starting...
2026-07-12 15:11:35,782 INFO Fetched 500 symbols for Nifty 500 from https://archives.nseindia.com/content/indices/ind_nifty500list.csv
2026-07-12 15:11:36,839 INFO Fetched 251 symbols for Nifty Microcap 250 from https://nsearchives.nseindia.com/content/indices/ind_niftymicrocap250_list.csv
2026-07-12 15:11:37,286 INFO Prefetching missing metadata for 751 tickers...
2026-07-12 15:11:39,604 ERROR HTTP Error 401: {"finance":{"result":null,"error":{"code":"Unauthorized","description":"User is unable to access this feature - https://bit.ly/yahoo-finance-api-feedback"}}}
2026-07-12 15:11:39,605 ERROR HTTP Error 401: {"finance":{"result":null,"error":{"code":"Unauthorized","description":"User is unable to access this feature - https://bit.ly/yahoo-finance-api-feedback"}}}
2026-07-12 15:11:39,614 ERROR HTTP Error 401: {"finance":{"result":null,"error":{"code":"Unauthorized","description":"User is unable to access this feature - https://bit.ly/yahoo-finance-api-feedback"}}}
2026-07-12 15:11:39,620 ERROR HTTP Error 401: {"finance":{"result":null,"error":{"code":"Unauthorized","description":"User is unable to access this feature - https://bit.ly/yahoo-finance-api-feedback"}}}
2026-07-12 15:11:39,620 ERROR HTTP Error 401: {"finance":{"result":null,"error":{"code":"Unauthorized","description":"User is unable to access this feature - https://bit.ly/yahoo-finance-api-feedback"}}}
2026-07-12 15:11:39,622 ERROR HTTP Error 401: {"finance":{"result":null,"error":{"code":"Unauthorized","description":"User is unable to access this feature - https://bit.ly/yahoo-finance-api-feedback"}}}
2026-07-12 15:11:39,624 ERROR HTTP Error 401: {"finance":{"result":null,"error":{"code":"Unauthorized","description":"Invalid Crumb"}}}
2026-07-12 15:11:39,727 ERROR HTTP Error 401: {"finance":{"result":null,"error":{"code":"Unauthorized","description":"User is unable to access this feature - https://bit.ly/yahoo-finance-api-feedback"}}}
2026-07-12 15:11:39,737 ERROR HTTP Error 401: {"finance":{"result":null,"error":{"code":"Unauthorized","description":"User is unable to access this feature - https://bit.ly/yahoo-finance-api-feedback"}}}
2026-07-12 15:11:39,738 ERROR HTTP Error 401: {"finance":{"result":null,"error":{"code":"Unauthorized","description":"User is unable to access this feature - https://bit.ly/yahoo-finance-api-feedback"}}}
2026-07-12 15:11:39,808 ERROR HTTP Error 401: {"finance":{"result":null,"error":{"code":"Unauthorized","description":"User is unable to access this feature - https://bit.ly/yahoo-finance-api-feedback"}}}
2026-07-12 15:11:40,709 ERROR HTTP Error 401: {"finance":{"result":null,"error":{"code":"Unauthorized","description":"User is unable to access this feature - https://bit.ly/yahoo-finance-api-feedback"}}}
2026-07-12 15:11:41,316 ERROR HTTP Error 401: {"finance":{"result":null,"error":{"code":"Unauthorized","description":"Invalid Crumb"}}}
2026-07-12 15:11:42,511 ERROR HTTP Error 401: {"finance":{"result":null,"error":{"code":"Unauthorized","description":"User is unable to access this feature - https://bit.ly/yahoo-finance-api-feedback"}}}
2026-07-12 15:11:42,520 ERROR HTTP Error 401: {"finance":{"result":null,"error":{"code":"Unauthorized","description":"User is unable to access this feature - https://bit.ly/yahoo-finance-api-feedback"}}}
2026-07-12 15:11:43,273 ERROR HTTP Error 401: {"finance":{"result":null,"error":{"code":"Unauthorized","description":"User is unable to access this feature - https://bit.ly/yahoo-finance-api-feedback"}}}
2026-07-12 15:11:43,274 ERROR HTTP Error 401: {"finance":{"result":null,"error":{"code":"Unauthorized","description":"User is unable to access this feature - https://bit.ly/yahoo-finance-api-feedback"}}}
2026-07-12 15:12:01,411 ERROR Failed to fetch NSE CSV after 3 attempts: 404 Client Error: Not Found for url: https://nsearchives.nseindia.com/content/indices/ind_niftymicrocap250list.csv
2026-07-12 15:12:01,412 WARNING Sector segment https://nsearchives.nseindia.com/content/indices/ind_niftymicrocap250list.csv failed: 404 Client Error: Not Found for url: https://nsearchives.nseindia.com/content/indices/ind_niftymicrocap250list.csv
2026-07-12 15:12:04,879 ERROR Failed to fetch NSE CSV after 3 attempts: 404 Client Error: Not Found for url: https://archives.nseindia.com/content/indices/ind_niftymicrocap250list.csv
2026-07-12 15:12:04,879 WARNING Sector segment https://archives.nseindia.com/content/indices/ind_niftymicrocap250list.csv failed: 404 Client Error: Not Found for url: https://archives.nseindia.com/content/indices/ind_niftymicrocap250list.csv
2026-07-12 15:12:04,886 INFO Starting dual-mode scanner with config {'universe': 'Total Market (Cap Focused)', 'min_candles': 300, 'interval': '1d', 'lookback_period': '2y', 'max_candidates': 15, 'min_total_score': 25.0, 'watchlist_min_score': 60.0, 'entry_min_score': 70.0, 'watchlist_trend_weight': 0.2, 'watchlist_base_weight': 0.35, 'watchlist_volume_weight': 0.2, 'watchlist_rs_weight': 0.15, 'watchlist_sector_weight': 0.1, 'entry_trend_weight': 0.2, 'entry_breakout_weight': 0.25, 'entry_volume_weight': 0.2, 'entry_rs_weight': 0.15, 'entry_sector_weight': 0.15, 'entry_risk_weight': 0.1, 'watchlist_price_above_ema200': True, 'watchlist_base_high_pct': 5.0, 'watchlist_base_range_pct': 10.0, 'watchlist_base_days_min': 10, 'watchlist_atr_contraction_pct': -15.0, 'watchlist_bbw_contraction_pct': -20.0, 'watchlist_volume_dryup_pct': -25.0, 'watchlist_rs_min': 60.0, 'watchlist_sector_strength_min': 0.0, 'entry_breakout_volume_ratio': 2.0, 'entry_rs_rank_min': 80.0, 'entry_risk_reward_min': 2.0, 'entry_extension_pct': 10.0, 'entry_atr_expansion_pct': 1.8, 'market_regime_trend_weight': 0.3, 'market_regime_breadth_weight': 0.25, 'market_regime_momentum_weight': 0.2, 'market_regime_volume_weight': 0.15, 'market_regime_volatility_weight': 0.1, 'market_regime_bullish_threshold': 75.0, 'market_regime_neutral_threshold': 55.0, 'market_regime_caution_threshold': 40.0, 'market_regime_bearish_threshold': 0.0, 'market_regime_bullish_penalty': 1.0, 'market_regime_neutral_penalty': 0.95, 'market_regime_caution_penalty': 0.85, 'market_regime_bearish_penalty': 0.7, 'market_regime_buy_min_bullish': 80.0, 'market_regime_buy_min_neutral': 85.0, 'market_regime_buy_min_caution': 90.0, 'market_regime_buy_min_bearish': 95.0, 'market_regime_nifty50_period': '2y', 'market_regime_nifty500_period': '2y', 'market_regime_breadth_min_above_ema20': 45.0, 'market_regime_breadth_min_above_ema50': 40.0, 'market_regime_breadth_min_above_ema200': 25.0, 'market_regime_atr_window': 14, 'market_regime_volume_window': 20, 'market_regime_volatility_window': 20, 'market_regime_momentum_return_cap_pct': 10.0, 'market_regime_ema_buffer_pct': 0.5, 'market_regime_distribution_day_window': 20, 'market_regime_accumulation_day_window': 20, 'market_regime_volume_trend_threshold_pct': 10.0, 'market_regime_volatility_high_threshold_pct': 15.0, 'market_regime_volatility_mid_threshold_pct': 8.0, 'market_regime_accumulation_edge_days': 2, 'market_regime_distribution_edge_days': 2, 'mtf_weekly_weight': 20.0, 'mtf_daily_weight': 50.0, 'mtf_hourly_weight': 30.0, 'mtf_weekly_max_points': 20.0, 'mtf_daily_max_points': 50.0, 'mtf_hourly_max_points': 30.0, 'mtf_strong_buy_threshold': 90.0, 'mtf_buy_threshold': 80.0, 'mtf_watch_threshold': 65.0, 'mtf_wait_threshold': 50.0, 'mtf_weekly_bullish_threshold': 14.0, 'mtf_weekly_neutral_threshold': 10.0, 'mtf_weekly_bearish_threshold': 6.0, 'mtf_daily_bullish_threshold': 35.0, 'mtf_daily_neutral_threshold': 25.0, 'mtf_hourly_bullish_threshold': 20.0, 'mtf_hourly_neutral_threshold': 12.0, 'mtf_weekly_lookback_period': '2y', 'mtf_daily_lookback_period': '1y', 'mtf_hourly_lookback_period': '60d', 'mtf_hourly_ema_fast': 20, 'mtf_hourly_ema_slow': 50, 'mtf_weekly_veto_enabled': True, 'mtf_enable_confirmation': False, 'ema_fast': 20, 'ema_medium': 50, 'ema_slow': 200, 'atr_window': 20, 'contraction_window': 20, 'volume_sma_window': 20, 'volume_contraction_lookback': 20, 'volume_multiplier': 1.6, 'relative_strength_window': 90, 'relative_strength_period_1': 30, 'relative_strength_period_2': 60, 'relative_strength_period_3': 90, 'relative_strength_min_data': 30, 'sector_lookback': 60, 'risk_atr_multiplier': 2.5, 'sector_blacklist': ['Financial Services', 'Utilities'], 'required_columns': ['Open', 'High', 'Low', 'Close', 'Volume']}
2026-07-12 15:12:08,043 ERROR HTTP Error 401: {"finance":{"result":null,"error":{"code":"Unauthorized","description":"Invalid Crumb"}}}
2026-07-12 15:12:17,165 ERROR HTTP Error 401: {"finance":{"result":null,"error":{"code":"Unauthorized","description":"Invalid Crumb"}}}
2026-07-12 15:12:25,864 ERROR HTTP Error 401: {"finance":{"result":null,"error":{"code":"Unauthorized","description":"Invalid Crumb"}}}
2026-07-12 15:12:25,869 ERROR HTTP Error 401: {"finance":{"result":null,"error":{"code":"Unauthorized","description":"Invalid Crumb"}}}
2026-07-12 15:12:27,542 ERROR HTTP Error 401: {"finance":{"result":null,"error":{"code":"Unauthorized","description":"Invalid Crumb"}}}
2026-07-12 15:12:41,313 ERROR HTTP Error 401: {"finance":{"result":null,"error":{"code":"Unauthorized","description":"Invalid Crumb"}}}
2026-07-12 15:12:42,789 ERROR HTTP Error 401: {"finance":{"result":null,"error":{"code":"Unauthorized","description":"Invalid Crumb"}}}
2026-07-12 15:12:42,792 ERROR HTTP Error 401: {"finance":{"result":null,"error":{"code":"Unauthorized","description":"Invalid Crumb"}}}
2026-07-12 15:12:57,773 ERROR HTTP Error 401: {"finance":{"result":null,"error":{"code":"Unauthorized","description":"Invalid Crumb"}}}
2026-07-12 15:13:20,030 ERROR HTTP Error 401: {"finance":{"result":null,"error":{"code":"Unauthorized","description":"Invalid Crumb"}}}
2026-07-12 15:13:34,329 ERROR HTTP Error 401: {"finance":{"result":null,"error":{"code":"Unauthorized","description":"Invalid Crumb"}}}
2026-07-12 15:13:36,149 ERROR HTTP Error 401: {"finance":{"result":null,"error":{"code":"Unauthorized","description":"Invalid Crumb"}}}
2026-07-12 15:13:36,798 INFO Saved 218 rows to data/watchlist.csv
2026-07-12 15:13:36,803 INFO Saved 158 rows to data/entry.csv
2026-07-12 15:13:36,823 INFO Watchlist candidates: 218 | Entry candidates: 158
2026-07-12 15:13:37,779 ERROR HTTP Error 401: {"finance":{"result":null,"error":{"code":"Unauthorized","description":"User is unable to access this feature - https://bit.ly/yahoo-finance-api-feedback"}}}
2026-07-12 15:13:37,783 ERROR HTTP Error 401: {"finance":{"result":null,"error":{"code":"Unauthorized","description":"User is unable to access this feature - https://bit.ly/yahoo-finance-api-feedback"}}}
2026-07-12 15:13:37,793 ERROR HTTP Error 401: {"finance":{"result":null,"error":{"code":"Unauthorized","description":"User is unable to access this feature - https://bit.ly/yahoo-finance-api-feedback"}}}
2026-07-12 15:13:37,795 ERROR HTTP Error 401: {"finance":{"result":null,"error":{"code":"Unauthorized","description":"Invalid Crumb"}}}
2026-07-12 15:13:37,803 ERROR HTTP Error 401: {"finance":{"result":null,"error":{"code":"Unauthorized","description":"User is unable to access this feature - https://bit.ly/yahoo-finance-api-feedback"}}}
2026-07-12 15:13:47,959 ERROR HTTP Error 401: {"finance":{"result":null,"error":{"code":"Unauthorized","description":"Invalid Crumb"}}}
2026-07-12 15:13:49,569 ERROR HTTP Error 401: {"finance":{"result":null,"error":{"code":"Unauthorized","description":"User is unable to access this feature - https://bit.ly/yahoo-finance-api-feedback"}}}
2026-07-12 15:13:49,569 ERROR HTTP Error 401: {"finance":{"result":null,"error":{"code":"Unauthorized","description":"User is unable to access this feature - https://bit.ly/yahoo-finance-api-feedback"}}}
2026-07-12 15:13:49,573 ERROR HTTP Error 401: {"finance":{"result":null,"error":{"code":"Unauthorized","description":"Invalid Crumb"}}}
2026-07-12 15:13:55,420 ERROR HTTP Error 401: {"finance":{"result":null,"error":{"code":"Unauthorized","description":"Invalid Crumb"}}}
2026-07-12 15:13:55,439 ERROR HTTP Error 401: {"finance":{"result":null,"error":{"code":"Unauthorized","description":"User is unable to access this feature - https://bit.ly/yahoo-finance-api-feedback"}}}
2026-07-12 15:13:55,444 ERROR HTTP Error 401: {"finance":{"result":null,"error":{"code":"Unauthorized","description":"Invalid Crumb"}}}
2026-07-12 15:13:55,446 ERROR HTTP Error 401: {"finance":{"result":null,"error":{"code":"Unauthorized","description":"Invalid Crumb"}}}
2026-07-12 15:14:15,196 ERROR HTTP Error 401: {"finance":{"result":null,"error":{"code":"Unauthorized","description":"User is unable to access this feature - https://bit.ly/yahoo-finance-api-feedback"}}}
2026-07-12 15:14:15,205 ERROR HTTP Error 401: {"finance":{"result":null,"error":{"code":"Unauthorized","description":"User is unable to access this feature - https://bit.ly/yahoo-finance-api-feedback"}}}
2026-07-12 15:14:15,211 ERROR HTTP Error 401: {"finance":{"result":null,"error":{"code":"Unauthorized","description":"Invalid Crumb"}}}
2026-07-12 15:14:15,318 ERROR HTTP Error 401: {"finance":{"result":null,"error":{"code":"Unauthorized","description":"User is unable to access this feature - https://bit.ly/yahoo-finance-api-feedback"}}}
2026-07-12 15:14:15,358 ERROR HTTP Error 401: {"finance":{"result":null,"error":{"code":"Unauthorized","description":"User is unable to access this feature - https://bit.ly/yahoo-finance-api-feedback"}}}
2026-07-12 15:14:18,370 ERROR HTTP Error 401: {"finance":{"result":null,"error":{"code":"Unauthorized","description":"User is unable to access this feature - https://bit.ly/yahoo-finance-api-feedback"}}}
2026-07-12 15:14:18,371 ERROR HTTP Error 401: {"finance":{"result":null,"error":{"code":"Unauthorized","description":"Invalid Crumb"}}}
2026-07-12 15:14:18,372 ERROR HTTP Error 401: {"finance":{"result":null,"error":{"code":"Unauthorized","description":"User is unable to access this feature - https://bit.ly/yahoo-finance-api-feedback"}}}
2026-07-12 15:14:18,439 ERROR HTTP Error 401: {"finance":{"result":null,"error":{"code":"Unauthorized","description":"User is unable to access this feature - https://bit.ly/yahoo-finance-api-feedback"}}}
2026-07-12 15:14:18,443 ERROR HTTP Error 401: {"finance":{"result":null,"error":{"code":"Unauthorized","description":"User is unable to access this feature - https://bit.ly/yahoo-finance-api-feedback"}}}
2026-07-12 15:14:18,538 ERROR HTTP Error 401: {"finance":{"result":null,"error":{"code":"Unauthorized","description":"Invalid Crumb"}}}
2026-07-12 15:14:18,698 ERROR HTTP Error 401: {"finance":{"result":null,"error":{"code":"Unauthorized","description":"User is unable to access this feature - https://bit.ly/yahoo-finance-api-feedback"}}}
2026-07-12 15:14:18,767 ERROR HTTP Error 401: {"finance":{"result":null,"error":{"code":"Unauthorized","description":"User is unable to access this feature - https://bit.ly/yahoo-finance-api-feedback"}}}
2026-07-12 15:14:19,954 ERROR HTTP Error 401: {"finance":{"result":null,"error":{"code":"Unauthorized","description":"Invalid Crumb"}}}
2026-07-12 15:14:19,987 ERROR HTTP Error 401: {"finance":{"result":null,"error":{"code":"Unauthorized","description":"Invalid Crumb"}}}
2026-07-12 15:14:20,689 ERROR HTTP Error 401: {"finance":{"result":null,"error":{"code":"Unauthorized","description":"User is unable to access this feature - https://bit.ly/yahoo-finance-api-feedback"}}}
2026-07-12 15:14:20,729 ERROR HTTP Error 401: {"finance":{"result":null,"error":{"code":"Unauthorized","description":"User is unable to access this feature - https://bit.ly/yahoo-finance-api-feedback"}}}
2026-07-12 15:14:21,632 ERROR HTTP Error 401: {"finance":{"result":null,"error":{"code":"Unauthorized","description":"Invalid Crumb"}}}
2026-07-12 15:14:21,644 ERROR HTTP Error 401: {"finance":{"result":null,"error":{"code":"Unauthorized","description":"Invalid Crumb"}}}
2026-07-12 15:14:22,286 ERROR HTTP Error 401: {"finance":{"result":null,"error":{"code":"Unauthorized","description":"User is unable to access this feature - https://bit.ly/yahoo-finance-api-feedback"}}}
2026-07-12 15:14:22,488 ERROR HTTP Error 401: {"finance":{"result":null,"error":{"code":"Unauthorized","description":"Invalid Crumb"}}}
2026-07-12 15:14:22,908 ERROR HTTP Error 401: {"finance":{"result":null,"error":{"code":"Unauthorized","description":"Invalid Crumb"}}}
2026-07-12 15:14:23,044 ERROR HTTP Error 401: {"finance":{"result":null,"error":{"code":"Unauthorized","description":"User is unable to access this feature - https://bit.ly/yahoo-finance-api-feedback"}}}
2026-07-12 15:14:23,236 ERROR HTTP Error 401: {"finance":{"result":null,"error":{"code":"Unauthorized","description":"Invalid Crumb"}}}
2026-07-12 15:14:23,282 ERROR HTTP Error 401: {"finance":{"result":null,"error":{"code":"Unauthorized","description":"User is unable to access this feature - https://bit.ly/yahoo-finance-api-feedback"}}}
2026-07-12 15:14:23,698 ERROR HTTP Error 401: {"finance":{"result":null,"error":{"code":"Unauthorized","description":"Invalid Crumb"}}}
2026-07-12 15:14:23,700 ERROR HTTP Error 401: {"finance":{"result":null,"error":{"code":"Unauthorized","description":"User is unable to access this feature - https://bit.ly/yahoo-finance-api-feedback"}}}
2026-07-12 15:14:23,702 ERROR HTTP Error 401: {"finance":{"result":null,"error":{"code":"Unauthorized","description":"Invalid Crumb"}}}
2026-07-12 15:14:23,747 ERROR HTTP Error 401: {"finance":{"result":null,"error":{"code":"Unauthorized","description":"Invalid Crumb"}}}
2026-07-12 15:14:23,956 ERROR HTTP Error 401: {"finance":{"result":null,"error":{"code":"Unauthorized","description":"User is unable to access this feature - https://bit.ly/yahoo-finance-api-feedback"}}}
2026-07-12 15:14:23,957 ERROR HTTP Error 401: {"finance":{"result":null,"error":{"code":"Unauthorized","description":"Invalid Crumb"}}}
2026-07-12 15:14:23,958 ERROR HTTP Error 401: {"finance":{"result":null,"error":{"code":"Unauthorized","description":"User is unable to access this feature - https://bit.ly/yahoo-finance-api-feedback"}}}
2026-07-12 15:14:24,345 ERROR HTTP Error 401: {"finance":{"result":null,"error":{"code":"Unauthorized","description":"Invalid Crumb"}}}
2026-07-12 15:14:24,346 ERROR HTTP Error 401: {"finance":{"result":null,"error":{"code":"Unauthorized","description":"User is unable to access this feature - https://bit.ly/yahoo-finance-api-feedback"}}}
2026-07-12 15:14:24,578 ERROR HTTP Error 401: {"finance":{"result":null,"error":{"code":"Unauthorized","description":"User is unable to access this feature - https://bit.ly/yahoo-finance-api-feedback"}}}
2026-07-12 15:14:24,991 ERROR HTTP Error 401: {"finance":{"result":null,"error":{"code":"Unauthorized","description":"Invalid Crumb"}}}
2026-07-12 15:14:25,214 ERROR HTTP Error 401: {"finance":{"result":null,"error":{"code":"Unauthorized","description":"User is unable to access this feature - https://bit.ly/yahoo-finance-api-feedback"}}}
2026-07-12 15:14:25,221 ERROR HTTP Error 401: {"finance":{"result":null,"error":{"code":"Unauthorized","description":"Invalid Crumb"}}}
2026-07-12 15:14:25,406 ERROR HTTP Error 401: {"finance":{"result":null,"error":{"code":"Unauthorized","description":"User is unable to access this feature - https://bit.ly/yahoo-finance-api-feedback"}}}
2026-07-12 15:14:25,410 ERROR HTTP Error 401: {"finance":{"result":null,"error":{"code":"Unauthorized","description":"Invalid Crumb"}}}
2026-07-12 15:14:25,647 ERROR HTTP Error 401: {"finance":{"result":null,"error":{"code":"Unauthorized","description":"User is unable to access this feature - https://bit.ly/yahoo-finance-api-feedback"}}}
2026-07-12 15:14:26,387 ERROR HTTP Error 401: {"finance":{"result":null,"error":{"code":"Unauthorized","description":"Invalid Crumb"}}}
2026-07-12 15:14:26,478 ERROR HTTP Error 401: {"finance":{"result":null,"error":{"code":"Unauthorized","description":"Invalid Crumb"}}}
2026-07-12 15:14:26,537 ERROR HTTP Error 401: {"finance":{"result":null,"error":{"code":"Unauthorized","description":"Invalid Crumb"}}}
2026-07-12 15:14:26,793 ERROR HTTP Error 401: {"finance":{"result":null,"error":{"code":"Unauthorized","description":"Invalid Crumb"}}}
2026-07-12 15:14:26,825 ERROR HTTP Error 401: {"finance":{"result":null,"error":{"code":"Unauthorized","description":"User is unable to access this feature - https://bit.ly/yahoo-finance-api-feedback"}}}
2026-07-12 15:14:26,832 ERROR HTTP Error 401: {"finance":{"result":null,"error":{"code":"Unauthorized","description":"User is unable to access this feature - https://bit.ly/yahoo-finance-api-feedback"}}}
2026-07-12 15:14:27,153 ERROR HTTP Error 401: {"finance":{"result":null,"error":{"code":"Unauthorized","description":"User is unable to access this feature - https://bit.ly/yahoo-finance-api-feedback"}}}
2026-07-12 15:14:27,154 ERROR HTTP Error 401: {"finance":{"result":null,"error":{"code":"Unauthorized","description":"Invalid Crumb"}}}
2026-07-12 15:14:27,183 ERROR HTTP Error 401: {"finance":{"result":null,"error":{"code":"Unauthorized","description":"Invalid Crumb"}}}
2026-07-12 15:14:27,288 ERROR HTTP Error 401: {"finance":{"result":null,"error":{"code":"Unauthorized","description":"User is unable to access this feature - https://bit.ly/yahoo-finance-api-feedback"}}}
2026-07-12 15:14:27,605 ERROR HTTP Error 401: {"finance":{"result":null,"error":{"code":"Unauthorized","description":"Invalid Crumb"}}}
2026-07-12 15:14:27,607 ERROR HTTP Error 401: {"finance":{"result":null,"error":{"code":"Unauthorized","description":"Invalid Crumb"}}}
2026-07-12 15:14:27,608 ERROR HTTP Error 401: {"finance":{"result":null,"error":{"code":"Unauthorized","description":"User is unable to access this feature - https://bit.ly/yahoo-finance-api-feedback"}}}
2026-07-12 15:14:27,618 ERROR HTTP Error 401: {"finance":{"result":null,"error":{"code":"Unauthorized","description":"Invalid Crumb"}}}
2026-07-12 15:14:27,622 ERROR HTTP Error 401: {"finance":{"result":null,"error":{"code":"Unauthorized","description":"User is unable to access this feature - https://bit.ly/yahoo-finance-api-feedback"}}}
2026-07-12 15:14:27,943 ERROR HTTP Error 401: {"finance":{"result":null,"error":{"code":"Unauthorized","description":"Invalid Crumb"}}}
2026-07-12 15:14:27,944 ERROR HTTP Error 401: {"finance":{"result":null,"error":{"code":"Unauthorized","description":"User is unable to access this feature - https://bit.ly/yahoo-finance-api-feedback"}}}
2026-07-12 15:14:27,961 ERROR HTTP Error 401: {"finance":{"result":null,"error":{"code":"Unauthorized","description":"User is unable to access this feature - https://bit.ly/yahoo-finance-api-feedback"}}}
2026-07-12 15:14:28,230 ERROR HTTP Error 401: {"finance":{"result":null,"error":{"code":"Unauthorized","description":"Invalid Crumb"}}}
2026-07-12 15:14:28,666 ERROR HTTP Error 401: {"finance":{"result":null,"error":{"code":"Unauthorized","description":"User is unable to access this feature - https://bit.ly/yahoo-finance-api-feedback"}}}
2026-07-12 15:14:34,371 ERROR HTTP Error 401: {"finance":{"result":null,"error":{"code":"Unauthorized","description":"Invalid Crumb"}}}
2026-07-12 15:14:34,929 ERROR HTTP Error 401: {"finance":{"result":null,"error":{"code":"Unauthorized","description":"Invalid Crumb"}}}
2026-07-12 15:14:34,930 ERROR HTTP Error 401: {"finance":{"result":null,"error":{"code":"Unauthorized","description":"Invalid Crumb"}}}
2026-07-12 15:14:34,931 ERROR HTTP Error 401: {"finance":{"result":null,"error":{"code":"Unauthorized","description":"User is unable to access this feature - https://bit.ly/yahoo-finance-api-feedback"}}}
2026-07-12 15:14:35,018 ERROR HTTP Error 401: {"finance":{"result":null,"error":{"code":"Unauthorized","description":"Invalid Crumb"}}}
2026-07-12 15:14:35,402 ERROR HTTP Error 401: {"finance":{"result":null,"error":{"code":"Unauthorized","description":"User is unable to access this feature - https://bit.ly/yahoo-finance-api-feedback"}}}
2026-07-12 15:14:35,414 ERROR HTTP Error 401: {"finance":{"result":null,"error":{"code":"Unauthorized","description":"User is unable to access this feature - https://bit.ly/yahoo-finance-api-feedback"}}}
2026-07-12 15:14:35,417 ERROR HTTP Error 401: {"finance":{"result":null,"error":{"code":"Unauthorized","description":"Invalid Crumb"}}}
2026-07-12 15:14:35,917 ERROR HTTP Error 401: {"finance":{"result":null,"error":{"code":"Unauthorized","description":"User is unable to access this feature - https://bit.ly/yahoo-finance-api-feedback"}}}
2026-07-12 15:14:35,923 ERROR HTTP Error 401: {"finance":{"result":null,"error":{"code":"Unauthorized","description":"Invalid Crumb"}}}
2026-07-12 15:14:35,931 ERROR HTTP Error 401: {"finance":{"result":null,"error":{"code":"Unauthorized","description":"Invalid Crumb"}}}
2026-07-12 15:14:36,197 ERROR HTTP Error 401: {"finance":{"result":null,"error":{"code":"Unauthorized","description":"User is unable to access this feature - https://bit.ly/yahoo-finance-api-feedback"}}}
2026-07-12 15:14:36,201 ERROR HTTP Error 401: {"finance":{"result":null,"error":{"code":"Unauthorized","description":"User is unable to access this feature - https://bit.ly/yahoo-finance-api-feedback"}}}
2026-07-12 15:14:36,210 ERROR HTTP Error 401: {"finance":{"result":null,"error":{"code":"Unauthorized","description":"Invalid Crumb"}}}
2026-07-12 15:14:36,622 ERROR HTTP Error 401: {"finance":{"result":null,"error":{"code":"Unauthorized","description":"Invalid Crumb"}}}
2026-07-12 15:14:36,632 ERROR HTTP Error 401: {"finance":{"result":null,"error":{"code":"Unauthorized","description":"Invalid Crumb"}}}
2026-07-12 15:14:36,990 ERROR HTTP Error 401: {"finance":{"result":null,"error":{"code":"Unauthorized","description":"User is unable to access this feature - https://bit.ly/yahoo-finance-api-feedback"}}}
2026-07-12 15:15:11,505 ERROR HTTP Error 401: {"finance":{"result":null,"error":{"code":"Unauthorized","description":"Invalid Crumb"}}}
2026-07-12 15:15:16,875 ERROR HTTP Error 401: {"finance":{"result":null,"error":{"code":"Unauthorized","description":"Invalid Crumb"}}}
2026-07-12 15:15:17,207 ERROR HTTP Error 401: {"finance":{"result":null,"error":{"code":"Unauthorized","description":"Invalid Crumb"}}}
2026-07-12 15:15:17,260 ERROR HTTP Error 401: {"finance":{"result":null,"error":{"code":"Unauthorized","description":"Invalid Crumb"}}}
2026-07-12 15:15:17,610 ERROR HTTP Error 401: {"finance":{"result":null,"error":{"code":"Unauthorized","description":"Invalid Crumb"}}}
2026-07-12 15:15:17,613 ERROR HTTP Error 401: {"finance":{"result":null,"error":{"code":"Unauthorized","description":"User is unable to access this feature - https://bit.ly/yahoo-finance-api-feedback"}}}
2026-07-12 15:15:17,620 ERROR HTTP Error 401: {"finance":{"result":null,"error":{"code":"Unauthorized","description":"User is unable to access this feature - https://bit.ly/yahoo-finance-api-feedback"}}}
2026-07-12 15:15:17,927 ERROR HTTP Error 401: {"finance":{"result":null,"error":{"code":"Unauthorized","description":"User is unable to access this feature - https://bit.ly/yahoo-finance-api-feedback"}}}
2026-07-12 15:15:18,622 ERROR HTTP Error 401: {"finance":{"result":null,"error":{"code":"Unauthorized","description":"Invalid Crumb"}}}
2026-07-12 15:15:18,701 ERROR HTTP Error 401: {"finance":{"result":null,"error":{"code":"Unauthorized","description":"Invalid Crumb"}}}
2026-07-12 15:15:19,557 ERROR HTTP Error 401: {"finance":{"result":null,"error":{"code":"Unauthorized","description":"User is unable to access this feature - https://bit.ly/yahoo-finance-api-feedback"}}}
2026-07-12 15:15:19,557 ERROR HTTP Error 401: {"finance":{"result":null,"error":{"code":"Unauthorized","description":"Invalid Crumb"}}}
2026-07-12 15:15:20,601 ERROR HTTP Error 401: {"finance":{"result":null,"error":{"code":"Unauthorized","description":"Invalid Crumb"}}}
2026-07-12 15:15:20,651 ERROR HTTP Error 401: {"finance":{"result":null,"error":{"code":"Unauthorized","description":"Invalid Crumb"}}}
2026-07-12 15:15:20,986 ERROR HTTP Error 401: {"finance":{"result":null,"error":{"code":"Unauthorized","description":"User is unable to access this feature - https://bit.ly/yahoo-finance-api-feedback"}}}
2026-07-12 15:15:21,878 ERROR HTTP Error 401: {"finance":{"result":null,"error":{"code":"Unauthorized","description":"Invalid Crumb"}}}
2026-07-12 15:15:22,444 ERROR HTTP Error 401: {"finance":{"result":null,"error":{"code":"Unauthorized","description":"Invalid Crumb"}}}
2026-07-12 15:15:22,815 ERROR HTTP Error 401: {"finance":{"result":null,"error":{"code":"Unauthorized","description":"Invalid Crumb"}}}
2026-07-12 15:15:22,820 ERROR HTTP Error 401: {"finance":{"result":null,"error":{"code":"Unauthorized","description":"Invalid Crumb"}}}
2026-07-12 15:15:22,828 ERROR HTTP Error 401: {"finance":{"result":null,"error":{"code":"Unauthorized","description":"Invalid Crumb"}}}
2026-07-12 15:15:23,202 ERROR HTTP Error 401: {"finance":{"result":null,"error":{"code":"Unauthorized","description":"User is unable to access this feature - https://bit.ly/yahoo-finance-api-feedback"}}}
2026-07-12 15:15:23,233 ERROR HTTP Error 401: {"finance":{"result":null,"error":{"code":"Unauthorized","description":"User is unable to access this feature - https://bit.ly/yahoo-finance-api-feedback"}}}
2026-07-12 15:15:23,247 ERROR HTTP Error 401: {"finance":{"result":null,"error":{"code":"Unauthorized","description":"Invalid Crumb"}}}
2026-07-12 15:15:23,687 ERROR HTTP Error 401: {"finance":{"result":null,"error":{"code":"Unauthorized","description":"Invalid Crumb"}}}
2026-07-12 15:15:23,696 ERROR HTTP Error 401: {"finance":{"result":null,"error":{"code":"Unauthorized","description":"User is unable to access this feature - https://bit.ly/yahoo-finance-api-feedback"}}}
2026-07-12 15:15:23,718 ERROR HTTP Error 401: {"finance":{"result":null,"error":{"code":"Unauthorized","description":"Invalid Crumb"}}}
2026-07-12 15:15:23,773 ERROR HTTP Error 401: {"finance":{"result":null,"error":{"code":"Unauthorized","description":"Invalid Crumb"}}}
2026-07-12 15:15:24,245 ERROR HTTP Error 401: {"finance":{"result":null,"error":{"code":"Unauthorized","description":"Invalid Crumb"}}}
2026-07-12 15:15:24,395 ERROR HTTP Error 401: {"finance":{"result":null,"error":{"code":"Unauthorized","description":"Invalid Crumb"}}}
2026-07-12 15:15:24,641 ERROR HTTP Error 401: {"finance":{"result":null,"error":{"code":"Unauthorized","description":"User is unable to access this feature - https://bit.ly/yahoo-finance-api-feedback"}}}
2026-07-12 15:15:24,642 ERROR HTTP Error 401: {"finance":{"result":null,"error":{"code":"Unauthorized","description":"User is unable to access this feature - https://bit.ly/yahoo-finance-api-feedback"}}}
2026-07-12 15:15:24,696 ERROR HTTP Error 401: {"finance":{"result":null,"error":{"code":"Unauthorized","description":"User is unable to access this feature - https://bit.ly/yahoo-finance-api-feedback"}}}
2026-07-12 15:15:24,697 ERROR HTTP Error 401: {"finance":{"result":null,"error":{"code":"Unauthorized","description":"User is unable to access this feature - https://bit.ly/yahoo-finance-api-feedback"}}}
2026-07-12 15:15:24,907 ERROR HTTP Error 401: {"finance":{"result":null,"error":{"code":"Unauthorized","description":"Invalid Crumb"}}}
2026-07-12 15:15:24,992 ERROR HTTP Error 401: {"finance":{"result":null,"error":{"code":"Unauthorized","description":"User is unable to access this feature - https://bit.ly/yahoo-finance-api-feedback"}}}
2026-07-12 15:15:25,638 ERROR HTTP Error 401: {"finance":{"result":null,"error":{"code":"Unauthorized","description":"User is unable to access this feature - https://bit.ly/yahoo-finance-api-feedback"}}}
2026-07-12 15:15:26,165 ERROR HTTP Error 401: {"finance":{"result":null,"error":{"code":"Unauthorized","description":"Invalid Crumb"}}}
2026-07-12 15:15:26,562 ERROR HTTP Error 401: {"finance":{"result":null,"error":{"code":"Unauthorized","description":"User is unable to access this feature - https://bit.ly/yahoo-finance-api-feedback"}}}
2026-07-12 15:15:26,831 ERROR HTTP Error 401: {"finance":{"result":null,"error":{"code":"Unauthorized","description":"Invalid Crumb"}}}
2026-07-12 15:15:27,029 ERROR HTTP Error 401: {"finance":{"result":null,"error":{"code":"Unauthorized","description":"Invalid Crumb"}}}
2026-07-12 15:15:27,177 ERROR HTTP Error 401: {"finance":{"result":null,"error":{"code":"Unauthorized","description":"Invalid Crumb"}}}
2026-07-12 15:15:27,382 ERROR HTTP Error 401: {"finance":{"result":null,"error":{"code":"Unauthorized","description":"User is unable to access this feature - https://bit.ly/yahoo-finance-api-feedback"}}}
2026-07-12 15:15:27,397 ERROR HTTP Error 401: {"finance":{"result":null,"error":{"code":"Unauthorized","description":"User is unable to access this feature - https://bit.ly/yahoo-finance-api-feedback"}}}
2026-07-12 15:15:27,745 ERROR HTTP Error 401: {"finance":{"result":null,"error":{"code":"Unauthorized","description":"Invalid Crumb"}}}
2026-07-12 15:15:27,746 ERROR HTTP Error 401: {"finance":{"result":null,"error":{"code":"Unauthorized","description":"Invalid Crumb"}}}
2026-07-12 15:15:27,935 ERROR HTTP Error 401: {"finance":{"result":null,"error":{"code":"Unauthorized","description":"User is unable to access this feature - https://bit.ly/yahoo-finance-api-feedback"}}}
2026-07-12 15:15:28,034 ERROR HTTP Error 401: {"finance":{"result":null,"error":{"code":"Unauthorized","description":"User is unable to access this feature - https://bit.ly/yahoo-finance-api-feedback"}}}
2026-07-12 15:15:28,654 ERROR HTTP Error 401: {"finance":{"result":null,"error":{"code":"Unauthorized","description":"Invalid Crumb"}}}
2026-07-12 15:15:28,657 ERROR HTTP Error 401: {"finance":{"result":null,"error":{"code":"Unauthorized","description":"Invalid Crumb"}}}
2026-07-12 15:15:28,934 ERROR HTTP Error 401: {"finance":{"result":null,"error":{"code":"Unauthorized","description":"User is unable to access this feature - https://bit.ly/yahoo-finance-api-feedback"}}}
2026-07-12 15:15:28,940 ERROR HTTP Error 401: {"finance":{"result":null,"error":{"code":"Unauthorized","description":"User is unable to access this feature - https://bit.ly/yahoo-finance-api-feedback"}}}
2026-07-12 15:15:29,468 ERROR HTTP Error 401: {"finance":{"result":null,"error":{"code":"Unauthorized","description":"Invalid Crumb"}}}
2026-07-12 15:15:29,925 ERROR HTTP Error 401: {"finance":{"result":null,"error":{"code":"Unauthorized","description":"User is unable to access this feature - https://bit.ly/yahoo-finance-api-feedback"}}}
2026-07-12 15:15:29,951 ERROR HTTP Error 401: {"finance":{"result":null,"error":{"code":"Unauthorized","description":"Invalid Crumb"}}}
2026-07-12 15:15:30,388 ERROR HTTP Error 401: {"finance":{"result":null,"error":{"code":"Unauthorized","description":"User is unable to access this feature - https://bit.ly/yahoo-finance-api-feedback"}}}
2026-07-12 15:15:30,396 ERROR HTTP Error 401: {"finance":{"result":null,"error":{"code":"Unauthorized","description":"Invalid Crumb"}}}
2026-07-12 15:15:31,153 ERROR HTTP Error 401: {"finance":{"result":null,"error":{"code":"Unauthorized","description":"User is unable to access this feature - https://bit.ly/yahoo-finance-api-feedback"}}}
2026-07-12 15:15:31,159 ERROR HTTP Error 401: {"finance":{"result":null,"error":{"code":"Unauthorized","description":"Invalid Crumb"}}}
2026-07-12 15:15:31,161 ERROR HTTP Error 401: {"finance":{"result":null,"error":{"code":"Unauthorized","description":"Invalid Crumb"}}}
2026-07-12 15:15:31,465 ERROR HTTP Error 401: {"finance":{"result":null,"error":{"code":"Unauthorized","description":"Invalid Crumb"}}}
2026-07-12 15:15:31,469 ERROR HTTP Error 401: {"finance":{"result":null,"error":{"code":"Unauthorized","description":"User is unable to access this feature - https://bit.ly/yahoo-finance-api-feedback"}}}
2026-07-12 15:15:32,123 ERROR HTTP Error 401: {"finance":{"result":null,"error":{"code":"Unauthorized","description":"Invalid Crumb"}}}
2026-07-12 15:15:40,599 ERROR HTTP Error 401: {"finance":{"result":null,"error":{"code":"Unauthorized","description":"Invalid Crumb"}}}
2026-07-12 15:15:42,256 ERROR HTTP Error 401: {"finance":{"result":null,"error":{"code":"Unauthorized","description":"Invalid Crumb"}}}
2026-07-12 15:15:42,979 ERROR HTTP Error 401: {"finance":{"result":null,"error":{"code":"Unauthorized","description":"User is unable to access this feature - https://bit.ly/yahoo-finance-api-feedback"}}}
2026-07-12 15:15:42,987 ERROR HTTP Error 401: {"finance":{"result":null,"error":{"code":"Unauthorized","description":"Invalid Crumb"}}}
2026-07-12 15:15:43,281 ERROR HTTP Error 401: {"finance":{"result":null,"error":{"code":"Unauthorized","description":"Invalid Crumb"}}}
2026-07-12 15:15:43,907 ERROR HTTP Error 401: {"finance":{"result":null,"error":{"code":"Unauthorized","description":"Invalid Crumb"}}}
2026-07-12 15:15:44,713 ERROR HTTP Error 401: {"finance":{"result":null,"error":{"code":"Unauthorized","description":"Invalid Crumb"}}}
2026-07-12 15:15:45,038 ERROR HTTP Error 401: {"finance":{"result":null,"error":{"code":"Unauthorized","description":"Invalid Crumb"}}}
2026-07-12 15:15:45,050 ERROR HTTP Error 401: {"finance":{"result":null,"error":{"code":"Unauthorized","description":"Invalid Crumb"}}}
2026-07-12 15:15:45,219 ERROR HTTP Error 401: {"finance":{"result":null,"error":{"code":"Unauthorized","description":"User is unable to access this feature - https://bit.ly/yahoo-finance-api-feedback"}}}
2026-07-12 15:15:45,744 ERROR HTTP Error 401: {"finance":{"result":null,"error":{"code":"Unauthorized","description":"User is unable to access this feature - https://bit.ly/yahoo-finance-api-feedback"}}}
2026-07-12 15:15:45,851 ERROR HTTP Error 401: {"finance":{"result":null,"error":{"code":"Unauthorized","description":"Invalid Crumb"}}}
2026-07-12 15:15:46,352 ERROR HTTP Error 401: {"finance":{"result":null,"error":{"code":"Unauthorized","description":"Invalid Crumb"}}}
2026-07-12 15:15:46,466 ERROR HTTP Error 401: {"finance":{"result":null,"error":{"code":"Unauthorized","description":"Invalid Crumb"}}}
2026-07-12 15:15:46,503 ERROR HTTP Error 401: {"finance":{"result":null,"error":{"code":"Unauthorized","description":"Invalid Crumb"}}}
2026-07-12 15:15:46,625 ERROR HTTP Error 401: {"finance":{"result":null,"error":{"code":"Unauthorized","description":"User is unable to access this feature - https://bit.ly/yahoo-finance-api-feedback"}}}
2026-07-12 15:15:46,626 ERROR HTTP Error 401: {"finance":{"result":null,"error":{"code":"Unauthorized","description":"Invalid Crumb"}}}
2026-07-12 15:15:47,742 ERROR HTTP Error 401: {"finance":{"result":null,"error":{"code":"Unauthorized","description":"Invalid Crumb"}}}
2026-07-12 15:15:48,073 ERROR HTTP Error 401: {"finance":{"result":null,"error":{"code":"Unauthorized","description":"Invalid Crumb"}}}
2026-07-12 15:15:48,406 ERROR HTTP Error 401: {"finance":{"result":null,"error":{"code":"Unauthorized","description":"Invalid Crumb"}}}
2026-07-12 15:15:48,710 ERROR HTTP Error 401: {"finance":{"result":null,"error":{"code":"Unauthorized","description":"Invalid Crumb"}}}
2026-07-12 15:15:49,228 ERROR HTTP Error 401: {"finance":{"result":null,"error":{"code":"Unauthorized","description":"User is unable to access this feature - https://bit.ly/yahoo-finance-api-feedback"}}}
2026-07-12 15:15:49,237 ERROR HTTP Error 401: {"finance":{"result":null,"error":{"code":"Unauthorized","description":"Invalid Crumb"}}}
2026-07-12 15:15:49,348 ERROR HTTP Error 401: {"finance":{"result":null,"error":{"code":"Unauthorized","description":"User is unable to access this feature - https://bit.ly/yahoo-finance-api-feedback"}}}
2026-07-12 15:15:50,148 ERROR HTTP Error 401: {"finance":{"result":null,"error":{"code":"Unauthorized","description":"Invalid Crumb"}}}
2026-07-12 15:15:50,377 ERROR HTTP Error 401: {"finance":{"result":null,"error":{"code":"Unauthorized","description":"Invalid Crumb"}}}
2026-07-12 15:15:50,873 ERROR HTTP Error 401: {"finance":{"result":null,"error":{"code":"Unauthorized","description":"User is unable to access this feature - https://bit.ly/yahoo-finance-api-feedback"}}}
2026-07-12 15:15:53,090 ERROR HTTP Error 401: {"finance":{"result":null,"error":{"code":"Unauthorized","description":"Invalid Crumb"}}}
2026-07-12 15:15:53,638 ERROR HTTP Error 401: {"finance":{"result":null,"error":{"code":"Unauthorized","description":"User is unable to access this feature - https://bit.ly/yahoo-finance-api-feedback"}}}
2026-07-12 15:15:54,417 ERROR HTTP Error 401: {"finance":{"result":null,"error":{"code":"Unauthorized","description":"Invalid Crumb"}}}
2026-07-12 15:15:59,501 ERROR HTTP Error 401: {"finance":{"result":null,"error":{"code":"Unauthorized","description":"Invalid Crumb"}}}
2026-07-12 15:16:07,944 INFO Background cache refresh complete for 751 symbols.
2026-07-12 15:29:49,929 INFO AlphaScanner.Engine Background metadata worker starting...
2026-07-12 15:29:49,972 DEBUG AlphaScanner.UI.Scanner render_tab(scan_type=Breakout, universe=Nifty 500, scan_mode=Entry Scanner, timeframe=1d, use_cache=False, run_scan=False)
2026-07-12 15:29:50,003 INFO AlphaScanner.Engine Prefetching missing metadata for 10 tickers...
2026-07-12 15:29:56,903 DEBUG AlphaScanner.UI.Scanner render_tab(scan_type=Modular Momentum, universe=Nifty 500, scan_mode=Entry Scanner, timeframe=1d, use_cache=False, run_scan=False)
2026-07-12 15:30:00,399 INFO AlphaScanner.Engine Background cache refresh complete for 751 symbols.
2026-07-12 15:30:00,450 DEBUG AlphaScanner.UI.Scanner render_tab(scan_type=Modular Momentum, universe=Nifty 500, scan_mode=Entry Scanner, timeframe=1d, use_cache=False, run_scan=True)
2026-07-12 15:30:01,251 DEBUG AlphaScanner.UI.Scanner Starting fresh scan with min_cap=0 max_cap=0 sector_map_size=500
2026-07-12 15:30:01,251 DEBUG AlphaScanner.Service perform_fresh_scan(scanner_type=Modular Momentum, universe=Nifty 500, timeframe=1d, scan_mode=Entry Scanner, use_cache=False, vol_thresh=0.6, rsi_min=35, rsi_max=75, dist_thresh=5.0, min_mkt_cap_cr=0, max_mkt_cap_cr=0)
2026-07-12 15:30:01,251 DEBUG AlphaScanner.Service Routing to modular scanner with config={'universe': 'Nifty 500', 'min_candles': 300, 'interval': '1d', 'lookback_period': '2y', 'max_candidates': 15, 'min_total_score': 25.0, 'watchlist_min_score': 60.0, 'entry_min_score': 70.0, 'watchlist_trend_weight': 0.2, 'watchlist_base_weight': 0.35, 'watchlist_volume_weight': 0.2, 'watchlist_rs_weight': 0.15, 'watchlist_sector_weight': 0.1, 'entry_trend_weight': 0.2, 'entry_breakout_weight': 0.25, 'entry_volume_weight': 0.2, 'entry_rs_weight': 0.15, 'entry_sector_weight': 0.15, 'entry_risk_weight': 0.1, 'watchlist_price_above_ema200': True, 'watchlist_base_high_pct': 5.0, 'watchlist_base_range_pct': 10.0, 'watchlist_base_days_min': 10, 'watchlist_atr_contraction_pct': -15.0, 'watchlist_bbw_contraction_pct': -20.0, 'watchlist_volume_dryup_pct': -25.0, 'watchlist_rs_min': 60.0, 'watchlist_sector_strength_min': 0.0, 'entry_breakout_volume_ratio': 2.0, 'entry_rs_rank_min': 80.0, 'entry_risk_reward_min': 2.0, 'entry_extension_pct': 10.0, 'entry_atr_expansion_pct': 1.8, 'market_regime_trend_weight': 0.3, 'market_regime_breadth_weight': 0.25, 'market_regime_momentum_weight': 0.2, 'market_regime_volume_weight': 0.15, 'market_regime_volatility_weight': 0.1, 'market_regime_bullish_threshold': 75.0, 'market_regime_neutral_threshold': 55.0, 'market_regime_caution_threshold': 40.0, 'market_regime_bearish_threshold': 0.0, 'market_regime_bullish_penalty': 1.0, 'market_regime_neutral_penalty': 0.95, 'market_regime_caution_penalty': 0.85, 'market_regime_bearish_penalty': 0.7, 'market_regime_buy_min_bullish': 80.0, 'market_regime_buy_min_neutral': 85.0, 'market_regime_buy_min_caution': 90.0, 'market_regime_buy_min_bearish': 95.0, 'market_regime_nifty50_period': '2y', 'market_regime_nifty500_period': '2y', 'market_regime_breadth_min_above_ema20': 45.0, 'market_regime_breadth_min_above_ema50': 40.0, 'market_regime_breadth_min_above_ema200': 25.0, 'market_regime_atr_window': 14, 'market_regime_volume_window': 20, 'market_regime_volatility_window': 20, 'market_regime_momentum_return_cap_pct': 10.0, 'market_regime_ema_buffer_pct': 0.5, 'market_regime_distribution_day_window': 20, 'market_regime_accumulation_day_window': 20, 'market_regime_volume_trend_threshold_pct': 10.0, 'market_regime_volatility_high_threshold_pct': 15.0, 'market_regime_volatility_mid_threshold_pct': 8.0, 'market_regime_accumulation_edge_days': 2, 'market_regime_distribution_edge_days': 2, 'mtf_weekly_weight': 20.0, 'mtf_daily_weight': 50.0, 'mtf_hourly_weight': 30.0, 'mtf_weekly_max_points': 20.0, 'mtf_daily_max_points': 50.0, 'mtf_hourly_max_points': 30.0, 'mtf_strong_buy_threshold': 90.0, 'mtf_buy_threshold': 80.0, 'mtf_watch_threshold': 65.0, 'mtf_wait_threshold': 50.0, 'mtf_weekly_bullish_threshold': 14.0, 'mtf_weekly_neutral_threshold': 10.0, 'mtf_weekly_bearish_threshold': 6.0, 'mtf_daily_bullish_threshold': 35.0, 'mtf_daily_neutral_threshold': 25.0, 'mtf_hourly_bullish_threshold': 20.0, 'mtf_hourly_neutral_threshold': 12.0, 'mtf_weekly_lookback_period': '2y', 'mtf_daily_lookback_period': '1y', 'mtf_hourly_lookback_period': '60d', 'mtf_hourly_ema_fast': 20, 'mtf_hourly_ema_slow': 50, 'mtf_weekly_veto_enabled': True, 'mtf_enable_confirmation': False, 'ema_fast': 20, 'ema_medium': 50, 'ema_slow': 200, 'atr_window': 20, 'contraction_window': 20, 'volume_sma_window': 20, 'volume_contraction_lookback': 20, 'volume_multiplier': 1.6, 'relative_strength_window': 90, 'relative_strength_period_1': 30, 'relative_strength_period_2': 60, 'relative_strength_period_3': 90, 'relative_strength_min_data': 30, 'sector_lookback': 60, 'risk_atr_multiplier': 2.5, 'sector_blacklist': ['Financial Services', 'Utilities'], 'required_columns': ['Open', 'High', 'Low', 'Close', 'Volume']}
2026-07-12 15:30:01,252 INFO AlphaScanner.Scanner Starting dual-mode scanner with config {'universe': 'Nifty 500', 'min_candles': 300, 'interval': '1d', 'lookback_period': '2y', 'max_candidates': 15, 'min_total_score': 25.0, 'watchlist_min_score': 60.0, 'entry_min_score': 70.0, 'watchlist_trend_weight': 0.2, 'watchlist_base_weight': 0.35, 'watchlist_volume_weight': 0.2, 'watchlist_rs_weight': 0.15, 'watchlist_sector_weight': 0.1, 'entry_trend_weight': 0.2, 'entry_breakout_weight': 0.25, 'entry_volume_weight': 0.2, 'entry_rs_weight': 0.15, 'entry_sector_weight': 0.15, 'entry_risk_weight': 0.1, 'watchlist_price_above_ema200': True, 'watchlist_base_high_pct': 5.0, 'watchlist_base_range_pct': 10.0, 'watchlist_base_days_min': 10, 'watchlist_atr_contraction_pct': -15.0, 'watchlist_bbw_contraction_pct': -20.0, 'watchlist_volume_dryup_pct': -25.0, 'watchlist_rs_min': 60.0, 'watchlist_sector_strength_min': 0.0, 'entry_breakout_volume_ratio': 2.0, 'entry_rs_rank_min': 80.0, 'entry_risk_reward_min': 2.0, 'entry_extension_pct': 10.0, 'entry_atr_expansion_pct': 1.8, 'market_regime_trend_weight': 0.3, 'market_regime_breadth_weight': 0.25, 'market_regime_momentum_weight': 0.2, 'market_regime_volume_weight': 0.15, 'market_regime_volatility_weight': 0.1, 'market_regime_bullish_threshold': 75.0, 'market_regime_neutral_threshold': 55.0, 'market_regime_caution_threshold': 40.0, 'market_regime_bearish_threshold': 0.0, 'market_regime_bullish_penalty': 1.0, 'market_regime_neutral_penalty': 0.95, 'market_regime_caution_penalty': 0.85, 'market_regime_bearish_penalty': 0.7, 'market_regime_buy_min_bullish': 80.0, 'market_regime_buy_min_neutral': 85.0, 'market_regime_buy_min_caution': 90.0, 'market_regime_buy_min_bearish': 95.0, 'market_regime_nifty50_period': '2y', 'market_regime_nifty500_period': '2y', 'market_regime_breadth_min_above_ema20': 45.0, 'market_regime_breadth_min_above_ema50': 40.0, 'market_regime_breadth_min_above_ema200': 25.0, 'market_regime_atr_window': 14, 'market_regime_volume_window': 20, 'market_regime_volatility_window': 20, 'market_regime_momentum_return_cap_pct': 10.0, 'market_regime_ema_buffer_pct': 0.5, 'market_regime_distribution_day_window': 20, 'market_regime_accumulation_day_window': 20, 'market_regime_volume_trend_threshold_pct': 10.0, 'market_regime_volatility_high_threshold_pct': 15.0, 'market_regime_volatility_mid_threshold_pct': 8.0, 'market_regime_accumulation_edge_days': 2, 'market_regime_distribution_edge_days': 2, 'mtf_weekly_weight': 20.0, 'mtf_daily_weight': 50.0, 'mtf_hourly_weight': 30.0, 'mtf_weekly_max_points': 20.0, 'mtf_daily_max_points': 50.0, 'mtf_hourly_max_points': 30.0, 'mtf_strong_buy_threshold': 90.0, 'mtf_buy_threshold': 80.0, 'mtf_watch_threshold': 65.0, 'mtf_wait_threshold': 50.0, 'mtf_weekly_bullish_threshold': 14.0, 'mtf_weekly_neutral_threshold': 10.0, 'mtf_weekly_bearish_threshold': 6.0, 'mtf_daily_bullish_threshold': 35.0, 'mtf_daily_neutral_threshold': 25.0, 'mtf_hourly_bullish_threshold': 20.0, 'mtf_hourly_neutral_threshold': 12.0, 'mtf_weekly_lookback_period': '2y', 'mtf_daily_lookback_period': '1y', 'mtf_hourly_lookback_period': '60d', 'mtf_hourly_ema_fast': 20, 'mtf_hourly_ema_slow': 50, 'mtf_weekly_veto_enabled': True, 'mtf_enable_confirmation': False, 'ema_fast': 20, 'ema_medium': 50, 'ema_slow': 200, 'atr_window': 20, 'contraction_window': 20, 'volume_sma_window': 20, 'volume_contraction_lookback': 20, 'volume_multiplier': 1.6, 'relative_strength_window': 90, 'relative_strength_period_1': 30, 'relative_strength_period_2': 60, 'relative_strength_period_3': 90, 'relative_strength_min_data': 30, 'sector_lookback': 60, 'risk_atr_multiplier': 2.5, 'sector_blacklist': ['Financial Services', 'Utilities'], 'required_columns': ['Open', 'High', 'Low', 'Close', 'Volume']}
2026-07-12 15:30:01,253 DEBUG AlphaScanner.Scanner Dual-mode scan requested with universe=Nifty 500 interval=1d min_candles=300 use_cache=False
2026-07-12 15:30:01,255 DEBUG AlphaScanner.Data get_universe(Nifty 500) -> 500 symbols
2026-07-12 15:30:01,256 DEBUG AlphaScanner.Scanner Resolved universe size=500 head=['360ONE.NS', '3MINDIA.NS', 'ABB.NS', 'ACC.NS', 'ACMESOLAR.NS']
2026-07-12 15:30:01,257 DEBUG AlphaScanner.Data download_history_batch(size=5, period=2y, interval=1d, use_cache=False, head=['360ONE.NS', '3MINDIA.NS', 'ABB.NS', 'ACC.NS', 'ACMESOLAR.NS'])
2026-07-12 15:30:01,504 DEBUG AlphaScanner.Data download_history_batch split result count=5
2026-07-12 15:30:01,504 DEBUG AlphaScanner.Scanner Downloaded chunk 1/100 size=5 resolved=5
2026-07-12 15:30:01,577 DEBUG AlphaScanner.Scanner Chunk 1/100 complete: watchlist=1 entry=1
2026-07-12 15:30:01,578 DEBUG AlphaScanner.Data download_history_batch(size=5, period=2y, interval=1d, use_cache=False, head=['AIAENG.NS', 'APLAPOLLO.NS', 'AUBANK.NS', 'AWL.NS', 'AADHARHFC.NS'])
2026-07-12 15:30:01,811 DEBUG AlphaScanner.Data download_history_batch split result count=5
2026-07-12 15:30:01,811 DEBUG AlphaScanner.Scanner Downloaded chunk 2/100 size=5 resolved=5
2026-07-12 15:30:01,886 DEBUG AlphaScanner.Scanner Chunk 2/100 complete: watchlist=3 entry=2
2026-07-12 15:30:01,887 DEBUG AlphaScanner.Data download_history_batch(size=5, period=2y, interval=1d, use_cache=False, head=['AARTIIND.NS', 'AAVAS.NS', 'ABBOTINDIA.NS', 'ACE.NS', 'ACUTAAS.NS'])
2026-07-12 15:30:02,199 DEBUG AlphaScanner.Data download_history_batch split result count=5
2026-07-12 15:30:02,199 DEBUG AlphaScanner.Scanner Downloaded chunk 3/100 size=5 resolved=5
2026-07-12 15:30:02,271 DEBUG AlphaScanner.Scanner Chunk 3/100 complete: watchlist=7 entry=3
2026-07-12 15:30:02,272 DEBUG AlphaScanner.Data download_history_batch(size=5, period=2y, interval=1d, use_cache=False, head=['ADANIENSOL.NS', 'ADANIENT.NS', 'ADANIGREEN.NS', 'ADANIPORTS.NS', 'ADANIPOWER.NS'])
2026-07-12 15:30:02,703 DEBUG AlphaScanner.Data download_history_batch split result count=5
2026-07-12 15:30:02,703 DEBUG AlphaScanner.Scanner Downloaded chunk 4/100 size=5 resolved=5
2026-07-12 15:30:02,767 DEBUG AlphaScanner.Scanner Chunk 4/100 complete: watchlist=9 entry=4
2026-07-12 15:30:02,768 DEBUG AlphaScanner.Data download_history_batch(size=5, period=2y, interval=1d, use_cache=False, head=['ATGL.NS', 'ABCAPITAL.NS', 'ABFRL.NS', 'ABLBL.NS', 'ABREL.NS'])
2026-07-12 15:30:03,060 DEBUG AlphaScanner.Data download_history_batch split result count=5
2026-07-12 15:30:03,061 DEBUG AlphaScanner.Scanner Downloaded chunk 5/100 size=5 resolved=5
2026-07-12 15:30:03,115 DEBUG AlphaScanner.Scanner Chunk 5/100 complete: watchlist=10 entry=5
2026-07-12 15:30:03,116 DEBUG AlphaScanner.Data download_history_batch(size=5, period=2y, interval=1d, use_cache=False, head=['ABSLAMC.NS', 'CPPLUS.NS', 'AEGISLOG.NS', 'AEGISVOPAK.NS', 'AFCONS.NS'])
2026-07-12 15:30:03,371 DEBUG AlphaScanner.Data download_history_batch split result count=5
2026-07-12 15:30:03,371 DEBUG AlphaScanner.Scanner Downloaded chunk 6/100 size=5 resolved=5
2026-07-12 15:30:03,408 DEBUG AlphaScanner.Scanner Chunk 6/100 complete: watchlist=11 entry=5
2026-07-12 15:30:03,410 DEBUG AlphaScanner.Data download_history_batch(size=5, period=2y, interval=1d, use_cache=False, head=['AFFLE.NS', 'AJANTPHARM.NS', 'ALKEM.NS', 'ABDL.NS', 'ARE&M.NS'])
2026-07-12 15:30:03,633 DEBUG AlphaScanner.Data download_history_batch split result count=5
2026-07-12 15:30:03,633 DEBUG AlphaScanner.Scanner Downloaded chunk 7/100 size=5 resolved=5
2026-07-12 15:30:03,690 DEBUG AlphaScanner.Scanner Chunk 7/100 complete: watchlist=14 entry=7
2026-07-12 15:30:03,691 DEBUG AlphaScanner.Data download_history_batch(size=5, period=2y, interval=1d, use_cache=False, head=['AMBER.NS', 'AMBUJACEM.NS', 'ANANDRATHI.NS', 'ANANTRAJ.NS', 'ANGELONE.NS'])
2026-07-12 15:30:03,928 DEBUG AlphaScanner.Data download_history_batch split result count=5
2026-07-12 15:30:03,928 DEBUG AlphaScanner.Scanner Downloaded chunk 8/100 size=5 resolved=5
2026-07-12 15:30:03,988 DEBUG AlphaScanner.Scanner Chunk 8/100 complete: watchlist=17 entry=9
2026-07-12 15:30:03,988 DEBUG AlphaScanner.Data download_history_batch(size=5, period=2y, interval=1d, use_cache=False, head=['ANTHEM.NS', 'ANURAS.NS', 'APARINDS.NS', 'APOLLOHOSP.NS', 'APOLLOTYRE.NS'])
2026-07-12 15:30:04,243 DEBUG AlphaScanner.Data download_history_batch split result count=5
2026-07-12 15:30:04,244 DEBUG AlphaScanner.Scanner Downloaded chunk 9/100 size=5 resolved=5
2026-07-12 15:30:04,291 DEBUG AlphaScanner.Scanner Chunk 9/100 complete: watchlist=20 entry=9
2026-07-12 15:30:04,292 DEBUG AlphaScanner.Data download_history_batch(size=5, period=2y, interval=1d, use_cache=False, head=['APTUS.NS', 'ASAHIINDIA.NS', 'ASHOKLEY.NS', 'ASIANPAINT.NS', 'ASTERDM.NS'])
2026-07-12 15:30:04,513 DEBUG AlphaScanner.Data download_history_batch split result count=5
2026-07-12 15:30:04,513 DEBUG AlphaScanner.Scanner Downloaded chunk 10/100 size=5 resolved=5
2026-07-12 15:30:04,574 DEBUG AlphaScanner.Scanner Chunk 10/100 complete: watchlist=23 entry=10
2026-07-12 15:30:04,575 DEBUG AlphaScanner.Data download_history_batch(size=5, period=2y, interval=1d, use_cache=False, head=['ASTRAL.NS', 'ATHERENERG.NS', 'ATUL.NS', 'AUROPHARMA.NS', 'AIIL.NS'])
2026-07-12 15:30:04,827 DEBUG AlphaScanner.Data download_history_batch split result count=5
2026-07-12 15:30:04,827 DEBUG AlphaScanner.Scanner Downloaded chunk 11/100 size=5 resolved=5
2026-07-12 15:30:04,878 DEBUG AlphaScanner.Scanner Chunk 11/100 complete: watchlist=23 entry=10
2026-07-12 15:30:04,879 DEBUG AlphaScanner.Data download_history_batch(size=5, period=2y, interval=1d, use_cache=False, head=['DMART.NS', 'AXISBANK.NS', 'BEML.NS', 'BLS.NS', 'BSE.NS'])
2026-07-12 15:30:05,151 DEBUG AlphaScanner.Data download_history_batch split result count=5
2026-07-12 15:30:05,152 DEBUG AlphaScanner.Scanner Downloaded chunk 12/100 size=5 resolved=5
2026-07-12 15:30:05,215 DEBUG AlphaScanner.Scanner Chunk 12/100 complete: watchlist=24 entry=11
2026-07-12 15:30:05,216 DEBUG AlphaScanner.Data download_history_batch(size=5, period=2y, interval=1d, use_cache=False, head=['BAJAJ-AUTO.NS', 'BAJFINANCE.NS', 'BAJAJFINSV.NS', 'BAJAJHLDNG.NS', 'BAJAJHFL.NS'])
2026-07-12 15:30:05,469 DEBUG AlphaScanner.Data download_history_batch split result count=5
2026-07-12 15:30:05,469 DEBUG AlphaScanner.Scanner Downloaded chunk 13/100 size=5 resolved=5
2026-07-12 15:30:05,533 DEBUG AlphaScanner.Scanner Chunk 13/100 complete: watchlist=28 entry=11
2026-07-12 15:30:05,534 DEBUG AlphaScanner.Data download_history_batch(size=5, period=2y, interval=1d, use_cache=False, head=['BALKRISIND.NS', 'BALRAMCHIN.NS', 'BANDHANBNK.NS', 'BANKBARODA.NS', 'BANKINDIA.NS'])
2026-07-12 15:30:05,813 DEBUG AlphaScanner.Data download_history_batch split result count=5
2026-07-12 15:30:05,813 DEBUG AlphaScanner.Scanner Downloaded chunk 14/100 size=5 resolved=5
2026-07-12 15:30:05,873 DEBUG AlphaScanner.Scanner Chunk 14/100 complete: watchlist=32 entry=15
2026-07-12 15:30:05,874 DEBUG AlphaScanner.Data download_history_batch(size=5, period=2y, interval=1d, use_cache=False, head=['MAHABANK.NS', 'BATAINDIA.NS', 'BAYERCROP.NS', 'BELRISE.NS', 'BERGEPAINT.NS'])
2026-07-12 15:30:06,241 DEBUG AlphaScanner.Data download_history_batch split result count=5
2026-07-12 15:30:06,241 DEBUG AlphaScanner.Scanner Downloaded chunk 15/100 size=5 resolved=5
2026-07-12 15:30:06,291 DEBUG AlphaScanner.Scanner Chunk 15/100 complete: watchlist=32 entry=16
2026-07-12 15:30:06,292 DEBUG AlphaScanner.Data download_history_batch(size=5, period=2y, interval=1d, use_cache=False, head=['BDL.NS', 'BEL.NS', 'BHARATFORG.NS', 'BHEL.NS', 'BPCL.NS'])
2026-07-12 15:30:06,649 DEBUG AlphaScanner.Data download_history_batch split result count=5
2026-07-12 15:30:06,649 DEBUG AlphaScanner.Scanner Downloaded chunk 16/100 size=5 resolved=5
2026-07-12 15:30:06,710 DEBUG AlphaScanner.Scanner Chunk 16/100 complete: watchlist=34 entry=16
2026-07-12 15:30:06,711 DEBUG AlphaScanner.Data download_history_batch(size=5, period=2y, interval=1d, use_cache=False, head=['BHARTIARTL.NS', 'BHARTIHEXA.NS', 'BIKAJI.NS', 'GROWW.NS', 'BIOCON.NS'])
2026-07-12 15:30:06,951 DEBUG AlphaScanner.Data download_history_batch split result count=5
2026-07-12 15:30:06,951 DEBUG AlphaScanner.Scanner Downloaded chunk 17/100 size=5 resolved=5
2026-07-12 15:30:06,998 DEBUG AlphaScanner.Scanner Chunk 17/100 complete: watchlist=36 entry=17
2026-07-12 15:30:06,999 DEBUG AlphaScanner.Data download_history_batch(size=5, period=2y, interval=1d, use_cache=False, head=['BSOFT.NS', 'BLUEDART.NS', 'BLUEJET.NS', 'BLUESTARCO.NS', 'BBTC.NS'])
2026-07-12 15:30:07,449 DEBUG AlphaScanner.Data download_history_batch split result count=5
2026-07-12 15:30:07,449 DEBUG AlphaScanner.Scanner Downloaded chunk 18/100 size=5 resolved=5
2026-07-12 15:30:07,513 DEBUG AlphaScanner.Scanner Chunk 18/100 complete: watchlist=37 entry=20
2026-07-12 15:30:07,514 DEBUG AlphaScanner.Data download_history_batch(size=5, period=2y, interval=1d, use_cache=False, head=['BOSCHLTD.NS', 'FIRSTCRY.NS', 'BRIGADE.NS', 'BRITANNIA.NS', 'MAPMYINDIA.NS'])
2026-07-12 15:30:07,871 DEBUG AlphaScanner.Data download_history_batch split result count=5
2026-07-12 15:30:07,871 DEBUG AlphaScanner.Scanner Downloaded chunk 19/100 size=5 resolved=5
2026-07-12 15:30:07,933 DEBUG AlphaScanner.Scanner Chunk 19/100 complete: watchlist=38 entry=20
2026-07-12 15:30:07,934 DEBUG AlphaScanner.Data download_history_batch(size=5, period=2y, interval=1d, use_cache=False, head=['CCL.NS', 'CESC.NS', 'CGPOWER.NS', 'CIEINDIA.NS', 'CRISIL.NS'])
2026-07-12 15:30:08,282 DEBUG AlphaScanner.Data download_history_batch split result count=5
2026-07-12 15:30:08,282 DEBUG AlphaScanner.Scanner Downloaded chunk 20/100 size=5 resolved=5
2026-07-12 15:30:08,343 DEBUG AlphaScanner.Scanner Chunk 20/100 complete: watchlist=41 entry=21
2026-07-12 15:30:08,344 DEBUG AlphaScanner.Data download_history_batch(size=5, period=2y, interval=1d, use_cache=False, head=['CANFINHOME.NS', 'CANBK.NS', 'CANHLIFE.NS', 'CAPLIPOINT.NS', 'CGCL.NS'])
2026-07-12 15:30:08,706 DEBUG AlphaScanner.Data download_history_batch split result count=5
2026-07-12 15:30:08,707 DEBUG AlphaScanner.Scanner Downloaded chunk 21/100 size=5 resolved=5
2026-07-12 15:30:08,756 DEBUG AlphaScanner.Scanner Chunk 21/100 complete: watchlist=42 entry=22
2026-07-12 15:30:08,756 DEBUG AlphaScanner.Data download_history_batch(size=5, period=2y, interval=1d, use_cache=False, head=['CARBORUNIV.NS', 'CARTRADE.NS', 'CASTROLIND.NS', 'CEATLTD.NS', 'CEMPRO.NS'])
2026-07-12 15:30:09,001 DEBUG AlphaScanner.Data download_history_batch split result count=5
2026-07-12 15:30:09,001 DEBUG AlphaScanner.Scanner Downloaded chunk 22/100 size=5 resolved=5
2026-07-12 15:30:09,076 DEBUG AlphaScanner.Scanner Chunk 22/100 complete: watchlist=42 entry=22
2026-07-12 15:30:09,077 DEBUG AlphaScanner.Data download_history_batch(size=5, period=2y, interval=1d, use_cache=False, head=['CENTRALBK.NS', 'CDSL.NS', 'CHALET.NS', 'CHAMBLFERT.NS', 'CHENNPETRO.NS'])
2026-07-12 15:30:09,424 DEBUG AlphaScanner.Data download_history_batch split result count=5
2026-07-12 15:30:09,424 DEBUG AlphaScanner.Scanner Downloaded chunk 23/100 size=5 resolved=5
2026-07-12 15:30:09,487 DEBUG AlphaScanner.Scanner Chunk 23/100 complete: watchlist=44 entry=24
2026-07-12 15:30:09,488 DEBUG AlphaScanner.Data download_history_batch(size=5, period=2y, interval=1d, use_cache=False, head=['CHOICEIN.NS', 'CHOLAHLDNG.NS', 'CHOLAFIN.NS', 'CIPLA.NS', 'CUB.NS'])
2026-07-12 15:30:09,813 DEBUG AlphaScanner.Data download_history_batch split result count=5
2026-07-12 15:30:09,813 DEBUG AlphaScanner.Scanner Downloaded chunk 24/100 size=5 resolved=5
2026-07-12 15:30:09,873 DEBUG AlphaScanner.Scanner Chunk 24/100 complete: watchlist=46 entry=24
2026-07-12 15:30:09,874 DEBUG AlphaScanner.Data download_history_batch(size=5, period=2y, interval=1d, use_cache=False, head=['CLEAN.NS', 'COALINDIA.NS', 'COCHINSHIP.NS', 'COFORGE.NS', 'COHANCE.NS'])
2026-07-12 15:30:10,121 DEBUG AlphaScanner.Data download_history_batch split result count=5
2026-07-12 15:30:10,121 DEBUG AlphaScanner.Scanner Downloaded chunk 25/100 size=5 resolved=5
2026-07-12 15:30:10,185 DEBUG AlphaScanner.Scanner Chunk 25/100 complete: watchlist=47 entry=24
2026-07-12 15:30:10,185 DEBUG AlphaScanner.Data download_history_batch(size=5, period=2y, interval=1d, use_cache=False, head=['COLPAL.NS', 'CAMS.NS', 'CONCORDBIO.NS', 'CONCOR.NS', 'COROMANDEL.NS'])
2026-07-12 15:30:10,403 DEBUG AlphaScanner.Data download_history_batch split result count=5
2026-07-12 15:30:10,403 DEBUG AlphaScanner.Scanner Downloaded chunk 26/100 size=5 resolved=5
2026-07-12 15:30:10,463 DEBUG AlphaScanner.Scanner Chunk 26/100 complete: watchlist=50 entry=26
2026-07-12 15:30:10,464 DEBUG AlphaScanner.Data download_history_batch(size=5, period=2y, interval=1d, use_cache=False, head=['CRAFTSMAN.NS', 'CREDITACC.NS', 'CROMPTON.NS', 'CUMMINSIND.NS', 'CYIENT.NS'])
2026-07-12 15:30:10,769 DEBUG AlphaScanner.Data download_history_batch split result count=5
2026-07-12 15:30:10,769 DEBUG AlphaScanner.Scanner Downloaded chunk 27/100 size=5 resolved=5
2026-07-12 15:30:10,830 DEBUG AlphaScanner.Scanner Chunk 27/100 complete: watchlist=50 entry=26
2026-07-12 15:30:10,831 DEBUG AlphaScanner.Data download_history_batch(size=5, period=2y, interval=1d, use_cache=False, head=['DCMSHRIRAM.NS', 'DLF.NS', 'DOMS.NS', 'DABUR.NS', 'DALBHARAT.NS'])
2026-07-12 15:30:11,095 DEBUG AlphaScanner.Data download_history_batch split result count=5
2026-07-12 15:30:11,095 DEBUG AlphaScanner.Scanner Downloaded chunk 28/100 size=5 resolved=5
2026-07-12 15:30:11,165 DEBUG AlphaScanner.Scanner Chunk 28/100 complete: watchlist=53 entry=27
2026-07-12 15:30:11,166 DEBUG AlphaScanner.Data download_history_batch(size=5, period=2y, interval=1d, use_cache=False, head=['DATAPATTNS.NS', 'DEEPAKFERT.NS', 'DEEPAKNTR.NS', 'DELHIVERY.NS', 'DEVYANI.NS'])
2026-07-12 15:30:11,390 DEBUG AlphaScanner.Data download_history_batch split result count=5
2026-07-12 15:30:11,391 DEBUG AlphaScanner.Scanner Downloaded chunk 29/100 size=5 resolved=5
2026-07-12 15:30:11,454 DEBUG AlphaScanner.Scanner Chunk 29/100 complete: watchlist=53 entry=27
2026-07-12 15:30:11,455 DEBUG AlphaScanner.Data download_history_batch(size=5, period=2y, interval=1d, use_cache=False, head=['DIVISLAB.NS', 'DIXON.NS', 'LALPATHLAB.NS', 'DRREDDY.NS', 'EIDPARRY.NS'])
2026-07-12 15:30:11,718 DEBUG AlphaScanner.Data download_history_batch split result count=5
2026-07-12 15:30:11,718 DEBUG AlphaScanner.Scanner Downloaded chunk 30/100 size=5 resolved=5
2026-07-12 15:30:11,776 DEBUG AlphaScanner.Scanner Chunk 30/100 complete: watchlist=55 entry=27
2026-07-12 15:30:11,778 DEBUG AlphaScanner.Data download_history_batch(size=5, period=2y, interval=1d, use_cache=False, head=['EIHOTEL.NS', 'EICHERMOT.NS', 'ELECON.NS', 'ELGIEQUIP.NS', 'EMAMILTD.NS'])
2026-07-12 15:30:12,157 DEBUG AlphaScanner.Data download_history_batch split result count=5
2026-07-12 15:30:12,157 DEBUG AlphaScanner.Scanner Downloaded chunk 31/100 size=5 resolved=5
2026-07-12 15:30:12,220 DEBUG AlphaScanner.Scanner Chunk 31/100 complete: watchlist=57 entry=27
2026-07-12 15:30:12,221 DEBUG AlphaScanner.Data download_history_batch(size=5, period=2y, interval=1d, use_cache=False, head=['EMCURE.NS', 'EMMVEE.NS', 'ENDURANCE.NS', 'ENGINERSIN.NS', 'ERIS.NS'])
2026-07-12 15:30:12,493 DEBUG AlphaScanner.Data download_history_batch split result count=5
2026-07-12 15:30:12,493 DEBUG AlphaScanner.Scanner Downloaded chunk 32/100 size=5 resolved=5
2026-07-12 15:30:12,540 DEBUG AlphaScanner.Scanner Chunk 32/100 complete: watchlist=60 entry=28
2026-07-12 15:30:12,541 DEBUG AlphaScanner.Data download_history_batch(size=5, period=2y, interval=1d, use_cache=False, head=['ESCORTS.NS', 'ETERNAL.NS', 'EXIDEIND.NS', 'NYKAA.NS', 'FEDERALBNK.NS'])
2026-07-12 15:30:12,788 DEBUG AlphaScanner.Data download_history_batch split result count=5
2026-07-12 15:30:12,788 DEBUG AlphaScanner.Scanner Downloaded chunk 33/100 size=5 resolved=5
2026-07-12 15:30:12,850 DEBUG AlphaScanner.Scanner Chunk 33/100 complete: watchlist=62 entry=29
2026-07-12 15:30:12,850 DEBUG AlphaScanner.Data download_history_batch(size=5, period=2y, interval=1d, use_cache=False, head=['FACT.NS', 'FINCABLES.NS', 'FSL.NS', 'FIVESTAR.NS', 'FORCEMOT.NS'])
2026-07-12 15:30:13,101 DEBUG AlphaScanner.Data download_history_batch split result count=5
2026-07-12 15:30:13,101 DEBUG AlphaScanner.Scanner Downloaded chunk 34/100 size=5 resolved=5
2026-07-12 15:30:13,169 DEBUG AlphaScanner.Scanner Chunk 34/100 complete: watchlist=62 entry=30
2026-07-12 15:30:13,169 DEBUG AlphaScanner.Data download_history_batch(size=5, period=2y, interval=1d, use_cache=False, head=['FORTIS.NS', 'GAIL.NS', 'GVT&D.NS', 'GMRAIRPORT.NS', 'GABRIEL.NS'])
2026-07-12 15:30:13,419 DEBUG AlphaScanner.Data download_history_batch split result count=5
2026-07-12 15:30:13,419 DEBUG AlphaScanner.Scanner Downloaded chunk 35/100 size=5 resolved=5
2026-07-12 15:30:13,478 DEBUG AlphaScanner.Scanner Chunk 35/100 complete: watchlist=65 entry=31
2026-07-12 15:30:13,479 DEBUG AlphaScanner.Data download_history_batch(size=5, period=2y, interval=1d, use_cache=False, head=['GALLANTT.NS', 'GRSE.NS', 'GICRE.NS', 'GILLETTE.NS', 'GLAND.NS'])
2026-07-12 15:30:13,844 DEBUG AlphaScanner.Data download_history_batch split result count=5
2026-07-12 15:30:13,844 DEBUG AlphaScanner.Scanner Downloaded chunk 36/100 size=5 resolved=5
2026-07-12 15:30:13,906 DEBUG AlphaScanner.Scanner Chunk 36/100 complete: watchlist=66 entry=31
2026-07-12 15:30:13,907 DEBUG AlphaScanner.Data download_history_batch(size=5, period=2y, interval=1d, use_cache=False, head=['GLAXO.NS', 'GLENMARK.NS', 'MEDANTA.NS', 'GODIGIT.NS', 'GPIL.NS'])
2026-07-12 15:30:14,278 DEBUG AlphaScanner.Data download_history_batch split result count=5
2026-07-12 15:30:14,279 DEBUG AlphaScanner.Scanner Downloaded chunk 37/100 size=5 resolved=5
2026-07-12 15:30:14,338 DEBUG AlphaScanner.Scanner Chunk 37/100 complete: watchlist=68 entry=31
2026-07-12 15:30:14,339 DEBUG AlphaScanner.Data download_history_batch(size=5, period=2y, interval=1d, use_cache=False, head=['GODFRYPHLP.NS', 'GODREJCP.NS', 'GODREJIND.NS', 'GODREJPROP.NS', 'GRANULES.NS'])
2026-07-12 15:30:14,630 DEBUG AlphaScanner.Data download_history_batch split result count=5
2026-07-12 15:30:14,630 DEBUG AlphaScanner.Scanner Downloaded chunk 38/100 size=5 resolved=5
2026-07-12 15:30:14,695 DEBUG AlphaScanner.Scanner Chunk 38/100 complete: watchlist=68 entry=33
2026-07-12 15:30:14,696 DEBUG AlphaScanner.Data download_history_batch(size=5, period=2y, interval=1d, use_cache=False, head=['GRAPHITE.NS', 'GRASIM.NS', 'GRAVITA.NS', 'GESHIP.NS', 'FLUOROCHEM.NS'])
2026-07-12 15:30:14,967 DEBUG AlphaScanner.Data download_history_batch split result count=5
2026-07-12 15:30:14,967 DEBUG AlphaScanner.Scanner Downloaded chunk 39/100 size=5 resolved=5
2026-07-12 15:30:15,033 DEBUG AlphaScanner.Scanner Chunk 39/100 complete: watchlist=70 entry=35
2026-07-12 15:30:15,033 DEBUG AlphaScanner.Data download_history_batch(size=5, period=2y, interval=1d, use_cache=False, head=['GMDCLTD.NS', 'HEG.NS', 'HBLENGINE.NS', 'HCLTECH.NS', 'HDBFS.NS'])
2026-07-12 15:30:15,354 DEBUG AlphaScanner.Data download_history_batch split result count=5
2026-07-12 15:30:15,354 DEBUG AlphaScanner.Scanner Downloaded chunk 40/100 size=5 resolved=5
2026-07-12 15:30:15,401 DEBUG AlphaScanner.Scanner Chunk 40/100 complete: watchlist=71 entry=36
2026-07-12 15:30:15,402 DEBUG AlphaScanner.Data download_history_batch(size=5, period=2y, interval=1d, use_cache=False, head=['HDFCAMC.NS', 'HDFCBANK.NS', 'HDFCLIFE.NS', 'HFCL.NS', 'HAVELLS.NS'])
2026-07-12 15:30:15,664 DEBUG AlphaScanner.Data download_history_batch split result count=5
2026-07-12 15:30:15,665 DEBUG AlphaScanner.Scanner Downloaded chunk 41/100 size=5 resolved=5
2026-07-12 15:30:15,722 DEBUG AlphaScanner.Scanner Chunk 41/100 complete: watchlist=73 entry=38
2026-07-12 15:30:15,722 DEBUG AlphaScanner.Data download_history_batch(size=5, period=2y, interval=1d, use_cache=False, head=['HEROMOTOCO.NS', 'HEXT.NS', 'HSCL.NS', 'HINDALCO.NS', 'HAL.NS'])
2026-07-12 15:30:15,964 DEBUG AlphaScanner.Data download_history_batch split result count=5
2026-07-12 15:30:15,964 DEBUG AlphaScanner.Scanner Downloaded chunk 42/100 size=5 resolved=5
2026-07-12 15:30:16,026 DEBUG AlphaScanner.Scanner Chunk 42/100 complete: watchlist=75 entry=39
2026-07-12 15:30:16,027 DEBUG AlphaScanner.Data download_history_batch(size=5, period=2y, interval=1d, use_cache=False, head=['HINDCOPPER.NS', 'HINDPETRO.NS', 'HINDUNILVR.NS', 'HINDZINC.NS', 'POWERINDIA.NS'])
2026-07-12 15:30:16,295 DEBUG AlphaScanner.Data download_history_batch split result count=5
2026-07-12 15:30:16,295 DEBUG AlphaScanner.Scanner Downloaded chunk 43/100 size=5 resolved=5
2026-07-12 15:30:16,354 DEBUG AlphaScanner.Scanner Chunk 43/100 complete: watchlist=76 entry=41
2026-07-12 15:30:16,354 DEBUG AlphaScanner.Data download_history_batch(size=5, period=2y, interval=1d, use_cache=False, head=['HOMEFIRST.NS', 'HONASA.NS', 'HONAUT.NS', 'HUDCO.NS', 'HYUNDAI.NS'])
2026-07-12 15:30:16,708 DEBUG AlphaScanner.Data download_history_batch split result count=5
2026-07-12 15:30:16,708 DEBUG AlphaScanner.Scanner Downloaded chunk 44/100 size=5 resolved=5
2026-07-12 15:30:16,770 DEBUG AlphaScanner.Scanner Chunk 44/100 complete: watchlist=78 entry=41
2026-07-12 15:30:16,771 DEBUG AlphaScanner.Data download_history_batch(size=5, period=2y, interval=1d, use_cache=False, head=['ICICIBANK.NS', 'ICICIGI.NS', 'ICICIAMC.NS', 'ICICIPRULI.NS', 'IDBI.NS'])
2026-07-12 15:30:17,122 DEBUG AlphaScanner.Data download_history_batch split result count=5
2026-07-12 15:30:17,122 DEBUG AlphaScanner.Scanner Downloaded chunk 45/100 size=5 resolved=5
2026-07-12 15:30:17,173 DEBUG AlphaScanner.Scanner Chunk 45/100 complete: watchlist=81 entry=42
2026-07-12 15:30:17,174 DEBUG AlphaScanner.Data download_history_batch(size=5, period=2y, interval=1d, use_cache=False, head=['IDFCFIRSTB.NS', 'IFCI.NS', 'IIFL.NS', 'IRB.NS', 'IRCON.NS'])
2026-07-12 15:30:17,479 DEBUG AlphaScanner.Data download_history_batch split result count=5
2026-07-12 15:30:17,479 DEBUG AlphaScanner.Scanner Downloaded chunk 46/100 size=5 resolved=5
2026-07-12 15:30:17,540 DEBUG AlphaScanner.Scanner Chunk 46/100 complete: watchlist=82 entry=42
2026-07-12 15:30:17,540 DEBUG AlphaScanner.Data download_history_batch(size=5, period=2y, interval=1d, use_cache=False, head=['ITCHOTELS.NS', 'ITC.NS', 'ITI.NS', 'INDGN.NS', 'INDIACEM.NS'])
2026-07-12 15:30:17,777 DEBUG AlphaScanner.Data download_history_batch split result count=5
2026-07-12 15:30:17,778 DEBUG AlphaScanner.Scanner Downloaded chunk 47/100 size=5 resolved=5
2026-07-12 15:30:17,845 DEBUG AlphaScanner.Scanner Chunk 47/100 complete: watchlist=82 entry=43
2026-07-12 15:30:17,846 DEBUG AlphaScanner.Data download_history_batch(size=5, period=2y, interval=1d, use_cache=False, head=['INDIAMART.NS', 'INDIANB.NS', 'IEX.NS', 'INDHOTEL.NS', 'IOC.NS'])
2026-07-12 15:30:18,118 DEBUG AlphaScanner.Data download_history_batch split result count=5
2026-07-12 15:30:18,118 DEBUG AlphaScanner.Scanner Downloaded chunk 48/100 size=5 resolved=5
2026-07-12 15:30:18,184 DEBUG AlphaScanner.Scanner Chunk 48/100 complete: watchlist=83 entry=46
2026-07-12 15:30:18,184 DEBUG AlphaScanner.Data download_history_batch(size=5, period=2y, interval=1d, use_cache=False, head=['IOB.NS', 'IRCTC.NS', 'IRFC.NS', 'IREDA.NS', 'IGL.NS'])
2026-07-12 15:30:18,404 DEBUG AlphaScanner.Data download_history_batch split result count=5
2026-07-12 15:30:18,404 DEBUG AlphaScanner.Scanner Downloaded chunk 49/100 size=5 resolved=5
2026-07-12 15:30:18,465 DEBUG AlphaScanner.Scanner Chunk 49/100 complete: watchlist=85 entry=48
2026-07-12 15:30:18,466 DEBUG AlphaScanner.Data download_history_batch(size=5, period=2y, interval=1d, use_cache=False, head=['INDUSTOWER.NS', 'INDUSINDBK.NS', 'NAUKRI.NS', 'INFY.NS', 'INOXWIND.NS'])
2026-07-12 15:30:18,812 DEBUG AlphaScanner.Data download_history_batch split result count=5
2026-07-12 15:30:18,813 DEBUG AlphaScanner.Scanner Downloaded chunk 50/100 size=5 resolved=5
2026-07-12 15:30:18,873 DEBUG AlphaScanner.Scanner Chunk 50/100 complete: watchlist=85 entry=48
2026-07-12 15:30:18,874 DEBUG AlphaScanner.Data download_history_batch(size=5, period=2y, interval=1d, use_cache=False, head=['INTELLECT.NS', 'INDIGO.NS', 'IGIL.NS', 'IKS.NS', 'IPCALAB.NS'])
2026-07-12 15:30:19,300 DEBUG AlphaScanner.Data download_history_batch split result count=5
2026-07-12 15:30:19,300 DEBUG AlphaScanner.Scanner Downloaded chunk 51/100 size=5 resolved=5
2026-07-12 15:30:19,361 DEBUG AlphaScanner.Scanner Chunk 51/100 complete: watchlist=86 entry=50
2026-07-12 15:30:19,363 DEBUG AlphaScanner.Data download_history_batch(size=5, period=2y, interval=1d, use_cache=False, head=['JBCHEPHARM.NS', 'JKCEMENT.NS', 'JBMA.NS', 'JKTYRE.NS', 'JMFINANCIL.NS'])
2026-07-12 15:30:19,627 DEBUG AlphaScanner.Data download_history_batch split result count=5
2026-07-12 15:30:19,627 DEBUG AlphaScanner.Scanner Downloaded chunk 52/100 size=5 resolved=5
2026-07-12 15:30:19,685 DEBUG AlphaScanner.Scanner Chunk 52/100 complete: watchlist=89 entry=52
2026-07-12 15:30:19,686 DEBUG AlphaScanner.Data download_history_batch(size=5, period=2y, interval=1d, use_cache=False, head=['JSWCEMENT.NS', 'JSWDULUX.NS', 'JSWENERGY.NS', 'JSWINFRA.NS', 'JSWSTEEL.NS'])
2026-07-12 15:30:20,060 DEBUG AlphaScanner.Data download_history_batch split result count=5
2026-07-12 15:30:20,060 DEBUG AlphaScanner.Scanner Downloaded chunk 53/100 size=5 resolved=5
2026-07-12 15:30:20,114 DEBUG AlphaScanner.Scanner Chunk 53/100 complete: watchlist=90 entry=53
2026-07-12 15:30:20,115 DEBUG AlphaScanner.Data download_history_batch(size=5, period=2y, interval=1d, use_cache=False, head=['JAINREC.NS', 'JPPOWER.NS', 'J&KBANK.NS', 'JINDALSAW.NS', 'JSL.NS'])
2026-07-12 15:30:20,395 DEBUG AlphaScanner.Data download_history_batch split result count=5
2026-07-12 15:30:20,396 DEBUG AlphaScanner.Scanner Downloaded chunk 54/100 size=5 resolved=5
2026-07-12 15:30:20,442 DEBUG AlphaScanner.Scanner Chunk 54/100 complete: watchlist=91 entry=55
2026-07-12 15:30:20,443 DEBUG AlphaScanner.Data download_history_batch(size=5, period=2y, interval=1d, use_cache=False, head=['JINDALSTEL.NS', 'JIOFIN.NS', 'JUBLFOOD.NS', 'JUBLINGREA.NS', 'JUBLPHARMA.NS'])
2026-07-12 15:30:20,704 DEBUG AlphaScanner.Data download_history_batch split result count=5
2026-07-12 15:30:20,704 DEBUG AlphaScanner.Scanner Downloaded chunk 55/100 size=5 resolved=5
2026-07-12 15:30:20,768 DEBUG AlphaScanner.Scanner Chunk 55/100 complete: watchlist=92 entry=56
2026-07-12 15:30:20,768 DEBUG AlphaScanner.Data download_history_batch(size=5, period=2y, interval=1d, use_cache=False, head=['JWL.NS', 'JYOTICNC.NS', 'KPRMILL.NS', 'KEI.NS', 'KPITTECH.NS'])
2026-07-12 15:30:21,076 DEBUG AlphaScanner.Data download_history_batch split result count=5
2026-07-12 15:30:21,076 DEBUG AlphaScanner.Scanner Downloaded chunk 56/100 size=5 resolved=5
2026-07-12 15:30:21,135 DEBUG AlphaScanner.Scanner Chunk 56/100 complete: watchlist=92 entry=57
2026-07-12 15:30:21,135 DEBUG AlphaScanner.Data download_history_batch(size=5, period=2y, interval=1d, use_cache=False, head=['KAJARIACER.NS', 'KPIL.NS', 'KALYANKJIL.NS', 'KARURVYSYA.NS', 'KAYNES.NS'])
2026-07-12 15:30:21,400 DEBUG AlphaScanner.Data download_history_batch split result count=5
2026-07-12 15:30:21,400 DEBUG AlphaScanner.Scanner Downloaded chunk 57/100 size=5 resolved=5
2026-07-12 15:30:21,461 DEBUG AlphaScanner.Scanner Chunk 57/100 complete: watchlist=94 entry=58
2026-07-12 15:30:21,462 DEBUG AlphaScanner.Data download_history_batch(size=5, period=2y, interval=1d, use_cache=False, head=['KEC.NS', 'KFINTECH.NS', 'KIRLOSENG.NS', 'KOTAKBANK.NS', 'KIMS.NS'])
2026-07-12 15:30:21,734 DEBUG AlphaScanner.Data download_history_batch split result count=5
2026-07-12 15:30:21,734 DEBUG AlphaScanner.Scanner Downloaded chunk 58/100 size=5 resolved=5
2026-07-12 15:30:21,799 DEBUG AlphaScanner.Scanner Chunk 58/100 complete: watchlist=96 entry=59
2026-07-12 15:30:21,800 DEBUG AlphaScanner.Data download_history_batch(size=5, period=2y, interval=1d, use_cache=False, head=['LTF.NS', 'LTTS.NS', 'LGEINDIA.NS', 'LICHSGFIN.NS', 'LTFOODS.NS'])
2026-07-12 15:30:22,034 DEBUG AlphaScanner.Data download_history_batch split result count=5
2026-07-12 15:30:22,034 DEBUG AlphaScanner.Scanner Downloaded chunk 59/100 size=5 resolved=5
2026-07-12 15:30:22,082 DEBUG AlphaScanner.Scanner Chunk 59/100 complete: watchlist=98 entry=61
2026-07-12 15:30:22,082 DEBUG AlphaScanner.Data download_history_batch(size=5, period=2y, interval=1d, use_cache=False, head=['LTM.NS', 'LT.NS', 'LATENTVIEW.NS', 'LAURUSLABS.NS', 'THELEELA.NS'])
2026-07-12 15:30:22,327 DEBUG AlphaScanner.Data download_history_batch split result count=5
2026-07-12 15:30:22,328 DEBUG AlphaScanner.Scanner Downloaded chunk 60/100 size=5 resolved=5
2026-07-12 15:30:22,377 DEBUG AlphaScanner.Scanner Chunk 60/100 complete: watchlist=98 entry=62
2026-07-12 15:30:22,378 DEBUG AlphaScanner.Data download_history_batch(size=5, period=2y, interval=1d, use_cache=False, head=['LEMONTREE.NS', 'LENSKART.NS', 'LICI.NS', 'LINDEINDIA.NS', 'LLOYDSME.NS'])
2026-07-12 15:30:22,591 DEBUG AlphaScanner.Data download_history_batch split result count=5
2026-07-12 15:30:22,591 DEBUG AlphaScanner.Scanner Downloaded chunk 61/100 size=5 resolved=5
2026-07-12 15:30:22,638 DEBUG AlphaScanner.Scanner Chunk 61/100 complete: watchlist=101 entry=63
2026-07-12 15:30:22,639 DEBUG AlphaScanner.Data download_history_batch(size=5, period=2y, interval=1d, use_cache=False, head=['LODHA.NS', 'LUPIN.NS', 'MMTC.NS', 'MRF.NS', 'MGL.NS'])
2026-07-12 15:30:22,862 DEBUG AlphaScanner.Data download_history_batch split result count=5
2026-07-12 15:30:22,862 DEBUG AlphaScanner.Scanner Downloaded chunk 62/100 size=5 resolved=5
2026-07-12 15:30:22,920 DEBUG AlphaScanner.Scanner Chunk 62/100 complete: watchlist=102 entry=64
2026-07-12 15:30:22,921 DEBUG AlphaScanner.Data download_history_batch(size=5, period=2y, interval=1d, use_cache=False, head=['M&MFIN.NS', 'M&M.NS', 'MANAPPURAM.NS', 'MRPL.NS', 'MANKIND.NS'])
2026-07-12 15:30:23,181 DEBUG AlphaScanner.Data download_history_batch split result count=5
2026-07-12 15:30:23,181 DEBUG AlphaScanner.Scanner Downloaded chunk 63/100 size=5 resolved=5
2026-07-12 15:30:23,241 DEBUG AlphaScanner.Scanner Chunk 63/100 complete: watchlist=105 entry=66
2026-07-12 15:30:23,242 DEBUG AlphaScanner.Data download_history_batch(size=5, period=2y, interval=1d, use_cache=False, head=['MARICO.NS', 'MARUTI.NS', 'MFSL.NS', 'MAXHEALTH.NS', 'MAZDOCK.NS'])
2026-07-12 15:30:23,551 DEBUG AlphaScanner.Data download_history_batch split result count=5
2026-07-12 15:30:23,551 DEBUG AlphaScanner.Scanner Downloaded chunk 64/100 size=5 resolved=5
2026-07-12 15:30:23,614 DEBUG AlphaScanner.Scanner Chunk 64/100 complete: watchlist=107 entry=67
2026-07-12 15:30:23,615 DEBUG AlphaScanner.Data download_history_batch(size=5, period=2y, interval=1d, use_cache=False, head=['MEESHO.NS', 'MINDACORP.NS', 'MSUMI.NS', 'MOTILALOFS.NS', 'MPHASIS.NS'])
2026-07-12 15:30:23,862 DEBUG AlphaScanner.Data download_history_batch split result count=5
2026-07-12 15:30:23,863 DEBUG AlphaScanner.Scanner Downloaded chunk 65/100 size=5 resolved=5
2026-07-12 15:30:23,913 DEBUG AlphaScanner.Scanner Chunk 65/100 complete: watchlist=109 entry=69
2026-07-12 15:30:23,914 DEBUG AlphaScanner.Data download_history_batch(size=5, period=2y, interval=1d, use_cache=False, head=['MCX.NS', 'MUTHOOTFIN.NS', 'NATCOPHARM.NS', 'NBCC.NS', 'NCC.NS'])
2026-07-12 15:30:24,162 DEBUG AlphaScanner.Data download_history_batch split result count=5
2026-07-12 15:30:24,162 DEBUG AlphaScanner.Scanner Downloaded chunk 66/100 size=5 resolved=5
2026-07-12 15:30:24,223 DEBUG AlphaScanner.Scanner Chunk 66/100 complete: watchlist=110 entry=70
2026-07-12 15:30:24,224 DEBUG AlphaScanner.Data download_history_batch(size=5, period=2y, interval=1d, use_cache=False, head=['NHPC.NS', 'NLCINDIA.NS', 'NMDC.NS', 'NSLNISP.NS', 'NTPCGREEN.NS'])
2026-07-12 15:30:24,451 DEBUG AlphaScanner.Data download_history_batch split result count=5
2026-07-12 15:30:24,451 DEBUG AlphaScanner.Scanner Downloaded chunk 67/100 size=5 resolved=5
2026-07-12 15:30:24,511 DEBUG AlphaScanner.Scanner Chunk 67/100 complete: watchlist=111 entry=70
2026-07-12 15:30:24,512 DEBUG AlphaScanner.Data download_history_batch(size=5, period=2y, interval=1d, use_cache=False, head=['NTPC.NS', 'NH.NS', 'NATIONALUM.NS', 'NAVA.NS', 'NAVINFLUOR.NS'])
2026-07-12 15:30:24,754 DEBUG AlphaScanner.Data download_history_batch split result count=5
2026-07-12 15:30:24,755 DEBUG AlphaScanner.Scanner Downloaded chunk 68/100 size=5 resolved=5
2026-07-12 15:30:24,814 DEBUG AlphaScanner.Scanner Chunk 68/100 complete: watchlist=113 entry=70
2026-07-12 15:30:24,815 DEBUG AlphaScanner.Data download_history_batch(size=5, period=2y, interval=1d, use_cache=False, head=['NESTLEIND.NS', 'NETWEB.NS', 'NEULANDLAB.NS', 'NEWGEN.NS', 'NAM-INDIA.NS'])
2026-07-12 15:30:25,109 DEBUG AlphaScanner.Data download_history_batch split result count=5
2026-07-12 15:30:25,109 DEBUG AlphaScanner.Scanner Downloaded chunk 69/100 size=5 resolved=5
2026-07-12 15:30:25,169 DEBUG AlphaScanner.Scanner Chunk 69/100 complete: watchlist=116 entry=71
2026-07-12 15:30:25,170 DEBUG AlphaScanner.Data download_history_batch(size=5, period=2y, interval=1d, use_cache=False, head=['NIVABUPA.NS', 'NUVAMA.NS', 'NUVOCO.NS', 'OBEROIRLTY.NS', 'ONGC.NS'])
2026-07-12 15:30:25,401 DEBUG AlphaScanner.Data download_history_batch split result count=5
2026-07-12 15:30:25,401 DEBUG AlphaScanner.Scanner Downloaded chunk 70/100 size=5 resolved=5
2026-07-12 15:30:25,461 DEBUG AlphaScanner.Scanner Chunk 70/100 complete: watchlist=118 entry=72
2026-07-12 15:30:25,463 DEBUG AlphaScanner.Data download_history_batch(size=5, period=2y, interval=1d, use_cache=False, head=['OIL.NS', 'OLAELEC.NS', 'OLECTRA.NS', 'PAYTM.NS', 'ONESOURCE.NS'])
2026-07-12 15:30:25,749 DEBUG AlphaScanner.Data download_history_batch split result count=5
2026-07-12 15:30:25,749 DEBUG AlphaScanner.Scanner Downloaded chunk 71/100 size=5 resolved=5
2026-07-12 15:30:25,811 DEBUG AlphaScanner.Scanner Chunk 71/100 complete: watchlist=119 entry=73
2026-07-12 15:30:25,812 DEBUG AlphaScanner.Data download_history_batch(size=5, period=2y, interval=1d, use_cache=False, head=['OFSS.NS', 'POLICYBZR.NS', 'PCBL.NS', 'PGEL.NS', 'PIIND.NS'])
2026-07-12 15:30:26,133 DEBUG AlphaScanner.Data download_history_batch split result count=5
2026-07-12 15:30:26,133 DEBUG AlphaScanner.Scanner Downloaded chunk 72/100 size=5 resolved=5
2026-07-12 15:30:26,196 DEBUG AlphaScanner.Scanner Chunk 72/100 complete: watchlist=120 entry=74
2026-07-12 15:30:26,197 DEBUG AlphaScanner.Data download_history_batch(size=5, period=2y, interval=1d, use_cache=False, head=['PNBHOUSING.NS', 'PTCIL.NS', 'PVRINOX.NS', 'PAGEIND.NS', 'PARADEEP.NS'])
2026-07-12 15:30:26,513 DEBUG AlphaScanner.Data download_history_batch split result count=5
2026-07-12 15:30:26,513 DEBUG AlphaScanner.Scanner Downloaded chunk 73/100 size=5 resolved=5
2026-07-12 15:30:26,575 DEBUG AlphaScanner.Scanner Chunk 73/100 complete: watchlist=122 entry=75
2026-07-12 15:30:26,576 DEBUG AlphaScanner.Data download_history_batch(size=5, period=2y, interval=1d, use_cache=False, head=['PATANJALI.NS', 'PERSISTENT.NS', 'PETRONET.NS', 'PFIZER.NS', 'PHOENIXLTD.NS'])
2026-07-12 15:30:26,854 DEBUG AlphaScanner.Data download_history_batch split result count=5
2026-07-12 15:30:26,855 DEBUG AlphaScanner.Scanner Downloaded chunk 74/100 size=5 resolved=5
2026-07-12 15:30:26,914 DEBUG AlphaScanner.Scanner Chunk 74/100 complete: watchlist=123 entry=78
2026-07-12 15:30:26,914 DEBUG AlphaScanner.Data download_history_batch(size=5, period=2y, interval=1d, use_cache=False, head=['PWL.NS', 'PIDILITIND.NS', 'PINELABS.NS', 'PIRAMALFIN.NS', 'PPLPHARMA.NS'])
2026-07-12 15:30:27,215 DEBUG AlphaScanner.Data download_history_batch split result count=5
2026-07-12 15:30:27,215 DEBUG AlphaScanner.Scanner Downloaded chunk 75/100 size=5 resolved=5
2026-07-12 15:30:27,241 DEBUG AlphaScanner.Scanner Chunk 75/100 complete: watchlist=124 entry=78
2026-07-12 15:30:27,242 DEBUG AlphaScanner.Data download_history_batch(size=5, period=2y, interval=1d, use_cache=False, head=['POLYMED.NS', 'POLYCAB.NS', 'POONAWALLA.NS', 'PFC.NS', 'POWERGRID.NS'])
2026-07-12 15:30:27,557 DEBUG AlphaScanner.Data download_history_batch split result count=5
2026-07-12 15:30:27,557 DEBUG AlphaScanner.Scanner Downloaded chunk 76/100 size=5 resolved=5
2026-07-12 15:30:27,619 DEBUG AlphaScanner.Scanner Chunk 76/100 complete: watchlist=124 entry=79
2026-07-12 15:30:27,620 DEBUG AlphaScanner.Data download_history_batch(size=5, period=2y, interval=1d, use_cache=False, head=['PREMIERENE.NS', 'PRESTIGE.NS', 'PNB.NS', 'RRKABEL.NS', 'RBLBANK.NS'])
2026-07-12 15:30:27,951 DEBUG AlphaScanner.Data download_history_batch split result count=5
2026-07-12 15:30:27,951 DEBUG AlphaScanner.Scanner Downloaded chunk 77/100 size=5 resolved=5
2026-07-12 15:30:28,009 DEBUG AlphaScanner.Scanner Chunk 77/100 complete: watchlist=126 entry=82
2026-07-12 15:30:28,011 DEBUG AlphaScanner.Data download_history_batch(size=5, period=2y, interval=1d, use_cache=False, head=['RECLTD.NS', 'RHIM.NS', 'RITES.NS', 'RADICO.NS', 'RVNL.NS'])
2026-07-12 15:30:28,236 DEBUG AlphaScanner.Data download_history_batch split result count=5
2026-07-12 15:30:28,236 DEBUG AlphaScanner.Scanner Downloaded chunk 78/100 size=5 resolved=5
2026-07-12 15:30:28,296 DEBUG AlphaScanner.Scanner Chunk 78/100 complete: watchlist=127 entry=84
2026-07-12 15:30:28,297 DEBUG AlphaScanner.Data download_history_batch(size=5, period=2y, interval=1d, use_cache=False, head=['RAILTEL.NS', 'RAINBOW.NS', 'RKFORGE.NS', 'REDINGTON.NS', 'RELIANCE.NS'])
2026-07-12 15:30:28,757 DEBUG AlphaScanner.Data download_history_batch split result count=5
2026-07-12 15:30:28,757 DEBUG AlphaScanner.Scanner Downloaded chunk 79/100 size=5 resolved=5
2026-07-12 15:30:28,816 DEBUG AlphaScanner.Scanner Chunk 79/100 complete: watchlist=128 entry=85
2026-07-12 15:30:28,817 DEBUG AlphaScanner.Data download_history_batch(size=5, period=2y, interval=1d, use_cache=False, head=['RPOWER.NS', 'SBFC.NS', 'SBICARD.NS', 'SBILIFE.NS', 'SJVN.NS'])
2026-07-12 15:30:29,047 DEBUG AlphaScanner.Data download_history_batch split result count=5
2026-07-12 15:30:29,047 DEBUG AlphaScanner.Scanner Downloaded chunk 80/100 size=5 resolved=5
2026-07-12 15:30:29,109 DEBUG AlphaScanner.Scanner Chunk 80/100 complete: watchlist=130 entry=87
2026-07-12 15:30:29,110 DEBUG AlphaScanner.Data download_history_batch(size=5, period=2y, interval=1d, use_cache=False, head=['SRF.NS', 'SAGILITY.NS', 'SAILIFE.NS', 'SAMMAANCAP.NS', 'MOTHERSON.NS'])
2026-07-12 15:30:29,473 DEBUG AlphaScanner.Data download_history_batch split result count=5
2026-07-12 15:30:29,473 DEBUG AlphaScanner.Scanner Downloaded chunk 81/100 size=5 resolved=5
2026-07-12 15:30:29,532 DEBUG AlphaScanner.Scanner Chunk 81/100 complete: watchlist=133 entry=89
2026-07-12 15:30:29,533 DEBUG AlphaScanner.Data download_history_batch(size=5, period=2y, interval=1d, use_cache=False, head=['SAPPHIRE.NS', 'SARDAEN.NS', 'SAREGAMA.NS', 'SCHAEFFLER.NS', 'SCHNEIDER.NS'])
2026-07-12 15:30:29,897 DEBUG AlphaScanner.Data download_history_batch split result count=5
2026-07-12 15:30:29,897 DEBUG AlphaScanner.Scanner Downloaded chunk 82/100 size=5 resolved=5
2026-07-12 15:30:29,960 DEBUG AlphaScanner.Scanner Chunk 82/100 complete: watchlist=133 entry=89
2026-07-12 15:30:29,961 DEBUG AlphaScanner.Data download_history_batch(size=5, period=2y, interval=1d, use_cache=False, head=['SCI.NS', 'SHREECEM.NS', 'SHRIRAMFIN.NS', 'SHYAMMETL.NS', 'ENRIN.NS'])
2026-07-12 15:30:30,221 DEBUG AlphaScanner.Data download_history_batch split result count=5
2026-07-12 15:30:30,221 DEBUG AlphaScanner.Scanner Downloaded chunk 83/100 size=5 resolved=5
2026-07-12 15:30:30,268 DEBUG AlphaScanner.Scanner Chunk 83/100 complete: watchlist=136 entry=89
2026-07-12 15:30:30,269 DEBUG AlphaScanner.Data download_history_batch(size=5, period=2y, interval=1d, use_cache=False, head=['SIEMENS.NS', 'SIGNATURE.NS', 'SOBHA.NS', 'SOLARINDS.NS', 'SONACOMS.NS'])
2026-07-12 15:30:30,487 DEBUG AlphaScanner.Data download_history_batch split result count=5
2026-07-12 15:30:30,487 DEBUG AlphaScanner.Scanner Downloaded chunk 84/100 size=5 resolved=5
2026-07-12 15:30:30,549 DEBUG AlphaScanner.Scanner Chunk 84/100 complete: watchlist=138 entry=92
2026-07-12 15:30:30,550 DEBUG AlphaScanner.Data download_history_batch(size=5, period=2y, interval=1d, use_cache=False, head=['SONATSOFTW.NS', 'STARHEALTH.NS', 'SBIN.NS', 'SAIL.NS', 'SUMICHEM.NS'])
2026-07-12 15:30:30,921 DEBUG AlphaScanner.Data download_history_batch split result count=5
2026-07-12 15:30:30,921 DEBUG AlphaScanner.Scanner Downloaded chunk 85/100 size=5 resolved=5
2026-07-12 15:30:30,984 DEBUG AlphaScanner.Scanner Chunk 85/100 complete: watchlist=139 entry=93
2026-07-12 15:30:30,985 DEBUG AlphaScanner.Data download_history_batch(size=5, period=2y, interval=1d, use_cache=False, head=['SUNPHARMA.NS', 'SUNTV.NS', 'SUNDARMFIN.NS', 'SUPREMEIND.NS', 'SPLPETRO.NS'])
2026-07-12 15:30:31,262 DEBUG AlphaScanner.Data download_history_batch split result count=5
2026-07-12 15:30:31,262 DEBUG AlphaScanner.Scanner Downloaded chunk 86/100 size=5 resolved=5
2026-07-12 15:30:31,321 DEBUG AlphaScanner.Scanner Chunk 86/100 complete: watchlist=141 entry=93
2026-07-12 15:30:31,322 DEBUG AlphaScanner.Data download_history_batch(size=5, period=2y, interval=1d, use_cache=False, head=['SUZLON.NS', 'SWANCORP.NS', 'SWIGGY.NS', 'SYNGENE.NS', 'SYRMA.NS'])
2026-07-12 15:30:31,630 DEBUG AlphaScanner.Data download_history_batch split result count=5
2026-07-12 15:30:31,630 DEBUG AlphaScanner.Scanner Downloaded chunk 87/100 size=5 resolved=5
2026-07-12 15:30:31,694 DEBUG AlphaScanner.Scanner Chunk 87/100 complete: watchlist=141 entry=93
2026-07-12 15:30:31,694 DEBUG AlphaScanner.Data download_history_batch(size=5, period=2y, interval=1d, use_cache=False, head=['TBOTEK.NS', 'TVSMOTOR.NS', 'TATACAP.NS', 'TATACHEM.NS', 'TATACOMM.NS'])
2026-07-12 15:30:32,016 DEBUG AlphaScanner.Data download_history_batch split result count=5
2026-07-12 15:30:32,016 DEBUG AlphaScanner.Scanner Downloaded chunk 88/100 size=5 resolved=5
2026-07-12 15:30:32,068 DEBUG AlphaScanner.Scanner Chunk 88/100 complete: watchlist=144 entry=93
2026-07-12 15:30:32,069 DEBUG AlphaScanner.Data download_history_batch(size=5, period=2y, interval=1d, use_cache=False, head=['TCS.NS', 'TATACONSUM.NS', 'TATAELXSI.NS', 'TATAINVEST.NS', 'TMCV.NS'])
2026-07-12 15:30:32,317 DEBUG AlphaScanner.Data download_history_batch split result count=5
2026-07-12 15:30:32,317 DEBUG AlphaScanner.Scanner Downloaded chunk 89/100 size=5 resolved=5
2026-07-12 15:30:32,365 DEBUG AlphaScanner.Scanner Chunk 89/100 complete: watchlist=145 entry=95
2026-07-12 15:30:32,366 DEBUG AlphaScanner.Data download_history_batch(size=5, period=2y, interval=1d, use_cache=False, head=['TMPV.NS', 'TATAPOWER.NS', 'TATASTEEL.NS', 'TATATECH.NS', 'TTML.NS'])
2026-07-12 15:30:32,735 DEBUG AlphaScanner.Data download_history_batch split result count=5
2026-07-12 15:30:32,735 DEBUG AlphaScanner.Scanner Downloaded chunk 90/100 size=5 resolved=5
2026-07-12 15:30:32,797 DEBUG AlphaScanner.Scanner Chunk 90/100 complete: watchlist=145 entry=96
2026-07-12 15:30:32,798 DEBUG AlphaScanner.Data download_history_batch(size=5, period=2y, interval=1d, use_cache=False, head=['TECHM.NS', 'TECHNOE.NS', 'TEGA.NS', 'TEJASNET.NS', 'TENNIND.NS'])
2026-07-12 15:30:33,154 DEBUG AlphaScanner.Data download_history_batch split result count=5
2026-07-12 15:30:33,154 DEBUG AlphaScanner.Scanner Downloaded chunk 91/100 size=5 resolved=5
2026-07-12 15:30:33,203 DEBUG AlphaScanner.Scanner Chunk 91/100 complete: watchlist=146 entry=96
2026-07-12 15:30:33,204 DEBUG AlphaScanner.Data download_history_batch(size=5, period=2y, interval=1d, use_cache=False, head=['NIACL.NS', 'RAMCOCEM.NS', 'THERMAX.NS', 'TIMKEN.NS', 'TITAGARH.NS'])
2026-07-12 15:30:33,635 DEBUG AlphaScanner.Data download_history_batch split result count=5
2026-07-12 15:30:33,635 DEBUG AlphaScanner.Scanner Downloaded chunk 92/100 size=5 resolved=5
2026-07-12 15:30:33,700 DEBUG AlphaScanner.Scanner Chunk 92/100 complete: watchlist=146 entry=96
2026-07-12 15:30:33,701 DEBUG AlphaScanner.Data download_history_batch(size=5, period=2y, interval=1d, use_cache=False, head=['TITAN.NS', 'TORNTPHARM.NS', 'TORNTPOWER.NS', 'TARIL.NS', 'TRAVELFOOD.NS'])
2026-07-12 15:30:33,936 DEBUG AlphaScanner.Data download_history_batch split result count=5
2026-07-12 15:30:33,937 DEBUG AlphaScanner.Scanner Downloaded chunk 93/100 size=5 resolved=5
2026-07-12 15:30:33,984 DEBUG AlphaScanner.Scanner Chunk 93/100 complete: watchlist=148 entry=97
2026-07-12 15:30:33,985 DEBUG AlphaScanner.Data download_history_batch(size=5, period=2y, interval=1d, use_cache=False, head=['TRENT.NS', 'TRIDENT.NS', 'TRITURBINE.NS', 'TIINDIA.NS', 'UCOBANK.NS'])
2026-07-12 15:30:34,278 DEBUG AlphaScanner.Data download_history_batch split result count=5
2026-07-12 15:30:34,278 DEBUG AlphaScanner.Scanner Downloaded chunk 94/100 size=5 resolved=5
2026-07-12 15:30:34,340 DEBUG AlphaScanner.Scanner Chunk 94/100 complete: watchlist=148 entry=97
2026-07-12 15:30:34,341 DEBUG AlphaScanner.Data download_history_batch(size=5, period=2y, interval=1d, use_cache=False, head=['UNOMINDA.NS', 'UPL.NS', 'UTIAMC.NS', 'ULTRACEMCO.NS', 'UNIONBANK.NS'])
2026-07-12 15:30:34,683 DEBUG AlphaScanner.Data download_history_batch split result count=5
2026-07-12 15:30:34,683 DEBUG AlphaScanner.Scanner Downloaded chunk 95/100 size=5 resolved=5
2026-07-12 15:30:34,746 DEBUG AlphaScanner.Scanner Chunk 95/100 complete: watchlist=151 entry=100
2026-07-12 15:30:34,746 DEBUG AlphaScanner.Data download_history_batch(size=5, period=2y, interval=1d, use_cache=False, head=['UBL.NS', 'UNITDSPR.NS', 'URBANCO.NS', 'USHAMART.NS', 'VTL.NS'])
2026-07-12 15:30:35,077 DEBUG AlphaScanner.Data download_history_batch split result count=5
2026-07-12 15:30:35,077 DEBUG AlphaScanner.Scanner Downloaded chunk 96/100 size=5 resolved=5
2026-07-12 15:30:35,128 DEBUG AlphaScanner.Scanner Chunk 96/100 complete: watchlist=152 entry=100
2026-07-12 15:30:35,128 DEBUG AlphaScanner.Data download_history_batch(size=5, period=2y, interval=1d, use_cache=False, head=['VBL.NS', 'VEDL.NS', 'VIJAYA.NS', 'VMM.NS', 'IDEA.NS'])
2026-07-12 15:30:35,356 DEBUG AlphaScanner.Data download_history_batch split result count=5
2026-07-12 15:30:35,356 DEBUG AlphaScanner.Scanner Downloaded chunk 97/100 size=5 resolved=5
2026-07-12 15:30:35,415 DEBUG AlphaScanner.Scanner Chunk 97/100 complete: watchlist=153 entry=100
2026-07-12 15:30:35,416 DEBUG AlphaScanner.Data download_history_batch(size=5, period=2y, interval=1d, use_cache=False, head=['VOLTAS.NS', 'WAAREEENER.NS', 'WELCORP.NS', 'WELSPUNLIV.NS', 'WHIRLPOOL.NS'])
2026-07-12 15:30:35,643 DEBUG AlphaScanner.Data download_history_batch split result count=5
2026-07-12 15:30:35,643 DEBUG AlphaScanner.Scanner Downloaded chunk 98/100 size=5 resolved=5
2026-07-12 15:30:35,702 DEBUG AlphaScanner.Scanner Chunk 98/100 complete: watchlist=153 entry=100
2026-07-12 15:30:35,704 DEBUG AlphaScanner.Data download_history_batch(size=5, period=2y, interval=1d, use_cache=False, head=['WIPRO.NS', 'WOCKPHARMA.NS', 'YESBANK.NS', 'ZFCVINDIA.NS', 'ZEEL.NS'])
2026-07-12 15:30:36,094 DEBUG AlphaScanner.Data download_history_batch split result count=5
2026-07-12 15:30:36,094 DEBUG AlphaScanner.Scanner Downloaded chunk 99/100 size=5 resolved=5
2026-07-12 15:30:36,155 DEBUG AlphaScanner.Scanner Chunk 99/100 complete: watchlist=153 entry=100
2026-07-12 15:30:36,156 DEBUG AlphaScanner.Data download_history_batch(size=5, period=2y, interval=1d, use_cache=False, head=['ZENTEC.NS', 'ZENSARTECH.NS', 'ZYDUSLIFE.NS', 'ZYDUSWELL.NS', 'ECLERX.NS'])
2026-07-12 15:30:36,402 DEBUG AlphaScanner.Data download_history_batch split result count=5
2026-07-12 15:30:36,402 DEBUG AlphaScanner.Scanner Downloaded chunk 100/100 size=5 resolved=5
2026-07-12 15:30:36,462 DEBUG AlphaScanner.Scanner Chunk 100/100 complete: watchlist=154 entry=100
2026-07-12 15:30:36,467 DEBUG AlphaScanner.Scanner Dual-mode scan finished: watchlist_rows=154 entry_rows=100
2026-07-12 15:30:36,492 INFO AlphaScanner.Scanner Watchlist candidates: 154 | Entry candidates: 100
2026-07-12 15:37:49,548 INFO AlphaScanner.Engine Background metadata worker starting...
2026-07-12 15:37:49,595 DEBUG AlphaScanner.UI.Scanner render_tab(scan_type=Breakout, universe=Nifty 500, scan_mode=Entry Scanner, timeframe=1d, use_cache=False, run_scan=False)
2026-07-12 15:37:49,644 INFO AlphaScanner.Engine Prefetching missing metadata for 2 tickers...
2026-07-12 15:37:51,448 INFO AlphaScanner.Engine Background cache refresh complete for 751 symbols.
2026-07-12 15:37:55,893 DEBUG AlphaScanner.UI.Scanner render_tab(scan_type=Breakout, universe=Nifty 500, scan_mode=Entry Scanner, timeframe=1d, use_cache=False, run_scan=True)
2026-07-12 15:37:56,531 DEBUG AlphaScanner.UI.Scanner Starting fresh scan with min_cap=0 max_cap=0 sector_map_size=500
2026-07-12 15:37:56,531 DEBUG AlphaScanner.Service perform_fresh_scan(scanner_type=Breakout, universe=Nifty 500, timeframe=1d, scan_mode=Entry Scanner, use_cache=False, vol_thresh=1.0, rsi_min=50, rsi_max=85, dist_thresh=1.5, min_mkt_cap_cr=0, max_mkt_cap_cr=0)
2026-07-12 15:37:56,532 DEBUG AlphaScanner.Service Routing to legacy breakout scanner with normalized timeframe=1d
2026-07-12 15:37:56,532 DEBUG AlphaScanner.Engine run_scanner(scanner_type=Breakout, universe=Nifty 500, timeframe=1d, use_cache=False, incremental_fetch=False, vol_thresh=1.0, rsi_range=50-85, dist_thresh=1.5, min_cap=0, max_cap=0)
2026-07-12 15:37:56,534 DEBUG AlphaScanner.Engine Resolved legacy universe 'Nifty 500' to 500 tickers
2026-07-12 15:37:56,719 DEBUG AlphaScanner.Engine Loaded benchmark close series with 495 rows
2026-07-12 15:37:56,720 DEBUG AlphaScanner.Data download_history_batch(size=10, period=2y, interval=1d, use_cache=False, head=['360ONE.NS', '3MINDIA.NS', 'ABB.NS', 'ACC.NS', 'ACMESOLAR.NS'])
2026-07-12 15:37:57,172 DEBUG AlphaScanner.Data download_history_batch split result count=10
2026-07-12 15:37:57,172 DEBUG AlphaScanner.Engine Batch download chunk 1/50 requested=10 resolved=10
2026-07-12 15:37:57,181 DEBUG AlphaScanner.Data download_history_batch(size=10, period=2y, interval=1d, use_cache=False, head=['AARTIIND.NS', 'AAVAS.NS', 'ABBOTINDIA.NS', 'ACE.NS', 'ACUTAAS.NS'])
2026-07-12 15:37:57,589 DEBUG AlphaScanner.Data download_history_batch split result count=10
2026-07-12 15:37:57,589 DEBUG AlphaScanner.Engine Batch download chunk 2/50 requested=10 resolved=10
2026-07-12 15:37:57,598 DEBUG AlphaScanner.Data download_history_batch(size=10, period=2y, interval=1d, use_cache=False, head=['ATGL.NS', 'ABCAPITAL.NS', 'ABFRL.NS', 'ABLBL.NS', 'ABREL.NS'])
2026-07-12 15:37:57,954 DEBUG AlphaScanner.Data download_history_batch split result count=10
2026-07-12 15:37:57,954 DEBUG AlphaScanner.Engine Batch download chunk 3/50 requested=10 resolved=10
2026-07-12 15:37:57,962 DEBUG AlphaScanner.Data download_history_batch(size=10, period=2y, interval=1d, use_cache=False, head=['AFFLE.NS', 'AJANTPHARM.NS', 'ALKEM.NS', 'ABDL.NS', 'ARE&M.NS'])
2026-07-12 15:37:58,353 DEBUG AlphaScanner.Data download_history_batch split result count=10
2026-07-12 15:37:58,354 DEBUG AlphaScanner.Engine Batch download chunk 4/50 requested=10 resolved=10
2026-07-12 15:37:58,362 DEBUG AlphaScanner.Data download_history_batch(size=10, period=2y, interval=1d, use_cache=False, head=['ANTHEM.NS', 'ANURAS.NS', 'APARINDS.NS', 'APOLLOHOSP.NS', 'APOLLOTYRE.NS'])
2026-07-12 15:37:59,330 DEBUG AlphaScanner.Data download_history_batch split result count=10
2026-07-12 15:37:59,330 DEBUG AlphaScanner.Engine Batch download chunk 5/50 requested=10 resolved=10
2026-07-12 15:37:59,339 DEBUG AlphaScanner.Data download_history_batch(size=10, period=2y, interval=1d, use_cache=False, head=['ASTRAL.NS', 'ATHERENERG.NS', 'ATUL.NS', 'AUROPHARMA.NS', 'AIIL.NS'])
2026-07-12 15:37:59,726 DEBUG AlphaScanner.Data download_history_batch split result count=10
2026-07-12 15:37:59,726 DEBUG AlphaScanner.Engine Batch download chunk 6/50 requested=10 resolved=10
2026-07-12 15:37:59,735 DEBUG AlphaScanner.Data download_history_batch(size=10, period=2y, interval=1d, use_cache=False, head=['BAJAJ-AUTO.NS', 'BAJFINANCE.NS', 'BAJAJFINSV.NS', 'BAJAJHLDNG.NS', 'BAJAJHFL.NS'])
2026-07-12 15:38:00,266 DEBUG AlphaScanner.Data download_history_batch split result count=10
2026-07-12 15:38:00,267 DEBUG AlphaScanner.Engine Batch download chunk 7/50 requested=10 resolved=10
2026-07-12 15:38:00,277 DEBUG AlphaScanner.Data download_history_batch(size=10, period=2y, interval=1d, use_cache=False, head=['MAHABANK.NS', 'BATAINDIA.NS', 'BAYERCROP.NS', 'BELRISE.NS', 'BERGEPAINT.NS'])
2026-07-12 15:38:00,938 DEBUG AlphaScanner.Data download_history_batch split result count=10
2026-07-12 15:38:00,938 DEBUG AlphaScanner.Engine Batch download chunk 8/50 requested=10 resolved=10
2026-07-12 15:38:00,947 DEBUG AlphaScanner.Data download_history_batch(size=10, period=2y, interval=1d, use_cache=False, head=['BHARTIARTL.NS', 'BHARTIHEXA.NS', 'BIKAJI.NS', 'GROWW.NS', 'BIOCON.NS'])
2026-07-12 15:38:01,362 DEBUG AlphaScanner.Data download_history_batch split result count=10
2026-07-12 15:38:01,362 DEBUG AlphaScanner.Engine Batch download chunk 9/50 requested=10 resolved=10
2026-07-12 15:38:01,370 DEBUG AlphaScanner.Data download_history_batch(size=10, period=2y, interval=1d, use_cache=False, head=['BOSCHLTD.NS', 'FIRSTCRY.NS', 'BRIGADE.NS', 'BRITANNIA.NS', 'MAPMYINDIA.NS'])
2026-07-12 15:38:01,776 DEBUG AlphaScanner.Data download_history_batch split result count=10
2026-07-12 15:38:01,776 DEBUG AlphaScanner.Engine Batch download chunk 10/50 requested=10 resolved=10
2026-07-12 15:38:01,784 DEBUG AlphaScanner.Data download_history_batch(size=10, period=2y, interval=1d, use_cache=False, head=['CANFINHOME.NS', 'CANBK.NS', 'CANHLIFE.NS', 'CAPLIPOINT.NS', 'CGCL.NS'])
2026-07-12 15:38:02,171 DEBUG AlphaScanner.Data download_history_batch split result count=10
2026-07-12 15:38:02,171 DEBUG AlphaScanner.Engine Batch download chunk 11/50 requested=10 resolved=10
2026-07-12 15:38:02,180 DEBUG AlphaScanner.Data download_history_batch(size=10, period=2y, interval=1d, use_cache=False, head=['CENTRALBK.NS', 'CDSL.NS', 'CHALET.NS', 'CHAMBLFERT.NS', 'CHENNPETRO.NS'])
2026-07-12 15:38:02,561 DEBUG AlphaScanner.Data download_history_batch split result count=10
2026-07-12 15:38:02,562 DEBUG AlphaScanner.Engine Batch download chunk 12/50 requested=10 resolved=10
2026-07-12 15:38:02,570 DEBUG AlphaScanner.Data download_history_batch(size=10, period=2y, interval=1d, use_cache=False, head=['CLEAN.NS', 'COALINDIA.NS', 'COCHINSHIP.NS', 'COFORGE.NS', 'COHANCE.NS'])
2026-07-12 15:38:02,984 DEBUG AlphaScanner.Data download_history_batch split result count=10
2026-07-12 15:38:02,984 DEBUG AlphaScanner.Engine Batch download chunk 13/50 requested=10 resolved=10
2026-07-12 15:38:02,994 DEBUG AlphaScanner.Data download_history_batch(size=10, period=2y, interval=1d, use_cache=False, head=['CRAFTSMAN.NS', 'CREDITACC.NS', 'CROMPTON.NS', 'CUMMINSIND.NS', 'CYIENT.NS'])
2026-07-12 15:38:03,491 DEBUG AlphaScanner.Data download_history_batch split result count=10
2026-07-12 15:38:03,491 DEBUG AlphaScanner.Engine Batch download chunk 14/50 requested=10 resolved=10
2026-07-12 15:38:03,499 DEBUG AlphaScanner.Data download_history_batch(size=10, period=2y, interval=1d, use_cache=False, head=['DATAPATTNS.NS', 'DEEPAKFERT.NS', 'DEEPAKNTR.NS', 'DELHIVERY.NS', 'DEVYANI.NS'])
2026-07-12 15:38:03,893 DEBUG AlphaScanner.Data download_history_batch split result count=10
2026-07-12 15:38:03,893 DEBUG AlphaScanner.Engine Batch download chunk 15/50 requested=10 resolved=10
2026-07-12 15:38:03,900 DEBUG AlphaScanner.Data download_history_batch(size=10, period=2y, interval=1d, use_cache=False, head=['EIHOTEL.NS', 'EICHERMOT.NS', 'ELECON.NS', 'ELGIEQUIP.NS', 'EMAMILTD.NS'])
2026-07-12 15:38:04,330 DEBUG AlphaScanner.Data download_history_batch split result count=10
2026-07-12 15:38:04,330 DEBUG AlphaScanner.Engine Batch download chunk 16/50 requested=10 resolved=10
2026-07-12 15:38:04,339 DEBUG AlphaScanner.Data download_history_batch(size=10, period=2y, interval=1d, use_cache=False, head=['ESCORTS.NS', 'ETERNAL.NS', 'EXIDEIND.NS', 'NYKAA.NS', 'FEDERALBNK.NS'])
2026-07-12 15:38:04,742 DEBUG AlphaScanner.Data download_history_batch split result count=10
2026-07-12 15:38:04,742 DEBUG AlphaScanner.Engine Batch download chunk 17/50 requested=10 resolved=10
2026-07-12 15:38:04,751 DEBUG AlphaScanner.Data download_history_batch(size=10, period=2y, interval=1d, use_cache=False, head=['FORTIS.NS', 'GAIL.NS', 'GVT&D.NS', 'GMRAIRPORT.NS', 'GABRIEL.NS'])
2026-07-12 15:38:05,122 DEBUG AlphaScanner.Data download_history_batch split result count=10
2026-07-12 15:38:05,122 DEBUG AlphaScanner.Engine Batch download chunk 18/50 requested=10 resolved=10
2026-07-12 15:38:05,131 DEBUG AlphaScanner.Data download_history_batch(size=10, period=2y, interval=1d, use_cache=False, head=['GLAXO.NS', 'GLENMARK.NS', 'MEDANTA.NS', 'GODIGIT.NS', 'GPIL.NS'])
2026-07-12 15:38:05,582 DEBUG AlphaScanner.Data download_history_batch split result count=10
2026-07-12 15:38:05,582 DEBUG AlphaScanner.Engine Batch download chunk 19/50 requested=10 resolved=10
2026-07-12 15:38:05,591 DEBUG AlphaScanner.Data download_history_batch(size=10, period=2y, interval=1d, use_cache=False, head=['GRAPHITE.NS', 'GRASIM.NS', 'GRAVITA.NS', 'GESHIP.NS', 'FLUOROCHEM.NS'])
2026-07-12 15:38:06,128 DEBUG AlphaScanner.Data download_history_batch split result count=10
2026-07-12 15:38:06,128 DEBUG AlphaScanner.Engine Batch download chunk 20/50 requested=10 resolved=10
2026-07-12 15:38:06,137 DEBUG AlphaScanner.Data download_history_batch(size=10, period=2y, interval=1d, use_cache=False, head=['HDFCAMC.NS', 'HDFCBANK.NS', 'HDFCLIFE.NS', 'HFCL.NS', 'HAVELLS.NS'])
2026-07-12 15:38:06,578 DEBUG AlphaScanner.Data download_history_batch split result count=10
2026-07-12 15:38:06,578 DEBUG AlphaScanner.Engine Batch download chunk 21/50 requested=10 resolved=10
2026-07-12 15:38:06,585 DEBUG AlphaScanner.Data download_history_batch(size=10, period=2y, interval=1d, use_cache=False, head=['HINDCOPPER.NS', 'HINDPETRO.NS', 'HINDUNILVR.NS', 'HINDZINC.NS', 'POWERINDIA.NS'])
2026-07-12 15:38:06,981 DEBUG AlphaScanner.Data download_history_batch split result count=10
2026-07-12 15:38:06,982 DEBUG AlphaScanner.Engine Batch download chunk 22/50 requested=10 resolved=10
2026-07-12 15:38:06,990 DEBUG AlphaScanner.Data download_history_batch(size=10, period=2y, interval=1d, use_cache=False, head=['ICICIBANK.NS', 'ICICIGI.NS', 'ICICIAMC.NS', 'ICICIPRULI.NS', 'IDBI.NS'])
2026-07-12 15:38:07,586 DEBUG AlphaScanner.Data download_history_batch split result count=10
2026-07-12 15:38:07,587 DEBUG AlphaScanner.Engine Batch download chunk 23/50 requested=10 resolved=10
2026-07-12 15:38:07,595 DEBUG AlphaScanner.Data download_history_batch(size=10, period=2y, interval=1d, use_cache=False, head=['ITCHOTELS.NS', 'ITC.NS', 'ITI.NS', 'INDGN.NS', 'INDIACEM.NS'])
2026-07-12 15:38:08,055 DEBUG AlphaScanner.Data download_history_batch split result count=10
2026-07-12 15:38:08,055 DEBUG AlphaScanner.Engine Batch download chunk 24/50 requested=10 resolved=10
2026-07-12 15:38:08,063 DEBUG AlphaScanner.Data download_history_batch(size=10, period=2y, interval=1d, use_cache=False, head=['IOB.NS', 'IRCTC.NS', 'IRFC.NS', 'IREDA.NS', 'IGL.NS'])
2026-07-12 15:38:08,538 DEBUG AlphaScanner.Data download_history_batch split result count=10
2026-07-12 15:38:08,538 DEBUG AlphaScanner.Engine Batch download chunk 25/50 requested=10 resolved=10
2026-07-12 15:38:08,548 DEBUG AlphaScanner.Data download_history_batch(size=10, period=2y, interval=1d, use_cache=False, head=['INTELLECT.NS', 'INDIGO.NS', 'IGIL.NS', 'IKS.NS', 'IPCALAB.NS'])
2026-07-12 15:38:08,984 DEBUG AlphaScanner.Data download_history_batch split result count=10
2026-07-12 15:38:08,984 DEBUG AlphaScanner.Engine Batch download chunk 26/50 requested=10 resolved=10
2026-07-12 15:38:08,993 DEBUG AlphaScanner.Data download_history_batch(size=10, period=2y, interval=1d, use_cache=False, head=['JSWCEMENT.NS', 'JSWDULUX.NS', 'JSWENERGY.NS', 'JSWINFRA.NS', 'JSWSTEEL.NS'])
2026-07-12 15:38:09,393 DEBUG AlphaScanner.Data download_history_batch split result count=10
2026-07-12 15:38:09,394 DEBUG AlphaScanner.Engine Batch download chunk 27/50 requested=10 resolved=10
2026-07-12 15:38:09,402 DEBUG AlphaScanner.Data download_history_batch(size=10, period=2y, interval=1d, use_cache=False, head=['JINDALSTEL.NS', 'JIOFIN.NS', 'JUBLFOOD.NS', 'JUBLINGREA.NS', 'JUBLPHARMA.NS'])
2026-07-12 15:38:09,967 DEBUG AlphaScanner.Data download_history_batch split result count=10
2026-07-12 15:38:09,967 DEBUG AlphaScanner.Engine Batch download chunk 28/50 requested=10 resolved=10
2026-07-12 15:38:09,977 DEBUG AlphaScanner.Data download_history_batch(size=10, period=2y, interval=1d, use_cache=False, head=['KAJARIACER.NS', 'KPIL.NS', 'KALYANKJIL.NS', 'KARURVYSYA.NS', 'KAYNES.NS'])
2026-07-12 15:38:10,431 DEBUG AlphaScanner.Data download_history_batch split result count=10
2026-07-12 15:38:10,431 DEBUG AlphaScanner.Engine Batch download chunk 29/50 requested=10 resolved=10
2026-07-12 15:38:10,441 DEBUG AlphaScanner.Data download_history_batch(size=10, period=2y, interval=1d, use_cache=False, head=['LTF.NS', 'LTTS.NS', 'LGEINDIA.NS', 'LICHSGFIN.NS', 'LTFOODS.NS'])
2026-07-12 15:38:10,920 DEBUG AlphaScanner.Data download_history_batch split result count=10
2026-07-12 15:38:10,920 DEBUG AlphaScanner.Engine Batch download chunk 30/50 requested=10 resolved=10
2026-07-12 15:38:10,928 DEBUG AlphaScanner.Data download_history_batch(size=10, period=2y, interval=1d, use_cache=False, head=['LEMONTREE.NS', 'LENSKART.NS', 'LICI.NS', 'LINDEINDIA.NS', 'LLOYDSME.NS'])
2026-07-12 15:38:11,355 DEBUG AlphaScanner.Data download_history_batch split result count=10
2026-07-12 15:38:11,355 DEBUG AlphaScanner.Engine Batch download chunk 31/50 requested=10 resolved=10
2026-07-12 15:38:11,363 DEBUG AlphaScanner.Data download_history_batch(size=10, period=2y, interval=1d, use_cache=False, head=['M&MFIN.NS', 'M&M.NS', 'MANAPPURAM.NS', 'MRPL.NS', 'MANKIND.NS'])
2026-07-12 15:38:11,913 DEBUG AlphaScanner.Data download_history_batch split result count=10
2026-07-12 15:38:11,913 DEBUG AlphaScanner.Engine Batch download chunk 32/50 requested=10 resolved=10
2026-07-12 15:38:11,922 DEBUG AlphaScanner.Data download_history_batch(size=10, period=2y, interval=1d, use_cache=False, head=['MEESHO.NS', 'MINDACORP.NS', 'MSUMI.NS', 'MOTILALOFS.NS', 'MPHASIS.NS'])
2026-07-12 15:38:12,340 DEBUG AlphaScanner.Data download_history_batch split result count=10
2026-07-12 15:38:12,340 DEBUG AlphaScanner.Engine Batch download chunk 33/50 requested=10 resolved=10
2026-07-12 15:38:12,348 DEBUG AlphaScanner.Data download_history_batch(size=10, period=2y, interval=1d, use_cache=False, head=['NHPC.NS', 'NLCINDIA.NS', 'NMDC.NS', 'NSLNISP.NS', 'NTPCGREEN.NS'])
2026-07-12 15:38:12,749 DEBUG AlphaScanner.Data download_history_batch split result count=10
2026-07-12 15:38:12,749 DEBUG AlphaScanner.Engine Batch download chunk 34/50 requested=10 resolved=10
2026-07-12 15:38:12,758 DEBUG AlphaScanner.Data download_history_batch(size=10, period=2y, interval=1d, use_cache=False, head=['NESTLEIND.NS', 'NETWEB.NS', 'NEULANDLAB.NS', 'NEWGEN.NS', 'NAM-INDIA.NS'])
2026-07-12 15:38:13,260 DEBUG AlphaScanner.Data download_history_batch split result count=10
2026-07-12 15:38:13,260 DEBUG AlphaScanner.Engine Batch download chunk 35/50 requested=10 resolved=10
2026-07-12 15:38:13,269 DEBUG AlphaScanner.Data download_history_batch(size=10, period=2y, interval=1d, use_cache=False, head=['OIL.NS', 'OLAELEC.NS', 'OLECTRA.NS', 'PAYTM.NS', 'ONESOURCE.NS'])
2026-07-12 15:38:13,647 DEBUG AlphaScanner.Data download_history_batch split result count=10
2026-07-12 15:38:13,647 DEBUG AlphaScanner.Engine Batch download chunk 36/50 requested=10 resolved=10
2026-07-12 15:38:13,656 DEBUG AlphaScanner.Data download_history_batch(size=10, period=2y, interval=1d, use_cache=False, head=['PNBHOUSING.NS', 'PTCIL.NS', 'PVRINOX.NS', 'PAGEIND.NS', 'PARADEEP.NS'])
2026-07-12 15:38:14,130 DEBUG AlphaScanner.Data download_history_batch split result count=10
2026-07-12 15:38:14,130 DEBUG AlphaScanner.Engine Batch download chunk 37/50 requested=10 resolved=10
2026-07-12 15:38:14,140 DEBUG AlphaScanner.Data download_history_batch(size=10, period=2y, interval=1d, use_cache=False, head=['PWL.NS', 'PIDILITIND.NS', 'PINELABS.NS', 'PIRAMALFIN.NS', 'PPLPHARMA.NS'])
2026-07-12 15:38:14,661 DEBUG AlphaScanner.Data download_history_batch split result count=10
2026-07-12 15:38:14,661 DEBUG AlphaScanner.Engine Batch download chunk 38/50 requested=10 resolved=10
2026-07-12 15:38:14,669 DEBUG AlphaScanner.Data download_history_batch(size=10, period=2y, interval=1d, use_cache=False, head=['PREMIERENE.NS', 'PRESTIGE.NS', 'PNB.NS', 'RRKABEL.NS', 'RBLBANK.NS'])
2026-07-12 15:38:15,194 DEBUG AlphaScanner.Data download_history_batch split result count=10
2026-07-12 15:38:15,194 DEBUG AlphaScanner.Engine Batch download chunk 39/50 requested=10 resolved=10
2026-07-12 15:38:15,202 DEBUG AlphaScanner.Data download_history_batch(size=10, period=2y, interval=1d, use_cache=False, head=['RAILTEL.NS', 'RAINBOW.NS', 'RKFORGE.NS', 'REDINGTON.NS', 'RELIANCE.NS'])
2026-07-12 15:38:15,604 DEBUG AlphaScanner.Data download_history_batch split result count=10
2026-07-12 15:38:15,604 DEBUG AlphaScanner.Engine Batch download chunk 40/50 requested=10 resolved=10
2026-07-12 15:38:15,612 DEBUG AlphaScanner.Data download_history_batch(size=10, period=2y, interval=1d, use_cache=False, head=['SRF.NS', 'SAGILITY.NS', 'SAILIFE.NS', 'SAMMAANCAP.NS', 'MOTHERSON.NS'])
2026-07-12 15:38:16,141 DEBUG AlphaScanner.Data download_history_batch split result count=10
2026-07-12 15:38:16,142 DEBUG AlphaScanner.Engine Batch download chunk 41/50 requested=10 resolved=10
2026-07-12 15:38:16,150 DEBUG AlphaScanner.Data download_history_batch(size=10, period=2y, interval=1d, use_cache=False, head=['SCI.NS', 'SHREECEM.NS', 'SHRIRAMFIN.NS', 'SHYAMMETL.NS', 'ENRIN.NS'])
2026-07-12 15:38:16,578 DEBUG AlphaScanner.Data download_history_batch split result count=10
2026-07-12 15:38:16,578 DEBUG AlphaScanner.Engine Batch download chunk 42/50 requested=10 resolved=10
2026-07-12 15:38:16,587 DEBUG AlphaScanner.Data download_history_batch(size=10, period=2y, interval=1d, use_cache=False, head=['SONATSOFTW.NS', 'STARHEALTH.NS', 'SBIN.NS', 'SAIL.NS', 'SUMICHEM.NS'])
2026-07-12 15:38:17,201 DEBUG AlphaScanner.Data download_history_batch split result count=10
2026-07-12 15:38:17,201 DEBUG AlphaScanner.Engine Batch download chunk 43/50 requested=10 resolved=10
2026-07-12 15:38:17,210 DEBUG AlphaScanner.Data download_history_batch(size=10, period=2y, interval=1d, use_cache=False, head=['SUZLON.NS', 'SWANCORP.NS', 'SWIGGY.NS', 'SYNGENE.NS', 'SYRMA.NS'])
2026-07-12 15:38:17,744 DEBUG AlphaScanner.Data download_history_batch split result count=10
2026-07-12 15:38:17,744 DEBUG AlphaScanner.Engine Batch download chunk 44/50 requested=10 resolved=10
2026-07-12 15:38:17,753 DEBUG AlphaScanner.Data download_history_batch(size=10, period=2y, interval=1d, use_cache=False, head=['TCS.NS', 'TATACONSUM.NS', 'TATAELXSI.NS', 'TATAINVEST.NS', 'TMCV.NS'])
2026-07-12 15:38:18,173 DEBUG AlphaScanner.Data download_history_batch split result count=10
2026-07-12 15:38:18,174 DEBUG AlphaScanner.Engine Batch download chunk 45/50 requested=10 resolved=10
2026-07-12 15:38:18,183 DEBUG AlphaScanner.Data download_history_batch(size=10, period=2y, interval=1d, use_cache=False, head=['TECHM.NS', 'TECHNOE.NS', 'TEGA.NS', 'TEJASNET.NS', 'TENNIND.NS'])
2026-07-12 15:38:18,629 DEBUG AlphaScanner.Data download_history_batch split result count=10
2026-07-12 15:38:18,629 DEBUG AlphaScanner.Engine Batch download chunk 46/50 requested=10 resolved=10
2026-07-12 15:38:18,639 DEBUG AlphaScanner.Data download_history_batch(size=10, period=2y, interval=1d, use_cache=False, head=['TITAN.NS', 'TORNTPHARM.NS', 'TORNTPOWER.NS', 'TARIL.NS', 'TRAVELFOOD.NS'])
2026-07-12 15:38:19,130 DEBUG AlphaScanner.Data download_history_batch split result count=10
2026-07-12 15:38:19,130 DEBUG AlphaScanner.Engine Batch download chunk 47/50 requested=10 resolved=10
2026-07-12 15:38:19,139 DEBUG AlphaScanner.Data download_history_batch(size=10, period=2y, interval=1d, use_cache=False, head=['UNOMINDA.NS', 'UPL.NS', 'UTIAMC.NS', 'ULTRACEMCO.NS', 'UNIONBANK.NS'])
2026-07-12 15:38:19,575 DEBUG AlphaScanner.Data download_history_batch split result count=10
2026-07-12 15:38:19,576 DEBUG AlphaScanner.Engine Batch download chunk 48/50 requested=10 resolved=10
2026-07-12 15:38:19,584 DEBUG AlphaScanner.Data download_history_batch(size=10, period=2y, interval=1d, use_cache=False, head=['VBL.NS', 'VEDL.NS', 'VIJAYA.NS', 'VMM.NS', 'IDEA.NS'])
2026-07-12 15:38:20,110 DEBUG AlphaScanner.Data download_history_batch split result count=10
2026-07-12 15:38:20,111 DEBUG AlphaScanner.Engine Batch download chunk 49/50 requested=10 resolved=10
2026-07-12 15:38:20,121 DEBUG AlphaScanner.Data download_history_batch(size=10, period=2y, interval=1d, use_cache=False, head=['WIPRO.NS', 'WOCKPHARMA.NS', 'YESBANK.NS', 'ZFCVINDIA.NS', 'ZEEL.NS'])
2026-07-12 15:38:20,538 DEBUG AlphaScanner.Data download_history_batch split result count=10
2026-07-12 15:38:20,538 DEBUG AlphaScanner.Engine Batch download chunk 50/50 requested=10 resolved=10
2026-07-12 15:38:20,681 DEBUG AlphaScanner.Engine Concatenated legacy data shape=(499, 3000)
2026-07-12 15:38:20,724 DEBUG AlphaScanner.Engine Post-align data shape=(495, 3000) benchmark_rows=495
2026-07-12 15:38:37,929 DEBUG AlphaScanner.Engine Legacy scan completed: hits=10 scanned=485 fail_counts={'trend_fail': 287, 'momentum_fail': 52, 'volume_fail': 89, 'breakout_fail': 106, 'rs_fail': 0, 'adx_fail': 5, 'liquidity_fail': 17, 'error_fail': 15}
2026-07-12 15:38:37,952 DEBUG AlphaScanner.Service perform_fresh_scan completed: rows=10 stats_keys=['adx_fail', 'bank_nifty_change', 'bb_fail', 'breakout_fail', 'dii_net', 'error_fail', 'fakeout_trap', 'fii_net', 'liquidity_fail', 'macd_fail', 'market_bias', 'market_bias_score', 'market_breadth_50', 'market_health', 'momentum_fail', 'nifty_change', 'rs_fail', 'scanned', 'scanner_type', 'sector_sentiment', 'timeframe', 'trend_fail', 'trending_sectors', 'universe', 'universe_size', 'volume_fail']
2026-07-12 15:41:00,485 INFO AlphaScanner.Engine Background metadata worker starting...
2026-07-12 15:41:00,520 DEBUG AlphaScanner.UI.Scanner render_tab(scan_type=Breakout, universe=Nifty 500, scan_mode=Entry Scanner, timeframe=1d, use_cache=False, run_scan=False)
2026-07-12 15:41:00,552 INFO AlphaScanner.Engine Prefetching missing metadata for 2 tickers...
2026-07-12 15:41:02,156 INFO AlphaScanner.Engine Background cache refresh complete for 751 symbols.
2026-07-12 15:41:07,352 DEBUG AlphaScanner.UI.Scanner render_tab(scan_type=Breakout, universe=Nifty 500, scan_mode=Entry Scanner, timeframe=1d, use_cache=False, run_scan=True)
2026-07-12 15:41:07,721 DEBUG AlphaScanner.UI.Scanner Starting fresh scan with min_cap=0 max_cap=0 sector_map_size=500
2026-07-12 15:41:07,722 DEBUG AlphaScanner.Service perform_fresh_scan(scanner_type=Breakout, universe=Nifty 500, timeframe=1d, scan_mode=Entry Scanner, use_cache=False, vol_thresh=1.0, rsi_min=50, rsi_max=85, dist_thresh=1.5, min_mkt_cap_cr=0, max_mkt_cap_cr=0)
2026-07-12 15:41:07,723 DEBUG AlphaScanner.Service Routing to legacy breakout scanner with normalized timeframe=1d
2026-07-12 15:41:07,723 DEBUG AlphaScanner.Engine run_scanner(scanner_type=Breakout, universe=Nifty 500, timeframe=1d, use_cache=False, incremental_fetch=False, vol_thresh=1.0, rsi_range=50-85, dist_thresh=1.5, min_cap=0, max_cap=0)
2026-07-12 15:41:07,726 DEBUG AlphaScanner.Engine Resolved legacy universe 'Nifty 500' to 500 tickers
2026-07-12 15:41:07,854 DEBUG AlphaScanner.Engine Loaded benchmark close series with 495 rows
2026-07-12 15:41:07,856 DEBUG AlphaScanner.Data download_history_batch(size=10, period=2y, interval=1d, use_cache=False, head=['360ONE.NS', '3MINDIA.NS', 'ABB.NS', 'ACC.NS', 'ACMESOLAR.NS'])
2026-07-12 15:41:08,240 DEBUG AlphaScanner.Data download_history_batch split result count=10
2026-07-12 15:41:08,240 DEBUG AlphaScanner.Engine Batch download chunk 1/50 requested=10 resolved=10
2026-07-12 15:41:08,251 DEBUG AlphaScanner.Data download_history_batch(size=10, period=2y, interval=1d, use_cache=False, head=['AARTIIND.NS', 'AAVAS.NS', 'ABBOTINDIA.NS', 'ACE.NS', 'ACUTAAS.NS'])
2026-07-12 15:41:08,627 DEBUG AlphaScanner.Data download_history_batch split result count=10
2026-07-12 15:41:08,627 DEBUG AlphaScanner.Engine Batch download chunk 2/50 requested=10 resolved=10
2026-07-12 15:41:08,636 DEBUG AlphaScanner.Data download_history_batch(size=10, period=2y, interval=1d, use_cache=False, head=['ATGL.NS', 'ABCAPITAL.NS', 'ABFRL.NS', 'ABLBL.NS', 'ABREL.NS'])
2026-07-12 15:41:09,251 DEBUG AlphaScanner.Data download_history_batch split result count=10
2026-07-12 15:41:09,251 DEBUG AlphaScanner.Engine Batch download chunk 3/50 requested=10 resolved=10
2026-07-12 15:41:09,259 DEBUG AlphaScanner.Data download_history_batch(size=10, period=2y, interval=1d, use_cache=False, head=['AFFLE.NS', 'AJANTPHARM.NS', 'ALKEM.NS', 'ABDL.NS', 'ARE&M.NS'])
2026-07-12 15:41:09,684 DEBUG AlphaScanner.Data download_history_batch split result count=10
2026-07-12 15:41:09,684 DEBUG AlphaScanner.Engine Batch download chunk 4/50 requested=10 resolved=10
2026-07-12 15:41:09,693 DEBUG AlphaScanner.Data download_history_batch(size=10, period=2y, interval=1d, use_cache=False, head=['ANTHEM.NS', 'ANURAS.NS', 'APARINDS.NS', 'APOLLOHOSP.NS', 'APOLLOTYRE.NS'])
2026-07-12 15:41:10,071 DEBUG AlphaScanner.Data download_history_batch split result count=10
2026-07-12 15:41:10,071 DEBUG AlphaScanner.Engine Batch download chunk 5/50 requested=10 resolved=10
2026-07-12 15:41:10,081 DEBUG AlphaScanner.Data download_history_batch(size=10, period=2y, interval=1d, use_cache=False, head=['ASTRAL.NS', 'ATHERENERG.NS', 'ATUL.NS', 'AUROPHARMA.NS', 'AIIL.NS'])
2026-07-12 15:41:10,403 DEBUG AlphaScanner.Data download_history_batch split result count=10
2026-07-12 15:41:10,403 DEBUG AlphaScanner.Engine Batch download chunk 6/50 requested=10 resolved=10
2026-07-12 15:41:10,413 DEBUG AlphaScanner.Data download_history_batch(size=10, period=2y, interval=1d, use_cache=False, head=['BAJAJ-AUTO.NS', 'BAJFINANCE.NS', 'BAJAJFINSV.NS', 'BAJAJHLDNG.NS', 'BAJAJHFL.NS'])
2026-07-12 15:41:10,967 DEBUG AlphaScanner.Data download_history_batch split result count=10
2026-07-12 15:41:10,967 DEBUG AlphaScanner.Engine Batch download chunk 7/50 requested=10 resolved=10
2026-07-12 15:41:10,977 DEBUG AlphaScanner.Data download_history_batch(size=10, period=2y, interval=1d, use_cache=False, head=['MAHABANK.NS', 'BATAINDIA.NS', 'BAYERCROP.NS', 'BELRISE.NS', 'BERGEPAINT.NS'])
2026-07-12 15:41:11,330 DEBUG AlphaScanner.Data download_history_batch split result count=10
2026-07-12 15:41:11,330 DEBUG AlphaScanner.Engine Batch download chunk 8/50 requested=10 resolved=10
2026-07-12 15:41:11,338 DEBUG AlphaScanner.Data download_history_batch(size=10, period=2y, interval=1d, use_cache=False, head=['BHARTIARTL.NS', 'BHARTIHEXA.NS', 'BIKAJI.NS', 'GROWW.NS', 'BIOCON.NS'])
2026-07-12 15:41:11,827 DEBUG AlphaScanner.Data download_history_batch split result count=10
2026-07-12 15:41:11,827 DEBUG AlphaScanner.Engine Batch download chunk 9/50 requested=10 resolved=10
2026-07-12 15:41:11,836 DEBUG AlphaScanner.Data download_history_batch(size=10, period=2y, interval=1d, use_cache=False, head=['BOSCHLTD.NS', 'FIRSTCRY.NS', 'BRIGADE.NS', 'BRITANNIA.NS', 'MAPMYINDIA.NS'])
2026-07-12 15:41:12,358 DEBUG AlphaScanner.Data download_history_batch split result count=10
2026-07-12 15:41:12,358 DEBUG AlphaScanner.Engine Batch download chunk 10/50 requested=10 resolved=10
2026-07-12 15:41:12,367 DEBUG AlphaScanner.Data download_history_batch(size=10, period=2y, interval=1d, use_cache=False, head=['CANFINHOME.NS', 'CANBK.NS', 'CANHLIFE.NS', 'CAPLIPOINT.NS', 'CGCL.NS'])
2026-07-12 15:41:12,784 DEBUG AlphaScanner.Data download_history_batch split result count=10
2026-07-12 15:41:12,784 DEBUG AlphaScanner.Engine Batch download chunk 11/50 requested=10 resolved=10
2026-07-12 15:41:12,793 DEBUG AlphaScanner.Data download_history_batch(size=10, period=2y, interval=1d, use_cache=False, head=['CENTRALBK.NS', 'CDSL.NS', 'CHALET.NS', 'CHAMBLFERT.NS', 'CHENNPETRO.NS'])
2026-07-12 15:41:13,221 DEBUG AlphaScanner.Data download_history_batch split result count=10
2026-07-12 15:41:13,221 DEBUG AlphaScanner.Engine Batch download chunk 12/50 requested=10 resolved=10
2026-07-12 15:41:13,231 DEBUG AlphaScanner.Data download_history_batch(size=10, period=2y, interval=1d, use_cache=False, head=['CLEAN.NS', 'COALINDIA.NS', 'COCHINSHIP.NS', 'COFORGE.NS', 'COHANCE.NS'])
2026-07-12 15:41:13,657 DEBUG AlphaScanner.Data download_history_batch split result count=10
2026-07-12 15:41:13,657 DEBUG AlphaScanner.Engine Batch download chunk 13/50 requested=10 resolved=10
2026-07-12 15:41:13,666 DEBUG AlphaScanner.Data download_history_batch(size=10, period=2y, interval=1d, use_cache=False, head=['CRAFTSMAN.NS', 'CREDITACC.NS', 'CROMPTON.NS', 'CUMMINSIND.NS', 'CYIENT.NS'])
2026-07-12 15:41:14,104 DEBUG AlphaScanner.Data download_history_batch split result count=10
2026-07-12 15:41:14,105 DEBUG AlphaScanner.Engine Batch download chunk 14/50 requested=10 resolved=10
2026-07-12 15:41:14,114 DEBUG AlphaScanner.Data download_history_batch(size=10, period=2y, interval=1d, use_cache=False, head=['DATAPATTNS.NS', 'DEEPAKFERT.NS', 'DEEPAKNTR.NS', 'DELHIVERY.NS', 'DEVYANI.NS'])
2026-07-12 15:41:14,504 DEBUG AlphaScanner.Data download_history_batch split result count=10
2026-07-12 15:41:14,505 DEBUG AlphaScanner.Engine Batch download chunk 15/50 requested=10 resolved=10
2026-07-12 15:41:14,514 DEBUG AlphaScanner.Data download_history_batch(size=10, period=2y, interval=1d, use_cache=False, head=['EIHOTEL.NS', 'EICHERMOT.NS', 'ELECON.NS', 'ELGIEQUIP.NS', 'EMAMILTD.NS'])
2026-07-12 15:41:15,021 DEBUG AlphaScanner.Data download_history_batch split result count=10
2026-07-12 15:41:15,021 DEBUG AlphaScanner.Engine Batch download chunk 16/50 requested=10 resolved=10
2026-07-12 15:41:15,031 DEBUG AlphaScanner.Data download_history_batch(size=10, period=2y, interval=1d, use_cache=False, head=['ESCORTS.NS', 'ETERNAL.NS', 'EXIDEIND.NS', 'NYKAA.NS', 'FEDERALBNK.NS'])
2026-07-12 15:41:15,484 DEBUG AlphaScanner.Data download_history_batch split result count=10
2026-07-12 15:41:15,484 DEBUG AlphaScanner.Engine Batch download chunk 17/50 requested=10 resolved=10
2026-07-12 15:41:15,493 DEBUG AlphaScanner.Data download_history_batch(size=10, period=2y, interval=1d, use_cache=False, head=['FORTIS.NS', 'GAIL.NS', 'GVT&D.NS', 'GMRAIRPORT.NS', 'GABRIEL.NS'])
2026-07-12 15:41:15,906 DEBUG AlphaScanner.Data download_history_batch split result count=10
2026-07-12 15:41:15,906 DEBUG AlphaScanner.Engine Batch download chunk 18/50 requested=10 resolved=10
2026-07-12 15:41:15,917 DEBUG AlphaScanner.Data download_history_batch(size=10, period=2y, interval=1d, use_cache=False, head=['GLAXO.NS', 'GLENMARK.NS', 'MEDANTA.NS', 'GODIGIT.NS', 'GPIL.NS'])
2026-07-12 15:41:16,379 DEBUG AlphaScanner.Data download_history_batch split result count=10
2026-07-12 15:41:16,379 DEBUG AlphaScanner.Engine Batch download chunk 19/50 requested=10 resolved=10
2026-07-12 15:41:16,387 DEBUG AlphaScanner.Data download_history_batch(size=10, period=2y, interval=1d, use_cache=False, head=['GRAPHITE.NS', 'GRASIM.NS', 'GRAVITA.NS', 'GESHIP.NS', 'FLUOROCHEM.NS'])
2026-07-12 15:41:16,790 DEBUG AlphaScanner.Data download_history_batch split result count=10
2026-07-12 15:41:16,791 DEBUG AlphaScanner.Engine Batch download chunk 20/50 requested=10 resolved=10
2026-07-12 15:41:16,800 DEBUG AlphaScanner.Data download_history_batch(size=10, period=2y, interval=1d, use_cache=False, head=['HDFCAMC.NS', 'HDFCBANK.NS', 'HDFCLIFE.NS', 'HFCL.NS', 'HAVELLS.NS'])
2026-07-12 15:41:17,234 DEBUG AlphaScanner.Data download_history_batch split result count=10
2026-07-12 15:41:17,234 DEBUG AlphaScanner.Engine Batch download chunk 21/50 requested=10 resolved=10
2026-07-12 15:41:17,244 DEBUG AlphaScanner.Data download_history_batch(size=10, period=2y, interval=1d, use_cache=False, head=['HINDCOPPER.NS', 'HINDPETRO.NS', 'HINDUNILVR.NS', 'HINDZINC.NS', 'POWERINDIA.NS'])
2026-07-12 15:41:17,619 DEBUG AlphaScanner.Data download_history_batch split result count=10
2026-07-12 15:41:17,619 DEBUG AlphaScanner.Engine Batch download chunk 22/50 requested=10 resolved=10
2026-07-12 15:41:17,629 DEBUG AlphaScanner.Data download_history_batch(size=10, period=2y, interval=1d, use_cache=False, head=['ICICIBANK.NS', 'ICICIGI.NS', 'ICICIAMC.NS', 'ICICIPRULI.NS', 'IDBI.NS'])
2026-07-12 15:41:18,143 DEBUG AlphaScanner.Data download_history_batch split result count=10
2026-07-12 15:41:18,143 DEBUG AlphaScanner.Engine Batch download chunk 23/50 requested=10 resolved=10
2026-07-12 15:41:18,151 DEBUG AlphaScanner.Data download_history_batch(size=10, period=2y, interval=1d, use_cache=False, head=['ITCHOTELS.NS', 'ITC.NS', 'ITI.NS', 'INDGN.NS', 'INDIACEM.NS'])
2026-07-12 15:41:18,493 DEBUG AlphaScanner.Data download_history_batch split result count=10
2026-07-12 15:41:18,493 DEBUG AlphaScanner.Engine Batch download chunk 24/50 requested=10 resolved=10
2026-07-12 15:41:18,501 DEBUG AlphaScanner.Data download_history_batch(size=10, period=2y, interval=1d, use_cache=False, head=['IOB.NS', 'IRCTC.NS', 'IRFC.NS', 'IREDA.NS', 'IGL.NS'])
2026-07-12 15:41:18,922 DEBUG AlphaScanner.Data download_history_batch split result count=10
2026-07-12 15:41:18,923 DEBUG AlphaScanner.Engine Batch download chunk 25/50 requested=10 resolved=10
2026-07-12 15:41:18,932 DEBUG AlphaScanner.Data download_history_batch(size=10, period=2y, interval=1d, use_cache=False, head=['INTELLECT.NS', 'INDIGO.NS', 'IGIL.NS', 'IKS.NS', 'IPCALAB.NS'])
2026-07-12 15:41:19,345 DEBUG AlphaScanner.Data download_history_batch split result count=10
2026-07-12 15:41:19,346 DEBUG AlphaScanner.Engine Batch download chunk 26/50 requested=10 resolved=10
2026-07-12 15:41:19,353 DEBUG AlphaScanner.Data download_history_batch(size=10, period=2y, interval=1d, use_cache=False, head=['JSWCEMENT.NS', 'JSWDULUX.NS', 'JSWENERGY.NS', 'JSWINFRA.NS', 'JSWSTEEL.NS'])
2026-07-12 15:41:19,732 DEBUG AlphaScanner.Data download_history_batch split result count=10
2026-07-12 15:41:19,732 DEBUG AlphaScanner.Engine Batch download chunk 27/50 requested=10 resolved=10
2026-07-12 15:41:19,741 DEBUG AlphaScanner.Data download_history_batch(size=10, period=2y, interval=1d, use_cache=False, head=['JINDALSTEL.NS', 'JIOFIN.NS', 'JUBLFOOD.NS', 'JUBLINGREA.NS', 'JUBLPHARMA.NS'])
2026-07-12 15:41:20,218 DEBUG AlphaScanner.Data download_history_batch split result count=10
2026-07-12 15:41:20,218 DEBUG AlphaScanner.Engine Batch download chunk 28/50 requested=10 resolved=10
2026-07-12 15:41:20,227 DEBUG AlphaScanner.Data download_history_batch(size=10, period=2y, interval=1d, use_cache=False, head=['KAJARIACER.NS', 'KPIL.NS', 'KALYANKJIL.NS', 'KARURVYSYA.NS', 'KAYNES.NS'])
2026-07-12 15:41:20,737 DEBUG AlphaScanner.Data download_history_batch split result count=10
2026-07-12 15:41:20,737 DEBUG AlphaScanner.Engine Batch download chunk 29/50 requested=10 resolved=10
2026-07-12 15:41:20,746 DEBUG AlphaScanner.Data download_history_batch(size=10, period=2y, interval=1d, use_cache=False, head=['LTF.NS', 'LTTS.NS', 'LGEINDIA.NS', 'LICHSGFIN.NS', 'LTFOODS.NS'])
2026-07-12 15:41:21,146 DEBUG AlphaScanner.Data download_history_batch split result count=10
2026-07-12 15:41:21,146 DEBUG AlphaScanner.Engine Batch download chunk 30/50 requested=10 resolved=10
2026-07-12 15:41:21,154 DEBUG AlphaScanner.Data download_history_batch(size=10, period=2y, interval=1d, use_cache=False, head=['LEMONTREE.NS', 'LENSKART.NS', 'LICI.NS', 'LINDEINDIA.NS', 'LLOYDSME.NS'])
2026-07-12 15:41:21,591 DEBUG AlphaScanner.Data download_history_batch split result count=10
2026-07-12 15:41:21,591 DEBUG AlphaScanner.Engine Batch download chunk 31/50 requested=10 resolved=10
2026-07-12 15:41:21,599 DEBUG AlphaScanner.Data download_history_batch(size=10, period=2y, interval=1d, use_cache=False, head=['M&MFIN.NS', 'M&M.NS', 'MANAPPURAM.NS', 'MRPL.NS', 'MANKIND.NS'])
2026-07-12 15:41:22,159 DEBUG AlphaScanner.Data download_history_batch split result count=10
2026-07-12 15:41:22,160 DEBUG AlphaScanner.Engine Batch download chunk 32/50 requested=10 resolved=10
2026-07-12 15:41:22,167 DEBUG AlphaScanner.Data download_history_batch(size=10, period=2y, interval=1d, use_cache=False, head=['MEESHO.NS', 'MINDACORP.NS', 'MSUMI.NS', 'MOTILALOFS.NS', 'MPHASIS.NS'])
2026-07-12 15:41:22,546 DEBUG AlphaScanner.Data download_history_batch split result count=10
2026-07-12 15:41:22,546 DEBUG AlphaScanner.Engine Batch download chunk 33/50 requested=10 resolved=10
2026-07-12 15:41:22,555 DEBUG AlphaScanner.Data download_history_batch(size=10, period=2y, interval=1d, use_cache=False, head=['NHPC.NS', 'NLCINDIA.NS', 'NMDC.NS', 'NSLNISP.NS', 'NTPCGREEN.NS'])
2026-07-12 15:41:22,996 DEBUG AlphaScanner.Data download_history_batch split result count=10
2026-07-12 15:41:22,996 DEBUG AlphaScanner.Engine Batch download chunk 34/50 requested=10 resolved=10
2026-07-12 15:41:23,003 DEBUG AlphaScanner.Data download_history_batch(size=10, period=2y, interval=1d, use_cache=False, head=['NESTLEIND.NS', 'NETWEB.NS', 'NEULANDLAB.NS', 'NEWGEN.NS', 'NAM-INDIA.NS'])
2026-07-12 15:41:23,451 DEBUG AlphaScanner.Data download_history_batch split result count=10
2026-07-12 15:41:23,451 DEBUG AlphaScanner.Engine Batch download chunk 35/50 requested=10 resolved=10
2026-07-12 15:41:23,460 DEBUG AlphaScanner.Data download_history_batch(size=10, period=2y, interval=1d, use_cache=False, head=['OIL.NS', 'OLAELEC.NS', 'OLECTRA.NS', 'PAYTM.NS', 'ONESOURCE.NS'])
2026-07-12 15:41:23,912 DEBUG AlphaScanner.Data download_history_batch split result count=10
2026-07-12 15:41:23,912 DEBUG AlphaScanner.Engine Batch download chunk 36/50 requested=10 resolved=10
2026-07-12 15:41:23,921 DEBUG AlphaScanner.Data download_history_batch(size=10, period=2y, interval=1d, use_cache=False, head=['PNBHOUSING.NS', 'PTCIL.NS', 'PVRINOX.NS', 'PAGEIND.NS', 'PARADEEP.NS'])
2026-07-12 15:41:24,402 DEBUG AlphaScanner.Data download_history_batch split result count=10
2026-07-12 15:41:24,403 DEBUG AlphaScanner.Engine Batch download chunk 37/50 requested=10 resolved=10
2026-07-12 15:41:24,411 DEBUG AlphaScanner.Data download_history_batch(size=10, period=2y, interval=1d, use_cache=False, head=['PWL.NS', 'PIDILITIND.NS', 'PINELABS.NS', 'PIRAMALFIN.NS', 'PPLPHARMA.NS'])
2026-07-12 15:41:24,797 DEBUG AlphaScanner.Data download_history_batch split result count=10
2026-07-12 15:41:24,797 DEBUG AlphaScanner.Engine Batch download chunk 38/50 requested=10 resolved=10
2026-07-12 15:41:24,806 DEBUG AlphaScanner.Data download_history_batch(size=10, period=2y, interval=1d, use_cache=False, head=['PREMIERENE.NS', 'PRESTIGE.NS', 'PNB.NS', 'RRKABEL.NS', 'RBLBANK.NS'])
2026-07-12 15:41:25,207 DEBUG AlphaScanner.Data download_history_batch split result count=10
2026-07-12 15:41:25,207 DEBUG AlphaScanner.Engine Batch download chunk 39/50 requested=10 resolved=10
2026-07-12 15:41:25,215 DEBUG AlphaScanner.Data download_history_batch(size=10, period=2y, interval=1d, use_cache=False, head=['RAILTEL.NS', 'RAINBOW.NS', 'RKFORGE.NS', 'REDINGTON.NS', 'RELIANCE.NS'])
2026-07-12 15:41:25,576 DEBUG AlphaScanner.Data download_history_batch split result count=10
2026-07-12 15:41:25,576 DEBUG AlphaScanner.Engine Batch download chunk 40/50 requested=10 resolved=10
2026-07-12 15:41:25,584 DEBUG AlphaScanner.Data download_history_batch(size=10, period=2y, interval=1d, use_cache=False, head=['SRF.NS', 'SAGILITY.NS', 'SAILIFE.NS', 'SAMMAANCAP.NS', 'MOTHERSON.NS'])
2026-07-12 15:41:25,976 DEBUG AlphaScanner.Data download_history_batch split result count=10
2026-07-12 15:41:25,976 DEBUG AlphaScanner.Engine Batch download chunk 41/50 requested=10 resolved=10
2026-07-12 15:41:25,985 DEBUG AlphaScanner.Data download_history_batch(size=10, period=2y, interval=1d, use_cache=False, head=['SCI.NS', 'SHREECEM.NS', 'SHRIRAMFIN.NS', 'SHYAMMETL.NS', 'ENRIN.NS'])
2026-07-12 15:41:26,547 DEBUG AlphaScanner.Data download_history_batch split result count=10
2026-07-12 15:41:26,547 DEBUG AlphaScanner.Engine Batch download chunk 42/50 requested=10 resolved=10
2026-07-12 15:41:26,556 DEBUG AlphaScanner.Data download_history_batch(size=10, period=2y, interval=1d, use_cache=False, head=['SONATSOFTW.NS', 'STARHEALTH.NS', 'SBIN.NS', 'SAIL.NS', 'SUMICHEM.NS'])
2026-07-12 15:41:26,987 DEBUG AlphaScanner.Data download_history_batch split result count=10
2026-07-12 15:41:26,987 DEBUG AlphaScanner.Engine Batch download chunk 43/50 requested=10 resolved=10
2026-07-12 15:41:26,996 DEBUG AlphaScanner.Data download_history_batch(size=10, period=2y, interval=1d, use_cache=False, head=['SUZLON.NS', 'SWANCORP.NS', 'SWIGGY.NS', 'SYNGENE.NS', 'SYRMA.NS'])
2026-07-12 15:41:27,456 DEBUG AlphaScanner.Data download_history_batch split result count=10
2026-07-12 15:41:27,456 DEBUG AlphaScanner.Engine Batch download chunk 44/50 requested=10 resolved=10
2026-07-12 15:41:27,465 DEBUG AlphaScanner.Data download_history_batch(size=10, period=2y, interval=1d, use_cache=False, head=['TCS.NS', 'TATACONSUM.NS', 'TATAELXSI.NS', 'TATAINVEST.NS', 'TMCV.NS'])
2026-07-12 15:41:27,931 DEBUG AlphaScanner.Data download_history_batch split result count=10
2026-07-12 15:41:27,931 DEBUG AlphaScanner.Engine Batch download chunk 45/50 requested=10 resolved=10
2026-07-12 15:41:27,942 DEBUG AlphaScanner.Data download_history_batch(size=10, period=2y, interval=1d, use_cache=False, head=['TECHM.NS', 'TECHNOE.NS', 'TEGA.NS', 'TEJASNET.NS', 'TENNIND.NS'])
2026-07-12 15:41:28,703 DEBUG AlphaScanner.Data download_history_batch split result count=10
2026-07-12 15:41:28,703 DEBUG AlphaScanner.Engine Batch download chunk 46/50 requested=10 resolved=10
2026-07-12 15:41:28,712 DEBUG AlphaScanner.Data download_history_batch(size=10, period=2y, interval=1d, use_cache=False, head=['TITAN.NS', 'TORNTPHARM.NS', 'TORNTPOWER.NS', 'TARIL.NS', 'TRAVELFOOD.NS'])
2026-07-12 15:41:29,304 DEBUG AlphaScanner.Data download_history_batch split result count=10
2026-07-12 15:41:29,304 DEBUG AlphaScanner.Engine Batch download chunk 47/50 requested=10 resolved=10
2026-07-12 15:41:29,314 DEBUG AlphaScanner.Data download_history_batch(size=10, period=2y, interval=1d, use_cache=False, head=['UNOMINDA.NS', 'UPL.NS', 'UTIAMC.NS', 'ULTRACEMCO.NS', 'UNIONBANK.NS'])
2026-07-12 15:41:29,690 DEBUG AlphaScanner.Data download_history_batch split result count=10
2026-07-12 15:41:29,690 DEBUG AlphaScanner.Engine Batch download chunk 48/50 requested=10 resolved=10
2026-07-12 15:41:29,698 DEBUG AlphaScanner.Data download_history_batch(size=10, period=2y, interval=1d, use_cache=False, head=['VBL.NS', 'VEDL.NS', 'VIJAYA.NS', 'VMM.NS', 'IDEA.NS'])
2026-07-12 15:41:30,115 DEBUG AlphaScanner.Data download_history_batch split result count=10
2026-07-12 15:41:30,115 DEBUG AlphaScanner.Engine Batch download chunk 49/50 requested=10 resolved=10
2026-07-12 15:41:30,124 DEBUG AlphaScanner.Data download_history_batch(size=10, period=2y, interval=1d, use_cache=False, head=['WIPRO.NS', 'WOCKPHARMA.NS', 'YESBANK.NS', 'ZFCVINDIA.NS', 'ZEEL.NS'])
2026-07-12 15:41:30,583 DEBUG AlphaScanner.Data download_history_batch split result count=10
2026-07-12 15:41:30,583 DEBUG AlphaScanner.Engine Batch download chunk 50/50 requested=10 resolved=10
2026-07-12 15:41:30,731 DEBUG AlphaScanner.Engine Concatenated legacy data shape=(499, 3000)
2026-07-12 15:41:30,775 DEBUG AlphaScanner.Engine Post-align data shape=(495, 3000) benchmark_rows=495
2026-07-12 15:41:47,928 DEBUG AlphaScanner.Engine Legacy scan completed: hits=10 scanned=485 fail_counts={'trend_fail': 287, 'momentum_fail': 52, 'volume_fail': 89, 'breakout_fail': 106, 'rs_fail': 0, 'adx_fail': 5, 'liquidity_fail': 17, 'error_fail': 15}
2026-07-12 15:41:47,951 DEBUG AlphaScanner.Service perform_fresh_scan completed: rows=10 stats_keys=['adx_fail', 'bank_nifty_change', 'bb_fail', 'breakout_fail', 'dii_net', 'error_fail', 'fakeout_trap', 'fii_net', 'liquidity_fail', 'macd_fail', 'market_bias', 'market_bias_score', 'market_breadth_50', 'market_health', 'momentum_fail', 'nifty_change', 'rs_fail', 'scanned', 'scanner_type', 'sector_sentiment', 'timeframe', 'trend_fail', 'trending_sectors', 'universe', 'universe_size', 'volume_fail']
2026-07-12 15:44:03,989 DEBUG AlphaScanner.UI.Scanner render_tab(scan_type=Breakout, universe=Nifty 500, scan_mode=Entry Scanner, timeframe=1d, use_cache=False, run_scan=False)
2026-07-12 15:44:57,999 DEBUG AlphaScanner.UI.Scanner render_tab(scan_type=Breakout, universe=Total Market (Cap Focused), scan_mode=Entry Scanner, timeframe=1d, use_cache=False, run_scan=False)
2026-07-12 15:45:01,551 DEBUG AlphaScanner.UI.Scanner render_tab(scan_type=Breakout, universe=Total Market (Cap Focused), scan_mode=Entry Scanner, timeframe=1d, use_cache=False, run_scan=True)
2026-07-12 15:45:05,910 ERROR AlphaScanner Failed to fetch NSE CSV after 3 attempts: 404 Client Error: Not Found for url: https://nsearchives.nseindia.com/content/indices/ind_niftymicrocap250list.csv
2026-07-12 15:45:05,911 WARNING AlphaScanner Sector segment https://nsearchives.nseindia.com/content/indices/ind_niftymicrocap250list.csv failed: 404 Client Error: Not Found for url: https://nsearchives.nseindia.com/content/indices/ind_niftymicrocap250list.csv
2026-07-12 15:45:09,495 ERROR AlphaScanner Failed to fetch NSE CSV after 3 attempts: 404 Client Error: Not Found for url: https://archives.nseindia.com/content/indices/ind_niftymicrocap250list.csv
2026-07-12 15:45:09,495 WARNING AlphaScanner Sector segment https://archives.nseindia.com/content/indices/ind_niftymicrocap250list.csv failed: 404 Client Error: Not Found for url: https://archives.nseindia.com/content/indices/ind_niftymicrocap250list.csv
2026-07-12 15:45:09,497 DEBUG AlphaScanner.UI.Scanner Starting fresh scan with min_cap=500 max_cap=20000 sector_map_size=751
2026-07-12 15:45:09,497 DEBUG AlphaScanner.Service perform_fresh_scan(scanner_type=Breakout, universe=Total Market (Cap Focused), timeframe=1d, scan_mode=Entry Scanner, use_cache=False, vol_thresh=1.0, rsi_min=50, rsi_max=85, dist_thresh=1.5, min_mkt_cap_cr=500, max_mkt_cap_cr=20000)
2026-07-12 15:45:09,499 DEBUG AlphaScanner.Service Routing to legacy breakout scanner with normalized timeframe=1d
2026-07-12 15:45:09,500 DEBUG AlphaScanner.Engine run_scanner(scanner_type=Breakout, universe=Total Market (Cap Focused), timeframe=1d, use_cache=False, incremental_fetch=False, vol_thresh=1.0, rsi_range=50-85, dist_thresh=1.5, min_cap=500, max_cap=20000)
2026-07-12 15:45:09,516 DEBUG AlphaScanner.Engine Resolved legacy universe 'Total Market (Cap Focused)' to 751 tickers
2026-07-12 15:45:09,741 DEBUG AlphaScanner.Engine Loaded benchmark close series with 495 rows
2026-07-12 15:45:09,749 INFO AlphaScanner.Engine Prefetching missing metadata for 2 tickers...
2026-07-12 15:45:10,483 DEBUG AlphaScanner.Engine Metadata cache primed with 749 entries
2026-07-12 15:45:10,484 DEBUG AlphaScanner.Data download_history_batch(size=10, period=2y, interval=1d, use_cache=False, head=['360ONE.NS', '3MINDIA.NS', 'AADHARHFC.NS', 'AARTIDRUGS.NS', 'AARTIIND.NS'])
2026-07-12 15:45:10,875 DEBUG AlphaScanner.Data download_history_batch split result count=10
2026-07-12 15:45:10,875 DEBUG AlphaScanner.Engine Batch download chunk 1/76 requested=10 resolved=10
2026-07-12 15:45:10,886 DEBUG AlphaScanner.Data download_history_batch(size=10, period=2y, interval=1d, use_cache=False, head=['ABDL.NS', 'ABFRL.NS', 'ABLBL.NS', 'ABREL.NS', 'ABSLAMC.NS'])
2026-07-12 15:45:11,369 DEBUG AlphaScanner.Data download_history_batch split result count=10
2026-07-12 15:45:11,370 DEBUG AlphaScanner.Engine Batch download chunk 2/76 requested=10 resolved=10
2026-07-12 15:45:11,379 DEBUG AlphaScanner.Data download_history_batch(size=10, period=2y, interval=1d, use_cache=False, head=['ADANIENSOL.NS', 'ADANIENT.NS', 'ADANIGREEN.NS', 'ADANIPORTS.NS', 'ADANIPOWER.NS'])
2026-07-12 15:45:11,764 DEBUG AlphaScanner.Data download_history_batch split result count=10
2026-07-12 15:45:11,764 DEBUG AlphaScanner.Engine Batch download chunk 3/76 requested=10 resolved=10
2026-07-12 15:45:11,778 DEBUG AlphaScanner.Data download_history_batch(size=10, period=2y, interval=1d, use_cache=False, head=['AFCONS.NS', 'AFFLE.NS', 'AGARWALEYE.NS', 'AGL.NS', 'AHLUCONT.NS'])
2026-07-12 15:45:12,406 DEBUG AlphaScanner.Data download_history_batch split result count=10
2026-07-12 15:45:12,407 DEBUG AlphaScanner.Engine Batch download chunk 4/76 requested=10 resolved=10
2026-07-12 15:45:12,415 DEBUG AlphaScanner.Data download_history_batch(size=10, period=2y, interval=1d, use_cache=False, head=['ALKEM.NS', 'ALKYLAMINE.NS', 'ALOKINDS.NS', 'AMBER.NS', 'AMBUJACEM.NS'])
2026-07-12 15:45:12,997 DEBUG AlphaScanner.Data download_history_batch split result count=10
2026-07-12 15:45:12,997 DEBUG AlphaScanner.Engine Batch download chunk 5/76 requested=10 resolved=10
2026-07-12 15:45:13,008 DEBUG AlphaScanner.Data download_history_batch(size=10, period=2y, interval=1d, use_cache=False, head=['ANURAS.NS', 'APARINDS.NS', 'APLAPOLLO.NS', 'APLLTD.NS', 'APOLLO.NS'])
2026-07-12 15:45:13,475 DEBUG AlphaScanner.Data download_history_batch split result count=10
2026-07-12 15:45:13,475 DEBUG AlphaScanner.Engine Batch download chunk 6/76 requested=10 resolved=10
2026-07-12 15:45:13,486 DEBUG AlphaScanner.Data download_history_batch(size=10, period=2y, interval=1d, use_cache=False, head=['ARVINDFASN.NS', 'ASAHIINDIA.NS', 'ASHAPURMIN.NS', 'ASHOKA.NS', 'ASHOKLEY.NS'])
2026-07-12 15:45:14,245 DEBUG AlphaScanner.Data download_history_batch split result count=10
2026-07-12 15:45:14,245 DEBUG AlphaScanner.Engine Batch download chunk 7/76 requested=10 resolved=10
2026-07-12 15:45:14,256 DEBUG AlphaScanner.Data download_history_batch(size=10, period=2y, interval=1d, use_cache=False, head=['ATGL.NS', 'ATHERENERG.NS', 'ATLANTAELE.NS', 'ATUL.NS', 'AUBANK.NS'])
2026-07-12 15:45:15,023 DEBUG AlphaScanner.Data download_history_batch split result count=10
2026-07-12 15:45:15,023 DEBUG AlphaScanner.Engine Batch download chunk 8/76 requested=10 resolved=10
2026-07-12 15:45:15,034 DEBUG AlphaScanner.Data download_history_batch(size=10, period=2y, interval=1d, use_cache=False, head=['AWFIS.NS', 'AWL.NS', 'AXISBANK.NS', 'AXISCADES.NS', 'AZAD.NS'])
2026-07-12 15:45:15,463 DEBUG AlphaScanner.Data download_history_batch split result count=10
2026-07-12 15:45:15,463 DEBUG AlphaScanner.Engine Batch download chunk 9/76 requested=10 resolved=10
2026-07-12 15:45:15,476 DEBUG AlphaScanner.Data download_history_batch(size=10, period=2y, interval=1d, use_cache=False, head=['BAJFINANCE.NS', 'BALAMINES.NS', 'BALKRISIND.NS', 'BALRAMCHIN.NS', 'BALUFORGE.NS'])
2026-07-12 15:45:16,132 DEBUG AlphaScanner.Data download_history_batch split result count=10
2026-07-12 15:45:16,133 DEBUG AlphaScanner.Engine Batch download chunk 10/76 requested=10 resolved=10
2026-07-12 15:45:16,149 DEBUG AlphaScanner.Data download_history_batch(size=10, period=2y, interval=1d, use_cache=False, head=['BAYERCROP.NS', 'BBOX.NS', 'BBTC.NS', 'BDL.NS', 'BECTORFOOD.NS'])
2026-07-12 15:45:16,720 DEBUG AlphaScanner.Data download_history_batch split result count=10
2026-07-12 15:45:16,720 DEBUG AlphaScanner.Engine Batch download chunk 11/76 requested=10 resolved=10
2026-07-12 15:45:16,730 DEBUG AlphaScanner.Data download_history_batch(size=10, period=2y, interval=1d, use_cache=False, head=['BHARTIARTL.NS', 'BHARTIHEXA.NS', 'BHEL.NS', 'BIKAJI.NS', 'BIOCON.NS'])
2026-07-12 15:45:17,179 DEBUG AlphaScanner.Data download_history_batch split result count=10
2026-07-12 15:45:17,180 DEBUG AlphaScanner.Engine Batch download chunk 12/76 requested=10 resolved=10
2026-07-12 15:45:17,191 DEBUG AlphaScanner.Data download_history_batch(size=10, period=2y, interval=1d, use_cache=False, head=['BLUESTARCO.NS', 'BLUESTONE.NS', 'BORORENEW.NS', 'BOSCHLTD.NS', 'BPCL.NS'])
2026-07-12 15:45:17,678 DEBUG AlphaScanner.Data download_history_batch split result count=10
2026-07-12 15:45:17,678 DEBUG AlphaScanner.Engine Batch download chunk 13/76 requested=10 resolved=10
2026-07-12 15:45:17,689 DEBUG AlphaScanner.Data download_history_batch(size=10, period=2y, interval=1d, use_cache=False, head=['CAMS.NS', 'CANBK.NS', 'CANFINHOME.NS', 'CANHLIFE.NS', 'CAPILLARY.NS'])
2026-07-12 15:45:18,208 DEBUG AlphaScanner.Data download_history_batch split result count=10
2026-07-12 15:45:18,209 DEBUG AlphaScanner.Engine Batch download chunk 14/76 requested=10 resolved=10
2026-07-12 15:45:18,223 DEBUG AlphaScanner.Data download_history_batch(size=10, period=2y, interval=1d, use_cache=False, head=['CCL.NS', 'CDSL.NS', 'CEATLTD.NS', 'CELLO.NS', 'CEMPRO.NS'])
2026-07-12 15:45:18,891 DEBUG AlphaScanner.Data download_history_batch split result count=10
2026-07-12 15:45:18,891 DEBUG AlphaScanner.Engine Batch download chunk 15/76 requested=10 resolved=10
2026-07-12 15:45:18,901 DEBUG AlphaScanner.Data download_history_batch(size=10, period=2y, interval=1d, use_cache=False, head=['CGPOWER.NS', 'CHALET.NS', 'CHAMBLFERT.NS', 'CHENNPETRO.NS', 'CHOICEIN.NS'])
2026-07-12 15:45:19,939 DEBUG AlphaScanner.Data download_history_batch split result count=10
2026-07-12 15:45:19,939 DEBUG AlphaScanner.Engine Batch download chunk 16/76 requested=10 resolved=10
2026-07-12 15:45:19,959 DEBUG AlphaScanner.Data download_history_batch(size=10, period=2y, interval=1d, use_cache=False, head=['CMSINFO.NS', 'COALINDIA.NS', 'COCHINSHIP.NS', 'COFORGE.NS', 'COHANCE.NS'])
2026-07-12 15:45:20,307 DEBUG AlphaScanner.Data download_history_batch split result count=10
2026-07-12 15:45:20,307 DEBUG AlphaScanner.Engine Batch download chunk 17/76 requested=10 resolved=10
2026-07-12 15:45:20,317 DEBUG AlphaScanner.Data download_history_batch(size=10, period=2y, interval=1d, use_cache=False, head=['CPPLUS.NS', 'CRAFTSMAN.NS', 'CRAMC.NS', 'CREDITACC.NS', 'CRISIL.NS'])
2026-07-12 15:45:21,216 DEBUG AlphaScanner.Data download_history_batch split result count=10
2026-07-12 15:45:21,216 DEBUG AlphaScanner.Engine Batch download chunk 18/76 requested=10 resolved=10
2026-07-12 15:45:21,227 DEBUG AlphaScanner.Data download_history_batch(size=10, period=2y, interval=1d, use_cache=False, head=['CUPID.NS', 'CYIENT.NS', 'DABUR.NS', 'DALBHARAT.NS', 'DATAMATICS.NS'])
2026-07-12 15:45:21,924 DEBUG AlphaScanner.Data download_history_batch split result count=10
2026-07-12 15:45:21,924 DEBUG AlphaScanner.Engine Batch download chunk 19/76 requested=10 resolved=10
2026-07-12 15:45:21,941 DEBUG AlphaScanner.Data download_history_batch(size=10, period=2y, interval=1d, use_cache=False, head=['DEEPAKFERT.NS', 'DEEPAKNTR.NS', 'DELHIVERY.NS', 'DEVYANI.NS', 'DIACABS.NS'])
2026-07-12 15:45:22,351 DEBUG AlphaScanner.Data download_history_batch split result count=10
2026-07-12 15:45:22,351 DEBUG AlphaScanner.Engine Batch download chunk 20/76 requested=10 resolved=10
2026-07-12 15:45:22,361 DEBUG AlphaScanner.Data download_history_batch(size=10, period=2y, interval=1d, use_cache=False, head=['DRREDDY.NS', 'DYNAMATECH.NS', 'ECLERX.NS', 'EDELWEISS.NS', 'EICHERMOT.NS'])
2026-07-12 15:45:22,957 DEBUG AlphaScanner.Data download_history_batch split result count=10
2026-07-12 15:45:22,957 DEBUG AlphaScanner.Engine Batch download chunk 21/76 requested=10 resolved=10
2026-07-12 15:45:22,971 DEBUG AlphaScanner.Data download_history_batch(size=10, period=2y, interval=1d, use_cache=False, head=['ELGIEQUIP.NS', 'ELLEN.NS', 'EMAMILTD.NS', 'EMBDL.NS', 'EMCURE.NS'])
2026-07-12 15:45:23,403 DEBUG AlphaScanner.Data download_history_batch split result count=10
2026-07-12 15:45:23,403 DEBUG AlphaScanner.Engine Batch download chunk 22/76 requested=10 resolved=10
2026-07-12 15:45:23,416 DEBUG AlphaScanner.Data download_history_batch(size=10, period=2y, interval=1d, use_cache=False, head=['ENTERO.NS', 'EPL.NS', 'EQUITASBNK.NS', 'ERIS.NS', 'ESCORTS.NS'])
2026-07-12 15:45:24,027 DEBUG AlphaScanner.Data download_history_batch split result count=10
2026-07-12 15:45:24,028 DEBUG AlphaScanner.Engine Batch download chunk 23/76 requested=10 resolved=10
2026-07-12 15:45:24,043 DEBUG AlphaScanner.Data download_history_batch(size=10, period=2y, interval=1d, use_cache=False, head=['FEDERALBNK.NS', 'FEDFINA.NS', 'FIEMIND.NS', 'FINCABLES.NS', 'FINPIPE.NS'])
2026-07-12 15:45:24,888 DEBUG AlphaScanner.Data download_history_batch split result count=10
2026-07-12 15:45:24,888 DEBUG AlphaScanner.Engine Batch download chunk 24/76 requested=10 resolved=10
2026-07-12 15:45:24,900 DEBUG AlphaScanner.Data download_history_batch(size=10, period=2y, interval=1d, use_cache=False, head=['FSL.NS', 'GABRIEL.NS', 'GAEL.NS', 'GAIL.NS', 'GALLANTT.NS'])
2026-07-12 15:45:25,394 DEBUG AlphaScanner.Data download_history_batch split result count=10
2026-07-12 15:45:25,394 DEBUG AlphaScanner.Engine Batch download chunk 25/76 requested=10 resolved=10
2026-07-12 15:45:25,406 DEBUG AlphaScanner.Data download_history_batch(size=10, period=2y, interval=1d, use_cache=False, head=['GLAXO.NS', 'GLENMARK.NS', 'GMDCLTD.NS', 'GMMPFAUDLR.NS', 'GMRAIRPORT.NS'])
2026-07-12 15:45:25,895 DEBUG AlphaScanner.Data download_history_batch split result count=10
2026-07-12 15:45:25,895 DEBUG AlphaScanner.Engine Batch download chunk 26/76 requested=10 resolved=10
2026-07-12 15:45:25,904 DEBUG AlphaScanner.Data download_history_batch(size=10, period=2y, interval=1d, use_cache=False, head=['GODREJCP.NS', 'GODREJIND.NS', 'GODREJPROP.NS', 'GOKEX.NS', 'GOKULAGRO.NS'])
2026-07-12 15:45:26,374 DEBUG AlphaScanner.Data download_history_batch split result count=10
2026-07-12 15:45:26,374 DEBUG AlphaScanner.Engine Batch download chunk 27/76 requested=10 resolved=10
2026-07-12 15:45:26,384 DEBUG AlphaScanner.Data download_history_batch(size=10, period=2y, interval=1d, use_cache=False, head=['GRAVITA.NS', 'GREAVESCOT.NS', 'GROWW.NS', 'GRSE.NS', 'GRWRHITECH.NS'])
2026-07-12 15:45:26,823 DEBUG AlphaScanner.Data download_history_batch split result count=10
2026-07-12 15:45:26,823 DEBUG AlphaScanner.Engine Batch download chunk 28/76 requested=10 resolved=10
2026-07-12 15:45:26,831 DEBUG AlphaScanner.Data download_history_batch(size=10, period=2y, interval=1d, use_cache=False, head=['HBLENGINE.NS', 'HCC.NS', 'HCG.NS', 'HCLTECH.NS', 'HDBFS.NS'])
2026-07-12 15:45:27,317 DEBUG AlphaScanner.Data download_history_batch split result count=10
2026-07-12 15:45:27,317 DEBUG AlphaScanner.Engine Batch download chunk 29/76 requested=10 resolved=10
2026-07-12 15:45:27,325 DEBUG AlphaScanner.Data download_history_batch(size=10, period=2y, interval=1d, use_cache=False, head=['HERITGFOOD.NS', 'HEROMOTOCO.NS', 'HEXT.NS', 'HFCL.NS', 'HGINFRA.NS'])
2026-07-12 15:45:27,747 DEBUG AlphaScanner.Data download_history_batch split result count=10
2026-07-12 15:45:27,748 DEBUG AlphaScanner.Engine Batch download chunk 30/76 requested=10 resolved=10
2026-07-12 15:45:27,756 DEBUG AlphaScanner.Data download_history_batch(size=10, period=2y, interval=1d, use_cache=False, head=['HOMEFIRST.NS', 'HONASA.NS', 'HONAUT.NS', 'HSCL.NS', 'HUDCO.NS'])
2026-07-12 15:45:28,205 DEBUG AlphaScanner.Data download_history_batch split result count=10
2026-07-12 15:45:28,205 DEBUG AlphaScanner.Engine Batch download chunk 31/76 requested=10 resolved=10
2026-07-12 15:45:28,214 DEBUG AlphaScanner.Data download_history_batch(size=10, period=2y, interval=1d, use_cache=False, head=['ICIL.NS', 'IDBI.NS', 'IDEA.NS', 'IDFCFIRSTB.NS', 'IEX.NS'])
2026-07-12 15:45:28,718 DEBUG AlphaScanner.Data download_history_batch split result count=10
2026-07-12 15:45:28,718 DEBUG AlphaScanner.Engine Batch download chunk 32/76 requested=10 resolved=10
2026-07-12 15:45:28,727 DEBUG AlphaScanner.Data download_history_batch(size=10, period=2y, interval=1d, use_cache=False, head=['IIFLCAPS.NS', 'IKS.NS', 'IMFA.NS', 'INDGN.NS', 'INDHOTEL.NS'])
2026-07-12 15:45:29,253 DEBUG AlphaScanner.Data download_history_batch split result count=10
2026-07-12 15:45:29,253 DEBUG AlphaScanner.Engine Batch download chunk 33/76 requested=10 resolved=10
2026-07-12 15:45:29,261 DEBUG AlphaScanner.Data download_history_batch(size=10, period=2y, interval=1d, use_cache=False, head=['INDIGO.NS', 'INDIGOPNTS.NS', 'INDUSINDBK.NS', 'INDUSTOWER.NS', 'INFY.NS'])
2026-07-12 15:45:29,807 DEBUG AlphaScanner.Data download_history_batch split result count=10
2026-07-12 15:45:29,807 DEBUG AlphaScanner.Engine Batch download chunk 34/76 requested=10 resolved=10
2026-07-12 15:45:29,815 DEBUG AlphaScanner.Data download_history_batch(size=10, period=2y, interval=1d, use_cache=False, head=['IOC.NS', 'IONEXCHANG.NS', 'IPCALAB.NS', 'IRB.NS', 'IRCON.NS'])
2026-07-12 15:45:30,237 DEBUG AlphaScanner.Data download_history_batch split result count=10
2026-07-12 15:45:30,238 DEBUG AlphaScanner.Engine Batch download chunk 35/76 requested=10 resolved=10
2026-07-12 15:45:30,246 DEBUG AlphaScanner.Data download_history_batch(size=10, period=2y, interval=1d, use_cache=False, head=['ITI.NS', 'IXIGO.NS', 'J&KBANK.NS', 'JAIBALAJI.NS', 'JAINREC.NS'])
2026-07-12 15:45:30,655 DEBUG AlphaScanner.Data download_history_batch split result count=10
2026-07-12 15:45:30,655 DEBUG AlphaScanner.Engine Batch download chunk 36/76 requested=10 resolved=10
2026-07-12 15:45:30,663 DEBUG AlphaScanner.Data download_history_batch(size=10, period=2y, interval=1d, use_cache=False, head=['JINDALSTEL.NS', 'JIOFIN.NS', 'JKCEMENT.NS', 'JKLAKSHMI.NS', 'JKPAPER.NS'])
2026-07-12 15:45:31,157 DEBUG AlphaScanner.Data download_history_batch split result count=10
2026-07-12 15:45:31,158 DEBUG AlphaScanner.Engine Batch download chunk 37/76 requested=10 resolved=10
2026-07-12 15:45:31,166 DEBUG AlphaScanner.Data download_history_batch(size=10, period=2y, interval=1d, use_cache=False, head=['JSL.NS', 'JSLL.NS', 'JSWCEMENT.NS', 'JSWDULUX.NS', 'JSWENERGY.NS'])
2026-07-12 15:45:31,613 DEBUG AlphaScanner.Data download_history_batch split result count=10
2026-07-12 15:45:31,613 DEBUG AlphaScanner.Engine Batch download chunk 38/76 requested=10 resolved=10
2026-07-12 15:45:31,622 DEBUG AlphaScanner.Data download_history_batch(size=10, period=2y, interval=1d, use_cache=False, head=['JUSTDIAL.NS', 'JWL.NS', 'JYOTHYLAB.NS', 'JYOTICNC.NS', 'KAJARIACER.NS'])
2026-07-12 15:45:32,014 DEBUG AlphaScanner.Data download_history_batch split result count=10
2026-07-12 15:45:32,014 DEBUG AlphaScanner.Engine Batch download chunk 39/76 requested=10 resolved=10
2026-07-12 15:45:32,023 DEBUG AlphaScanner.Data download_history_batch(size=10, period=2y, interval=1d, use_cache=False, head=['KEI.NS', 'KFINTECH.NS', 'KIMS.NS', 'KIRLOSBROS.NS', 'KIRLOSENG.NS'])
2026-07-12 15:45:32,735 DEBUG AlphaScanner.Data download_history_batch split result count=10
2026-07-12 15:45:32,736 DEBUG AlphaScanner.Engine Batch download chunk 40/76 requested=10 resolved=10
2026-07-12 15:45:32,748 DEBUG AlphaScanner.Data download_history_batch(size=10, period=2y, interval=1d, use_cache=False, head=['KPIL.NS', 'KPITTECH.NS', 'KPRMILL.NS', 'KRBL.NS', 'KRN.NS'])
2026-07-12 15:45:33,315 DEBUG AlphaScanner.Data download_history_batch split result count=10
2026-07-12 15:45:33,316 DEBUG AlphaScanner.Engine Batch download chunk 41/76 requested=10 resolved=10
2026-07-12 15:45:33,331 DEBUG AlphaScanner.Data download_history_batch(size=10, period=2y, interval=1d, use_cache=False, head=['LAURUSLABS.NS', 'LEMONTREE.NS', 'LENSKART.NS', 'LGEINDIA.NS', 'LICHSGFIN.NS'])
2026-07-12 15:45:33,708 DEBUG AlphaScanner.Data download_history_batch split result count=10
2026-07-12 15:45:33,708 DEBUG AlphaScanner.Engine Batch download chunk 42/76 requested=10 resolved=10
2026-07-12 15:45:33,722 DEBUG AlphaScanner.Data download_history_batch(size=10, period=2y, interval=1d, use_cache=False, head=['LODHA.NS', 'LOTUSDEV.NS', 'LT.NS', 'LTF.NS', 'LTFOODS.NS'])
2026-07-12 15:45:34,163 DEBUG AlphaScanner.Data download_history_batch split result count=10
2026-07-12 15:45:34,164 DEBUG AlphaScanner.Engine Batch download chunk 43/76 requested=10 resolved=10
2026-07-12 15:45:34,172 DEBUG AlphaScanner.Data download_history_batch(size=10, period=2y, interval=1d, use_cache=False, head=['M&M.NS', 'M&MFIN.NS', 'MAHABANK.NS', 'MAHSCOOTER.NS', 'MAHSEAMLES.NS'])
2026-07-12 15:45:34,753 DEBUG AlphaScanner.Data download_history_batch split result count=10
2026-07-12 15:45:34,754 DEBUG AlphaScanner.Engine Batch download chunk 44/76 requested=10 resolved=10
2026-07-12 15:45:34,762 DEBUG AlphaScanner.Data download_history_batch(size=10, period=2y, interval=1d, use_cache=False, head=['MARICO.NS', 'MARKSANS.NS', 'MARUTI.NS', 'MASTEK.NS', 'MAXHEALTH.NS'])
2026-07-12 15:45:35,303 DEBUG AlphaScanner.Data download_history_batch split result count=10
2026-07-12 15:45:35,304 DEBUG AlphaScanner.Engine Batch download chunk 45/76 requested=10 resolved=10
2026-07-12 15:45:35,312 DEBUG AlphaScanner.Data download_history_batch(size=10, period=2y, interval=1d, use_cache=False, head=['METROPOLIS.NS', 'MFSL.NS', 'MGL.NS', 'MIDHANI.NS', 'MINDACORP.NS'])
2026-07-12 15:45:35,802 DEBUG AlphaScanner.Data download_history_batch split result count=10
2026-07-12 15:45:35,802 DEBUG AlphaScanner.Engine Batch download chunk 46/76 requested=10 resolved=10
2026-07-12 15:45:35,811 DEBUG AlphaScanner.Data download_history_batch(size=10, period=2y, interval=1d, use_cache=False, head=['MRF.NS', 'MRPL.NS', 'MSTCLTD.NS', 'MSUMI.NS', 'MTARTECH.NS'])
2026-07-12 15:45:36,268 DEBUG AlphaScanner.Data download_history_batch split result count=10
2026-07-12 15:45:36,268 DEBUG AlphaScanner.Engine Batch download chunk 47/76 requested=10 resolved=10
2026-07-12 15:45:36,277 DEBUG AlphaScanner.Data download_history_batch(size=10, period=2y, interval=1d, use_cache=False, head=['NAVA.NS', 'NAVINFLUOR.NS', 'NAZARA.NS', 'NBCC.NS', 'NCC.NS'])
2026-07-12 15:45:36,855 DEBUG AlphaScanner.Data download_history_batch split result count=10
2026-07-12 15:45:36,855 DEBUG AlphaScanner.Engine Batch download chunk 48/76 requested=10 resolved=10
2026-07-12 15:45:36,879 DEBUG AlphaScanner.Data download_history_batch(size=10, period=2y, interval=1d, use_cache=False, head=['NEULANDLAB.NS', 'NEWGEN.NS', 'NFL.NS', 'NH.NS', 'NHPC.NS'])
2026-07-12 15:45:37,354 DEBUG AlphaScanner.Data download_history_batch split result count=10
2026-07-12 15:45:37,354 DEBUG AlphaScanner.Engine Batch download chunk 49/76 requested=10 resolved=10
2026-07-12 15:45:37,368 DEBUG AlphaScanner.Data download_history_batch(size=10, period=2y, interval=1d, use_cache=False, head=['NTPC.NS', 'NTPCGREEN.NS', 'NUVAMA.NS', 'NUVOCO.NS', 'NYKAA.NS'])
2026-07-12 15:45:37,855 DEBUG AlphaScanner.Data download_history_batch split result count=10
2026-07-12 15:45:37,855 DEBUG AlphaScanner.Engine Batch download chunk 50/76 requested=10 resolved=10
2026-07-12 15:45:37,868 DEBUG AlphaScanner.Data download_history_batch(size=10, period=2y, interval=1d, use_cache=False, head=['ONESOURCE.NS', 'ONGC.NS', 'OPTIEMUS.NS', 'ORIENTCEM.NS', 'ORKLAINDIA.NS'])
2026-07-12 15:45:38,412 DEBUG AlphaScanner.Data download_history_batch split result count=10
2026-07-12 15:45:38,413 DEBUG AlphaScanner.Engine Batch download chunk 51/76 requested=10 resolved=10
2026-07-12 15:45:38,423 DEBUG AlphaScanner.Data download_history_batch(size=10, period=2y, interval=1d, use_cache=False, head=['PATANJALI.NS', 'PAYTM.NS', 'PCBL.NS', 'PCJEWELLER.NS', 'PERSISTENT.NS'])
2026-07-12 15:45:38,853 DEBUG AlphaScanner.Data download_history_batch split result count=10
2026-07-12 15:45:38,854 DEBUG AlphaScanner.Engine Batch download chunk 52/76 requested=10 resolved=10
2026-07-12 15:45:38,864 DEBUG AlphaScanner.Data download_history_batch(size=10, period=2y, interval=1d, use_cache=False, head=['PGIL.NS', 'PHOENIXLTD.NS', 'PICCADIL.NS', 'PIDILITIND.NS', 'PIIND.NS'])
2026-07-12 15:45:39,273 DEBUG AlphaScanner.Data download_history_batch split result count=10
2026-07-12 15:45:39,273 DEBUG AlphaScanner.Engine Batch download chunk 53/76 requested=10 resolved=10
2026-07-12 15:45:39,283 DEBUG AlphaScanner.Data download_history_batch(size=10, period=2y, interval=1d, use_cache=False, head=['PNGJL.NS', 'POLICYBZR.NS', 'POLYCAB.NS', 'POLYMED.NS', 'POONAWALLA.NS'])
2026-07-12 15:45:39,912 DEBUG AlphaScanner.Data download_history_batch split result count=10
2026-07-12 15:45:39,912 DEBUG AlphaScanner.Engine Batch download chunk 54/76 requested=10 resolved=10
2026-07-12 15:45:39,920 DEBUG AlphaScanner.Data download_history_batch(size=10, period=2y, interval=1d, use_cache=False, head=['PREMIERENE.NS', 'PRESTIGE.NS', 'PRICOLLTD.NS', 'PRIVISCL.NS', 'PRSMJOHNSN.NS'])
2026-07-12 15:45:40,450 DEBUG AlphaScanner.Data download_history_batch split result count=10
2026-07-12 15:45:40,451 DEBUG AlphaScanner.Engine Batch download chunk 55/76 requested=10 resolved=10
2026-07-12 15:45:40,467 DEBUG AlphaScanner.Data download_history_batch(size=10, period=2y, interval=1d, use_cache=False, head=['PWL.NS', 'QPOWER.NS', 'QUESS.NS', 'RADICO.NS', 'RAILTEL.NS'])
2026-07-12 15:45:41,156 DEBUG AlphaScanner.Data download_history_batch split result count=10
2026-07-12 15:45:41,157 DEBUG AlphaScanner.Engine Batch download chunk 56/76 requested=10 resolved=10
2026-07-12 15:45:41,165 DEBUG AlphaScanner.Data download_history_batch(size=10, period=2y, interval=1d, use_cache=False, head=['RATNAMANI.NS', 'RAYMONDLSL.NS', 'RBA.NS', 'RBLBANK.NS', 'RCF.NS'])
2026-07-12 15:45:41,580 DEBUG AlphaScanner.Data download_history_batch split result count=10
2026-07-12 15:45:41,580 DEBUG AlphaScanner.Engine Batch download chunk 57/76 requested=10 resolved=10
2026-07-12 15:45:41,588 DEBUG AlphaScanner.Data download_history_batch(size=10, period=2y, interval=1d, use_cache=False, head=['RELIANCE.NS', 'RELIGARE.NS', 'RENUKA.NS', 'RHIM.NS', 'RITES.NS'])
2026-07-12 15:45:42,031 DEBUG AlphaScanner.Data download_history_batch split result count=10
2026-07-12 15:45:42,031 DEBUG AlphaScanner.Engine Batch download chunk 58/76 requested=10 resolved=10
2026-07-12 15:45:42,040 DEBUG AlphaScanner.Data download_history_batch(size=10, period=2y, interval=1d, use_cache=False, head=['RTNPOWER.NS', 'RUBICON.NS', 'RVNL.NS', 'SAATVIKGL.NS', 'SAFARI.NS'])
2026-07-12 15:45:42,378 DEBUG AlphaScanner.Data download_history_batch split result count=10
2026-07-12 15:45:42,379 DEBUG AlphaScanner.Engine Batch download chunk 59/76 requested=10 resolved=10
2026-07-12 15:45:42,387 DEBUG AlphaScanner.Data download_history_batch(size=10, period=2y, interval=1d, use_cache=False, head=['SANDUMA.NS', 'SANOFICONR.NS', 'SANSERA.NS', 'SAPPHIRE.NS', 'SARDAEN.NS'])
2026-07-12 15:45:42,975 DEBUG AlphaScanner.Data download_history_batch split result count=10
2026-07-12 15:45:42,975 DEBUG AlphaScanner.Engine Batch download chunk 60/76 requested=10 resolved=10
2026-07-12 15:45:42,984 DEBUG AlphaScanner.Data download_history_batch(size=10, period=2y, interval=1d, use_cache=False, head=['SCHAEFFLER.NS', 'SCHNEIDER.NS', 'SCI.NS', 'SENCO.NS', 'SFL.NS'])
2026-07-12 15:45:43,392 DEBUG AlphaScanner.Data download_history_batch split result count=10
2026-07-12 15:45:43,393 DEBUG AlphaScanner.Engine Batch download chunk 61/76 requested=10 resolved=10
2026-07-12 15:45:43,401 DEBUG AlphaScanner.Data download_history_batch(size=10, period=2y, interval=1d, use_cache=False, head=['SHREECEM.NS', 'SHRIPISTON.NS', 'SHRIRAMFIN.NS', 'SHYAMMETL.NS', 'SIEMENS.NS'])
2026-07-12 15:45:43,923 DEBUG AlphaScanner.Data download_history_batch split result count=10
2026-07-12 15:45:43,923 DEBUG AlphaScanner.Engine Batch download chunk 62/76 requested=10 resolved=10
2026-07-12 15:45:43,933 DEBUG AlphaScanner.Data download_history_batch(size=10, period=2y, interval=1d, use_cache=False, head=['SKYGOLD.NS', 'SMARTWORKS.NS', 'SMLMAH.NS', 'SOBHA.NS', 'SOLARINDS.NS'])
2026-07-12 15:45:44,415 DEBUG AlphaScanner.Data download_history_batch split result count=10
2026-07-12 15:45:44,415 DEBUG AlphaScanner.Engine Batch download chunk 63/76 requested=10 resolved=10
2026-07-12 15:45:44,423 DEBUG AlphaScanner.Data download_history_batch(size=10, period=2y, interval=1d, use_cache=False, head=['SRF.NS', 'STAR.NS', 'STARCEMENT.NS', 'STARHEALTH.NS', 'STLTECH.NS'])
2026-07-12 15:45:44,900 DEBUG AlphaScanner.Data download_history_batch split result count=10
2026-07-12 15:45:44,901 DEBUG AlphaScanner.Engine Batch download chunk 64/76 requested=10 resolved=10
2026-07-12 15:45:44,909 DEBUG AlphaScanner.Data download_history_batch(size=10, period=2y, interval=1d, use_cache=False, head=['SUMICHEM.NS', 'SUNDARMFIN.NS', 'SUNPHARMA.NS', 'SUNTECK.NS', 'SUNTV.NS'])
2026-07-12 15:45:45,361 DEBUG AlphaScanner.Data download_history_batch split result count=10
2026-07-12 15:45:45,361 DEBUG AlphaScanner.Engine Batch download chunk 65/76 requested=10 resolved=10
2026-07-12 15:45:45,369 DEBUG AlphaScanner.Data download_history_batch(size=10, period=2y, interval=1d, use_cache=False, head=['SWIGGY.NS', 'SWSOLAR.NS', 'SYNGENE.NS', 'SYRMA.NS', 'TANLA.NS'])
2026-07-12 15:45:45,921 DEBUG AlphaScanner.Data download_history_batch split result count=10
2026-07-12 15:45:45,921 DEBUG AlphaScanner.Engine Batch download chunk 66/76 requested=10 resolved=10
2026-07-12 15:45:45,931 DEBUG AlphaScanner.Data download_history_batch(size=10, period=2y, interval=1d, use_cache=False, head=['TATACONSUM.NS', 'TATAELXSI.NS', 'TATAINVEST.NS', 'TATAPOWER.NS', 'TATASTEEL.NS'])
2026-07-12 15:45:46,443 DEBUG AlphaScanner.Data download_history_batch split result count=10
2026-07-12 15:45:46,443 DEBUG AlphaScanner.Engine Batch download chunk 67/76 requested=10 resolved=10
2026-07-12 15:45:46,454 DEBUG AlphaScanner.Data download_history_batch(size=10, period=2y, interval=1d, use_cache=False, head=['TECHNOE.NS', 'TEGA.NS', 'TEJASNET.NS', 'TENNIND.NS', 'TEXRAIL.NS'])
2026-07-12 15:45:47,103 DEBUG AlphaScanner.Data download_history_batch split result count=10
2026-07-12 15:45:47,104 DEBUG AlphaScanner.Engine Batch download chunk 68/76 requested=10 resolved=10
2026-07-12 15:45:47,119 DEBUG AlphaScanner.Data download_history_batch(size=10, period=2y, interval=1d, use_cache=False, head=['TI.NS', 'TIINDIA.NS', 'TIMETECHNO.NS', 'TIMKEN.NS', 'TIPSMUSIC.NS'])
2026-07-12 15:45:47,518 DEBUG AlphaScanner.Data download_history_batch split result count=10
2026-07-12 15:45:47,519 DEBUG AlphaScanner.Engine Batch download chunk 69/76 requested=10 resolved=10
2026-07-12 15:45:47,531 DEBUG AlphaScanner.Data download_history_batch(size=10, period=2y, interval=1d, use_cache=False, head=['TORNTPHARM.NS', 'TORNTPOWER.NS', 'TRANSRAILL.NS', 'TRAVELFOOD.NS', 'TRENT.NS'])
2026-07-12 15:45:47,962 DEBUG AlphaScanner.Data download_history_batch split result count=10
2026-07-12 15:45:47,963 DEBUG AlphaScanner.Engine Batch download chunk 70/76 requested=10 resolved=10
2026-07-12 15:45:47,971 DEBUG AlphaScanner.Data download_history_batch(size=10, period=2y, interval=1d, use_cache=False, head=['TVSMOTOR.NS', 'TVSSCS.NS', 'UBL.NS', 'UCOBANK.NS', 'UJJIVANSFB.NS'])
2026-07-12 15:45:48,422 DEBUG AlphaScanner.Data download_history_batch split result count=10
2026-07-12 15:45:48,422 DEBUG AlphaScanner.Engine Batch download chunk 71/76 requested=10 resolved=10
2026-07-12 15:45:48,432 DEBUG AlphaScanner.Data download_history_batch(size=10, period=2y, interval=1d, use_cache=False, head=['URBANCO.NS', 'USHAMART.NS', 'UTIAMC.NS', 'UTLSOLAR.NS', 'V2RETAIL.NS'])
2026-07-12 15:45:48,833 DEBUG AlphaScanner.Data download_history_batch split result count=10
2026-07-12 15:45:48,833 DEBUG AlphaScanner.Engine Batch download chunk 72/76 requested=10 resolved=10
2026-07-12 15:45:48,843 DEBUG AlphaScanner.Data download_history_batch(size=10, period=2y, interval=1d, use_cache=False, head=['VIJAYA.NS', 'VIKRAMSOLR.NS', 'VIPIND.NS', 'VIYASH.NS', 'VMART.NS'])
2026-07-12 15:45:49,380 DEBUG AlphaScanner.Data download_history_batch split result count=10
2026-07-12 15:45:49,380 DEBUG AlphaScanner.Engine Batch download chunk 73/76 requested=10 resolved=10
2026-07-12 15:45:49,388 DEBUG AlphaScanner.Data download_history_batch(size=10, period=2y, interval=1d, use_cache=False, head=['WAAREERTL.NS', 'WABAG.NS', 'WAKEFIT.NS', 'WEBELSOLAR.NS', 'WELCORP.NS'])
2026-07-12 15:45:49,869 DEBUG AlphaScanner.Data download_history_batch split result count=10
2026-07-12 15:45:49,870 DEBUG AlphaScanner.Engine Batch download chunk 74/76 requested=10 resolved=10
2026-07-12 15:45:49,879 DEBUG AlphaScanner.Data download_history_batch(size=10, period=2y, interval=1d, use_cache=False, head=['WIPRO.NS', 'WOCKPHARMA.NS', 'YATHARTH.NS', 'YESBANK.NS', 'ZAGGLE.NS'])
2026-07-12 15:45:50,458 DEBUG AlphaScanner.Data download_history_batch split result count=10
2026-07-12 15:45:50,458 DEBUG AlphaScanner.Engine Batch download chunk 75/76 requested=10 resolved=10
2026-07-12 15:45:50,466 DEBUG AlphaScanner.Data download_history_batch(size=1, period=2y, interval=1d, use_cache=False, head=['ZYDUSWELL.NS'])
2026-07-12 15:45:50,683 DEBUG AlphaScanner.Data download_history_batch split result count=1
2026-07-12 15:45:50,683 DEBUG AlphaScanner.Engine Batch download chunk 76/76 requested=1 resolved=1
2026-07-12 15:45:50,978 DEBUG AlphaScanner.Engine Concatenated legacy data shape=(499, 4506)
2026-07-12 15:45:51,043 DEBUG AlphaScanner.Engine Post-align data shape=(495, 4506) benchmark_rows=495
2026-07-12 15:46:15,562 DEBUG AlphaScanner.Engine Legacy scan completed: hits=6 scanned=720 fail_counts={'trend_fail': 399, 'momentum_fail': 67, 'volume_fail': 130, 'breakout_fail': 167, 'rs_fail': 0, 'adx_fail': 11, 'liquidity_fail': 51, 'error_fail': 31}
2026-07-12 15:46:15,594 DEBUG AlphaScanner.Service perform_fresh_scan completed: rows=6 stats_keys=['adx_fail', 'bank_nifty_change', 'bb_fail', 'breakout_fail', 'dii_net', 'error_fail', 'fakeout_trap', 'fii_net', 'liquidity_fail', 'macd_fail', 'market_bias', 'market_bias_score', 'market_breadth_50', 'market_health', 'momentum_fail', 'nifty_change', 'rs_fail', 'scanned', 'scanner_type', 'sector_sentiment', 'timeframe', 'trend_fail', 'trending_sectors', 'universe', 'universe_size', 'volume_fail']
2026-07-12 15:46:23,580 DEBUG AlphaScanner.UI.Scanner render_tab(scan_type=Breakout, universe=Total Market (Cap Focused), scan_mode=Entry Scanner, timeframe=1d, use_cache=False, run_scan=False)
2026-07-12 15:46:29,027 DEBUG AlphaScanner.UI.Scanner render_tab(scan_type=Breakout, universe=Total Market (Cap Focused), scan_mode=Entry Scanner, timeframe=1d, use_cache=False, run_scan=False)
2026-07-12 15:46:31,348 DEBUG AlphaScanner.UI.Scanner render_tab(scan_type=Breakout, universe=Total Market (Cap Focused), scan_mode=Entry Scanner, timeframe=1d, use_cache=False, run_scan=False)
2026-07-12 15:46:34,418 DEBUG AlphaScanner.UI.Scanner render_tab(scan_type=Breakout, universe=Total Market (Cap Focused), scan_mode=Entry Scanner, timeframe=1d, use_cache=False, run_scan=False)
2026-07-12 15:46:36,988 DEBUG AlphaScanner.UI.Scanner render_tab(scan_type=Breakout, universe=Total Market (Cap Focused), scan_mode=Entry Scanner, timeframe=1d, use_cache=False, run_scan=False)
2026-07-12 15:47:01,570 INFO AlphaScanner.Engine Background metadata worker starting...
2026-07-12 15:47:01,604 DEBUG AlphaScanner.UI.Scanner render_tab(scan_type=Breakout, universe=Nifty 500, scan_mode=Entry Scanner, timeframe=1d, use_cache=False, run_scan=False)
2026-07-12 15:47:01,635 INFO AlphaScanner.Engine Prefetching missing metadata for 2 tickers...
2026-07-12 15:47:02,636 INFO AlphaScanner.Engine Background cache refresh complete for 751 symbols.
2026-07-12 15:47:23,481 DEBUG AlphaScanner.UI.Scanner render_tab(scan_type=Breakout, universe=Nifty 500, scan_mode=Entry Scanner, timeframe=1d, use_cache=False, run_scan=False)
2026-07-12 15:47:25,324 DEBUG AlphaScanner.UI.Scanner render_tab(scan_type=Breakout, universe=Nifty 500, scan_mode=Entry Scanner, timeframe=1d, use_cache=False, run_scan=False)
2026-07-12 15:47:27,089 DEBUG AlphaScanner.UI.Scanner render_tab(scan_type=Breakout, universe=Nifty 500, scan_mode=Entry Scanner, timeframe=1d, use_cache=False, run_scan=False)
2026-07-12 15:47:28,095 DEBUG AlphaScanner.UI.Scanner render_tab(scan_type=Breakout, universe=Nifty 500, scan_mode=Entry Scanner, timeframe=1d, use_cache=False, run_scan=False)
2026-07-12 15:47:29,516 DEBUG AlphaScanner.UI.Scanner render_tab(scan_type=Breakout, universe=Nifty 500, scan_mode=Entry Scanner, timeframe=1d, use_cache=False, run_scan=False)
2026-07-12 15:47:30,831 DEBUG AlphaScanner.UI.Scanner render_tab(scan_type=Breakout, universe=Nifty 500, scan_mode=Entry Scanner, timeframe=1d, use_cache=False, run_scan=False)
2026-07-12 15:47:32,432 DEBUG AlphaScanner.UI.Scanner render_tab(scan_type=Breakout, universe=Nifty 500, scan_mode=Entry Scanner, timeframe=1d, use_cache=False, run_scan=False)
2026-07-12 15:47:33,499 DEBUG AlphaScanner.UI.Scanner render_tab(scan_type=Breakout, universe=Nifty 500, scan_mode=Entry Scanner, timeframe=1d, use_cache=False, run_scan=False)
2026-07-12 15:47:35,769 DEBUG AlphaScanner.UI.Scanner render_tab(scan_type=Breakout, universe=Nifty 500, scan_mode=Entry Scanner, timeframe=1d, use_cache=False, run_scan=False)
2026-07-12 15:47:37,336 DEBUG AlphaScanner.UI.Scanner render_tab(scan_type=Breakout, universe=Nifty 500, scan_mode=Entry Scanner, timeframe=1d, use_cache=False, run_scan=False)
2026-07-12 15:47:39,148 DEBUG AlphaScanner.UI.Scanner render_tab(scan_type=Breakout, universe=Nifty 500, scan_mode=Entry Scanner, timeframe=1d, use_cache=False, run_scan=False)
2026-07-12 15:47:40,626 DEBUG AlphaScanner.UI.Scanner render_tab(scan_type=Breakout, universe=Nifty 500, scan_mode=Entry Scanner, timeframe=1d, use_cache=False, run_scan=False)
2026-07-12 15:47:53,077 DEBUG AlphaScanner.UI.Scanner render_tab(scan_type=Modular Momentum, universe=Nifty 500, scan_mode=Entry Scanner, timeframe=1d, use_cache=False, run_scan=False)
2026-07-12 15:47:58,228 DEBUG AlphaScanner.UI.Scanner render_tab(scan_type=Modular Momentum, universe=Nifty 500, scan_mode=Entry Scanner, timeframe=1d, use_cache=False, run_scan=True)
2026-07-12 15:47:58,715 DEBUG AlphaScanner.UI.Scanner Starting fresh scan with min_cap=0 max_cap=0 sector_map_size=500
2026-07-12 15:47:58,715 DEBUG AlphaScanner.Service perform_fresh_scan(scanner_type=Modular Momentum, universe=Nifty 500, timeframe=1d, scan_mode=Entry Scanner, use_cache=False, vol_thresh=0.6, rsi_min=35, rsi_max=75, dist_thresh=5.0, min_mkt_cap_cr=0, max_mkt_cap_cr=0)
2026-07-12 15:47:58,715 DEBUG AlphaScanner.Service Routing to modular scanner with config={'universe': 'Nifty 500', 'min_candles': 300, 'interval': '1d', 'lookback_period': '2y', 'max_candidates': 15, 'min_total_score': 25.0, 'watchlist_min_score': 60.0, 'entry_min_score': 70.0, 'watchlist_trend_weight': 0.2, 'watchlist_base_weight': 0.35, 'watchlist_volume_weight': 0.2, 'watchlist_rs_weight': 0.15, 'watchlist_sector_weight': 0.1, 'entry_trend_weight': 0.2, 'entry_breakout_weight': 0.25, 'entry_volume_weight': 0.2, 'entry_rs_weight': 0.15, 'entry_sector_weight': 0.15, 'entry_risk_weight': 0.1, 'watchlist_price_above_ema200': True, 'watchlist_base_high_pct': 5.0, 'watchlist_base_range_pct': 10.0, 'watchlist_base_days_min': 10, 'watchlist_atr_contraction_pct': -15.0, 'watchlist_bbw_contraction_pct': -20.0, 'watchlist_volume_dryup_pct': -25.0, 'watchlist_rs_min': 60.0, 'watchlist_sector_strength_min': 0.0, 'entry_breakout_volume_ratio': 2.0, 'entry_rs_rank_min': 80.0, 'entry_risk_reward_min': 2.0, 'entry_extension_pct': 10.0, 'entry_atr_expansion_pct': 1.8, 'market_regime_trend_weight': 0.3, 'market_regime_breadth_weight': 0.25, 'market_regime_momentum_weight': 0.2, 'market_regime_volume_weight': 0.15, 'market_regime_volatility_weight': 0.1, 'market_regime_bullish_threshold': 75.0, 'market_regime_neutral_threshold': 55.0, 'market_regime_caution_threshold': 40.0, 'market_regime_bearish_threshold': 0.0, 'market_regime_bullish_penalty': 1.0, 'market_regime_neutral_penalty': 0.95, 'market_regime_caution_penalty': 0.85, 'market_regime_bearish_penalty': 0.7, 'market_regime_buy_min_bullish': 80.0, 'market_regime_buy_min_neutral': 85.0, 'market_regime_buy_min_caution': 90.0, 'market_regime_buy_min_bearish': 95.0, 'market_regime_nifty50_period': '2y', 'market_regime_nifty500_period': '2y', 'market_regime_breadth_min_above_ema20': 45.0, 'market_regime_breadth_min_above_ema50': 40.0, 'market_regime_breadth_min_above_ema200': 25.0, 'market_regime_atr_window': 14, 'market_regime_volume_window': 20, 'market_regime_volatility_window': 20, 'market_regime_momentum_return_cap_pct': 10.0, 'market_regime_ema_buffer_pct': 0.5, 'market_regime_distribution_day_window': 20, 'market_regime_accumulation_day_window': 20, 'market_regime_volume_trend_threshold_pct': 10.0, 'market_regime_volatility_high_threshold_pct': 15.0, 'market_regime_volatility_mid_threshold_pct': 8.0, 'market_regime_accumulation_edge_days': 2, 'market_regime_distribution_edge_days': 2, 'mtf_weekly_weight': 20.0, 'mtf_daily_weight': 50.0, 'mtf_hourly_weight': 30.0, 'mtf_weekly_max_points': 20.0, 'mtf_daily_max_points': 50.0, 'mtf_hourly_max_points': 30.0, 'mtf_strong_buy_threshold': 90.0, 'mtf_buy_threshold': 80.0, 'mtf_watch_threshold': 65.0, 'mtf_wait_threshold': 50.0, 'mtf_weekly_bullish_threshold': 14.0, 'mtf_weekly_neutral_threshold': 10.0, 'mtf_weekly_bearish_threshold': 6.0, 'mtf_daily_bullish_threshold': 35.0, 'mtf_daily_neutral_threshold': 25.0, 'mtf_hourly_bullish_threshold': 20.0, 'mtf_hourly_neutral_threshold': 12.0, 'mtf_weekly_lookback_period': '2y', 'mtf_daily_lookback_period': '1y', 'mtf_hourly_lookback_period': '60d', 'mtf_hourly_ema_fast': 20, 'mtf_hourly_ema_slow': 50, 'mtf_weekly_veto_enabled': True, 'mtf_enable_confirmation': False, 'ema_fast': 20, 'ema_medium': 50, 'ema_slow': 200, 'atr_window': 20, 'contraction_window': 20, 'volume_sma_window': 20, 'volume_contraction_lookback': 20, 'volume_multiplier': 1.6, 'relative_strength_window': 90, 'relative_strength_period_1': 30, 'relative_strength_period_2': 60, 'relative_strength_period_3': 90, 'relative_strength_min_data': 30, 'sector_lookback': 60, 'risk_atr_multiplier': 2.5, 'sector_blacklist': ['Financial Services', 'Utilities'], 'required_columns': ['Open', 'High', 'Low', 'Close', 'Volume']}
2026-07-12 15:47:58,716 INFO AlphaScanner.Scanner Starting dual-mode scanner with config {'universe': 'Nifty 500', 'min_candles': 300, 'interval': '1d', 'lookback_period': '2y', 'max_candidates': 15, 'min_total_score': 25.0, 'watchlist_min_score': 60.0, 'entry_min_score': 70.0, 'watchlist_trend_weight': 0.2, 'watchlist_base_weight': 0.35, 'watchlist_volume_weight': 0.2, 'watchlist_rs_weight': 0.15, 'watchlist_sector_weight': 0.1, 'entry_trend_weight': 0.2, 'entry_breakout_weight': 0.25, 'entry_volume_weight': 0.2, 'entry_rs_weight': 0.15, 'entry_sector_weight': 0.15, 'entry_risk_weight': 0.1, 'watchlist_price_above_ema200': True, 'watchlist_base_high_pct': 5.0, 'watchlist_base_range_pct': 10.0, 'watchlist_base_days_min': 10, 'watchlist_atr_contraction_pct': -15.0, 'watchlist_bbw_contraction_pct': -20.0, 'watchlist_volume_dryup_pct': -25.0, 'watchlist_rs_min': 60.0, 'watchlist_sector_strength_min': 0.0, 'entry_breakout_volume_ratio': 2.0, 'entry_rs_rank_min': 80.0, 'entry_risk_reward_min': 2.0, 'entry_extension_pct': 10.0, 'entry_atr_expansion_pct': 1.8, 'market_regime_trend_weight': 0.3, 'market_regime_breadth_weight': 0.25, 'market_regime_momentum_weight': 0.2, 'market_regime_volume_weight': 0.15, 'market_regime_volatility_weight': 0.1, 'market_regime_bullish_threshold': 75.0, 'market_regime_neutral_threshold': 55.0, 'market_regime_caution_threshold': 40.0, 'market_regime_bearish_threshold': 0.0, 'market_regime_bullish_penalty': 1.0, 'market_regime_neutral_penalty': 0.95, 'market_regime_caution_penalty': 0.85, 'market_regime_bearish_penalty': 0.7, 'market_regime_buy_min_bullish': 80.0, 'market_regime_buy_min_neutral': 85.0, 'market_regime_buy_min_caution': 90.0, 'market_regime_buy_min_bearish': 95.0, 'market_regime_nifty50_period': '2y', 'market_regime_nifty500_period': '2y', 'market_regime_breadth_min_above_ema20': 45.0, 'market_regime_breadth_min_above_ema50': 40.0, 'market_regime_breadth_min_above_ema200': 25.0, 'market_regime_atr_window': 14, 'market_regime_volume_window': 20, 'market_regime_volatility_window': 20, 'market_regime_momentum_return_cap_pct': 10.0, 'market_regime_ema_buffer_pct': 0.5, 'market_regime_distribution_day_window': 20, 'market_regime_accumulation_day_window': 20, 'market_regime_volume_trend_threshold_pct': 10.0, 'market_regime_volatility_high_threshold_pct': 15.0, 'market_regime_volatility_mid_threshold_pct': 8.0, 'market_regime_accumulation_edge_days': 2, 'market_regime_distribution_edge_days': 2, 'mtf_weekly_weight': 20.0, 'mtf_daily_weight': 50.0, 'mtf_hourly_weight': 30.0, 'mtf_weekly_max_points': 20.0, 'mtf_daily_max_points': 50.0, 'mtf_hourly_max_points': 30.0, 'mtf_strong_buy_threshold': 90.0, 'mtf_buy_threshold': 80.0, 'mtf_watch_threshold': 65.0, 'mtf_wait_threshold': 50.0, 'mtf_weekly_bullish_threshold': 14.0, 'mtf_weekly_neutral_threshold': 10.0, 'mtf_weekly_bearish_threshold': 6.0, 'mtf_daily_bullish_threshold': 35.0, 'mtf_daily_neutral_threshold': 25.0, 'mtf_hourly_bullish_threshold': 20.0, 'mtf_hourly_neutral_threshold': 12.0, 'mtf_weekly_lookback_period': '2y', 'mtf_daily_lookback_period': '1y', 'mtf_hourly_lookback_period': '60d', 'mtf_hourly_ema_fast': 20, 'mtf_hourly_ema_slow': 50, 'mtf_weekly_veto_enabled': True, 'mtf_enable_confirmation': False, 'ema_fast': 20, 'ema_medium': 50, 'ema_slow': 200, 'atr_window': 20, 'contraction_window': 20, 'volume_sma_window': 20, 'volume_contraction_lookback': 20, 'volume_multiplier': 1.6, 'relative_strength_window': 90, 'relative_strength_period_1': 30, 'relative_strength_period_2': 60, 'relative_strength_period_3': 90, 'relative_strength_min_data': 30, 'sector_lookback': 60, 'risk_atr_multiplier': 2.5, 'sector_blacklist': ['Financial Services', 'Utilities'], 'required_columns': ['Open', 'High', 'Low', 'Close', 'Volume']}
2026-07-12 15:47:58,717 DEBUG AlphaScanner.Scanner Dual-mode scan requested with universe=Nifty 500 interval=1d min_candles=300 use_cache=False
2026-07-12 15:47:58,718 DEBUG AlphaScanner.Data get_universe(Nifty 500) -> 500 symbols
2026-07-12 15:47:58,719 DEBUG AlphaScanner.Scanner Resolved universe size=500 head=['360ONE.NS', '3MINDIA.NS', 'ABB.NS', 'ACC.NS', 'ACMESOLAR.NS']
2026-07-12 15:47:58,719 DEBUG AlphaScanner.Data download_history_batch(size=5, period=2y, interval=1d, use_cache=False, head=['360ONE.NS', '3MINDIA.NS', 'ABB.NS', 'ACC.NS', 'ACMESOLAR.NS'])
2026-07-12 15:47:59,046 DEBUG AlphaScanner.Data download_history_batch split result count=5
2026-07-12 15:47:59,046 DEBUG AlphaScanner.Scanner Downloaded chunk 1/100 size=5 resolved=5
2026-07-12 15:47:59,108 DEBUG AlphaScanner.Scanner Chunk 1/100 complete: watchlist=1 entry=1
2026-07-12 15:47:59,108 DEBUG AlphaScanner.Data download_history_batch(size=5, period=2y, interval=1d, use_cache=False, head=['AIAENG.NS', 'APLAPOLLO.NS', 'AUBANK.NS', 'AWL.NS', 'AADHARHFC.NS'])
2026-07-12 15:47:59,476 DEBUG AlphaScanner.Data download_history_batch split result count=5
2026-07-12 15:47:59,476 DEBUG AlphaScanner.Scanner Downloaded chunk 2/100 size=5 resolved=5
2026-07-12 15:47:59,548 DEBUG AlphaScanner.Scanner Chunk 2/100 complete: watchlist=3 entry=2
2026-07-12 15:47:59,549 DEBUG AlphaScanner.Data download_history_batch(size=5, period=2y, interval=1d, use_cache=False, head=['AARTIIND.NS', 'AAVAS.NS', 'ABBOTINDIA.NS', 'ACE.NS', 'ACUTAAS.NS'])
2026-07-12 15:47:59,857 DEBUG AlphaScanner.Data download_history_batch split result count=5
2026-07-12 15:47:59,857 DEBUG AlphaScanner.Scanner Downloaded chunk 3/100 size=5 resolved=5
2026-07-12 15:47:59,928 DEBUG AlphaScanner.Scanner Chunk 3/100 complete: watchlist=7 entry=3
2026-07-12 15:47:59,928 DEBUG AlphaScanner.Data download_history_batch(size=5, period=2y, interval=1d, use_cache=False, head=['ADANIENSOL.NS', 'ADANIENT.NS', 'ADANIGREEN.NS', 'ADANIPORTS.NS', 'ADANIPOWER.NS'])
2026-07-12 15:48:00,174 DEBUG AlphaScanner.Data download_history_batch split result count=5
2026-07-12 15:48:00,174 DEBUG AlphaScanner.Scanner Downloaded chunk 4/100 size=5 resolved=5
2026-07-12 15:48:00,234 DEBUG AlphaScanner.Scanner Chunk 4/100 complete: watchlist=9 entry=4
2026-07-12 15:48:00,235 DEBUG AlphaScanner.Data download_history_batch(size=5, period=2y, interval=1d, use_cache=False, head=['ATGL.NS', 'ABCAPITAL.NS', 'ABFRL.NS', 'ABLBL.NS', 'ABREL.NS'])
2026-07-12 15:48:00,494 DEBUG AlphaScanner.Data download_history_batch split result count=5
2026-07-12 15:48:00,494 DEBUG AlphaScanner.Scanner Downloaded chunk 5/100 size=5 resolved=5
2026-07-12 15:48:00,552 DEBUG AlphaScanner.Scanner Chunk 5/100 complete: watchlist=10 entry=5
2026-07-12 15:48:00,553 DEBUG AlphaScanner.Data download_history_batch(size=5, period=2y, interval=1d, use_cache=False, head=['ABSLAMC.NS', 'CPPLUS.NS', 'AEGISLOG.NS', 'AEGISVOPAK.NS', 'AFCONS.NS'])
2026-07-12 15:48:00,913 DEBUG AlphaScanner.Data download_history_batch split result count=5
2026-07-12 15:48:00,913 DEBUG AlphaScanner.Scanner Downloaded chunk 6/100 size=5 resolved=5
2026-07-12 15:48:00,955 DEBUG AlphaScanner.Scanner Chunk 6/100 complete: watchlist=11 entry=5
2026-07-12 15:48:00,955 DEBUG AlphaScanner.Data download_history_batch(size=5, period=2y, interval=1d, use_cache=False, head=['AFFLE.NS', 'AJANTPHARM.NS', 'ALKEM.NS', 'ABDL.NS', 'ARE&M.NS'])
2026-07-12 15:48:01,317 DEBUG AlphaScanner.Data download_history_batch split result count=5
2026-07-12 15:48:01,317 DEBUG AlphaScanner.Scanner Downloaded chunk 7/100 size=5 resolved=5
2026-07-12 15:48:01,378 DEBUG AlphaScanner.Scanner Chunk 7/100 complete: watchlist=14 entry=7
2026-07-12 15:48:01,379 DEBUG AlphaScanner.Data download_history_batch(size=5, period=2y, interval=1d, use_cache=False, head=['AMBER.NS', 'AMBUJACEM.NS', 'ANANDRATHI.NS', 'ANANTRAJ.NS', 'ANGELONE.NS'])
2026-07-12 15:48:01,789 DEBUG AlphaScanner.Data download_history_batch split result count=5
2026-07-12 15:48:01,790 DEBUG AlphaScanner.Scanner Downloaded chunk 8/100 size=5 resolved=5
2026-07-12 15:48:01,856 DEBUG AlphaScanner.Scanner Chunk 8/100 complete: watchlist=17 entry=9
2026-07-12 15:48:01,856 DEBUG AlphaScanner.Data download_history_batch(size=5, period=2y, interval=1d, use_cache=False, head=['ANTHEM.NS', 'ANURAS.NS', 'APARINDS.NS', 'APOLLOHOSP.NS', 'APOLLOTYRE.NS'])
2026-07-12 15:48:02,223 DEBUG AlphaScanner.Data download_history_batch split result count=5
2026-07-12 15:48:02,223 DEBUG AlphaScanner.Scanner Downloaded chunk 9/100 size=5 resolved=5
2026-07-12 15:48:02,272 DEBUG AlphaScanner.Scanner Chunk 9/100 complete: watchlist=20 entry=9
2026-07-12 15:48:02,272 DEBUG AlphaScanner.Data download_history_batch(size=5, period=2y, interval=1d, use_cache=False, head=['APTUS.NS', 'ASAHIINDIA.NS', 'ASHOKLEY.NS', 'ASIANPAINT.NS', 'ASTERDM.NS'])
2026-07-12 15:48:02,657 DEBUG AlphaScanner.Data download_history_batch split result count=5
2026-07-12 15:48:02,657 DEBUG AlphaScanner.Scanner Downloaded chunk 10/100 size=5 resolved=5
2026-07-12 15:48:02,718 DEBUG AlphaScanner.Scanner Chunk 10/100 complete: watchlist=23 entry=10
2026-07-12 15:48:02,719 DEBUG AlphaScanner.Data download_history_batch(size=5, period=2y, interval=1d, use_cache=False, head=['ASTRAL.NS', 'ATHERENERG.NS', 'ATUL.NS', 'AUROPHARMA.NS', 'AIIL.NS'])
2026-07-12 15:48:02,955 DEBUG AlphaScanner.Data download_history_batch split result count=5
2026-07-12 15:48:02,955 DEBUG AlphaScanner.Scanner Downloaded chunk 11/100 size=5 resolved=5
2026-07-12 15:48:03,003 DEBUG AlphaScanner.Scanner Chunk 11/100 complete: watchlist=23 entry=10
2026-07-12 15:48:03,003 DEBUG AlphaScanner.Data download_history_batch(size=5, period=2y, interval=1d, use_cache=False, head=['DMART.NS', 'AXISBANK.NS', 'BEML.NS', 'BLS.NS', 'BSE.NS'])
2026-07-12 15:48:03,257 DEBUG AlphaScanner.Data download_history_batch split result count=5
2026-07-12 15:48:03,257 DEBUG AlphaScanner.Scanner Downloaded chunk 12/100 size=5 resolved=5
2026-07-12 15:48:03,317 DEBUG AlphaScanner.Scanner Chunk 12/100 complete: watchlist=24 entry=11
2026-07-12 15:48:03,318 DEBUG AlphaScanner.Data download_history_batch(size=5, period=2y, interval=1d, use_cache=False, head=['BAJAJ-AUTO.NS', 'BAJFINANCE.NS', 'BAJAJFINSV.NS', 'BAJAJHLDNG.NS', 'BAJAJHFL.NS'])
2026-07-12 15:48:03,577 DEBUG AlphaScanner.Data download_history_batch split result count=5
2026-07-12 15:48:03,578 DEBUG AlphaScanner.Scanner Downloaded chunk 13/100 size=5 resolved=5
2026-07-12 15:48:03,639 DEBUG AlphaScanner.Scanner Chunk 13/100 complete: watchlist=28 entry=11
2026-07-12 15:48:03,640 DEBUG AlphaScanner.Data download_history_batch(size=5, period=2y, interval=1d, use_cache=False, head=['BALKRISIND.NS', 'BALRAMCHIN.NS', 'BANDHANBNK.NS', 'BANKBARODA.NS', 'BANKINDIA.NS'])
2026-07-12 15:48:03,999 DEBUG AlphaScanner.Data download_history_batch split result count=5
2026-07-12 15:48:03,999 DEBUG AlphaScanner.Scanner Downloaded chunk 14/100 size=5 resolved=5
2026-07-12 15:48:04,061 DEBUG AlphaScanner.Scanner Chunk 14/100 complete: watchlist=32 entry=15
2026-07-12 15:48:04,061 DEBUG AlphaScanner.Data download_history_batch(size=5, period=2y, interval=1d, use_cache=False, head=['MAHABANK.NS', 'BATAINDIA.NS', 'BAYERCROP.NS', 'BELRISE.NS', 'BERGEPAINT.NS'])
2026-07-12 15:48:04,318 DEBUG AlphaScanner.Data download_history_batch split result count=5
2026-07-12 15:48:04,319 DEBUG AlphaScanner.Scanner Downloaded chunk 15/100 size=5 resolved=5
2026-07-12 15:48:04,370 DEBUG AlphaScanner.Scanner Chunk 15/100 complete: watchlist=32 entry=16
2026-07-12 15:48:04,371 DEBUG AlphaScanner.Data download_history_batch(size=5, period=2y, interval=1d, use_cache=False, head=['BDL.NS', 'BEL.NS', 'BHARATFORG.NS', 'BHEL.NS', 'BPCL.NS'])
2026-07-12 15:48:04,745 DEBUG AlphaScanner.Data download_history_batch split result count=5
2026-07-12 15:48:04,745 DEBUG AlphaScanner.Scanner Downloaded chunk 16/100 size=5 resolved=5
2026-07-12 15:48:04,809 DEBUG AlphaScanner.Scanner Chunk 16/100 complete: watchlist=34 entry=16
2026-07-12 15:48:04,810 DEBUG AlphaScanner.Data download_history_batch(size=5, period=2y, interval=1d, use_cache=False, head=['BHARTIARTL.NS', 'BHARTIHEXA.NS', 'BIKAJI.NS', 'GROWW.NS', 'BIOCON.NS'])
2026-07-12 15:48:05,120 DEBUG AlphaScanner.Data download_history_batch split result count=5
2026-07-12 15:48:05,121 DEBUG AlphaScanner.Scanner Downloaded chunk 17/100 size=5 resolved=5
2026-07-12 15:48:05,170 DEBUG AlphaScanner.Scanner Chunk 17/100 complete: watchlist=36 entry=17
2026-07-12 15:48:05,171 DEBUG AlphaScanner.Data download_history_batch(size=5, period=2y, interval=1d, use_cache=False, head=['BSOFT.NS', 'BLUEDART.NS', 'BLUEJET.NS', 'BLUESTARCO.NS', 'BBTC.NS'])
2026-07-12 15:48:05,412 DEBUG AlphaScanner.Data download_history_batch split result count=5
2026-07-12 15:48:05,412 DEBUG AlphaScanner.Scanner Downloaded chunk 18/100 size=5 resolved=5
2026-07-12 15:48:05,475 DEBUG AlphaScanner.Scanner Chunk 18/100 complete: watchlist=37 entry=20
2026-07-12 15:48:05,476 DEBUG AlphaScanner.Data download_history_batch(size=5, period=2y, interval=1d, use_cache=False, head=['BOSCHLTD.NS', 'FIRSTCRY.NS', 'BRIGADE.NS', 'BRITANNIA.NS', 'MAPMYINDIA.NS'])
2026-07-12 15:48:05,852 DEBUG AlphaScanner.Data download_history_batch split result count=5
2026-07-12 15:48:05,852 DEBUG AlphaScanner.Scanner Downloaded chunk 19/100 size=5 resolved=5
2026-07-12 15:48:05,913 DEBUG AlphaScanner.Scanner Chunk 19/100 complete: watchlist=38 entry=20
2026-07-12 15:48:05,914 DEBUG AlphaScanner.Data download_history_batch(size=5, period=2y, interval=1d, use_cache=False, head=['CCL.NS', 'CESC.NS', 'CGPOWER.NS', 'CIEINDIA.NS', 'CRISIL.NS'])
2026-07-12 15:48:06,427 DEBUG AlphaScanner.Data download_history_batch split result count=5
2026-07-12 15:48:06,427 DEBUG AlphaScanner.Scanner Downloaded chunk 20/100 size=5 resolved=5
2026-07-12 15:48:06,489 DEBUG AlphaScanner.Scanner Chunk 20/100 complete: watchlist=41 entry=21
2026-07-12 15:48:06,489 DEBUG AlphaScanner.Data download_history_batch(size=5, period=2y, interval=1d, use_cache=False, head=['CANFINHOME.NS', 'CANBK.NS', 'CANHLIFE.NS', 'CAPLIPOINT.NS', 'CGCL.NS'])
2026-07-12 15:48:06,726 DEBUG AlphaScanner.Data download_history_batch split result count=5
2026-07-12 15:48:06,726 DEBUG AlphaScanner.Scanner Downloaded chunk 21/100 size=5 resolved=5
2026-07-12 15:48:06,773 DEBUG AlphaScanner.Scanner Chunk 21/100 complete: watchlist=42 entry=22
2026-07-12 15:48:06,774 DEBUG AlphaScanner.Data download_history_batch(size=5, period=2y, interval=1d, use_cache=False, head=['CARBORUNIV.NS', 'CARTRADE.NS', 'CASTROLIND.NS', 'CEATLTD.NS', 'CEMPRO.NS'])
2026-07-12 15:48:07,124 DEBUG AlphaScanner.Data download_history_batch split result count=5
2026-07-12 15:48:07,125 DEBUG AlphaScanner.Scanner Downloaded chunk 22/100 size=5 resolved=5
2026-07-12 15:48:07,189 DEBUG AlphaScanner.Scanner Chunk 22/100 complete: watchlist=42 entry=22
2026-07-12 15:48:07,189 DEBUG AlphaScanner.Data download_history_batch(size=5, period=2y, interval=1d, use_cache=False, head=['CENTRALBK.NS', 'CDSL.NS', 'CHALET.NS', 'CHAMBLFERT.NS', 'CHENNPETRO.NS'])
2026-07-12 15:48:07,421 DEBUG AlphaScanner.Data download_history_batch split result count=5
2026-07-12 15:48:07,422 DEBUG AlphaScanner.Scanner Downloaded chunk 23/100 size=5 resolved=5
2026-07-12 15:48:07,483 DEBUG AlphaScanner.Scanner Chunk 23/100 complete: watchlist=44 entry=24
2026-07-12 15:48:07,484 DEBUG AlphaScanner.Data download_history_batch(size=5, period=2y, interval=1d, use_cache=False, head=['CHOICEIN.NS', 'CHOLAHLDNG.NS', 'CHOLAFIN.NS', 'CIPLA.NS', 'CUB.NS'])
2026-07-12 15:48:07,840 DEBUG AlphaScanner.Data download_history_batch split result count=5
2026-07-12 15:48:07,840 DEBUG AlphaScanner.Scanner Downloaded chunk 24/100 size=5 resolved=5
2026-07-12 15:48:07,902 DEBUG AlphaScanner.Scanner Chunk 24/100 complete: watchlist=46 entry=24
2026-07-12 15:48:07,903 DEBUG AlphaScanner.Data download_history_batch(size=5, period=2y, interval=1d, use_cache=False, head=['CLEAN.NS', 'COALINDIA.NS', 'COCHINSHIP.NS', 'COFORGE.NS', 'COHANCE.NS'])
2026-07-12 15:48:08,122 DEBUG AlphaScanner.Data download_history_batch split result count=5
2026-07-12 15:48:08,122 DEBUG AlphaScanner.Scanner Downloaded chunk 25/100 size=5 resolved=5
2026-07-12 15:48:08,182 DEBUG AlphaScanner.Scanner Chunk 25/100 complete: watchlist=47 entry=24
2026-07-12 15:48:08,183 DEBUG AlphaScanner.Data download_history_batch(size=5, period=2y, interval=1d, use_cache=False, head=['COLPAL.NS', 'CAMS.NS', 'CONCORDBIO.NS', 'CONCOR.NS', 'COROMANDEL.NS'])
2026-07-12 15:48:08,436 DEBUG AlphaScanner.Data download_history_batch split result count=5
2026-07-12 15:48:08,436 DEBUG AlphaScanner.Scanner Downloaded chunk 26/100 size=5 resolved=5
2026-07-12 15:48:08,495 DEBUG AlphaScanner.Scanner Chunk 26/100 complete: watchlist=50 entry=26
2026-07-12 15:48:08,497 DEBUG AlphaScanner.Data download_history_batch(size=5, period=2y, interval=1d, use_cache=False, head=['CRAFTSMAN.NS', 'CREDITACC.NS', 'CROMPTON.NS', 'CUMMINSIND.NS', 'CYIENT.NS'])
2026-07-12 15:48:08,858 DEBUG AlphaScanner.Data download_history_batch split result count=5
2026-07-12 15:48:08,858 DEBUG AlphaScanner.Scanner Downloaded chunk 27/100 size=5 resolved=5
2026-07-12 15:48:08,922 DEBUG AlphaScanner.Scanner Chunk 27/100 complete: watchlist=50 entry=26
2026-07-12 15:48:08,923 DEBUG AlphaScanner.Data download_history_batch(size=5, period=2y, interval=1d, use_cache=False, head=['DCMSHRIRAM.NS', 'DLF.NS', 'DOMS.NS', 'DABUR.NS', 'DALBHARAT.NS'])
2026-07-12 15:48:09,453 DEBUG AlphaScanner.Data download_history_batch split result count=5
2026-07-12 15:48:09,453 DEBUG AlphaScanner.Scanner Downloaded chunk 28/100 size=5 resolved=5
2026-07-12 15:48:09,514 DEBUG AlphaScanner.Scanner Chunk 28/100 complete: watchlist=53 entry=27
2026-07-12 15:48:09,515 DEBUG AlphaScanner.Data download_history_batch(size=5, period=2y, interval=1d, use_cache=False, head=['DATAPATTNS.NS', 'DEEPAKFERT.NS', 'DEEPAKNTR.NS', 'DELHIVERY.NS', 'DEVYANI.NS'])
2026-07-12 15:48:09,750 DEBUG AlphaScanner.Data download_history_batch split result count=5
2026-07-12 15:48:09,750 DEBUG AlphaScanner.Scanner Downloaded chunk 29/100 size=5 resolved=5
2026-07-12 15:48:09,809 DEBUG AlphaScanner.Scanner Chunk 29/100 complete: watchlist=53 entry=27
2026-07-12 15:48:09,810 DEBUG AlphaScanner.Data download_history_batch(size=5, period=2y, interval=1d, use_cache=False, head=['DIVISLAB.NS', 'DIXON.NS', 'LALPATHLAB.NS', 'DRREDDY.NS', 'EIDPARRY.NS'])
2026-07-12 15:48:10,106 DEBUG AlphaScanner.Data download_history_batch split result count=5
2026-07-12 15:48:10,106 DEBUG AlphaScanner.Scanner Downloaded chunk 30/100 size=5 resolved=5
2026-07-12 15:48:10,171 DEBUG AlphaScanner.Scanner Chunk 30/100 complete: watchlist=55 entry=27
2026-07-12 15:48:10,172 DEBUG AlphaScanner.Data download_history_batch(size=5, period=2y, interval=1d, use_cache=False, head=['EIHOTEL.NS', 'EICHERMOT.NS', 'ELECON.NS', 'ELGIEQUIP.NS', 'EMAMILTD.NS'])
2026-07-12 15:48:10,446 DEBUG AlphaScanner.Data download_history_batch split result count=5
2026-07-12 15:48:10,447 DEBUG AlphaScanner.Scanner Downloaded chunk 31/100 size=5 resolved=5
2026-07-12 15:48:10,506 DEBUG AlphaScanner.Scanner Chunk 31/100 complete: watchlist=57 entry=27
2026-07-12 15:48:10,507 DEBUG AlphaScanner.Data download_history_batch(size=5, period=2y, interval=1d, use_cache=False, head=['EMCURE.NS', 'EMMVEE.NS', 'ENDURANCE.NS', 'ENGINERSIN.NS', 'ERIS.NS'])
2026-07-12 15:48:10,849 DEBUG AlphaScanner.Data download_history_batch split result count=5
2026-07-12 15:48:10,849 DEBUG AlphaScanner.Scanner Downloaded chunk 32/100 size=5 resolved=5
2026-07-12 15:48:10,903 DEBUG AlphaScanner.Scanner Chunk 32/100 complete: watchlist=60 entry=28
2026-07-12 15:48:10,904 DEBUG AlphaScanner.Data download_history_batch(size=5, period=2y, interval=1d, use_cache=False, head=['ESCORTS.NS', 'ETERNAL.NS', 'EXIDEIND.NS', 'NYKAA.NS', 'FEDERALBNK.NS'])
2026-07-12 15:48:11,241 DEBUG AlphaScanner.Data download_history_batch split result count=5
2026-07-12 15:48:11,241 DEBUG AlphaScanner.Scanner Downloaded chunk 33/100 size=5 resolved=5
2026-07-12 15:48:11,307 DEBUG AlphaScanner.Scanner Chunk 33/100 complete: watchlist=62 entry=29
2026-07-12 15:48:11,308 DEBUG AlphaScanner.Data download_history_batch(size=5, period=2y, interval=1d, use_cache=False, head=['FACT.NS', 'FINCABLES.NS', 'FSL.NS', 'FIVESTAR.NS', 'FORCEMOT.NS'])
2026-07-12 15:48:11,627 DEBUG AlphaScanner.Data download_history_batch split result count=5
2026-07-12 15:48:11,628 DEBUG AlphaScanner.Scanner Downloaded chunk 34/100 size=5 resolved=5
2026-07-12 15:48:11,694 DEBUG AlphaScanner.Scanner Chunk 34/100 complete: watchlist=62 entry=30
2026-07-12 15:48:11,696 DEBUG AlphaScanner.Data download_history_batch(size=5, period=2y, interval=1d, use_cache=False, head=['FORTIS.NS', 'GAIL.NS', 'GVT&D.NS', 'GMRAIRPORT.NS', 'GABRIEL.NS'])
2026-07-12 15:48:12,064 DEBUG AlphaScanner.Data download_history_batch split result count=5
2026-07-12 15:48:12,064 DEBUG AlphaScanner.Scanner Downloaded chunk 35/100 size=5 resolved=5
2026-07-12 15:48:12,125 DEBUG AlphaScanner.Scanner Chunk 35/100 complete: watchlist=65 entry=31
2026-07-12 15:48:12,126 DEBUG AlphaScanner.Data download_history_batch(size=5, period=2y, interval=1d, use_cache=False, head=['GALLANTT.NS', 'GRSE.NS', 'GICRE.NS', 'GILLETTE.NS', 'GLAND.NS'])
2026-07-12 15:48:12,355 DEBUG AlphaScanner.Data download_history_batch split result count=5
2026-07-12 15:48:12,355 DEBUG AlphaScanner.Scanner Downloaded chunk 36/100 size=5 resolved=5
2026-07-12 15:48:12,421 DEBUG AlphaScanner.Scanner Chunk 36/100 complete: watchlist=66 entry=31
2026-07-12 15:48:12,421 DEBUG AlphaScanner.Data download_history_batch(size=5, period=2y, interval=1d, use_cache=False, head=['GLAXO.NS', 'GLENMARK.NS', 'MEDANTA.NS', 'GODIGIT.NS', 'GPIL.NS'])
2026-07-12 15:48:12,753 DEBUG AlphaScanner.Data download_history_batch split result count=5
2026-07-12 15:48:12,753 DEBUG AlphaScanner.Scanner Downloaded chunk 37/100 size=5 resolved=5
2026-07-12 15:48:12,817 DEBUG AlphaScanner.Scanner Chunk 37/100 complete: watchlist=68 entry=31
2026-07-12 15:48:12,818 DEBUG AlphaScanner.Data download_history_batch(size=5, period=2y, interval=1d, use_cache=False, head=['GODFRYPHLP.NS', 'GODREJCP.NS', 'GODREJIND.NS', 'GODREJPROP.NS', 'GRANULES.NS'])
2026-07-12 15:48:13,146 DEBUG AlphaScanner.Data download_history_batch split result count=5
2026-07-12 15:48:13,147 DEBUG AlphaScanner.Scanner Downloaded chunk 38/100 size=5 resolved=5
2026-07-12 15:48:13,209 DEBUG AlphaScanner.Scanner Chunk 38/100 complete: watchlist=68 entry=33
2026-07-12 15:48:13,210 DEBUG AlphaScanner.Data download_history_batch(size=5, period=2y, interval=1d, use_cache=False, head=['GRAPHITE.NS', 'GRASIM.NS', 'GRAVITA.NS', 'GESHIP.NS', 'FLUOROCHEM.NS'])
2026-07-12 15:48:13,475 DEBUG AlphaScanner.Data download_history_batch split result count=5
2026-07-12 15:48:13,475 DEBUG AlphaScanner.Scanner Downloaded chunk 39/100 size=5 resolved=5
2026-07-12 15:48:13,536 DEBUG AlphaScanner.Scanner Chunk 39/100 complete: watchlist=70 entry=35
2026-07-12 15:48:13,537 DEBUG AlphaScanner.Data download_history_batch(size=5, period=2y, interval=1d, use_cache=False, head=['GMDCLTD.NS', 'HEG.NS', 'HBLENGINE.NS', 'HCLTECH.NS', 'HDBFS.NS'])
2026-07-12 15:48:13,754 DEBUG AlphaScanner.Data download_history_batch split result count=5
2026-07-12 15:48:13,754 DEBUG AlphaScanner.Scanner Downloaded chunk 40/100 size=5 resolved=5
2026-07-12 15:48:13,801 DEBUG AlphaScanner.Scanner Chunk 40/100 complete: watchlist=71 entry=36
2026-07-12 15:48:13,801 DEBUG AlphaScanner.Data download_history_batch(size=5, period=2y, interval=1d, use_cache=False, head=['HDFCAMC.NS', 'HDFCBANK.NS', 'HDFCLIFE.NS', 'HFCL.NS', 'HAVELLS.NS'])
2026-07-12 15:48:14,039 DEBUG AlphaScanner.Data download_history_batch split result count=5
2026-07-12 15:48:14,039 DEBUG AlphaScanner.Scanner Downloaded chunk 41/100 size=5 resolved=5
2026-07-12 15:48:14,101 DEBUG AlphaScanner.Scanner Chunk 41/100 complete: watchlist=73 entry=38
2026-07-12 15:48:14,101 DEBUG AlphaScanner.Data download_history_batch(size=5, period=2y, interval=1d, use_cache=False, head=['HEROMOTOCO.NS', 'HEXT.NS', 'HSCL.NS', 'HINDALCO.NS', 'HAL.NS'])
2026-07-12 15:48:14,407 DEBUG AlphaScanner.Data download_history_batch split result count=5
2026-07-12 15:48:14,407 DEBUG AlphaScanner.Scanner Downloaded chunk 42/100 size=5 resolved=5
2026-07-12 15:48:14,461 DEBUG AlphaScanner.Scanner Chunk 42/100 complete: watchlist=75 entry=39
2026-07-12 15:48:14,462 DEBUG AlphaScanner.Data download_history_batch(size=5, period=2y, interval=1d, use_cache=False, head=['HINDCOPPER.NS', 'HINDPETRO.NS', 'HINDUNILVR.NS', 'HINDZINC.NS', 'POWERINDIA.NS'])
2026-07-12 15:48:14,744 DEBUG AlphaScanner.Data download_history_batch split result count=5
2026-07-12 15:48:14,744 DEBUG AlphaScanner.Scanner Downloaded chunk 43/100 size=5 resolved=5
2026-07-12 15:48:14,820 DEBUG AlphaScanner.Scanner Chunk 43/100 complete: watchlist=76 entry=41
2026-07-12 15:48:14,821 DEBUG AlphaScanner.Data download_history_batch(size=5, period=2y, interval=1d, use_cache=False, head=['HOMEFIRST.NS', 'HONASA.NS', 'HONAUT.NS', 'HUDCO.NS', 'HYUNDAI.NS'])
2026-07-12 15:48:15,309 DEBUG AlphaScanner.Data download_history_batch split result count=5
2026-07-12 15:48:15,309 DEBUG AlphaScanner.Scanner Downloaded chunk 44/100 size=5 resolved=5
2026-07-12 15:48:15,385 DEBUG AlphaScanner.Scanner Chunk 44/100 complete: watchlist=78 entry=41
2026-07-12 15:48:15,386 DEBUG AlphaScanner.Data download_history_batch(size=5, period=2y, interval=1d, use_cache=False, head=['ICICIBANK.NS', 'ICICIGI.NS', 'ICICIAMC.NS', 'ICICIPRULI.NS', 'IDBI.NS'])
2026-07-12 15:48:15,600 DEBUG AlphaScanner.Data download_history_batch split result count=5
2026-07-12 15:48:15,600 DEBUG AlphaScanner.Scanner Downloaded chunk 45/100 size=5 resolved=5
2026-07-12 15:48:15,644 DEBUG AlphaScanner.Scanner Chunk 45/100 complete: watchlist=81 entry=42
2026-07-12 15:48:15,644 DEBUG AlphaScanner.Data download_history_batch(size=5, period=2y, interval=1d, use_cache=False, head=['IDFCFIRSTB.NS', 'IFCI.NS', 'IIFL.NS', 'IRB.NS', 'IRCON.NS'])
2026-07-12 15:48:16,021 DEBUG AlphaScanner.Data download_history_batch split result count=5
2026-07-12 15:48:16,022 DEBUG AlphaScanner.Scanner Downloaded chunk 46/100 size=5 resolved=5
2026-07-12 15:48:16,085 DEBUG AlphaScanner.Scanner Chunk 46/100 complete: watchlist=82 entry=42
2026-07-12 15:48:16,086 DEBUG AlphaScanner.Data download_history_batch(size=5, period=2y, interval=1d, use_cache=False, head=['ITCHOTELS.NS', 'ITC.NS', 'ITI.NS', 'INDGN.NS', 'INDIACEM.NS'])
2026-07-12 15:48:16,421 DEBUG AlphaScanner.Data download_history_batch split result count=5
2026-07-12 15:48:16,421 DEBUG AlphaScanner.Scanner Downloaded chunk 47/100 size=5 resolved=5
2026-07-12 15:48:16,480 DEBUG AlphaScanner.Scanner Chunk 47/100 complete: watchlist=82 entry=43
2026-07-12 15:48:16,480 DEBUG AlphaScanner.Data download_history_batch(size=5, period=2y, interval=1d, use_cache=False, head=['INDIAMART.NS', 'INDIANB.NS', 'IEX.NS', 'INDHOTEL.NS', 'IOC.NS'])
2026-07-12 15:48:16,843 DEBUG AlphaScanner.Data download_history_batch split result count=5
2026-07-12 15:48:16,843 DEBUG AlphaScanner.Scanner Downloaded chunk 48/100 size=5 resolved=5
2026-07-12 15:48:16,896 DEBUG AlphaScanner.Scanner Chunk 48/100 complete: watchlist=83 entry=46
2026-07-12 15:48:16,896 DEBUG AlphaScanner.Data download_history_batch(size=5, period=2y, interval=1d, use_cache=False, head=['IOB.NS', 'IRCTC.NS', 'IRFC.NS', 'IREDA.NS', 'IGL.NS'])
2026-07-12 15:48:17,152 DEBUG AlphaScanner.Data download_history_batch split result count=5
2026-07-12 15:48:17,152 DEBUG AlphaScanner.Scanner Downloaded chunk 49/100 size=5 resolved=5
2026-07-12 15:48:17,207 DEBUG AlphaScanner.Scanner Chunk 49/100 complete: watchlist=85 entry=48
2026-07-12 15:48:17,208 DEBUG AlphaScanner.Data download_history_batch(size=5, period=2y, interval=1d, use_cache=False, head=['INDUSTOWER.NS', 'INDUSINDBK.NS', 'NAUKRI.NS', 'INFY.NS', 'INOXWIND.NS'])
2026-07-12 15:48:17,490 DEBUG AlphaScanner.Data download_history_batch split result count=5
2026-07-12 15:48:17,490 DEBUG AlphaScanner.Scanner Downloaded chunk 50/100 size=5 resolved=5
2026-07-12 15:48:17,551 DEBUG AlphaScanner.Scanner Chunk 50/100 complete: watchlist=85 entry=48
2026-07-12 15:48:17,553 DEBUG AlphaScanner.Data download_history_batch(size=5, period=2y, interval=1d, use_cache=False, head=['INTELLECT.NS', 'INDIGO.NS', 'IGIL.NS', 'IKS.NS', 'IPCALAB.NS'])
2026-07-12 15:48:17,919 DEBUG AlphaScanner.Data download_history_batch split result count=5
2026-07-12 15:48:17,919 DEBUG AlphaScanner.Scanner Downloaded chunk 51/100 size=5 resolved=5
2026-07-12 15:48:17,976 DEBUG AlphaScanner.Scanner Chunk 51/100 complete: watchlist=86 entry=50
2026-07-12 15:48:17,977 DEBUG AlphaScanner.Data download_history_batch(size=5, period=2y, interval=1d, use_cache=False, head=['JBCHEPHARM.NS', 'JKCEMENT.NS', 'JBMA.NS', 'JKTYRE.NS', 'JMFINANCIL.NS'])
2026-07-12 15:48:18,271 DEBUG AlphaScanner.Data download_history_batch split result count=5
2026-07-12 15:48:18,271 DEBUG AlphaScanner.Scanner Downloaded chunk 52/100 size=5 resolved=5
2026-07-12 15:48:18,345 DEBUG AlphaScanner.Scanner Chunk 52/100 complete: watchlist=89 entry=52
2026-07-12 15:48:18,346 DEBUG AlphaScanner.Data download_history_batch(size=5, period=2y, interval=1d, use_cache=False, head=['JSWCEMENT.NS', 'JSWDULUX.NS', 'JSWENERGY.NS', 'JSWINFRA.NS', 'JSWSTEEL.NS'])
2026-07-12 15:48:18,702 DEBUG AlphaScanner.Data download_history_batch split result count=5
2026-07-12 15:48:18,702 DEBUG AlphaScanner.Scanner Downloaded chunk 53/100 size=5 resolved=5
2026-07-12 15:48:18,749 DEBUG AlphaScanner.Scanner Chunk 53/100 complete: watchlist=90 entry=53
2026-07-12 15:48:18,750 DEBUG AlphaScanner.Data download_history_batch(size=5, period=2y, interval=1d, use_cache=False, head=['JAINREC.NS', 'JPPOWER.NS', 'J&KBANK.NS', 'JINDALSAW.NS', 'JSL.NS'])
2026-07-12 15:48:19,253 DEBUG AlphaScanner.Data download_history_batch split result count=5
2026-07-12 15:48:19,253 DEBUG AlphaScanner.Scanner Downloaded chunk 54/100 size=5 resolved=5
2026-07-12 15:48:19,297 DEBUG AlphaScanner.Scanner Chunk 54/100 complete: watchlist=91 entry=55
2026-07-12 15:48:19,297 DEBUG AlphaScanner.Data download_history_batch(size=5, period=2y, interval=1d, use_cache=False, head=['JINDALSTEL.NS', 'JIOFIN.NS', 'JUBLFOOD.NS', 'JUBLINGREA.NS', 'JUBLPHARMA.NS'])
2026-07-12 15:48:19,630 DEBUG AlphaScanner.Data download_history_batch split result count=5
2026-07-12 15:48:19,631 DEBUG AlphaScanner.Scanner Downloaded chunk 55/100 size=5 resolved=5
2026-07-12 15:48:19,688 DEBUG AlphaScanner.Scanner Chunk 55/100 complete: watchlist=92 entry=56
2026-07-12 15:48:19,689 DEBUG AlphaScanner.Data download_history_batch(size=5, period=2y, interval=1d, use_cache=False, head=['JWL.NS', 'JYOTICNC.NS', 'KPRMILL.NS', 'KEI.NS', 'KPITTECH.NS'])
2026-07-12 15:48:19,998 DEBUG AlphaScanner.Data download_history_batch split result count=5
2026-07-12 15:48:19,998 DEBUG AlphaScanner.Scanner Downloaded chunk 56/100 size=5 resolved=5
2026-07-12 15:48:20,061 DEBUG AlphaScanner.Scanner Chunk 56/100 complete: watchlist=92 entry=57
2026-07-12 15:48:20,062 DEBUG AlphaScanner.Data download_history_batch(size=5, period=2y, interval=1d, use_cache=False, head=['KAJARIACER.NS', 'KPIL.NS', 'KALYANKJIL.NS', 'KARURVYSYA.NS', 'KAYNES.NS'])
2026-07-12 15:48:20,506 DEBUG AlphaScanner.Data download_history_batch split result count=5
2026-07-12 15:48:20,506 DEBUG AlphaScanner.Scanner Downloaded chunk 57/100 size=5 resolved=5
2026-07-12 15:48:20,565 DEBUG AlphaScanner.Scanner Chunk 57/100 complete: watchlist=94 entry=58
2026-07-12 15:48:20,565 DEBUG AlphaScanner.Data download_history_batch(size=5, period=2y, interval=1d, use_cache=False, head=['KEC.NS', 'KFINTECH.NS', 'KIRLOSENG.NS', 'KOTAKBANK.NS', 'KIMS.NS'])
2026-07-12 15:48:20,890 DEBUG AlphaScanner.Data download_history_batch split result count=5
2026-07-12 15:48:20,890 DEBUG AlphaScanner.Scanner Downloaded chunk 58/100 size=5 resolved=5
2026-07-12 15:48:20,948 DEBUG AlphaScanner.Scanner Chunk 58/100 complete: watchlist=96 entry=59
2026-07-12 15:48:20,949 DEBUG AlphaScanner.Data download_history_batch(size=5, period=2y, interval=1d, use_cache=False, head=['LTF.NS', 'LTTS.NS', 'LGEINDIA.NS', 'LICHSGFIN.NS', 'LTFOODS.NS'])
2026-07-12 15:48:21,282 DEBUG AlphaScanner.Data download_history_batch split result count=5
2026-07-12 15:48:21,282 DEBUG AlphaScanner.Scanner Downloaded chunk 59/100 size=5 resolved=5
2026-07-12 15:48:21,334 DEBUG AlphaScanner.Scanner Chunk 59/100 complete: watchlist=98 entry=61
2026-07-12 15:48:21,335 DEBUG AlphaScanner.Data download_history_batch(size=5, period=2y, interval=1d, use_cache=False, head=['LTM.NS', 'LT.NS', 'LATENTVIEW.NS', 'LAURUSLABS.NS', 'THELEELA.NS'])
2026-07-12 15:48:21,685 DEBUG AlphaScanner.Data download_history_batch split result count=5
2026-07-12 15:48:21,685 DEBUG AlphaScanner.Scanner Downloaded chunk 60/100 size=5 resolved=5
2026-07-12 15:48:21,733 DEBUG AlphaScanner.Scanner Chunk 60/100 complete: watchlist=98 entry=62
2026-07-12 15:48:21,733 DEBUG AlphaScanner.Data download_history_batch(size=5, period=2y, interval=1d, use_cache=False, head=['LEMONTREE.NS', 'LENSKART.NS', 'LICI.NS', 'LINDEINDIA.NS', 'LLOYDSME.NS'])
2026-07-12 15:48:22,057 DEBUG AlphaScanner.Data download_history_batch split result count=5
2026-07-12 15:48:22,057 DEBUG AlphaScanner.Scanner Downloaded chunk 61/100 size=5 resolved=5
2026-07-12 15:48:22,131 DEBUG AlphaScanner.Scanner Chunk 61/100 complete: watchlist=101 entry=63
2026-07-12 15:48:22,132 DEBUG AlphaScanner.Data download_history_batch(size=5, period=2y, interval=1d, use_cache=False, head=['LODHA.NS', 'LUPIN.NS', 'MMTC.NS', 'MRF.NS', 'MGL.NS'])
2026-07-12 15:48:22,424 DEBUG AlphaScanner.Data download_history_batch split result count=5
2026-07-12 15:48:22,424 DEBUG AlphaScanner.Scanner Downloaded chunk 62/100 size=5 resolved=5
2026-07-12 15:48:22,482 DEBUG AlphaScanner.Scanner Chunk 62/100 complete: watchlist=102 entry=64
2026-07-12 15:48:22,483 DEBUG AlphaScanner.Data download_history_batch(size=5, period=2y, interval=1d, use_cache=False, head=['M&MFIN.NS', 'M&M.NS', 'MANAPPURAM.NS', 'MRPL.NS', 'MANKIND.NS'])
2026-07-12 15:48:22,762 DEBUG AlphaScanner.Data download_history_batch split result count=5
2026-07-12 15:48:22,762 DEBUG AlphaScanner.Scanner Downloaded chunk 63/100 size=5 resolved=5
2026-07-12 15:48:22,815 DEBUG AlphaScanner.Scanner Chunk 63/100 complete: watchlist=105 entry=66
2026-07-12 15:48:22,816 DEBUG AlphaScanner.Data download_history_batch(size=5, period=2y, interval=1d, use_cache=False, head=['MARICO.NS', 'MARUTI.NS', 'MFSL.NS', 'MAXHEALTH.NS', 'MAZDOCK.NS'])
2026-07-12 15:48:23,073 DEBUG AlphaScanner.Data download_history_batch split result count=5
2026-07-12 15:48:23,073 DEBUG AlphaScanner.Scanner Downloaded chunk 64/100 size=5 resolved=5
2026-07-12 15:48:23,128 DEBUG AlphaScanner.Scanner Chunk 64/100 complete: watchlist=107 entry=67
2026-07-12 15:48:23,129 DEBUG AlphaScanner.Data download_history_batch(size=5, period=2y, interval=1d, use_cache=False, head=['MEESHO.NS', 'MINDACORP.NS', 'MSUMI.NS', 'MOTILALOFS.NS', 'MPHASIS.NS'])
2026-07-12 15:48:23,416 DEBUG AlphaScanner.Data download_history_batch split result count=5
2026-07-12 15:48:23,416 DEBUG AlphaScanner.Scanner Downloaded chunk 65/100 size=5 resolved=5
2026-07-12 15:48:23,463 DEBUG AlphaScanner.Scanner Chunk 65/100 complete: watchlist=109 entry=69
2026-07-12 15:48:23,464 DEBUG AlphaScanner.Data download_history_batch(size=5, period=2y, interval=1d, use_cache=False, head=['MCX.NS', 'MUTHOOTFIN.NS', 'NATCOPHARM.NS', 'NBCC.NS', 'NCC.NS'])
2026-07-12 15:48:23,834 DEBUG AlphaScanner.Data download_history_batch split result count=5
2026-07-12 15:48:23,834 DEBUG AlphaScanner.Scanner Downloaded chunk 66/100 size=5 resolved=5
2026-07-12 15:48:23,896 DEBUG AlphaScanner.Scanner Chunk 66/100 complete: watchlist=110 entry=70
2026-07-12 15:48:23,897 DEBUG AlphaScanner.Data download_history_batch(size=5, period=2y, interval=1d, use_cache=False, head=['NHPC.NS', 'NLCINDIA.NS', 'NMDC.NS', 'NSLNISP.NS', 'NTPCGREEN.NS'])
2026-07-12 15:48:24,257 DEBUG AlphaScanner.Data download_history_batch split result count=5
2026-07-12 15:48:24,257 DEBUG AlphaScanner.Scanner Downloaded chunk 67/100 size=5 resolved=5
2026-07-12 15:48:24,321 DEBUG AlphaScanner.Scanner Chunk 67/100 complete: watchlist=111 entry=70
2026-07-12 15:48:24,321 DEBUG AlphaScanner.Data download_history_batch(size=5, period=2y, interval=1d, use_cache=False, head=['NTPC.NS', 'NH.NS', 'NATIONALUM.NS', 'NAVA.NS', 'NAVINFLUOR.NS'])
2026-07-12 15:48:24,614 DEBUG AlphaScanner.Data download_history_batch split result count=5
2026-07-12 15:48:24,614 DEBUG AlphaScanner.Scanner Downloaded chunk 68/100 size=5 resolved=5
2026-07-12 15:48:24,677 DEBUG AlphaScanner.Scanner Chunk 68/100 complete: watchlist=113 entry=70
2026-07-12 15:48:24,678 DEBUG AlphaScanner.Data download_history_batch(size=5, period=2y, interval=1d, use_cache=False, head=['NESTLEIND.NS', 'NETWEB.NS', 'NEULANDLAB.NS', 'NEWGEN.NS', 'NAM-INDIA.NS'])
2026-07-12 15:48:24,963 DEBUG AlphaScanner.Data download_history_batch split result count=5
2026-07-12 15:48:24,963 DEBUG AlphaScanner.Scanner Downloaded chunk 69/100 size=5 resolved=5
2026-07-12 15:48:25,022 DEBUG AlphaScanner.Scanner Chunk 69/100 complete: watchlist=116 entry=71
2026-07-12 15:48:25,024 DEBUG AlphaScanner.Data download_history_batch(size=5, period=2y, interval=1d, use_cache=False, head=['NIVABUPA.NS', 'NUVAMA.NS', 'NUVOCO.NS', 'OBEROIRLTY.NS', 'ONGC.NS'])
2026-07-12 15:48:25,366 DEBUG AlphaScanner.Data download_history_batch split result count=5
2026-07-12 15:48:25,366 DEBUG AlphaScanner.Scanner Downloaded chunk 70/100 size=5 resolved=5
2026-07-12 15:48:25,429 DEBUG AlphaScanner.Scanner Chunk 70/100 complete: watchlist=118 entry=72
2026-07-12 15:48:25,430 DEBUG AlphaScanner.Data download_history_batch(size=5, period=2y, interval=1d, use_cache=False, head=['OIL.NS', 'OLAELEC.NS', 'OLECTRA.NS', 'PAYTM.NS', 'ONESOURCE.NS'])
2026-07-12 15:48:25,735 DEBUG AlphaScanner.Data download_history_batch split result count=5
2026-07-12 15:48:25,735 DEBUG AlphaScanner.Scanner Downloaded chunk 71/100 size=5 resolved=5
2026-07-12 15:48:25,797 DEBUG AlphaScanner.Scanner Chunk 71/100 complete: watchlist=119 entry=73
2026-07-12 15:48:25,798 DEBUG AlphaScanner.Data download_history_batch(size=5, period=2y, interval=1d, use_cache=False, head=['OFSS.NS', 'POLICYBZR.NS', 'PCBL.NS', 'PGEL.NS', 'PIIND.NS'])
2026-07-12 15:48:26,204 DEBUG AlphaScanner.Data download_history_batch split result count=5
2026-07-12 15:48:26,205 DEBUG AlphaScanner.Scanner Downloaded chunk 72/100 size=5 resolved=5
2026-07-12 15:48:26,268 DEBUG AlphaScanner.Scanner Chunk 72/100 complete: watchlist=120 entry=74
2026-07-12 15:48:26,268 DEBUG AlphaScanner.Data download_history_batch(size=5, period=2y, interval=1d, use_cache=False, head=['PNBHOUSING.NS', 'PTCIL.NS', 'PVRINOX.NS', 'PAGEIND.NS', 'PARADEEP.NS'])
2026-07-12 15:48:26,586 DEBUG AlphaScanner.Data download_history_batch split result count=5
2026-07-12 15:48:26,586 DEBUG AlphaScanner.Scanner Downloaded chunk 73/100 size=5 resolved=5
2026-07-12 15:48:26,651 DEBUG AlphaScanner.Scanner Chunk 73/100 complete: watchlist=122 entry=75
2026-07-12 15:48:26,651 DEBUG AlphaScanner.Data download_history_batch(size=5, period=2y, interval=1d, use_cache=False, head=['PATANJALI.NS', 'PERSISTENT.NS', 'PETRONET.NS', 'PFIZER.NS', 'PHOENIXLTD.NS'])
2026-07-12 15:48:26,949 DEBUG AlphaScanner.Data download_history_batch split result count=5
2026-07-12 15:48:26,950 DEBUG AlphaScanner.Scanner Downloaded chunk 74/100 size=5 resolved=5
2026-07-12 15:48:27,008 DEBUG AlphaScanner.Scanner Chunk 74/100 complete: watchlist=123 entry=78
2026-07-12 15:48:27,009 DEBUG AlphaScanner.Data download_history_batch(size=5, period=2y, interval=1d, use_cache=False, head=['PWL.NS', 'PIDILITIND.NS', 'PINELABS.NS', 'PIRAMALFIN.NS', 'PPLPHARMA.NS'])
2026-07-12 15:48:27,289 DEBUG AlphaScanner.Data download_history_batch split result count=5
2026-07-12 15:48:27,289 DEBUG AlphaScanner.Scanner Downloaded chunk 75/100 size=5 resolved=5
2026-07-12 15:48:27,317 DEBUG AlphaScanner.Scanner Chunk 75/100 complete: watchlist=124 entry=78
2026-07-12 15:48:27,317 DEBUG AlphaScanner.Data download_history_batch(size=5, period=2y, interval=1d, use_cache=False, head=['POLYMED.NS', 'POLYCAB.NS', 'POONAWALLA.NS', 'PFC.NS', 'POWERGRID.NS'])
2026-07-12 15:48:27,567 DEBUG AlphaScanner.Data download_history_batch split result count=5
2026-07-12 15:48:27,567 DEBUG AlphaScanner.Scanner Downloaded chunk 76/100 size=5 resolved=5
2026-07-12 15:48:27,627 DEBUG AlphaScanner.Scanner Chunk 76/100 complete: watchlist=124 entry=79
2026-07-12 15:48:27,627 DEBUG AlphaScanner.Data download_history_batch(size=5, period=2y, interval=1d, use_cache=False, head=['PREMIERENE.NS', 'PRESTIGE.NS', 'PNB.NS', 'RRKABEL.NS', 'RBLBANK.NS'])
2026-07-12 15:48:27,844 DEBUG AlphaScanner.Data download_history_batch split result count=5
2026-07-12 15:48:27,844 DEBUG AlphaScanner.Scanner Downloaded chunk 77/100 size=5 resolved=5
2026-07-12 15:48:27,904 DEBUG AlphaScanner.Scanner Chunk 77/100 complete: watchlist=126 entry=82
2026-07-12 15:48:27,905 DEBUG AlphaScanner.Data download_history_batch(size=5, period=2y, interval=1d, use_cache=False, head=['RECLTD.NS', 'RHIM.NS', 'RITES.NS', 'RADICO.NS', 'RVNL.NS'])
2026-07-12 15:48:28,203 DEBUG AlphaScanner.Data download_history_batch split result count=5
2026-07-12 15:48:28,203 DEBUG AlphaScanner.Scanner Downloaded chunk 78/100 size=5 resolved=5
2026-07-12 15:48:28,267 DEBUG AlphaScanner.Scanner Chunk 78/100 complete: watchlist=127 entry=84
2026-07-12 15:48:28,267 DEBUG AlphaScanner.Data download_history_batch(size=5, period=2y, interval=1d, use_cache=False, head=['RAILTEL.NS', 'RAINBOW.NS', 'RKFORGE.NS', 'REDINGTON.NS', 'RELIANCE.NS'])
2026-07-12 15:48:28,618 DEBUG AlphaScanner.Data download_history_batch split result count=5
2026-07-12 15:48:28,619 DEBUG AlphaScanner.Scanner Downloaded chunk 79/100 size=5 resolved=5
2026-07-12 15:48:28,679 DEBUG AlphaScanner.Scanner Chunk 79/100 complete: watchlist=128 entry=85
2026-07-12 15:48:28,679 DEBUG AlphaScanner.Data download_history_batch(size=5, period=2y, interval=1d, use_cache=False, head=['RPOWER.NS', 'SBFC.NS', 'SBICARD.NS', 'SBILIFE.NS', 'SJVN.NS'])
2026-07-12 15:48:28,897 DEBUG AlphaScanner.Data download_history_batch split result count=5
2026-07-12 15:48:28,897 DEBUG AlphaScanner.Scanner Downloaded chunk 80/100 size=5 resolved=5
2026-07-12 15:48:28,956 DEBUG AlphaScanner.Scanner Chunk 80/100 complete: watchlist=130 entry=87
2026-07-12 15:48:28,957 DEBUG AlphaScanner.Data download_history_batch(size=5, period=2y, interval=1d, use_cache=False, head=['SRF.NS', 'SAGILITY.NS', 'SAILIFE.NS', 'SAMMAANCAP.NS', 'MOTHERSON.NS'])
2026-07-12 15:48:29,196 DEBUG AlphaScanner.Data download_history_batch split result count=5
2026-07-12 15:48:29,196 DEBUG AlphaScanner.Scanner Downloaded chunk 81/100 size=5 resolved=5
2026-07-12 15:48:29,258 DEBUG AlphaScanner.Scanner Chunk 81/100 complete: watchlist=133 entry=89
2026-07-12 15:48:29,259 DEBUG AlphaScanner.Data download_history_batch(size=5, period=2y, interval=1d, use_cache=False, head=['SAPPHIRE.NS', 'SARDAEN.NS', 'SAREGAMA.NS', 'SCHAEFFLER.NS', 'SCHNEIDER.NS'])
2026-07-12 15:48:29,479 DEBUG AlphaScanner.Data download_history_batch split result count=5
2026-07-12 15:48:29,480 DEBUG AlphaScanner.Scanner Downloaded chunk 82/100 size=5 resolved=5
2026-07-12 15:48:29,541 DEBUG AlphaScanner.Scanner Chunk 82/100 complete: watchlist=133 entry=89
2026-07-12 15:48:29,542 DEBUG AlphaScanner.Data download_history_batch(size=5, period=2y, interval=1d, use_cache=False, head=['SCI.NS', 'SHREECEM.NS', 'SHRIRAMFIN.NS', 'SHYAMMETL.NS', 'ENRIN.NS'])
2026-07-12 15:48:29,759 DEBUG AlphaScanner.Data download_history_batch split result count=5
2026-07-12 15:48:29,759 DEBUG AlphaScanner.Scanner Downloaded chunk 83/100 size=5 resolved=5
2026-07-12 15:48:29,809 DEBUG AlphaScanner.Scanner Chunk 83/100 complete: watchlist=136 entry=89
2026-07-12 15:48:29,810 DEBUG AlphaScanner.Data download_history_batch(size=5, period=2y, interval=1d, use_cache=False, head=['SIEMENS.NS', 'SIGNATURE.NS', 'SOBHA.NS', 'SOLARINDS.NS', 'SONACOMS.NS'])
2026-07-12 15:48:30,086 DEBUG AlphaScanner.Data download_history_batch split result count=5
2026-07-12 15:48:30,086 DEBUG AlphaScanner.Scanner Downloaded chunk 84/100 size=5 resolved=5
2026-07-12 15:48:30,147 DEBUG AlphaScanner.Scanner Chunk 84/100 complete: watchlist=138 entry=92
2026-07-12 15:48:30,148 DEBUG AlphaScanner.Data download_history_batch(size=5, period=2y, interval=1d, use_cache=False, head=['SONATSOFTW.NS', 'STARHEALTH.NS', 'SBIN.NS', 'SAIL.NS', 'SUMICHEM.NS'])
2026-07-12 15:48:30,511 DEBUG AlphaScanner.Data download_history_batch split result count=5
2026-07-12 15:48:30,512 DEBUG AlphaScanner.Scanner Downloaded chunk 85/100 size=5 resolved=5
2026-07-12 15:48:30,571 DEBUG AlphaScanner.Scanner Chunk 85/100 complete: watchlist=139 entry=93
2026-07-12 15:48:30,572 DEBUG AlphaScanner.Data download_history_batch(size=5, period=2y, interval=1d, use_cache=False, head=['SUNPHARMA.NS', 'SUNTV.NS', 'SUNDARMFIN.NS', 'SUPREMEIND.NS', 'SPLPETRO.NS'])
2026-07-12 15:48:30,827 DEBUG AlphaScanner.Data download_history_batch split result count=5
2026-07-12 15:48:30,827 DEBUG AlphaScanner.Scanner Downloaded chunk 86/100 size=5 resolved=5
2026-07-12 15:48:30,895 DEBUG AlphaScanner.Scanner Chunk 86/100 complete: watchlist=141 entry=93
2026-07-12 15:48:30,896 DEBUG AlphaScanner.Data download_history_batch(size=5, period=2y, interval=1d, use_cache=False, head=['SUZLON.NS', 'SWANCORP.NS', 'SWIGGY.NS', 'SYNGENE.NS', 'SYRMA.NS'])
2026-07-12 15:48:31,306 DEBUG AlphaScanner.Data download_history_batch split result count=5
2026-07-12 15:48:31,306 DEBUG AlphaScanner.Scanner Downloaded chunk 87/100 size=5 resolved=5
2026-07-12 15:48:31,368 DEBUG AlphaScanner.Scanner Chunk 87/100 complete: watchlist=141 entry=93
2026-07-12 15:48:31,368 DEBUG AlphaScanner.Data download_history_batch(size=5, period=2y, interval=1d, use_cache=False, head=['TBOTEK.NS', 'TVSMOTOR.NS', 'TATACAP.NS', 'TATACHEM.NS', 'TATACOMM.NS'])
2026-07-12 15:48:31,634 DEBUG AlphaScanner.Data download_history_batch split result count=5
2026-07-12 15:48:31,634 DEBUG AlphaScanner.Scanner Downloaded chunk 88/100 size=5 resolved=5
2026-07-12 15:48:31,684 DEBUG AlphaScanner.Scanner Chunk 88/100 complete: watchlist=144 entry=93
2026-07-12 15:48:31,685 DEBUG AlphaScanner.Data download_history_batch(size=5, period=2y, interval=1d, use_cache=False, head=['TCS.NS', 'TATACONSUM.NS', 'TATAELXSI.NS', 'TATAINVEST.NS', 'TMCV.NS'])
2026-07-12 15:48:32,003 DEBUG AlphaScanner.Data download_history_batch split result count=5
2026-07-12 15:48:32,003 DEBUG AlphaScanner.Scanner Downloaded chunk 89/100 size=5 resolved=5
2026-07-12 15:48:32,056 DEBUG AlphaScanner.Scanner Chunk 89/100 complete: watchlist=145 entry=95
2026-07-12 15:48:32,058 DEBUG AlphaScanner.Data download_history_batch(size=5, period=2y, interval=1d, use_cache=False, head=['TMPV.NS', 'TATAPOWER.NS', 'TATASTEEL.NS', 'TATATECH.NS', 'TTML.NS'])
2026-07-12 15:48:32,412 DEBUG AlphaScanner.Data download_history_batch split result count=5
2026-07-12 15:48:32,412 DEBUG AlphaScanner.Scanner Downloaded chunk 90/100 size=5 resolved=5
2026-07-12 15:48:32,476 DEBUG AlphaScanner.Scanner Chunk 90/100 complete: watchlist=145 entry=96
2026-07-12 15:48:32,476 DEBUG AlphaScanner.Data download_history_batch(size=5, period=2y, interval=1d, use_cache=False, head=['TECHM.NS', 'TECHNOE.NS', 'TEGA.NS', 'TEJASNET.NS', 'TENNIND.NS'])
2026-07-12 15:48:32,734 DEBUG AlphaScanner.Data download_history_batch split result count=5
2026-07-12 15:48:32,734 DEBUG AlphaScanner.Scanner Downloaded chunk 91/100 size=5 resolved=5
2026-07-12 15:48:32,781 DEBUG AlphaScanner.Scanner Chunk 91/100 complete: watchlist=146 entry=96
2026-07-12 15:48:32,782 DEBUG AlphaScanner.Data download_history_batch(size=5, period=2y, interval=1d, use_cache=False, head=['NIACL.NS', 'RAMCOCEM.NS', 'THERMAX.NS', 'TIMKEN.NS', 'TITAGARH.NS'])
2026-07-12 15:48:33,089 DEBUG AlphaScanner.Data download_history_batch split result count=5
2026-07-12 15:48:33,090 DEBUG AlphaScanner.Scanner Downloaded chunk 92/100 size=5 resolved=5
2026-07-12 15:48:33,149 DEBUG AlphaScanner.Scanner Chunk 92/100 complete: watchlist=146 entry=96
2026-07-12 15:48:33,149 DEBUG AlphaScanner.Data download_history_batch(size=5, period=2y, interval=1d, use_cache=False, head=['TITAN.NS', 'TORNTPHARM.NS', 'TORNTPOWER.NS', 'TARIL.NS', 'TRAVELFOOD.NS'])
2026-07-12 15:48:33,519 DEBUG AlphaScanner.Data download_history_batch split result count=5
2026-07-12 15:48:33,520 DEBUG AlphaScanner.Scanner Downloaded chunk 93/100 size=5 resolved=5
2026-07-12 15:48:33,569 DEBUG AlphaScanner.Scanner Chunk 93/100 complete: watchlist=148 entry=97
2026-07-12 15:48:33,570 DEBUG AlphaScanner.Data download_history_batch(size=5, period=2y, interval=1d, use_cache=False, head=['TRENT.NS', 'TRIDENT.NS', 'TRITURBINE.NS', 'TIINDIA.NS', 'UCOBANK.NS'])
2026-07-12 15:48:33,812 DEBUG AlphaScanner.Data download_history_batch split result count=5
2026-07-12 15:48:33,812 DEBUG AlphaScanner.Scanner Downloaded chunk 94/100 size=5 resolved=5
2026-07-12 15:48:33,873 DEBUG AlphaScanner.Scanner Chunk 94/100 complete: watchlist=148 entry=97
2026-07-12 15:48:33,874 DEBUG AlphaScanner.Data download_history_batch(size=5, period=2y, interval=1d, use_cache=False, head=['UNOMINDA.NS', 'UPL.NS', 'UTIAMC.NS', 'ULTRACEMCO.NS', 'UNIONBANK.NS'])
2026-07-12 15:48:34,231 DEBUG AlphaScanner.Data download_history_batch split result count=5
2026-07-12 15:48:34,231 DEBUG AlphaScanner.Scanner Downloaded chunk 95/100 size=5 resolved=5
2026-07-12 15:48:34,296 DEBUG AlphaScanner.Scanner Chunk 95/100 complete: watchlist=151 entry=100
2026-07-12 15:48:34,296 DEBUG AlphaScanner.Data download_history_batch(size=5, period=2y, interval=1d, use_cache=False, head=['UBL.NS', 'UNITDSPR.NS', 'URBANCO.NS', 'USHAMART.NS', 'VTL.NS'])
2026-07-12 15:48:34,560 DEBUG AlphaScanner.Data download_history_batch split result count=5
2026-07-12 15:48:34,560 DEBUG AlphaScanner.Scanner Downloaded chunk 96/100 size=5 resolved=5
2026-07-12 15:48:34,608 DEBUG AlphaScanner.Scanner Chunk 96/100 complete: watchlist=152 entry=100
2026-07-12 15:48:34,609 DEBUG AlphaScanner.Data download_history_batch(size=5, period=2y, interval=1d, use_cache=False, head=['VBL.NS', 'VEDL.NS', 'VIJAYA.NS', 'VMM.NS', 'IDEA.NS'])
2026-07-12 15:48:34,854 DEBUG AlphaScanner.Data download_history_batch split result count=5
2026-07-12 15:48:34,854 DEBUG AlphaScanner.Scanner Downloaded chunk 97/100 size=5 resolved=5
2026-07-12 15:48:34,918 DEBUG AlphaScanner.Scanner Chunk 97/100 complete: watchlist=153 entry=100
2026-07-12 15:48:34,919 DEBUG AlphaScanner.Data download_history_batch(size=5, period=2y, interval=1d, use_cache=False, head=['VOLTAS.NS', 'WAAREEENER.NS', 'WELCORP.NS', 'WELSPUNLIV.NS', 'WHIRLPOOL.NS'])
2026-07-12 15:48:35,301 DEBUG AlphaScanner.Data download_history_batch split result count=5
2026-07-12 15:48:35,301 DEBUG AlphaScanner.Scanner Downloaded chunk 98/100 size=5 resolved=5
2026-07-12 15:48:35,365 DEBUG AlphaScanner.Scanner Chunk 98/100 complete: watchlist=153 entry=100
2026-07-12 15:48:35,365 DEBUG AlphaScanner.Data download_history_batch(size=5, period=2y, interval=1d, use_cache=False, head=['WIPRO.NS', 'WOCKPHARMA.NS', 'YESBANK.NS', 'ZFCVINDIA.NS', 'ZEEL.NS'])
2026-07-12 15:48:35,752 DEBUG AlphaScanner.Data download_history_batch split result count=5
2026-07-12 15:48:35,752 DEBUG AlphaScanner.Scanner Downloaded chunk 99/100 size=5 resolved=5
2026-07-12 15:48:35,814 DEBUG AlphaScanner.Scanner Chunk 99/100 complete: watchlist=153 entry=100
2026-07-12 15:48:35,815 DEBUG AlphaScanner.Data download_history_batch(size=5, period=2y, interval=1d, use_cache=False, head=['ZENTEC.NS', 'ZENSARTECH.NS', 'ZYDUSLIFE.NS', 'ZYDUSWELL.NS', 'ECLERX.NS'])
2026-07-12 15:48:36,158 DEBUG AlphaScanner.Data download_history_batch split result count=5
2026-07-12 15:48:36,159 DEBUG AlphaScanner.Scanner Downloaded chunk 100/100 size=5 resolved=5
2026-07-12 15:48:36,218 DEBUG AlphaScanner.Scanner Chunk 100/100 complete: watchlist=154 entry=100
2026-07-12 15:48:36,224 DEBUG AlphaScanner.Scanner Dual-mode scan finished: watchlist_rows=154 entry_rows=100
2026-07-12 15:48:36,248 INFO AlphaScanner.Scanner Watchlist candidates: 154 | Entry candidates: 100
2026-07-12 15:49:50,713 DEBUG AlphaScanner.UI.Scanner render_tab(scan_type=Modular Momentum, universe=Nifty 500, scan_mode=Entry Scanner, timeframe=1d, use_cache=False, run_scan=False)
2026-07-12 15:51:04,736 DEBUG AlphaScanner.UI.Scanner render_tab(scan_type=Modular Momentum, universe=Nifty 500, scan_mode=Entry Scanner, timeframe=1d, use_cache=False, run_scan=False)
2026-07-12 15:51:04,844 DEBUG AlphaScanner.UI.Scanner render_tab(scan_type=Modular Momentum, universe=Nifty 500, scan_mode=Entry Scanner, timeframe=1d, use_cache=False, run_scan=False)
2026-07-12 15:51:27,884 DEBUG AlphaScanner.UI.Scanner render_tab(scan_type=Modular Momentum, universe=Nifty 500, scan_mode=Entry Scanner, timeframe=1d, use_cache=False, run_scan=False)
2026-07-12 15:51:27,978 DEBUG AlphaScanner.UI.Scanner render_tab(scan_type=Modular Momentum, universe=Nifty 500, scan_mode=Entry Scanner, timeframe=1d, use_cache=False, run_scan=False)
2026-07-12 15:53:16,981 DEBUG AlphaScanner.UI.Scanner render_tab(scan_type=Modular Momentum, universe=Nifty 500, scan_mode=Entry Scanner, timeframe=1d, use_cache=False, run_scan=False)
2026-07-12 15:57:06,640 INFO AlphaScanner.Engine Background metadata worker starting...
2026-07-12 15:57:06,678 DEBUG AlphaScanner.UI.Scanner render_tab(scan_type=Breakout, universe=Nifty 500, scan_mode=Entry Scanner, timeframe=1d, use_cache=False, run_scan=False)
2026-07-12 15:57:06,709 INFO AlphaScanner.Engine Prefetching missing metadata for 2 tickers...
2026-07-12 15:57:08,160 INFO AlphaScanner.Engine Background cache refresh complete for 751 symbols.
2026-07-12 15:57:16,858 DEBUG AlphaScanner.UI.Scanner render_tab(scan_type=Breakout, universe=Total Market (Cap Focused), scan_mode=Entry Scanner, timeframe=1d, use_cache=False, run_scan=False)
2026-07-12 15:57:19,456 DEBUG AlphaScanner.UI.Scanner render_tab(scan_type=Modular Momentum, universe=Total Market (Cap Focused), scan_mode=Entry Scanner, timeframe=1d, use_cache=False, run_scan=False)
2026-07-12 15:57:25,462 DEBUG AlphaScanner.UI.Scanner render_tab(scan_type=Modular Momentum, universe=Total Market (Cap Focused), scan_mode=Entry Scanner, timeframe=1d, use_cache=False, run_scan=False)
2026-07-12 15:58:05,673 DEBUG AlphaScanner.UI.Scanner render_tab(scan_type=Modular Momentum, universe=Total Market (Cap Focused), scan_mode=Entry Scanner, timeframe=1d, use_cache=False, run_scan=False)
2026-07-12 15:58:10,096 DEBUG AlphaScanner.UI.Scanner render_tab(scan_type=Modular Momentum, universe=Total Market (Cap Focused), scan_mode=Entry Scanner, timeframe=1d, use_cache=False, run_scan=False)
2026-07-12 16:02:09,390 INFO AlphaScanner.Engine Background metadata worker starting...
2026-07-12 16:02:09,431 DEBUG AlphaScanner.UI.Scanner render_tab(scan_type=Breakout, universe=Nifty 500, scan_mode=Entry Scanner, timeframe=1d, use_cache=False, run_scan=False)
2026-07-12 16:02:09,473 INFO AlphaScanner.Engine Prefetching missing metadata for 2 tickers...
2026-07-12 16:02:10,955 INFO AlphaScanner.Engine Background cache refresh complete for 751 symbols.
2026-07-12 16:02:12,677 DEBUG AlphaScanner.UI.Scanner render_tab(scan_type=Breakout, universe=Total Market (Cap Focused), scan_mode=Entry Scanner, timeframe=1d, use_cache=False, run_scan=False)
2026-07-12 16:02:15,342 DEBUG AlphaScanner.UI.Scanner render_tab(scan_type=Modular Momentum, universe=Total Market (Cap Focused), scan_mode=Entry Scanner, timeframe=1d, use_cache=False, run_scan=False)
2026-07-12 16:02:22,222 DEBUG AlphaScanner.UI.Scanner render_tab(scan_type=Modular Momentum, universe=Total Market (Cap Focused), scan_mode=Entry Scanner, timeframe=1d, use_cache=False, run_scan=True)
2026-07-12 16:02:27,004 ERROR AlphaScanner Failed to fetch NSE CSV after 3 attempts: 404 Client Error: Not Found for url: https://nsearchives.nseindia.com/content/indices/ind_niftymicrocap250list.csv
2026-07-12 16:02:27,005 WARNING AlphaScanner Sector segment https://nsearchives.nseindia.com/content/indices/ind_niftymicrocap250list.csv failed: 404 Client Error: Not Found for url: https://nsearchives.nseindia.com/content/indices/ind_niftymicrocap250list.csv
2026-07-12 16:02:31,830 ERROR AlphaScanner Failed to fetch NSE CSV after 3 attempts: 404 Client Error: Not Found for url: https://archives.nseindia.com/content/indices/ind_niftymicrocap250list.csv
2026-07-12 16:02:31,830 WARNING AlphaScanner Sector segment https://archives.nseindia.com/content/indices/ind_niftymicrocap250list.csv failed: 404 Client Error: Not Found for url: https://archives.nseindia.com/content/indices/ind_niftymicrocap250list.csv
2026-07-12 16:02:31,832 DEBUG AlphaScanner.UI.Scanner Starting fresh scan with min_cap=500 max_cap=20000 sector_map_size=751
2026-07-12 16:02:31,833 DEBUG AlphaScanner.Service perform_fresh_scan(scanner_type=Modular Momentum, universe=Total Market (Cap Focused), timeframe=1d, scan_mode=Entry Scanner, use_cache=False, vol_thresh=0.6, rsi_min=35, rsi_max=75, dist_thresh=5.0, min_mkt_cap_cr=500, max_mkt_cap_cr=20000)
2026-07-12 16:02:31,833 DEBUG AlphaScanner.Service Routing to modular scanner with config={'universe': 'Total Market (Cap Focused)', 'min_candles': 300, 'interval': '1d', 'lookback_period': '2y', 'max_candidates': 15, 'min_total_score': 25.0, 'watchlist_min_score': 60.0, 'entry_min_score': 70.0, 'watchlist_trend_weight': 0.2, 'watchlist_base_weight': 0.35, 'watchlist_volume_weight': 0.2, 'watchlist_rs_weight': 0.15, 'watchlist_sector_weight': 0.1, 'entry_trend_weight': 0.2, 'entry_breakout_weight': 0.25, 'entry_volume_weight': 0.2, 'entry_rs_weight': 0.15, 'entry_sector_weight': 0.15, 'entry_risk_weight': 0.1, 'watchlist_price_above_ema200': True, 'watchlist_base_high_pct': 5.0, 'watchlist_base_range_pct': 10.0, 'watchlist_base_days_min': 10, 'watchlist_atr_contraction_pct': -15.0, 'watchlist_bbw_contraction_pct': -20.0, 'watchlist_volume_dryup_pct': -25.0, 'watchlist_rs_min': 60.0, 'watchlist_sector_strength_min': 0.0, 'entry_breakout_volume_ratio': 2.0, 'entry_rs_rank_min': 80.0, 'entry_risk_reward_min': 2.0, 'entry_extension_pct': 10.0, 'entry_atr_expansion_pct': 1.8, 'market_regime_trend_weight': 0.3, 'market_regime_breadth_weight': 0.25, 'market_regime_momentum_weight': 0.2, 'market_regime_volume_weight': 0.15, 'market_regime_volatility_weight': 0.1, 'market_regime_bullish_threshold': 75.0, 'market_regime_neutral_threshold': 55.0, 'market_regime_caution_threshold': 40.0, 'market_regime_bearish_threshold': 0.0, 'market_regime_bullish_penalty': 1.0, 'market_regime_neutral_penalty': 0.95, 'market_regime_caution_penalty': 0.85, 'market_regime_bearish_penalty': 0.7, 'market_regime_buy_min_bullish': 80.0, 'market_regime_buy_min_neutral': 85.0, 'market_regime_buy_min_caution': 90.0, 'market_regime_buy_min_bearish': 95.0, 'market_regime_nifty50_period': '2y', 'market_regime_nifty500_period': '2y', 'market_regime_breadth_min_above_ema20': 45.0, 'market_regime_breadth_min_above_ema50': 40.0, 'market_regime_breadth_min_above_ema200': 25.0, 'market_regime_atr_window': 14, 'market_regime_volume_window': 20, 'market_regime_volatility_window': 20, 'market_regime_momentum_return_cap_pct': 10.0, 'market_regime_ema_buffer_pct': 0.5, 'market_regime_distribution_day_window': 20, 'market_regime_accumulation_day_window': 20, 'market_regime_volume_trend_threshold_pct': 10.0, 'market_regime_volatility_high_threshold_pct': 15.0, 'market_regime_volatility_mid_threshold_pct': 8.0, 'market_regime_accumulation_edge_days': 2, 'market_regime_distribution_edge_days': 2, 'mtf_weekly_weight': 20.0, 'mtf_daily_weight': 50.0, 'mtf_hourly_weight': 30.0, 'mtf_weekly_max_points': 20.0, 'mtf_daily_max_points': 50.0, 'mtf_hourly_max_points': 30.0, 'mtf_strong_buy_threshold': 90.0, 'mtf_buy_threshold': 80.0, 'mtf_watch_threshold': 65.0, 'mtf_wait_threshold': 50.0, 'mtf_weekly_bullish_threshold': 14.0, 'mtf_weekly_neutral_threshold': 10.0, 'mtf_weekly_bearish_threshold': 6.0, 'mtf_daily_bullish_threshold': 35.0, 'mtf_daily_neutral_threshold': 25.0, 'mtf_hourly_bullish_threshold': 20.0, 'mtf_hourly_neutral_threshold': 12.0, 'mtf_weekly_lookback_period': '2y', 'mtf_daily_lookback_period': '1y', 'mtf_hourly_lookback_period': '60d', 'mtf_hourly_ema_fast': 20, 'mtf_hourly_ema_slow': 50, 'mtf_weekly_veto_enabled': True, 'mtf_enable_confirmation': False, 'ema_fast': 20, 'ema_medium': 50, 'ema_slow': 200, 'atr_window': 20, 'contraction_window': 20, 'volume_sma_window': 20, 'volume_contraction_lookback': 20, 'volume_multiplier': 1.6, 'relative_strength_window': 90, 'relative_strength_period_1': 30, 'relative_strength_period_2': 60, 'relative_strength_period_3': 90, 'relative_strength_min_data': 30, 'sector_lookback': 60, 'risk_atr_multiplier': 2.5, 'sector_blacklist': ['Financial Services', 'Utilities'], 'required_columns': ['Open', 'High', 'Low', 'Close', 'Volume']}
2026-07-12 16:02:31,835 INFO AlphaScanner.Scanner Starting dual-mode scanner with config {'universe': 'Total Market (Cap Focused)', 'min_candles': 300, 'interval': '1d', 'lookback_period': '2y', 'max_candidates': 15, 'min_total_score': 25.0, 'watchlist_min_score': 60.0, 'entry_min_score': 70.0, 'watchlist_trend_weight': 0.2, 'watchlist_base_weight': 0.35, 'watchlist_volume_weight': 0.2, 'watchlist_rs_weight': 0.15, 'watchlist_sector_weight': 0.1, 'entry_trend_weight': 0.2, 'entry_breakout_weight': 0.25, 'entry_volume_weight': 0.2, 'entry_rs_weight': 0.15, 'entry_sector_weight': 0.15, 'entry_risk_weight': 0.1, 'watchlist_price_above_ema200': True, 'watchlist_base_high_pct': 5.0, 'watchlist_base_range_pct': 10.0, 'watchlist_base_days_min': 10, 'watchlist_atr_contraction_pct': -15.0, 'watchlist_bbw_contraction_pct': -20.0, 'watchlist_volume_dryup_pct': -25.0, 'watchlist_rs_min': 60.0, 'watchlist_sector_strength_min': 0.0, 'entry_breakout_volume_ratio': 2.0, 'entry_rs_rank_min': 80.0, 'entry_risk_reward_min': 2.0, 'entry_extension_pct': 10.0, 'entry_atr_expansion_pct': 1.8, 'market_regime_trend_weight': 0.3, 'market_regime_breadth_weight': 0.25, 'market_regime_momentum_weight': 0.2, 'market_regime_volume_weight': 0.15, 'market_regime_volatility_weight': 0.1, 'market_regime_bullish_threshold': 75.0, 'market_regime_neutral_threshold': 55.0, 'market_regime_caution_threshold': 40.0, 'market_regime_bearish_threshold': 0.0, 'market_regime_bullish_penalty': 1.0, 'market_regime_neutral_penalty': 0.95, 'market_regime_caution_penalty': 0.85, 'market_regime_bearish_penalty': 0.7, 'market_regime_buy_min_bullish': 80.0, 'market_regime_buy_min_neutral': 85.0, 'market_regime_buy_min_caution': 90.0, 'market_regime_buy_min_bearish': 95.0, 'market_regime_nifty50_period': '2y', 'market_regime_nifty500_period': '2y', 'market_regime_breadth_min_above_ema20': 45.0, 'market_regime_breadth_min_above_ema50': 40.0, 'market_regime_breadth_min_above_ema200': 25.0, 'market_regime_atr_window': 14, 'market_regime_volume_window': 20, 'market_regime_volatility_window': 20, 'market_regime_momentum_return_cap_pct': 10.0, 'market_regime_ema_buffer_pct': 0.5, 'market_regime_distribution_day_window': 20, 'market_regime_accumulation_day_window': 20, 'market_regime_volume_trend_threshold_pct': 10.0, 'market_regime_volatility_high_threshold_pct': 15.0, 'market_regime_volatility_mid_threshold_pct': 8.0, 'market_regime_accumulation_edge_days': 2, 'market_regime_distribution_edge_days': 2, 'mtf_weekly_weight': 20.0, 'mtf_daily_weight': 50.0, 'mtf_hourly_weight': 30.0, 'mtf_weekly_max_points': 20.0, 'mtf_daily_max_points': 50.0, 'mtf_hourly_max_points': 30.0, 'mtf_strong_buy_threshold': 90.0, 'mtf_buy_threshold': 80.0, 'mtf_watch_threshold': 65.0, 'mtf_wait_threshold': 50.0, 'mtf_weekly_bullish_threshold': 14.0, 'mtf_weekly_neutral_threshold': 10.0, 'mtf_weekly_bearish_threshold': 6.0, 'mtf_daily_bullish_threshold': 35.0, 'mtf_daily_neutral_threshold': 25.0, 'mtf_hourly_bullish_threshold': 20.0, 'mtf_hourly_neutral_threshold': 12.0, 'mtf_weekly_lookback_period': '2y', 'mtf_daily_lookback_period': '1y', 'mtf_hourly_lookback_period': '60d', 'mtf_hourly_ema_fast': 20, 'mtf_hourly_ema_slow': 50, 'mtf_weekly_veto_enabled': True, 'mtf_enable_confirmation': False, 'ema_fast': 20, 'ema_medium': 50, 'ema_slow': 200, 'atr_window': 20, 'contraction_window': 20, 'volume_sma_window': 20, 'volume_contraction_lookback': 20, 'volume_multiplier': 1.6, 'relative_strength_window': 90, 'relative_strength_period_1': 30, 'relative_strength_period_2': 60, 'relative_strength_period_3': 90, 'relative_strength_min_data': 30, 'sector_lookback': 60, 'risk_atr_multiplier': 2.5, 'sector_blacklist': ['Financial Services', 'Utilities'], 'required_columns': ['Open', 'High', 'Low', 'Close', 'Volume']}
2026-07-12 16:02:31,836 DEBUG AlphaScanner.Scanner Dual-mode scan requested with universe=Total Market (Cap Focused) interval=1d min_candles=300 use_cache=False
2026-07-12 16:02:31,849 DEBUG AlphaScanner.Data get_universe(Total Market (Cap Focused)) -> 751 symbols
2026-07-12 16:02:31,850 DEBUG AlphaScanner.Scanner Resolved universe size=751 head=['360ONE.NS', '3MINDIA.NS', 'AADHARHFC.NS', 'AARTIDRUGS.NS', 'AARTIIND.NS']
2026-07-12 16:02:31,853 DEBUG AlphaScanner.Data download_history_batch(size=5, period=2y, interval=1d, use_cache=False, head=['360ONE.NS', '3MINDIA.NS', 'AADHARHFC.NS', 'AARTIDRUGS.NS', 'AARTIIND.NS'])
2026-07-12 16:02:32,184 DEBUG AlphaScanner.Data download_history_batch split result count=5
2026-07-12 16:02:32,184 DEBUG AlphaScanner.Scanner Downloaded chunk 1/151 size=5 resolved=5
2026-07-12 16:02:32,247 DEBUG AlphaScanner.Scanner Chunk 1/151 complete: watchlist=3 entry=1
2026-07-12 16:02:32,247 DEBUG AlphaScanner.Data download_history_batch(size=5, period=2y, interval=1d, use_cache=False, head=['AARTIPHARM.NS', 'AAVAS.NS', 'ABB.NS', 'ABBOTINDIA.NS', 'ABCAPITAL.NS'])
2026-07-12 16:02:32,574 DEBUG AlphaScanner.Data download_history_batch split result count=5
2026-07-12 16:02:32,574 DEBUG AlphaScanner.Scanner Downloaded chunk 2/151 size=5 resolved=5
2026-07-12 16:02:32,648 DEBUG AlphaScanner.Scanner Chunk 2/151 complete: watchlist=5 entry=2
2026-07-12 16:02:32,648 DEBUG AlphaScanner.Data download_history_batch(size=5, period=2y, interval=1d, use_cache=False, head=['ABDL.NS', 'ABFRL.NS', 'ABLBL.NS', 'ABREL.NS', 'ABSLAMC.NS'])
2026-07-12 16:02:33,001 DEBUG AlphaScanner.Data download_history_batch split result count=5
2026-07-12 16:02:33,002 DEBUG AlphaScanner.Scanner Downloaded chunk 3/151 size=5 resolved=5
2026-07-12 16:02:33,062 DEBUG AlphaScanner.Scanner Chunk 3/151 complete: watchlist=6 entry=3
2026-07-12 16:02:33,063 DEBUG AlphaScanner.Data download_history_batch(size=5, period=2y, interval=1d, use_cache=False, head=['ACC.NS', 'ACE.NS', 'ACI.NS', 'ACMESOLAR.NS', 'ACUTAAS.NS'])
2026-07-12 16:02:33,291 DEBUG AlphaScanner.Data download_history_batch split result count=5
2026-07-12 16:02:33,291 DEBUG AlphaScanner.Scanner Downloaded chunk 4/151 size=5 resolved=5
2026-07-12 16:02:33,368 DEBUG AlphaScanner.Scanner Chunk 4/151 complete: watchlist=7 entry=3
2026-07-12 16:02:33,369 DEBUG AlphaScanner.Data download_history_batch(size=5, period=2y, interval=1d, use_cache=False, head=['ADANIENSOL.NS', 'ADANIENT.NS', 'ADANIGREEN.NS', 'ADANIPORTS.NS', 'ADANIPOWER.NS'])
2026-07-12 16:02:33,675 DEBUG AlphaScanner.Data download_history_batch split result count=5
2026-07-12 16:02:33,675 DEBUG AlphaScanner.Scanner Downloaded chunk 5/151 size=5 resolved=5
2026-07-12 16:02:33,734 DEBUG AlphaScanner.Scanner Chunk 5/151 complete: watchlist=9 entry=4
2026-07-12 16:02:33,735 DEBUG AlphaScanner.Data download_history_batch(size=5, period=2y, interval=1d, use_cache=False, head=['ADVENZYMES.NS', 'AEGISLOG.NS', 'AEGISVOPAK.NS', 'AEQUS.NS', 'AETHER.NS'])
2026-07-12 16:02:33,964 DEBUG AlphaScanner.Data download_history_batch split result count=5
2026-07-12 16:02:33,964 DEBUG AlphaScanner.Scanner Downloaded chunk 6/151 size=5 resolved=5
2026-07-12 16:02:34,013 DEBUG AlphaScanner.Scanner Chunk 6/151 complete: watchlist=9 entry=5
2026-07-12 16:02:34,014 DEBUG AlphaScanner.Data download_history_batch(size=5, period=2y, interval=1d, use_cache=False, head=['AFCONS.NS', 'AFFLE.NS', 'AGARWALEYE.NS', 'AGL.NS', 'AHLUCONT.NS'])
2026-07-12 16:02:34,351 DEBUG AlphaScanner.Data download_history_batch split result count=5
2026-07-12 16:02:34,352 DEBUG AlphaScanner.Scanner Downloaded chunk 7/151 size=5 resolved=5
2026-07-12 16:02:34,408 DEBUG AlphaScanner.Scanner Chunk 7/151 complete: watchlist=12 entry=5
2026-07-12 16:02:34,409 DEBUG AlphaScanner.Data download_history_batch(size=5, period=2y, interval=1d, use_cache=False, head=['AIAENG.NS', 'AIIL.NS', 'AJANTPHARM.NS', 'AKUMS.NS', 'ALIVUS.NS'])
2026-07-12 16:02:34,719 DEBUG AlphaScanner.Data download_history_batch split result count=5
2026-07-12 16:02:34,720 DEBUG AlphaScanner.Scanner Downloaded chunk 8/151 size=5 resolved=5
2026-07-12 16:02:34,790 DEBUG AlphaScanner.Scanner Chunk 8/151 complete: watchlist=13 entry=6
2026-07-12 16:02:34,791 DEBUG AlphaScanner.Data download_history_batch(size=5, period=2y, interval=1d, use_cache=False, head=['ALKEM.NS', 'ALKYLAMINE.NS', 'ALOKINDS.NS', 'AMBER.NS', 'AMBUJACEM.NS'])
2026-07-12 16:02:35,130 DEBUG AlphaScanner.Data download_history_batch split result count=5
2026-07-12 16:02:35,130 DEBUG AlphaScanner.Scanner Downloaded chunk 9/151 size=5 resolved=5
2026-07-12 16:02:35,194 DEBUG AlphaScanner.Scanner Chunk 9/151 complete: watchlist=16 entry=7
2026-07-12 16:02:35,195 DEBUG AlphaScanner.Data download_history_batch(size=5, period=2y, interval=1d, use_cache=False, head=['ANANDRATHI.NS', 'ANANTRAJ.NS', 'ANGELONE.NS', 'ANTHEM.NS', 'ANUP.NS'])
2026-07-12 16:02:35,590 DEBUG AlphaScanner.Data download_history_batch split result count=5
2026-07-12 16:02:35,590 DEBUG AlphaScanner.Scanner Downloaded chunk 10/151 size=5 resolved=5
2026-07-12 16:02:35,648 DEBUG AlphaScanner.Scanner Chunk 10/151 complete: watchlist=17 entry=9
2026-07-12 16:02:35,648 DEBUG AlphaScanner.Data download_history_batch(size=5, period=2y, interval=1d, use_cache=False, head=['ANURAS.NS', 'APARINDS.NS', 'APLAPOLLO.NS', 'APLLTD.NS', 'APOLLO.NS'])
2026-07-12 16:02:35,923 DEBUG AlphaScanner.Data download_history_batch split result count=5
2026-07-12 16:02:35,923 DEBUG AlphaScanner.Scanner Downloaded chunk 11/151 size=5 resolved=5
2026-07-12 16:02:35,988 DEBUG AlphaScanner.Scanner Chunk 11/151 complete: watchlist=18 entry=10
2026-07-12 16:02:35,988 DEBUG AlphaScanner.Data download_history_batch(size=5, period=2y, interval=1d, use_cache=False, head=['APOLLOHOSP.NS', 'APOLLOTYRE.NS', 'APTUS.NS', 'ARE&M.NS', 'ARVIND.NS'])
2026-07-12 16:02:36,328 DEBUG AlphaScanner.Data download_history_batch split result count=5
2026-07-12 16:02:36,328 DEBUG AlphaScanner.Scanner Downloaded chunk 12/151 size=5 resolved=5
2026-07-12 16:02:36,391 DEBUG AlphaScanner.Scanner Chunk 12/151 complete: watchlist=22 entry=11
2026-07-12 16:02:36,392 DEBUG AlphaScanner.Data download_history_batch(size=5, period=2y, interval=1d, use_cache=False, head=['ARVINDFASN.NS', 'ASAHIINDIA.NS', 'ASHAPURMIN.NS', 'ASHOKA.NS', 'ASHOKLEY.NS'])
2026-07-12 16:02:36,668 DEBUG AlphaScanner.Data download_history_batch split result count=5
2026-07-12 16:02:36,668 DEBUG AlphaScanner.Scanner Downloaded chunk 13/151 size=5 resolved=5
2026-07-12 16:02:36,730 DEBUG AlphaScanner.Scanner Chunk 13/151 complete: watchlist=24 entry=12
2026-07-12 16:02:36,731 DEBUG AlphaScanner.Data download_history_batch(size=5, period=2y, interval=1d, use_cache=False, head=['ASIANPAINT.NS', 'ASKAUTOLTD.NS', 'ASTERDM.NS', 'ASTRAL.NS', 'ASTRAMICRO.NS'])
2026-07-12 16:02:37,067 DEBUG AlphaScanner.Data download_history_batch split result count=5
2026-07-12 16:02:37,067 DEBUG AlphaScanner.Scanner Downloaded chunk 14/151 size=5 resolved=5
2026-07-12 16:02:37,130 DEBUG AlphaScanner.Scanner Chunk 14/151 complete: watchlist=26 entry=12
2026-07-12 16:02:37,131 DEBUG AlphaScanner.Data download_history_batch(size=5, period=2y, interval=1d, use_cache=False, head=['ATGL.NS', 'ATHERENERG.NS', 'ATLANTAELE.NS', 'ATUL.NS', 'AUBANK.NS'])
2026-07-12 16:02:37,399 DEBUG AlphaScanner.Data download_history_batch split result count=5
2026-07-12 16:02:37,400 DEBUG AlphaScanner.Scanner Downloaded chunk 15/151 size=5 resolved=5
2026-07-12 16:02:37,434 DEBUG AlphaScanner.Scanner Chunk 15/151 complete: watchlist=28 entry=13
2026-07-12 16:02:37,436 DEBUG AlphaScanner.Data download_history_batch(size=5, period=2y, interval=1d, use_cache=False, head=['AURIONPRO.NS', 'AUROPHARMA.NS', 'AVALON.NS', 'AVANTIFEED.NS', 'AVL.NS'])
2026-07-12 16:02:37,841 DEBUG AlphaScanner.Data download_history_batch split result count=5
2026-07-12 16:02:37,841 DEBUG AlphaScanner.Scanner Downloaded chunk 16/151 size=5 resolved=5
2026-07-12 16:02:37,912 DEBUG AlphaScanner.Scanner Chunk 16/151 complete: watchlist=30 entry=13
2026-07-12 16:02:37,913 DEBUG AlphaScanner.Data download_history_batch(size=5, period=2y, interval=1d, use_cache=False, head=['AWFIS.NS', 'AWL.NS', 'AXISBANK.NS', 'AXISCADES.NS', 'AZAD.NS'])
2026-07-12 16:02:38,157 DEBUG AlphaScanner.Data download_history_batch split result count=5
2026-07-12 16:02:38,157 DEBUG AlphaScanner.Scanner Downloaded chunk 17/151 size=5 resolved=5
2026-07-12 16:02:38,233 DEBUG AlphaScanner.Scanner Chunk 17/151 complete: watchlist=31 entry=14
2026-07-12 16:02:38,234 DEBUG AlphaScanner.Data download_history_batch(size=5, period=2y, interval=1d, use_cache=False, head=['BAJAJ-AUTO.NS', 'BAJAJELEC.NS', 'BAJAJFINSV.NS', 'BAJAJHFL.NS', 'BAJAJHLDNG.NS'])
2026-07-12 16:02:38,527 DEBUG AlphaScanner.Data download_history_batch split result count=5
2026-07-12 16:02:38,527 DEBUG AlphaScanner.Scanner Downloaded chunk 18/151 size=5 resolved=5
2026-07-12 16:02:38,589 DEBUG AlphaScanner.Scanner Chunk 18/151 complete: watchlist=34 entry=14
2026-07-12 16:02:38,590 DEBUG AlphaScanner.Data download_history_batch(size=5, period=2y, interval=1d, use_cache=False, head=['BAJFINANCE.NS', 'BALAMINES.NS', 'BALKRISIND.NS', 'BALRAMCHIN.NS', 'BALUFORGE.NS'])
2026-07-12 16:02:38,946 DEBUG AlphaScanner.Data download_history_batch split result count=5
2026-07-12 16:02:38,946 DEBUG AlphaScanner.Scanner Downloaded chunk 19/151 size=5 resolved=5
2026-07-12 16:02:39,012 DEBUG AlphaScanner.Scanner Chunk 19/151 complete: watchlist=38 entry=17
2026-07-12 16:02:39,013 DEBUG AlphaScanner.Data download_history_batch(size=5, period=2y, interval=1d, use_cache=False, head=['BANCOINDIA.NS', 'BANDHANBNK.NS', 'BANKBARODA.NS', 'BANKINDIA.NS', 'BATAINDIA.NS'])
2026-07-12 16:02:39,347 DEBUG AlphaScanner.Data download_history_batch split result count=5
2026-07-12 16:02:39,347 DEBUG AlphaScanner.Scanner Downloaded chunk 20/151 size=5 resolved=5
2026-07-12 16:02:39,415 DEBUG AlphaScanner.Scanner Chunk 20/151 complete: watchlist=41 entry=21
2026-07-12 16:02:39,415 DEBUG AlphaScanner.Data download_history_batch(size=5, period=2y, interval=1d, use_cache=False, head=['BAYERCROP.NS', 'BBOX.NS', 'BBTC.NS', 'BDL.NS', 'BECTORFOOD.NS'])
2026-07-12 16:02:39,682 DEBUG AlphaScanner.Data download_history_batch split result count=5
2026-07-12 16:02:39,682 DEBUG AlphaScanner.Scanner Downloaded chunk 21/151 size=5 resolved=5
2026-07-12 16:02:39,753 DEBUG AlphaScanner.Scanner Chunk 21/151 complete: watchlist=41 entry=21
2026-07-12 16:02:39,754 DEBUG AlphaScanner.Data download_history_batch(size=5, period=2y, interval=1d, use_cache=False, head=['BEL.NS', 'BELRISE.NS', 'BEML.NS', 'BERGEPAINT.NS', 'BHARATFORG.NS'])
2026-07-12 16:02:40,087 DEBUG AlphaScanner.Data download_history_batch split result count=5
2026-07-12 16:02:40,088 DEBUG AlphaScanner.Scanner Downloaded chunk 22/151 size=5 resolved=5
2026-07-12 16:02:40,153 DEBUG AlphaScanner.Scanner Chunk 22/151 complete: watchlist=43 entry=21
2026-07-12 16:02:40,154 DEBUG AlphaScanner.Data download_history_batch(size=5, period=2y, interval=1d, use_cache=False, head=['BHARTIARTL.NS', 'BHARTIHEXA.NS', 'BHEL.NS', 'BIKAJI.NS', 'BIOCON.NS'])
2026-07-12 16:02:40,497 DEBUG AlphaScanner.Data download_history_batch split result count=5
2026-07-12 16:02:40,497 DEBUG AlphaScanner.Scanner Downloaded chunk 23/151 size=5 resolved=5
2026-07-12 16:02:40,582 DEBUG AlphaScanner.Scanner Chunk 23/151 complete: watchlist=46 entry=22
2026-07-12 16:02:40,583 DEBUG AlphaScanner.Data download_history_batch(size=5, period=2y, interval=1d, use_cache=False, head=['BIRLACORPN.NS', 'BLACKBUCK.NS', 'BLS.NS', 'BLUEDART.NS', 'BLUEJET.NS'])
2026-07-12 16:02:40,847 DEBUG AlphaScanner.Data download_history_batch split result count=5
2026-07-12 16:02:40,847 DEBUG AlphaScanner.Scanner Downloaded chunk 24/151 size=5 resolved=5
2026-07-12 16:02:40,926 DEBUG AlphaScanner.Scanner Chunk 24/151 complete: watchlist=47 entry=26
2026-07-12 16:02:40,926 DEBUG AlphaScanner.Data download_history_batch(size=5, period=2y, interval=1d, use_cache=False, head=['BLUESTARCO.NS', 'BLUESTONE.NS', 'BORORENEW.NS', 'BOSCHLTD.NS', 'BPCL.NS'])
2026-07-12 16:02:41,198 DEBUG AlphaScanner.Data download_history_batch split result count=5
2026-07-12 16:02:41,199 DEBUG AlphaScanner.Scanner Downloaded chunk 25/151 size=5 resolved=5
2026-07-12 16:02:41,254 DEBUG AlphaScanner.Scanner Chunk 25/151 complete: watchlist=49 entry=27
2026-07-12 16:02:41,255 DEBUG AlphaScanner.Data download_history_batch(size=5, period=2y, interval=1d, use_cache=False, head=['BRIGADE.NS', 'BRITANNIA.NS', 'BSE.NS', 'BSOFT.NS', 'CAMPUS.NS'])
2026-07-12 16:02:41,562 DEBUG AlphaScanner.Data download_history_batch split result count=5
2026-07-12 16:02:41,562 DEBUG AlphaScanner.Scanner Downloaded chunk 26/151 size=5 resolved=5
2026-07-12 16:02:41,625 DEBUG AlphaScanner.Scanner Chunk 26/151 complete: watchlist=49 entry=28
2026-07-12 16:02:41,626 DEBUG AlphaScanner.Data download_history_batch(size=5, period=2y, interval=1d, use_cache=False, head=['CAMS.NS', 'CANBK.NS', 'CANFINHOME.NS', 'CANHLIFE.NS', 'CAPILLARY.NS'])
2026-07-12 16:02:41,906 DEBUG AlphaScanner.Data download_history_batch split result count=5
2026-07-12 16:02:41,907 DEBUG AlphaScanner.Scanner Downloaded chunk 27/151 size=5 resolved=5
2026-07-12 16:02:41,941 DEBUG AlphaScanner.Scanner Chunk 27/151 complete: watchlist=51 entry=30
2026-07-12 16:02:41,941 DEBUG AlphaScanner.Data download_history_batch(size=5, period=2y, interval=1d, use_cache=False, head=['CAPLIPOINT.NS', 'CARBORUNIV.NS', 'CARTRADE.NS', 'CASTROLIND.NS', 'CCAVENUE.NS'])
2026-07-12 16:02:42,274 DEBUG AlphaScanner.Data download_history_batch split result count=5
2026-07-12 16:02:42,274 DEBUG AlphaScanner.Scanner Downloaded chunk 28/151 size=5 resolved=5
2026-07-12 16:02:42,339 DEBUG AlphaScanner.Scanner Chunk 28/151 complete: watchlist=51 entry=31
2026-07-12 16:02:42,340 DEBUG AlphaScanner.Data download_history_batch(size=5, period=2y, interval=1d, use_cache=False, head=['CCL.NS', 'CDSL.NS', 'CEATLTD.NS', 'CELLO.NS', 'CEMPRO.NS'])
2026-07-12 16:02:42,596 DEBUG AlphaScanner.Data download_history_batch split result count=5
2026-07-12 16:02:42,596 DEBUG AlphaScanner.Scanner Downloaded chunk 29/151 size=5 resolved=5
2026-07-12 16:02:42,655 DEBUG AlphaScanner.Scanner Chunk 29/151 complete: watchlist=53 entry=33
2026-07-12 16:02:42,655 DEBUG AlphaScanner.Data download_history_batch(size=5, period=2y, interval=1d, use_cache=False, head=['CENTRALBK.NS', 'CENTURYPLY.NS', 'CERA.NS', 'CESC.NS', 'CGCL.NS'])
2026-07-12 16:02:42,938 DEBUG AlphaScanner.Data download_history_batch split result count=5
2026-07-12 16:02:42,938 DEBUG AlphaScanner.Scanner Downloaded chunk 30/151 size=5 resolved=5
2026-07-12 16:02:42,994 DEBUG AlphaScanner.Scanner Chunk 30/151 complete: watchlist=56 entry=34
2026-07-12 16:02:42,994 DEBUG AlphaScanner.Data download_history_batch(size=5, period=2y, interval=1d, use_cache=False, head=['CGPOWER.NS', 'CHALET.NS', 'CHAMBLFERT.NS', 'CHENNPETRO.NS', 'CHOICEIN.NS'])
2026-07-12 16:02:43,306 DEBUG AlphaScanner.Data download_history_batch split result count=5
2026-07-12 16:02:43,307 DEBUG AlphaScanner.Scanner Downloaded chunk 31/151 size=5 resolved=5
2026-07-12 16:02:43,372 DEBUG AlphaScanner.Scanner Chunk 31/151 complete: watchlist=56 entry=35
2026-07-12 16:02:43,373 DEBUG AlphaScanner.Data download_history_batch(size=5, period=2y, interval=1d, use_cache=False, head=['CHOLAFIN.NS', 'CHOLAHLDNG.NS', 'CIEINDIA.NS', 'CIPLA.NS', 'CLEAN.NS'])
2026-07-12 16:02:43,684 DEBUG AlphaScanner.Data download_history_batch split result count=5
2026-07-12 16:02:43,684 DEBUG AlphaScanner.Scanner Downloaded chunk 32/151 size=5 resolved=5
2026-07-12 16:02:43,745 DEBUG AlphaScanner.Scanner Chunk 32/151 complete: watchlist=59 entry=35
2026-07-12 16:02:43,746 DEBUG AlphaScanner.Data download_history_batch(size=5, period=2y, interval=1d, use_cache=False, head=['CMSINFO.NS', 'COALINDIA.NS', 'COCHINSHIP.NS', 'COFORGE.NS', 'COHANCE.NS'])
2026-07-12 16:02:44,111 DEBUG AlphaScanner.Data download_history_batch split result count=5
2026-07-12 16:02:44,111 DEBUG AlphaScanner.Scanner Downloaded chunk 33/151 size=5 resolved=5
2026-07-12 16:02:44,171 DEBUG AlphaScanner.Scanner Chunk 33/151 complete: watchlist=60 entry=36
2026-07-12 16:02:44,171 DEBUG AlphaScanner.Data download_history_batch(size=5, period=2y, interval=1d, use_cache=False, head=['COLPAL.NS', 'CONCOR.NS', 'CONCORDBIO.NS', 'COROMANDEL.NS', 'CORONA.NS'])
2026-07-12 16:02:44,559 DEBUG AlphaScanner.Data download_history_batch split result count=5
2026-07-12 16:02:44,559 DEBUG AlphaScanner.Scanner Downloaded chunk 34/151 size=5 resolved=5
2026-07-12 16:02:44,606 DEBUG AlphaScanner.Scanner Chunk 34/151 complete: watchlist=62 entry=37
2026-07-12 16:02:44,607 DEBUG AlphaScanner.Data download_history_batch(size=5, period=2y, interval=1d, use_cache=False, head=['CPPLUS.NS', 'CRAFTSMAN.NS', 'CRAMC.NS', 'CREDITACC.NS', 'CRISIL.NS'])
2026-07-12 16:02:44,866 DEBUG AlphaScanner.Data download_history_batch split result count=5
2026-07-12 16:02:44,866 DEBUG AlphaScanner.Scanner Downloaded chunk 35/151 size=5 resolved=5
2026-07-12 16:02:44,903 DEBUG AlphaScanner.Scanner Chunk 35/151 complete: watchlist=63 entry=38
2026-07-12 16:02:44,904 DEBUG AlphaScanner.Data download_history_batch(size=5, period=2y, interval=1d, use_cache=False, head=['CRIZAC.NS', 'CROMPTON.NS', 'CSBBANK.NS', 'CUB.NS', 'CUMMINSIND.NS'])
2026-07-12 16:02:45,136 DEBUG AlphaScanner.Data download_history_batch split result count=5
2026-07-12 16:02:45,136 DEBUG AlphaScanner.Scanner Downloaded chunk 36/151 size=5 resolved=5
2026-07-12 16:02:45,186 DEBUG AlphaScanner.Scanner Chunk 36/151 complete: watchlist=63 entry=39
2026-07-12 16:02:45,187 DEBUG AlphaScanner.Data download_history_batch(size=5, period=2y, interval=1d, use_cache=False, head=['CUPID.NS', 'CYIENT.NS', 'DABUR.NS', 'DALBHARAT.NS', 'DATAMATICS.NS'])
2026-07-12 16:02:45,446 DEBUG AlphaScanner.Data download_history_batch split result count=5
2026-07-12 16:02:45,447 DEBUG AlphaScanner.Scanner Downloaded chunk 37/151 size=5 resolved=5
2026-07-12 16:02:45,508 DEBUG AlphaScanner.Scanner Chunk 37/151 complete: watchlist=64 entry=41
2026-07-12 16:02:45,509 DEBUG AlphaScanner.Data download_history_batch(size=5, period=2y, interval=1d, use_cache=False, head=['DATAPATTNS.NS', 'DBL.NS', 'DBREALTY.NS', 'DCBBANK.NS', 'DCMSHRIRAM.NS'])
2026-07-12 16:02:45,878 DEBUG AlphaScanner.Data download_history_batch split result count=5
2026-07-12 16:02:45,879 DEBUG AlphaScanner.Scanner Downloaded chunk 38/151 size=5 resolved=5
2026-07-12 16:02:45,953 DEBUG AlphaScanner.Scanner Chunk 38/151 complete: watchlist=67 entry=41
2026-07-12 16:02:45,954 DEBUG AlphaScanner.Data download_history_batch(size=5, period=2y, interval=1d, use_cache=False, head=['DEEPAKFERT.NS', 'DEEPAKNTR.NS', 'DELHIVERY.NS', 'DEVYANI.NS', 'DIACABS.NS'])
2026-07-12 16:02:46,195 DEBUG AlphaScanner.Data download_history_batch split result count=5
2026-07-12 16:02:46,195 DEBUG AlphaScanner.Scanner Downloaded chunk 39/151 size=5 resolved=5
2026-07-12 16:02:46,252 DEBUG AlphaScanner.Scanner Chunk 39/151 complete: watchlist=67 entry=42
2026-07-12 16:02:46,253 DEBUG AlphaScanner.Data download_history_batch(size=5, period=2y, interval=1d, use_cache=False, head=['DIVISLAB.NS', 'DIXON.NS', 'DLF.NS', 'DMART.NS', 'DOMS.NS'])
2026-07-12 16:02:46,496 DEBUG AlphaScanner.Data download_history_batch split result count=5
2026-07-12 16:02:46,496 DEBUG AlphaScanner.Scanner Downloaded chunk 40/151 size=5 resolved=5
2026-07-12 16:02:46,564 DEBUG AlphaScanner.Scanner Chunk 40/151 complete: watchlist=69 entry=43
2026-07-12 16:02:46,565 DEBUG AlphaScanner.Data download_history_batch(size=5, period=2y, interval=1d, use_cache=False, head=['DRREDDY.NS', 'DYNAMATECH.NS', 'ECLERX.NS', 'EDELWEISS.NS', 'EICHERMOT.NS'])
2026-07-12 16:02:46,836 DEBUG AlphaScanner.Data download_history_batch split result count=5
2026-07-12 16:02:46,837 DEBUG AlphaScanner.Scanner Downloaded chunk 41/151 size=5 resolved=5
2026-07-12 16:02:46,897 DEBUG AlphaScanner.Scanner Chunk 41/151 complete: watchlist=71 entry=43
2026-07-12 16:02:46,898 DEBUG AlphaScanner.Data download_history_batch(size=5, period=2y, interval=1d, use_cache=False, head=['EIDPARRY.NS', 'EIEL.NS', 'EIHOTEL.NS', 'ELECON.NS', 'ELECTCAST.NS'])
2026-07-12 16:02:47,184 DEBUG AlphaScanner.Data download_history_batch split result count=5
2026-07-12 16:02:47,184 DEBUG AlphaScanner.Scanner Downloaded chunk 42/151 size=5 resolved=5
2026-07-12 16:02:47,256 DEBUG AlphaScanner.Scanner Chunk 42/151 complete: watchlist=72 entry=44
2026-07-12 16:02:47,257 DEBUG AlphaScanner.Data download_history_batch(size=5, period=2y, interval=1d, use_cache=False, head=['ELGIEQUIP.NS', 'ELLEN.NS', 'EMAMILTD.NS', 'EMBDL.NS', 'EMCURE.NS'])
2026-07-12 16:02:47,522 DEBUG AlphaScanner.Data download_history_batch split result count=5
2026-07-12 16:02:47,522 DEBUG AlphaScanner.Scanner Downloaded chunk 43/151 size=5 resolved=5
2026-07-12 16:02:47,571 DEBUG AlphaScanner.Scanner Chunk 43/151 complete: watchlist=74 entry=45
2026-07-12 16:02:47,572 DEBUG AlphaScanner.Data download_history_batch(size=5, period=2y, interval=1d, use_cache=False, head=['EMIL.NS', 'EMMVEE.NS', 'ENDURANCE.NS', 'ENGINERSIN.NS', 'ENRIN.NS'])
2026-07-12 16:02:47,814 DEBUG AlphaScanner.Data download_history_batch split result count=5
2026-07-12 16:02:47,814 DEBUG AlphaScanner.Scanner Downloaded chunk 44/151 size=5 resolved=5
2026-07-12 16:02:47,860 DEBUG AlphaScanner.Scanner Chunk 44/151 complete: watchlist=75 entry=46
2026-07-12 16:02:47,861 DEBUG AlphaScanner.Data download_history_batch(size=5, period=2y, interval=1d, use_cache=False, head=['ENTERO.NS', 'EPL.NS', 'EQUITASBNK.NS', 'ERIS.NS', 'ESCORTS.NS'])
2026-07-12 16:02:48,268 DEBUG AlphaScanner.Data download_history_batch split result count=5
2026-07-12 16:02:48,268 DEBUG AlphaScanner.Scanner Downloaded chunk 45/151 size=5 resolved=5
2026-07-12 16:02:48,330 DEBUG AlphaScanner.Scanner Chunk 45/151 complete: watchlist=79 entry=47
2026-07-12 16:02:48,331 DEBUG AlphaScanner.Data download_history_batch(size=5, period=2y, interval=1d, use_cache=False, head=['ETERNAL.NS', 'ETHOSLTD.NS', 'EUREKAFORB.NS', 'EXIDEIND.NS', 'FACT.NS'])
2026-07-12 16:02:48,574 DEBUG AlphaScanner.Data download_history_batch split result count=5
2026-07-12 16:02:48,574 DEBUG AlphaScanner.Scanner Downloaded chunk 46/151 size=5 resolved=5
2026-07-12 16:02:48,639 DEBUG AlphaScanner.Scanner Chunk 46/151 complete: watchlist=80 entry=47
2026-07-12 16:02:48,640 DEBUG AlphaScanner.Data download_history_batch(size=5, period=2y, interval=1d, use_cache=False, head=['FEDERALBNK.NS', 'FEDFINA.NS', 'FIEMIND.NS', 'FINCABLES.NS', 'FINPIPE.NS'])
2026-07-12 16:02:49,058 DEBUG AlphaScanner.Data download_history_batch split result count=5
2026-07-12 16:02:49,058 DEBUG AlphaScanner.Scanner Downloaded chunk 47/151 size=5 resolved=5
2026-07-12 16:02:49,121 DEBUG AlphaScanner.Scanner Chunk 47/151 complete: watchlist=83 entry=48
2026-07-12 16:02:49,122 DEBUG AlphaScanner.Data download_history_batch(size=5, period=2y, interval=1d, use_cache=False, head=['FIRSTCRY.NS', 'FIVESTAR.NS', 'FLUOROCHEM.NS', 'FORCEMOT.NS', 'FORTIS.NS'])
2026-07-12 16:02:49,414 DEBUG AlphaScanner.Data download_history_batch split result count=5
2026-07-12 16:02:49,414 DEBUG AlphaScanner.Scanner Downloaded chunk 48/151 size=5 resolved=5
2026-07-12 16:02:49,478 DEBUG AlphaScanner.Scanner Chunk 48/151 complete: watchlist=85 entry=49
2026-07-12 16:02:49,478 DEBUG AlphaScanner.Data download_history_batch(size=5, period=2y, interval=1d, use_cache=False, head=['FSL.NS', 'GABRIEL.NS', 'GAEL.NS', 'GAIL.NS', 'GALLANTT.NS'])
2026-07-12 16:02:49,841 DEBUG AlphaScanner.Data download_history_batch split result count=5
2026-07-12 16:02:49,841 DEBUG AlphaScanner.Scanner Downloaded chunk 49/151 size=5 resolved=5
2026-07-12 16:02:49,906 DEBUG AlphaScanner.Scanner Chunk 49/151 complete: watchlist=86 entry=50
2026-07-12 16:02:49,907 DEBUG AlphaScanner.Data download_history_batch(size=5, period=2y, interval=1d, use_cache=False, head=['GESHIP.NS', 'GHCL.NS', 'GICRE.NS', 'GILLETTE.NS', 'GLAND.NS'])
2026-07-12 16:02:50,257 DEBUG AlphaScanner.Data download_history_batch split result count=5
2026-07-12 16:02:50,257 DEBUG AlphaScanner.Scanner Downloaded chunk 50/151 size=5 resolved=5
2026-07-12 16:02:50,318 DEBUG AlphaScanner.Scanner Chunk 50/151 complete: watchlist=88 entry=50
2026-07-12 16:02:50,319 DEBUG AlphaScanner.Data download_history_batch(size=5, period=2y, interval=1d, use_cache=False, head=['GLAXO.NS', 'GLENMARK.NS', 'GMDCLTD.NS', 'GMMPFAUDLR.NS', 'GMRAIRPORT.NS'])
2026-07-12 16:02:50,684 DEBUG AlphaScanner.Data download_history_batch split result count=5
2026-07-12 16:02:50,684 DEBUG AlphaScanner.Scanner Downloaded chunk 51/151 size=5 resolved=5
2026-07-12 16:02:50,746 DEBUG AlphaScanner.Scanner Chunk 51/151 complete: watchlist=90 entry=50
2026-07-12 16:02:50,747 DEBUG AlphaScanner.Data download_history_batch(size=5, period=2y, interval=1d, use_cache=False, head=['GMRP&UI.NS', 'GNFC.NS', 'GODFRYPHLP.NS', 'GODIGIT.NS', 'GODREJAGRO.NS'])
2026-07-12 16:02:51,075 DEBUG AlphaScanner.Data download_history_batch split result count=5
2026-07-12 16:02:51,075 DEBUG AlphaScanner.Scanner Downloaded chunk 52/151 size=5 resolved=5
2026-07-12 16:02:51,136 DEBUG AlphaScanner.Scanner Chunk 52/151 complete: watchlist=90 entry=50
2026-07-12 16:02:51,137 DEBUG AlphaScanner.Data download_history_batch(size=5, period=2y, interval=1d, use_cache=False, head=['GODREJCP.NS', 'GODREJIND.NS', 'GODREJPROP.NS', 'GOKEX.NS', 'GOKULAGRO.NS'])
2026-07-12 16:02:51,541 DEBUG AlphaScanner.Data download_history_batch split result count=5
2026-07-12 16:02:51,541 DEBUG AlphaScanner.Scanner Downloaded chunk 53/151 size=5 resolved=5
2026-07-12 16:02:51,604 DEBUG AlphaScanner.Scanner Chunk 53/151 complete: watchlist=90 entry=53
2026-07-12 16:02:51,605 DEBUG AlphaScanner.Data download_history_batch(size=5, period=2y, interval=1d, use_cache=False, head=['GPIL.NS', 'GPPL.NS', 'GRANULES.NS', 'GRAPHITE.NS', 'GRASIM.NS'])
2026-07-12 16:02:51,900 DEBUG AlphaScanner.Data download_history_batch split result count=5
2026-07-12 16:02:51,900 DEBUG AlphaScanner.Scanner Downloaded chunk 54/151 size=5 resolved=5
2026-07-12 16:02:51,958 DEBUG AlphaScanner.Scanner Chunk 54/151 complete: watchlist=91 entry=54
2026-07-12 16:02:51,958 DEBUG AlphaScanner.Data download_history_batch(size=5, period=2y, interval=1d, use_cache=False, head=['GRAVITA.NS', 'GREAVESCOT.NS', 'GROWW.NS', 'GRSE.NS', 'GRWRHITECH.NS'])
2026-07-12 16:02:52,325 DEBUG AlphaScanner.Data download_history_batch split result count=5
2026-07-12 16:02:52,325 DEBUG AlphaScanner.Scanner Downloaded chunk 55/151 size=5 resolved=5
2026-07-12 16:02:52,377 DEBUG AlphaScanner.Scanner Chunk 55/151 complete: watchlist=91 entry=56
2026-07-12 16:02:52,377 DEBUG AlphaScanner.Data download_history_batch(size=5, period=2y, interval=1d, use_cache=False, head=['GSFC.NS', 'GVT&D.NS', 'HAL.NS', 'HAPPSTMNDS.NS', 'HAVELLS.NS'])
2026-07-12 16:02:52,761 DEBUG AlphaScanner.Data download_history_batch split result count=5
2026-07-12 16:02:52,762 DEBUG AlphaScanner.Scanner Downloaded chunk 56/151 size=5 resolved=5
2026-07-12 16:02:52,826 DEBUG AlphaScanner.Scanner Chunk 56/151 complete: watchlist=93 entry=58
2026-07-12 16:02:52,827 DEBUG AlphaScanner.Data download_history_batch(size=5, period=2y, interval=1d, use_cache=False, head=['HBLENGINE.NS', 'HCC.NS', 'HCG.NS', 'HCLTECH.NS', 'HDBFS.NS'])
2026-07-12 16:02:53,204 DEBUG AlphaScanner.Data download_history_batch split result count=5
2026-07-12 16:02:53,204 DEBUG AlphaScanner.Scanner Downloaded chunk 57/151 size=5 resolved=5
2026-07-12 16:02:53,250 DEBUG AlphaScanner.Scanner Chunk 57/151 complete: watchlist=93 entry=59
2026-07-12 16:02:53,250 DEBUG AlphaScanner.Data download_history_batch(size=5, period=2y, interval=1d, use_cache=False, head=['HDFCAMC.NS', 'HDFCBANK.NS', 'HDFCLIFE.NS', 'HEG.NS', 'HEMIPROP.NS'])
2026-07-12 16:02:53,605 DEBUG AlphaScanner.Data download_history_batch split result count=5
2026-07-12 16:02:53,605 DEBUG AlphaScanner.Scanner Downloaded chunk 58/151 size=5 resolved=5
2026-07-12 16:02:53,664 DEBUG AlphaScanner.Scanner Chunk 58/151 complete: watchlist=95 entry=62
2026-07-12 16:02:53,665 DEBUG AlphaScanner.Data download_history_batch(size=5, period=2y, interval=1d, use_cache=False, head=['HERITGFOOD.NS', 'HEROMOTOCO.NS', 'HEXT.NS', 'HFCL.NS', 'HGINFRA.NS'])
2026-07-12 16:02:53,911 DEBUG AlphaScanner.Data download_history_batch split result count=5
2026-07-12 16:02:53,911 DEBUG AlphaScanner.Scanner Downloaded chunk 59/151 size=5 resolved=5
2026-07-12 16:02:53,968 DEBUG AlphaScanner.Scanner Chunk 59/151 complete: watchlist=96 entry=62
2026-07-12 16:02:53,968 DEBUG AlphaScanner.Data download_history_batch(size=5, period=2y, interval=1d, use_cache=False, head=['HINDALCO.NS', 'HINDCOPPER.NS', 'HINDPETRO.NS', 'HINDUNILVR.NS', 'HINDZINC.NS'])
2026-07-12 16:02:54,357 DEBUG AlphaScanner.Data download_history_batch split result count=5
2026-07-12 16:02:54,357 DEBUG AlphaScanner.Scanner Downloaded chunk 60/151 size=5 resolved=5
2026-07-12 16:02:54,417 DEBUG AlphaScanner.Scanner Chunk 60/151 complete: watchlist=97 entry=64
2026-07-12 16:02:54,417 DEBUG AlphaScanner.Data download_history_batch(size=5, period=2y, interval=1d, use_cache=False, head=['HOMEFIRST.NS', 'HONASA.NS', 'HONAUT.NS', 'HSCL.NS', 'HUDCO.NS'])
2026-07-12 16:02:54,762 DEBUG AlphaScanner.Data download_history_batch split result count=5
2026-07-12 16:02:54,762 DEBUG AlphaScanner.Scanner Downloaded chunk 61/151 size=5 resolved=5
2026-07-12 16:02:54,826 DEBUG AlphaScanner.Scanner Chunk 61/151 complete: watchlist=99 entry=64
2026-07-12 16:02:54,827 DEBUG AlphaScanner.Data download_history_batch(size=5, period=2y, interval=1d, use_cache=False, head=['HYUNDAI.NS', 'ICICIAMC.NS', 'ICICIBANK.NS', 'ICICIGI.NS', 'ICICIPRULI.NS'])
2026-07-12 16:02:55,069 DEBUG AlphaScanner.Data download_history_batch split result count=5
2026-07-12 16:02:55,069 DEBUG AlphaScanner.Scanner Downloaded chunk 62/151 size=5 resolved=5
2026-07-12 16:02:55,120 DEBUG AlphaScanner.Scanner Chunk 62/151 complete: watchlist=103 entry=65
2026-07-12 16:02:55,121 DEBUG AlphaScanner.Data download_history_batch(size=5, period=2y, interval=1d, use_cache=False, head=['ICIL.NS', 'IDBI.NS', 'IDEA.NS', 'IDFCFIRSTB.NS', 'IEX.NS'])
2026-07-12 16:02:55,495 DEBUG AlphaScanner.Data download_history_batch split result count=5
2026-07-12 16:02:55,496 DEBUG AlphaScanner.Scanner Downloaded chunk 63/151 size=5 resolved=5
2026-07-12 16:02:55,559 DEBUG AlphaScanner.Scanner Chunk 63/151 complete: watchlist=104 entry=66
2026-07-12 16:02:55,560 DEBUG AlphaScanner.Data download_history_batch(size=5, period=2y, interval=1d, use_cache=False, head=['IFBIND.NS', 'IFCI.NS', 'IGIL.NS', 'IGL.NS', 'IIFL.NS'])
2026-07-12 16:02:55,975 DEBUG AlphaScanner.Data download_history_batch split result count=5
2026-07-12 16:02:55,975 DEBUG AlphaScanner.Scanner Downloaded chunk 64/151 size=5 resolved=5
2026-07-12 16:02:56,038 DEBUG AlphaScanner.Scanner Chunk 64/151 complete: watchlist=105 entry=67
2026-07-12 16:02:56,039 DEBUG AlphaScanner.Data download_history_batch(size=5, period=2y, interval=1d, use_cache=False, head=['IIFLCAPS.NS', 'IKS.NS', 'IMFA.NS', 'INDGN.NS', 'INDHOTEL.NS'])
2026-07-12 16:02:56,353 DEBUG AlphaScanner.Data download_history_batch split result count=5
2026-07-12 16:02:56,353 DEBUG AlphaScanner.Scanner Downloaded chunk 65/151 size=5 resolved=5
2026-07-12 16:02:56,411 DEBUG AlphaScanner.Scanner Chunk 65/151 complete: watchlist=106 entry=71
2026-07-12 16:02:56,412 DEBUG AlphaScanner.Data download_history_batch(size=5, period=2y, interval=1d, use_cache=False, head=['INDIACEM.NS', 'INDIAGLYCO.NS', 'INDIAMART.NS', 'INDIANB.NS', 'INDIASHLTR.NS'])
2026-07-12 16:02:56,672 DEBUG AlphaScanner.Data download_history_batch split result count=5
2026-07-12 16:02:56,672 DEBUG AlphaScanner.Scanner Downloaded chunk 66/151 size=5 resolved=5
2026-07-12 16:02:56,729 DEBUG AlphaScanner.Scanner Chunk 66/151 complete: watchlist=107 entry=72
2026-07-12 16:02:56,730 DEBUG AlphaScanner.Data download_history_batch(size=5, period=2y, interval=1d, use_cache=False, head=['INDIGO.NS', 'INDIGOPNTS.NS', 'INDUSINDBK.NS', 'INDUSTOWER.NS', 'INFY.NS'])
2026-07-12 16:02:56,996 DEBUG AlphaScanner.Data download_history_batch split result count=5
2026-07-12 16:02:56,996 DEBUG AlphaScanner.Scanner Downloaded chunk 67/151 size=5 resolved=5
2026-07-12 16:02:57,053 DEBUG AlphaScanner.Scanner Chunk 67/151 complete: watchlist=108 entry=72
2026-07-12 16:02:57,054 DEBUG AlphaScanner.Data download_history_batch(size=5, period=2y, interval=1d, use_cache=False, head=['INOXGREEN.NS', 'INOXINDIA.NS', 'INOXWIND.NS', 'INTELLECT.NS', 'IOB.NS'])
2026-07-12 16:02:57,310 DEBUG AlphaScanner.Data download_history_batch split result count=5
2026-07-12 16:02:57,310 DEBUG AlphaScanner.Scanner Downloaded chunk 68/151 size=5 resolved=5
2026-07-12 16:02:57,371 DEBUG AlphaScanner.Scanner Chunk 68/151 complete: watchlist=110 entry=73
2026-07-12 16:02:57,371 DEBUG AlphaScanner.Data download_history_batch(size=5, period=2y, interval=1d, use_cache=False, head=['IOC.NS', 'IONEXCHANG.NS', 'IPCALAB.NS', 'IRB.NS', 'IRCON.NS'])
2026-07-12 16:02:57,965 DEBUG AlphaScanner.Data download_history_batch split result count=5
2026-07-12 16:02:57,965 DEBUG AlphaScanner.Scanner Downloaded chunk 69/151 size=5 resolved=5
2026-07-12 16:02:58,023 DEBUG AlphaScanner.Scanner Chunk 69/151 complete: watchlist=110 entry=74
2026-07-12 16:02:58,024 DEBUG AlphaScanner.Data download_history_batch(size=5, period=2y, interval=1d, use_cache=False, head=['IRCTC.NS', 'IREDA.NS', 'IRFC.NS', 'ITC.NS', 'ITCHOTELS.NS'])
2026-07-12 16:02:58,397 DEBUG AlphaScanner.Data download_history_batch split result count=5
2026-07-12 16:02:58,397 DEBUG AlphaScanner.Scanner Downloaded chunk 70/151 size=5 resolved=5
2026-07-12 16:02:58,456 DEBUG AlphaScanner.Scanner Chunk 70/151 complete: watchlist=111 entry=76
2026-07-12 16:02:58,456 DEBUG AlphaScanner.Data download_history_batch(size=5, period=2y, interval=1d, use_cache=False, head=['ITI.NS', 'IXIGO.NS', 'J&KBANK.NS', 'JAIBALAJI.NS', 'JAINREC.NS'])
2026-07-12 16:02:58,685 DEBUG AlphaScanner.Data download_history_batch split result count=5
2026-07-12 16:02:58,685 DEBUG AlphaScanner.Scanner Downloaded chunk 71/151 size=5 resolved=5
2026-07-12 16:02:58,732 DEBUG AlphaScanner.Scanner Chunk 71/151 complete: watchlist=112 entry=78
2026-07-12 16:02:58,733 DEBUG AlphaScanner.Data download_history_batch(size=5, period=2y, interval=1d, use_cache=False, head=['JAMNAAUTO.NS', 'JAYNECOIND.NS', 'JBCHEPHARM.NS', 'JBMA.NS', 'JINDALSAW.NS'])
2026-07-12 16:02:59,136 DEBUG AlphaScanner.Data download_history_batch split result count=5
2026-07-12 16:02:59,136 DEBUG AlphaScanner.Scanner Downloaded chunk 72/151 size=5 resolved=5
2026-07-12 16:02:59,192 DEBUG AlphaScanner.Scanner Chunk 72/151 complete: watchlist=113 entry=80
2026-07-12 16:02:59,193 DEBUG AlphaScanner.Data download_history_batch(size=5, period=2y, interval=1d, use_cache=False, head=['JINDALSTEL.NS', 'JIOFIN.NS', 'JKCEMENT.NS', 'JKLAKSHMI.NS', 'JKPAPER.NS'])
2026-07-12 16:02:59,976 DEBUG AlphaScanner.Data download_history_batch split result count=5
2026-07-12 16:02:59,976 DEBUG AlphaScanner.Scanner Downloaded chunk 73/151 size=5 resolved=5
2026-07-12 16:03:00,035 DEBUG AlphaScanner.Scanner Chunk 73/151 complete: watchlist=116 entry=82
2026-07-12 16:03:00,036 DEBUG AlphaScanner.Data download_history_batch(size=5, period=2y, interval=1d, use_cache=False, head=['JKTYRE.NS', 'JLHL.NS', 'JMFINANCIL.NS', 'JPPOWER.NS', 'JSFB.NS'])
2026-07-12 16:03:00,606 DEBUG AlphaScanner.Data download_history_batch split result count=5
2026-07-12 16:03:00,607 DEBUG AlphaScanner.Scanner Downloaded chunk 74/151 size=5 resolved=5
2026-07-12 16:03:00,668 DEBUG AlphaScanner.Scanner Chunk 74/151 complete: watchlist=119 entry=84
2026-07-12 16:03:00,669 DEBUG AlphaScanner.Data download_history_batch(size=5, period=2y, interval=1d, use_cache=False, head=['JSL.NS', 'JSLL.NS', 'JSWCEMENT.NS', 'JSWDULUX.NS', 'JSWENERGY.NS'])
2026-07-12 16:03:01,089 DEBUG AlphaScanner.Data download_history_batch split result count=5
2026-07-12 16:03:01,089 DEBUG AlphaScanner.Scanner Downloaded chunk 75/151 size=5 resolved=5
2026-07-12 16:03:01,135 DEBUG AlphaScanner.Scanner Chunk 75/151 complete: watchlist=120 entry=84
2026-07-12 16:03:01,136 DEBUG AlphaScanner.Data download_history_batch(size=5, period=2y, interval=1d, use_cache=False, head=['JSWINFRA.NS', 'JSWSTEEL.NS', 'JUBLFOOD.NS', 'JUBLINGREA.NS', 'JUBLPHARMA.NS'])
2026-07-12 16:03:01,492 DEBUG AlphaScanner.Data download_history_batch split result count=5
2026-07-12 16:03:01,492 DEBUG AlphaScanner.Scanner Downloaded chunk 76/151 size=5 resolved=5
2026-07-12 16:03:01,551 DEBUG AlphaScanner.Scanner Chunk 76/151 complete: watchlist=121 entry=85
2026-07-12 16:03:01,552 DEBUG AlphaScanner.Data download_history_batch(size=5, period=2y, interval=1d, use_cache=False, head=['JUSTDIAL.NS', 'JWL.NS', 'JYOTHYLAB.NS', 'JYOTICNC.NS', 'KAJARIACER.NS'])
2026-07-12 16:03:01,898 DEBUG AlphaScanner.Data download_history_batch split result count=5
2026-07-12 16:03:01,898 DEBUG AlphaScanner.Scanner Downloaded chunk 77/151 size=5 resolved=5
2026-07-12 16:03:01,955 DEBUG AlphaScanner.Scanner Chunk 77/151 complete: watchlist=123 entry=86
2026-07-12 16:03:01,956 DEBUG AlphaScanner.Data download_history_batch(size=5, period=2y, interval=1d, use_cache=False, head=['KALYANKJIL.NS', 'KANSAINER.NS', 'KARURVYSYA.NS', 'KAYNES.NS', 'KEC.NS'])
2026-07-12 16:03:02,206 DEBUG AlphaScanner.Data download_history_batch split result count=5
2026-07-12 16:03:02,206 DEBUG AlphaScanner.Scanner Downloaded chunk 78/151 size=5 resolved=5
2026-07-12 16:03:02,271 DEBUG AlphaScanner.Scanner Chunk 78/151 complete: watchlist=124 entry=87
2026-07-12 16:03:02,272 DEBUG AlphaScanner.Data download_history_batch(size=5, period=2y, interval=1d, use_cache=False, head=['KEI.NS', 'KFINTECH.NS', 'KIMS.NS', 'KIRLOSBROS.NS', 'KIRLOSENG.NS'])
2026-07-12 16:03:02,563 DEBUG AlphaScanner.Data download_history_batch split result count=5
2026-07-12 16:03:02,563 DEBUG AlphaScanner.Scanner Downloaded chunk 79/151 size=5 resolved=5
2026-07-12 16:03:02,632 DEBUG AlphaScanner.Scanner Chunk 79/151 complete: watchlist=126 entry=88
2026-07-12 16:03:02,633 DEBUG AlphaScanner.Data download_history_batch(size=5, period=2y, interval=1d, use_cache=False, head=['KIRLPNU.NS', 'KITEX.NS', 'KNRCON.NS', 'KOTAKBANK.NS', 'KPIGREEN.NS'])
2026-07-12 16:03:03,017 DEBUG AlphaScanner.Data download_history_batch split result count=5
2026-07-12 16:03:03,017 DEBUG AlphaScanner.Scanner Downloaded chunk 80/151 size=5 resolved=5
2026-07-12 16:03:03,082 DEBUG AlphaScanner.Scanner Chunk 80/151 complete: watchlist=126 entry=88
2026-07-12 16:03:03,083 DEBUG AlphaScanner.Data download_history_batch(size=5, period=2y, interval=1d, use_cache=False, head=['KPIL.NS', 'KPITTECH.NS', 'KPRMILL.NS', 'KRBL.NS', 'KRN.NS'])
2026-07-12 16:03:03,481 DEBUG AlphaScanner.Data download_history_batch split result count=5
2026-07-12 16:03:03,482 DEBUG AlphaScanner.Scanner Downloaded chunk 81/151 size=5 resolved=5
2026-07-12 16:03:03,538 DEBUG AlphaScanner.Scanner Chunk 81/151 complete: watchlist=127 entry=89
2026-07-12 16:03:03,539 DEBUG AlphaScanner.Data download_history_batch(size=5, period=2y, interval=1d, use_cache=False, head=['KSB.NS', 'KSCL.NS', 'KTKBANK.NS', 'LALPATHLAB.NS', 'LATENTVIEW.NS'])
2026-07-12 16:03:03,927 DEBUG AlphaScanner.Data download_history_batch split result count=5
2026-07-12 16:03:03,927 DEBUG AlphaScanner.Scanner Downloaded chunk 82/151 size=5 resolved=5
2026-07-12 16:03:03,985 DEBUG AlphaScanner.Scanner Chunk 82/151 complete: watchlist=129 entry=90
2026-07-12 16:03:03,985 DEBUG AlphaScanner.Data download_history_batch(size=5, period=2y, interval=1d, use_cache=False, head=['LAURUSLABS.NS', 'LEMONTREE.NS', 'LENSKART.NS', 'LGEINDIA.NS', 'LICHSGFIN.NS'])
2026-07-12 16:03:04,274 DEBUG AlphaScanner.Data download_history_batch split result count=5
2026-07-12 16:03:04,275 DEBUG AlphaScanner.Scanner Downloaded chunk 83/151 size=5 resolved=5
2026-07-12 16:03:04,315 DEBUG AlphaScanner.Scanner Chunk 83/151 complete: watchlist=130 entry=91
2026-07-12 16:03:04,316 DEBUG AlphaScanner.Data download_history_batch(size=5, period=2y, interval=1d, use_cache=False, head=['LICI.NS', 'LINDEINDIA.NS', 'LLOYDSENGG.NS', 'LLOYDSENT.NS', 'LLOYDSME.NS'])
2026-07-12 16:03:04,603 DEBUG AlphaScanner.Data download_history_batch split result count=5
2026-07-12 16:03:04,603 DEBUG AlphaScanner.Scanner Downloaded chunk 84/151 size=5 resolved=5
2026-07-12 16:03:04,668 DEBUG AlphaScanner.Scanner Chunk 84/151 complete: watchlist=133 entry=93
2026-07-12 16:03:04,669 DEBUG AlphaScanner.Data download_history_batch(size=5, period=2y, interval=1d, use_cache=False, head=['LODHA.NS', 'LOTUSDEV.NS', 'LT.NS', 'LTF.NS', 'LTFOODS.NS'])
2026-07-12 16:03:05,052 DEBUG AlphaScanner.Data download_history_batch split result count=5
2026-07-12 16:03:05,052 DEBUG AlphaScanner.Scanner Downloaded chunk 85/151 size=5 resolved=5
2026-07-12 16:03:05,103 DEBUG AlphaScanner.Scanner Chunk 85/151 complete: watchlist=134 entry=95
2026-07-12 16:03:05,103 DEBUG AlphaScanner.Data download_history_batch(size=5, period=2y, interval=1d, use_cache=False, head=['LTM.NS', 'LTTS.NS', 'LUMAXTECH.NS', 'LUPIN.NS', 'LXCHEM.NS'])
2026-07-12 16:03:05,666 DEBUG AlphaScanner.Data download_history_batch split result count=5
2026-07-12 16:03:05,667 DEBUG AlphaScanner.Scanner Downloaded chunk 86/151 size=5 resolved=5
2026-07-12 16:03:05,729 DEBUG AlphaScanner.Scanner Chunk 86/151 complete: watchlist=135 entry=96
2026-07-12 16:03:05,729 DEBUG AlphaScanner.Data download_history_batch(size=5, period=2y, interval=1d, use_cache=False, head=['M&M.NS', 'M&MFIN.NS', 'MAHABANK.NS', 'MAHSCOOTER.NS', 'MAHSEAMLES.NS'])
2026-07-12 16:03:06,125 DEBUG AlphaScanner.Data download_history_batch split result count=5
2026-07-12 16:03:06,125 DEBUG AlphaScanner.Scanner Downloaded chunk 87/151 size=5 resolved=5
2026-07-12 16:03:06,185 DEBUG AlphaScanner.Scanner Chunk 87/151 complete: watchlist=137 entry=97
2026-07-12 16:03:06,186 DEBUG AlphaScanner.Data download_history_batch(size=5, period=2y, interval=1d, use_cache=False, head=['MANAPPURAM.NS', 'MANKIND.NS', 'MANORAMA.NS', 'MANYAVAR.NS', 'MAPMYINDIA.NS'])
2026-07-12 16:03:06,770 DEBUG AlphaScanner.Data download_history_batch split result count=5
2026-07-12 16:03:06,771 DEBUG AlphaScanner.Scanner Downloaded chunk 88/151 size=5 resolved=5
2026-07-12 16:03:06,828 DEBUG AlphaScanner.Scanner Chunk 88/151 complete: watchlist=140 entry=98
2026-07-12 16:03:06,830 DEBUG AlphaScanner.Data download_history_batch(size=5, period=2y, interval=1d, use_cache=False, head=['MARICO.NS', 'MARKSANS.NS', 'MARUTI.NS', 'MASTEK.NS', 'MAXHEALTH.NS'])
2026-07-12 16:03:07,115 DEBUG AlphaScanner.Data download_history_batch split result count=5
2026-07-12 16:03:07,115 DEBUG AlphaScanner.Scanner Downloaded chunk 89/151 size=5 resolved=5
2026-07-12 16:03:07,181 DEBUG AlphaScanner.Scanner Chunk 89/151 complete: watchlist=142 entry=99
2026-07-12 16:03:07,181 DEBUG AlphaScanner.Data download_history_batch(size=5, period=2y, interval=1d, use_cache=False, head=['MAZDOCK.NS', 'MCX.NS', 'MEDANTA.NS', 'MEDPLUS.NS', 'MEESHO.NS'])
2026-07-12 16:03:07,530 DEBUG AlphaScanner.Data download_history_batch split result count=5
2026-07-12 16:03:07,530 DEBUG AlphaScanner.Scanner Downloaded chunk 90/151 size=5 resolved=5
2026-07-12 16:03:07,583 DEBUG AlphaScanner.Scanner Chunk 90/151 complete: watchlist=143 entry=100
2026-07-12 16:03:07,583 DEBUG AlphaScanner.Data download_history_batch(size=5, period=2y, interval=1d, use_cache=False, head=['METROPOLIS.NS', 'MFSL.NS', 'MGL.NS', 'MIDHANI.NS', 'MINDACORP.NS'])
2026-07-12 16:03:07,950 DEBUG AlphaScanner.Data download_history_batch split result count=5
2026-07-12 16:03:07,950 DEBUG AlphaScanner.Scanner Downloaded chunk 91/151 size=5 resolved=5
2026-07-12 16:03:08,007 DEBUG AlphaScanner.Scanner Chunk 91/151 complete: watchlist=147 entry=101
2026-07-12 16:03:08,008 DEBUG AlphaScanner.Data download_history_batch(size=5, period=2y, interval=1d, use_cache=False, head=['MMTC.NS', 'MOIL.NS', 'MOTHERSON.NS', 'MOTILALOFS.NS', 'MPHASIS.NS'])
2026-07-12 16:03:08,321 DEBUG AlphaScanner.Data download_history_batch split result count=5
2026-07-12 16:03:08,321 DEBUG AlphaScanner.Scanner Downloaded chunk 92/151 size=5 resolved=5
2026-07-12 16:03:08,385 DEBUG AlphaScanner.Scanner Chunk 92/151 complete: watchlist=148 entry=103
2026-07-12 16:03:08,385 DEBUG AlphaScanner.Data download_history_batch(size=5, period=2y, interval=1d, use_cache=False, head=['MRF.NS', 'MRPL.NS', 'MSTCLTD.NS', 'MSUMI.NS', 'MTARTECH.NS'])
2026-07-12 16:03:08,685 DEBUG AlphaScanner.Data download_history_batch split result count=5
2026-07-12 16:03:08,685 DEBUG AlphaScanner.Scanner Downloaded chunk 93/151 size=5 resolved=5
2026-07-12 16:03:08,744 DEBUG AlphaScanner.Scanner Chunk 93/151 complete: watchlist=148 entry=104
2026-07-12 16:03:08,745 DEBUG AlphaScanner.Data download_history_batch(size=5, period=2y, interval=1d, use_cache=False, head=['MUTHOOTFIN.NS', 'NAM-INDIA.NS', 'NATCOPHARM.NS', 'NATIONALUM.NS', 'NAUKRI.NS'])
2026-07-12 16:03:08,991 DEBUG AlphaScanner.Data download_history_batch split result count=5
2026-07-12 16:03:08,991 DEBUG AlphaScanner.Scanner Downloaded chunk 94/151 size=5 resolved=5
2026-07-12 16:03:09,051 DEBUG AlphaScanner.Scanner Chunk 94/151 complete: watchlist=150 entry=104
2026-07-12 16:03:09,051 DEBUG AlphaScanner.Data download_history_batch(size=5, period=2y, interval=1d, use_cache=False, head=['NAVA.NS', 'NAVINFLUOR.NS', 'NAZARA.NS', 'NBCC.NS', 'NCC.NS'])
2026-07-12 16:03:09,314 DEBUG AlphaScanner.Data download_history_batch split result count=5
2026-07-12 16:03:09,315 DEBUG AlphaScanner.Scanner Downloaded chunk 95/151 size=5 resolved=5
2026-07-12 16:03:09,373 DEBUG AlphaScanner.Scanner Chunk 95/151 complete: watchlist=152 entry=105
2026-07-12 16:03:09,374 DEBUG AlphaScanner.Data download_history_batch(size=5, period=2y, interval=1d, use_cache=False, head=['NEOGEN.NS', 'NESCO.NS', 'NESTLEIND.NS', 'NETWEB.NS', 'NETWORK18.NS'])
2026-07-12 16:03:09,619 DEBUG AlphaScanner.Data download_history_batch split result count=5
2026-07-12 16:03:09,620 DEBUG AlphaScanner.Scanner Downloaded chunk 96/151 size=5 resolved=5
2026-07-12 16:03:09,674 DEBUG AlphaScanner.Scanner Chunk 96/151 complete: watchlist=153 entry=106
2026-07-12 16:03:09,675 DEBUG AlphaScanner.Data download_history_batch(size=5, period=2y, interval=1d, use_cache=False, head=['NEULANDLAB.NS', 'NEWGEN.NS', 'NFL.NS', 'NH.NS', 'NHPC.NS'])
2026-07-12 16:03:10,042 DEBUG AlphaScanner.Data download_history_batch split result count=5
2026-07-12 16:03:10,043 DEBUG AlphaScanner.Scanner Downloaded chunk 97/151 size=5 resolved=5
2026-07-12 16:03:10,102 DEBUG AlphaScanner.Scanner Chunk 97/151 complete: watchlist=156 entry=107
2026-07-12 16:03:10,103 DEBUG AlphaScanner.Data download_history_batch(size=5, period=2y, interval=1d, use_cache=False, head=['NIACL.NS', 'NIVABUPA.NS', 'NLCINDIA.NS', 'NMDC.NS', 'NSLNISP.NS'])
2026-07-12 16:03:10,353 DEBUG AlphaScanner.Data download_history_batch split result count=5
2026-07-12 16:03:10,353 DEBUG AlphaScanner.Scanner Downloaded chunk 98/151 size=5 resolved=5
2026-07-12 16:03:10,415 DEBUG AlphaScanner.Scanner Chunk 98/151 complete: watchlist=157 entry=107
2026-07-12 16:03:10,416 DEBUG AlphaScanner.Data download_history_batch(size=5, period=2y, interval=1d, use_cache=False, head=['NTPC.NS', 'NTPCGREEN.NS', 'NUVAMA.NS', 'NUVOCO.NS', 'NYKAA.NS'])
2026-07-12 16:03:10,747 DEBUG AlphaScanner.Data download_history_batch split result count=5
2026-07-12 16:03:10,748 DEBUG AlphaScanner.Scanner Downloaded chunk 99/151 size=5 resolved=5
2026-07-12 16:03:10,811 DEBUG AlphaScanner.Scanner Chunk 99/151 complete: watchlist=158 entry=109
2026-07-12 16:03:10,812 DEBUG AlphaScanner.Data download_history_batch(size=5, period=2y, interval=1d, use_cache=False, head=['OBEROIRLTY.NS', 'OFSS.NS', 'OIL.NS', 'OLAELEC.NS', 'OLECTRA.NS'])
2026-07-12 16:03:11,105 DEBUG AlphaScanner.Data download_history_batch split result count=5
2026-07-12 16:03:11,105 DEBUG AlphaScanner.Scanner Downloaded chunk 100/151 size=5 resolved=5
2026-07-12 16:03:11,168 DEBUG AlphaScanner.Scanner Chunk 100/151 complete: watchlist=158 entry=110
2026-07-12 16:03:11,168 DEBUG AlphaScanner.Data download_history_batch(size=5, period=2y, interval=1d, use_cache=False, head=['ONESOURCE.NS', 'ONGC.NS', 'OPTIEMUS.NS', 'ORIENTCEM.NS', 'ORKLAINDIA.NS'])
2026-07-12 16:03:11,578 DEBUG AlphaScanner.Data download_history_batch split result count=5
2026-07-12 16:03:11,579 DEBUG AlphaScanner.Scanner Downloaded chunk 101/151 size=5 resolved=5
2026-07-12 16:03:11,635 DEBUG AlphaScanner.Scanner Chunk 101/151 complete: watchlist=159 entry=110
2026-07-12 16:03:11,635 DEBUG AlphaScanner.Data download_history_batch(size=5, period=2y, interval=1d, use_cache=False, head=['OSWALPUMPS.NS', 'PAGEIND.NS', 'PARADEEP.NS', 'PARAS.NS', 'PARKHOSPS.NS'])
2026-07-12 16:03:11,857 DEBUG AlphaScanner.Data download_history_batch split result count=5
2026-07-12 16:03:11,857 DEBUG AlphaScanner.Scanner Downloaded chunk 102/151 size=5 resolved=5
2026-07-12 16:03:11,891 DEBUG AlphaScanner.Scanner Chunk 102/151 complete: watchlist=159 entry=110
2026-07-12 16:03:11,892 DEBUG AlphaScanner.Data download_history_batch(size=5, period=2y, interval=1d, use_cache=False, head=['PATANJALI.NS', 'PAYTM.NS', 'PCBL.NS', 'PCJEWELLER.NS', 'PERSISTENT.NS'])
2026-07-12 16:03:12,169 DEBUG AlphaScanner.Data download_history_batch split result count=5
2026-07-12 16:03:12,169 DEBUG AlphaScanner.Scanner Downloaded chunk 103/151 size=5 resolved=5
2026-07-12 16:03:12,235 DEBUG AlphaScanner.Scanner Chunk 103/151 complete: watchlist=160 entry=113
2026-07-12 16:03:12,236 DEBUG AlphaScanner.Data download_history_batch(size=5, period=2y, interval=1d, use_cache=False, head=['PETRONET.NS', 'PFC.NS', 'PFIZER.NS', 'PFOCUS.NS', 'PGEL.NS'])
2026-07-12 16:03:12,615 DEBUG AlphaScanner.Data download_history_batch split result count=5
2026-07-12 16:03:12,615 DEBUG AlphaScanner.Scanner Downloaded chunk 104/151 size=5 resolved=5
2026-07-12 16:03:12,671 DEBUG AlphaScanner.Scanner Chunk 104/151 complete: watchlist=161 entry=115
2026-07-12 16:03:12,672 DEBUG AlphaScanner.Data download_history_batch(size=5, period=2y, interval=1d, use_cache=False, head=['PGIL.NS', 'PHOENIXLTD.NS', 'PICCADIL.NS', 'PIDILITIND.NS', 'PIIND.NS'])
2026-07-12 16:03:12,902 DEBUG AlphaScanner.Data download_history_batch split result count=5
2026-07-12 16:03:12,903 DEBUG AlphaScanner.Scanner Downloaded chunk 105/151 size=5 resolved=5
2026-07-12 16:03:12,949 DEBUG AlphaScanner.Scanner Chunk 105/151 complete: watchlist=162 entry=116
2026-07-12 16:03:12,950 DEBUG AlphaScanner.Data download_history_batch(size=5, period=2y, interval=1d, use_cache=False, head=['PINELABS.NS', 'PIRAMALFIN.NS', 'PNB.NS', 'PNBHOUSING.NS', 'PNCINFRA.NS'])
2026-07-12 16:03:13,285 DEBUG AlphaScanner.Data download_history_batch split result count=5
2026-07-12 16:03:13,285 DEBUG AlphaScanner.Scanner Downloaded chunk 106/151 size=5 resolved=5
2026-07-12 16:03:13,319 DEBUG AlphaScanner.Scanner Chunk 106/151 complete: watchlist=163 entry=118
2026-07-12 16:03:13,320 DEBUG AlphaScanner.Data download_history_batch(size=5, period=2y, interval=1d, use_cache=False, head=['PNGJL.NS', 'POLICYBZR.NS', 'POLYCAB.NS', 'POLYMED.NS', 'POONAWALLA.NS'])
2026-07-12 16:03:13,700 DEBUG AlphaScanner.Data download_history_batch split result count=5
2026-07-12 16:03:13,700 DEBUG AlphaScanner.Scanner Downloaded chunk 107/151 size=5 resolved=5
2026-07-12 16:03:13,761 DEBUG AlphaScanner.Scanner Chunk 107/151 complete: watchlist=163 entry=120
2026-07-12 16:03:13,762 DEBUG AlphaScanner.Data download_history_batch(size=5, period=2y, interval=1d, use_cache=False, head=['POWERGRID.NS', 'POWERINDIA.NS', 'POWERMECH.NS', 'PPLPHARMA.NS', 'PRAJIND.NS'])
2026-07-12 16:03:14,046 DEBUG AlphaScanner.Data download_history_batch split result count=5
2026-07-12 16:03:14,046 DEBUG AlphaScanner.Scanner Downloaded chunk 108/151 size=5 resolved=5
2026-07-12 16:03:14,101 DEBUG AlphaScanner.Scanner Chunk 108/151 complete: watchlist=164 entry=120
2026-07-12 16:03:14,102 DEBUG AlphaScanner.Data download_history_batch(size=5, period=2y, interval=1d, use_cache=False, head=['PREMIERENE.NS', 'PRESTIGE.NS', 'PRICOLLTD.NS', 'PRIVISCL.NS', 'PRSMJOHNSN.NS'])
2026-07-12 16:03:14,414 DEBUG AlphaScanner.Data download_history_batch split result count=5
2026-07-12 16:03:14,414 DEBUG AlphaScanner.Scanner Downloaded chunk 109/151 size=5 resolved=5
2026-07-12 16:03:14,480 DEBUG AlphaScanner.Scanner Chunk 109/151 complete: watchlist=166 entry=121
2026-07-12 16:03:14,481 DEBUG AlphaScanner.Data download_history_batch(size=5, period=2y, interval=1d, use_cache=False, head=['PRUDENT.NS', 'PTC.NS', 'PTCIL.NS', 'PURVA.NS', 'PVRINOX.NS'])
2026-07-12 16:03:14,719 DEBUG AlphaScanner.Data download_history_batch split result count=5
2026-07-12 16:03:14,719 DEBUG AlphaScanner.Scanner Downloaded chunk 110/151 size=5 resolved=5
2026-07-12 16:03:14,777 DEBUG AlphaScanner.Scanner Chunk 110/151 complete: watchlist=169 entry=123
2026-07-12 16:03:14,778 DEBUG AlphaScanner.Data download_history_batch(size=5, period=2y, interval=1d, use_cache=False, head=['PWL.NS', 'QPOWER.NS', 'QUESS.NS', 'RADICO.NS', 'RAILTEL.NS'])
2026-07-12 16:03:15,132 DEBUG AlphaScanner.Data download_history_batch split result count=5
2026-07-12 16:03:15,132 DEBUG AlphaScanner.Scanner Downloaded chunk 111/151 size=5 resolved=5
2026-07-12 16:03:15,178 DEBUG AlphaScanner.Scanner Chunk 111/151 complete: watchlist=169 entry=124
2026-07-12 16:03:15,179 DEBUG AlphaScanner.Data download_history_batch(size=5, period=2y, interval=1d, use_cache=False, head=['RAIN.NS', 'RAINBOW.NS', 'RALLIS.NS', 'RAMCOCEM.NS', 'RATEGAIN.NS'])
2026-07-12 16:03:15,432 DEBUG AlphaScanner.Data download_history_batch split result count=5
2026-07-12 16:03:15,433 DEBUG AlphaScanner.Scanner Downloaded chunk 112/151 size=5 resolved=5
2026-07-12 16:03:15,501 DEBUG AlphaScanner.Scanner Chunk 112/151 complete: watchlist=171 entry=125
2026-07-12 16:03:15,501 DEBUG AlphaScanner.Data download_history_batch(size=5, period=2y, interval=1d, use_cache=False, head=['RATNAMANI.NS', 'RAYMONDLSL.NS', 'RBA.NS', 'RBLBANK.NS', 'RCF.NS'])
2026-07-12 16:03:15,911 DEBUG AlphaScanner.Data download_history_batch split result count=5
2026-07-12 16:03:15,911 DEBUG AlphaScanner.Scanner Downloaded chunk 113/151 size=5 resolved=5
2026-07-12 16:03:15,970 DEBUG AlphaScanner.Scanner Chunk 113/151 complete: watchlist=172 entry=126
2026-07-12 16:03:15,971 DEBUG AlphaScanner.Data download_history_batch(size=5, period=2y, interval=1d, use_cache=False, head=['RECLTD.NS', 'REDINGTON.NS', 'REDTAPE.NS', 'REFEX.NS', 'RELAXO.NS'])
2026-07-12 16:03:16,312 DEBUG AlphaScanner.Data download_history_batch split result count=5
2026-07-12 16:03:16,312 DEBUG AlphaScanner.Scanner Downloaded chunk 114/151 size=5 resolved=5
2026-07-12 16:03:16,373 DEBUG AlphaScanner.Scanner Chunk 114/151 complete: watchlist=172 entry=126
2026-07-12 16:03:16,374 DEBUG AlphaScanner.Data download_history_batch(size=5, period=2y, interval=1d, use_cache=False, head=['RELIANCE.NS', 'RELIGARE.NS', 'RENUKA.NS', 'RHIM.NS', 'RITES.NS'])
2026-07-12 16:03:16,615 DEBUG AlphaScanner.Data download_history_batch split result count=5
2026-07-12 16:03:16,616 DEBUG AlphaScanner.Scanner Downloaded chunk 115/151 size=5 resolved=5
2026-07-12 16:03:16,677 DEBUG AlphaScanner.Scanner Chunk 115/151 complete: watchlist=172 entry=127
2026-07-12 16:03:16,677 DEBUG AlphaScanner.Data download_history_batch(size=5, period=2y, interval=1d, use_cache=False, head=['RKFORGE.NS', 'ROUTE.NS', 'RPOWER.NS', 'RRKABEL.NS', 'RTNINDIA.NS'])
2026-07-12 16:03:16,929 DEBUG AlphaScanner.Data download_history_batch split result count=5
2026-07-12 16:03:16,929 DEBUG AlphaScanner.Scanner Downloaded chunk 116/151 size=5 resolved=5
2026-07-12 16:03:16,987 DEBUG AlphaScanner.Scanner Chunk 116/151 complete: watchlist=172 entry=127
2026-07-12 16:03:16,988 DEBUG AlphaScanner.Data download_history_batch(size=5, period=2y, interval=1d, use_cache=False, head=['RTNPOWER.NS', 'RUBICON.NS', 'RVNL.NS', 'SAATVIKGL.NS', 'SAFARI.NS'])
2026-07-12 16:03:17,241 DEBUG AlphaScanner.Data download_history_batch split result count=5
2026-07-12 16:03:17,242 DEBUG AlphaScanner.Scanner Downloaded chunk 117/151 size=5 resolved=5
2026-07-12 16:03:17,282 DEBUG AlphaScanner.Scanner Chunk 117/151 complete: watchlist=173 entry=128
2026-07-12 16:03:17,283 DEBUG AlphaScanner.Data download_history_batch(size=5, period=2y, interval=1d, use_cache=False, head=['SAGILITY.NS', 'SAIL.NS', 'SAILIFE.NS', 'SAMHI.NS', 'SAMMAANCAP.NS'])
2026-07-12 16:03:17,643 DEBUG AlphaScanner.Data download_history_batch split result count=5
2026-07-12 16:03:17,643 DEBUG AlphaScanner.Scanner Downloaded chunk 118/151 size=5 resolved=5
2026-07-12 16:03:17,823 DEBUG AlphaScanner.Scanner Chunk 118/151 complete: watchlist=176 entry=130
2026-07-12 16:03:17,824 DEBUG AlphaScanner.Data download_history_batch(size=5, period=2y, interval=1d, use_cache=False, head=['SANDUMA.NS', 'SANOFICONR.NS', 'SANSERA.NS', 'SAPPHIRE.NS', 'SARDAEN.NS'])
2026-07-12 16:03:18,160 DEBUG AlphaScanner.Data download_history_batch split result count=5
2026-07-12 16:03:18,160 DEBUG AlphaScanner.Scanner Downloaded chunk 119/151 size=5 resolved=5
2026-07-12 16:03:18,221 DEBUG AlphaScanner.Scanner Chunk 119/151 complete: watchlist=176 entry=131
2026-07-12 16:03:18,221 DEBUG AlphaScanner.Data download_history_batch(size=5, period=2y, interval=1d, use_cache=False, head=['SAREGAMA.NS', 'SBFC.NS', 'SBICARD.NS', 'SBILIFE.NS', 'SBIN.NS'])
2026-07-12 16:03:18,551 DEBUG AlphaScanner.Data download_history_batch split result count=5
2026-07-12 16:03:18,551 DEBUG AlphaScanner.Scanner Downloaded chunk 120/151 size=5 resolved=5
2026-07-12 16:03:18,613 DEBUG AlphaScanner.Scanner Chunk 120/151 complete: watchlist=179 entry=133
2026-07-12 16:03:18,613 DEBUG AlphaScanner.Data download_history_batch(size=5, period=2y, interval=1d, use_cache=False, head=['SCHAEFFLER.NS', 'SCHNEIDER.NS', 'SCI.NS', 'SENCO.NS', 'SFL.NS'])
2026-07-12 16:03:18,915 DEBUG AlphaScanner.Data download_history_batch split result count=5
2026-07-12 16:03:18,916 DEBUG AlphaScanner.Scanner Downloaded chunk 121/151 size=5 resolved=5
2026-07-12 16:03:18,981 DEBUG AlphaScanner.Scanner Chunk 121/151 complete: watchlist=180 entry=134
2026-07-12 16:03:18,981 DEBUG AlphaScanner.Data download_history_batch(size=5, period=2y, interval=1d, use_cache=False, head=['SHAILY.NS', 'SHAKTIPUMP.NS', 'SHARDACROP.NS', 'SHAREINDIA.NS', 'SHILPAMED.NS'])
2026-07-12 16:03:19,320 DEBUG AlphaScanner.Data download_history_batch split result count=5
2026-07-12 16:03:19,320 DEBUG AlphaScanner.Scanner Downloaded chunk 122/151 size=5 resolved=5
2026-07-12 16:03:19,378 DEBUG AlphaScanner.Scanner Chunk 122/151 complete: watchlist=181 entry=135
2026-07-12 16:03:19,379 DEBUG AlphaScanner.Data download_history_batch(size=5, period=2y, interval=1d, use_cache=False, head=['SHREECEM.NS', 'SHRIPISTON.NS', 'SHRIRAMFIN.NS', 'SHYAMMETL.NS', 'SIEMENS.NS'])
2026-07-12 16:03:19,780 DEBUG AlphaScanner.Data download_history_batch split result count=5
2026-07-12 16:03:19,781 DEBUG AlphaScanner.Scanner Downloaded chunk 123/151 size=5 resolved=5
2026-07-12 16:03:19,845 DEBUG AlphaScanner.Scanner Chunk 123/151 complete: watchlist=184 entry=135
2026-07-12 16:03:19,846 DEBUG AlphaScanner.Data download_history_batch(size=5, period=2y, interval=1d, use_cache=False, head=['SIGNATURE.NS', 'SJVN.NS', 'SKFINDIA.NS', 'SKFINDUS.NS', 'SKIPPER.NS'])
2026-07-12 16:03:20,099 DEBUG AlphaScanner.Data download_history_batch split result count=5
2026-07-12 16:03:20,099 DEBUG AlphaScanner.Scanner Downloaded chunk 124/151 size=5 resolved=5
2026-07-12 16:03:20,147 DEBUG AlphaScanner.Scanner Chunk 124/151 complete: watchlist=185 entry=136
2026-07-12 16:03:20,148 DEBUG AlphaScanner.Data download_history_batch(size=5, period=2y, interval=1d, use_cache=False, head=['SKYGOLD.NS', 'SMARTWORKS.NS', 'SMLMAH.NS', 'SOBHA.NS', 'SOLARINDS.NS'])
2026-07-12 16:03:20,549 DEBUG AlphaScanner.Data download_history_batch split result count=5
2026-07-12 16:03:20,549 DEBUG AlphaScanner.Scanner Downloaded chunk 125/151 size=5 resolved=5
2026-07-12 16:03:20,599 DEBUG AlphaScanner.Scanner Chunk 125/151 complete: watchlist=188 entry=139
2026-07-12 16:03:20,600 DEBUG AlphaScanner.Data download_history_batch(size=5, period=2y, interval=1d, use_cache=False, head=['SONACOMS.NS', 'SONATSOFTW.NS', 'SOUTHBANK.NS', 'SPARC.NS', 'SPLPETRO.NS'])
2026-07-12 16:03:20,991 DEBUG AlphaScanner.Data download_history_batch split result count=5
2026-07-12 16:03:20,991 DEBUG AlphaScanner.Scanner Downloaded chunk 126/151 size=5 resolved=5
2026-07-12 16:03:21,051 DEBUG AlphaScanner.Scanner Chunk 126/151 complete: watchlist=189 entry=140
2026-07-12 16:03:21,052 DEBUG AlphaScanner.Data download_history_batch(size=5, period=2y, interval=1d, use_cache=False, head=['SRF.NS', 'STAR.NS', 'STARCEMENT.NS', 'STARHEALTH.NS', 'STLTECH.NS'])
2026-07-12 16:03:21,476 DEBUG AlphaScanner.Data download_history_batch split result count=5
2026-07-12 16:03:21,476 DEBUG AlphaScanner.Scanner Downloaded chunk 127/151 size=5 resolved=5
2026-07-12 16:03:21,537 DEBUG AlphaScanner.Scanner Chunk 127/151 complete: watchlist=191 entry=140
2026-07-12 16:03:21,538 DEBUG AlphaScanner.Data download_history_batch(size=5, period=2y, interval=1d, use_cache=False, head=['STYL.NS', 'STYRENIX.NS', 'SUBROS.NS', 'SUDARSCHEM.NS', 'SUDEEPPHRM.NS'])
2026-07-12 16:03:21,827 DEBUG AlphaScanner.Data download_history_batch split result count=5
2026-07-12 16:03:21,827 DEBUG AlphaScanner.Scanner Downloaded chunk 128/151 size=5 resolved=5
2026-07-12 16:03:21,868 DEBUG AlphaScanner.Scanner Chunk 128/151 complete: watchlist=192 entry=141
2026-07-12 16:03:21,868 DEBUG AlphaScanner.Data download_history_batch(size=5, period=2y, interval=1d, use_cache=False, head=['SUMICHEM.NS', 'SUNDARMFIN.NS', 'SUNPHARMA.NS', 'SUNTECK.NS', 'SUNTV.NS'])
2026-07-12 16:03:22,152 DEBUG AlphaScanner.Data download_history_batch split result count=5
2026-07-12 16:03:22,152 DEBUG AlphaScanner.Scanner Downloaded chunk 129/151 size=5 resolved=5
2026-07-12 16:03:22,212 DEBUG AlphaScanner.Scanner Chunk 129/151 complete: watchlist=194 entry=143
2026-07-12 16:03:22,213 DEBUG AlphaScanner.Data download_history_batch(size=5, period=2y, interval=1d, use_cache=False, head=['SUPREMEIND.NS', 'SUPRIYA.NS', 'SURYAROSNI.NS', 'SUZLON.NS', 'SWANCORP.NS'])
2026-07-12 16:03:22,617 DEBUG AlphaScanner.Data download_history_batch split result count=5
2026-07-12 16:03:22,617 DEBUG AlphaScanner.Scanner Downloaded chunk 130/151 size=5 resolved=5
2026-07-12 16:03:22,676 DEBUG AlphaScanner.Scanner Chunk 130/151 complete: watchlist=195 entry=143
2026-07-12 16:03:22,677 DEBUG AlphaScanner.Data download_history_batch(size=5, period=2y, interval=1d, use_cache=False, head=['SWIGGY.NS', 'SWSOLAR.NS', 'SYNGENE.NS', 'SYRMA.NS', 'TANLA.NS'])
2026-07-12 16:03:22,999 DEBUG AlphaScanner.Data download_history_batch split result count=5
2026-07-12 16:03:22,999 DEBUG AlphaScanner.Scanner Downloaded chunk 131/151 size=5 resolved=5
2026-07-12 16:03:23,060 DEBUG AlphaScanner.Scanner Chunk 131/151 complete: watchlist=196 entry=144
2026-07-12 16:03:23,061 DEBUG AlphaScanner.Data download_history_batch(size=5, period=2y, interval=1d, use_cache=False, head=['TARC.NS', 'TARIL.NS', 'TATACAP.NS', 'TATACHEM.NS', 'TATACOMM.NS'])
2026-07-12 16:03:23,348 DEBUG AlphaScanner.Data download_history_batch split result count=5
2026-07-12 16:03:23,348 DEBUG AlphaScanner.Scanner Downloaded chunk 132/151 size=5 resolved=5
2026-07-12 16:03:23,395 DEBUG AlphaScanner.Scanner Chunk 132/151 complete: watchlist=197 entry=144
2026-07-12 16:03:23,396 DEBUG AlphaScanner.Data download_history_batch(size=5, period=2y, interval=1d, use_cache=False, head=['TATACONSUM.NS', 'TATAELXSI.NS', 'TATAINVEST.NS', 'TATAPOWER.NS', 'TATASTEEL.NS'])
2026-07-12 16:03:23,683 DEBUG AlphaScanner.Data download_history_batch split result count=5
2026-07-12 16:03:23,683 DEBUG AlphaScanner.Scanner Downloaded chunk 133/151 size=5 resolved=5
2026-07-12 16:03:23,744 DEBUG AlphaScanner.Scanner Chunk 133/151 complete: watchlist=198 entry=146
2026-07-12 16:03:23,745 DEBUG AlphaScanner.Data download_history_batch(size=5, period=2y, interval=1d, use_cache=False, head=['TATATECH.NS', 'TBOTEK.NS', 'TCS.NS', 'TDPOWERSYS.NS', 'TECHM.NS'])
2026-07-12 16:03:24,018 DEBUG AlphaScanner.Data download_history_batch split result count=5
2026-07-12 16:03:24,018 DEBUG AlphaScanner.Scanner Downloaded chunk 134/151 size=5 resolved=5
2026-07-12 16:03:24,081 DEBUG AlphaScanner.Scanner Chunk 134/151 complete: watchlist=200 entry=146
2026-07-12 16:03:24,081 DEBUG AlphaScanner.Data download_history_batch(size=5, period=2y, interval=1d, use_cache=False, head=['TECHNOE.NS', 'TEGA.NS', 'TEJASNET.NS', 'TENNIND.NS', 'TEXRAIL.NS'])
2026-07-12 16:03:24,429 DEBUG AlphaScanner.Data download_history_batch split result count=5
2026-07-12 16:03:24,430 DEBUG AlphaScanner.Scanner Downloaded chunk 135/151 size=5 resolved=5
2026-07-12 16:03:24,479 DEBUG AlphaScanner.Scanner Chunk 135/151 complete: watchlist=200 entry=146
2026-07-12 16:03:24,480 DEBUG AlphaScanner.Data download_history_batch(size=5, period=2y, interval=1d, use_cache=False, head=['THANGAMAYL.NS', 'THELEELA.NS', 'THERMAX.NS', 'THOMASCOOK.NS', 'THYROCARE.NS'])
2026-07-12 16:03:24,875 DEBUG AlphaScanner.Data download_history_batch split result count=5
2026-07-12 16:03:24,875 DEBUG AlphaScanner.Scanner Downloaded chunk 136/151 size=5 resolved=5
2026-07-12 16:03:24,923 DEBUG AlphaScanner.Scanner Chunk 136/151 complete: watchlist=200 entry=146
2026-07-12 16:03:24,924 DEBUG AlphaScanner.Data download_history_batch(size=5, period=2y, interval=1d, use_cache=False, head=['TI.NS', 'TIINDIA.NS', 'TIMETECHNO.NS', 'TIMKEN.NS', 'TIPSMUSIC.NS'])
2026-07-12 16:03:25,313 DEBUG AlphaScanner.Data download_history_batch split result count=5
2026-07-12 16:03:25,313 DEBUG AlphaScanner.Scanner Downloaded chunk 137/151 size=5 resolved=5
2026-07-12 16:03:25,376 DEBUG AlphaScanner.Scanner Chunk 137/151 complete: watchlist=202 entry=147
2026-07-12 16:03:25,377 DEBUG AlphaScanner.Data download_history_batch(size=5, period=2y, interval=1d, use_cache=False, head=['TITAGARH.NS', 'TITAN.NS', 'TMB.NS', 'TMCV.NS', 'TMPV.NS'])
2026-07-12 16:03:25,636 DEBUG AlphaScanner.Data download_history_batch split result count=5
2026-07-12 16:03:25,636 DEBUG AlphaScanner.Scanner Downloaded chunk 138/151 size=5 resolved=5
2026-07-12 16:03:25,686 DEBUG AlphaScanner.Scanner Chunk 138/151 complete: watchlist=204 entry=149
2026-07-12 16:03:25,687 DEBUG AlphaScanner.Data download_history_batch(size=5, period=2y, interval=1d, use_cache=False, head=['TORNTPHARM.NS', 'TORNTPOWER.NS', 'TRANSRAILL.NS', 'TRAVELFOOD.NS', 'TRENT.NS'])
2026-07-12 16:03:26,000 DEBUG AlphaScanner.Data download_history_batch split result count=5
2026-07-12 16:03:26,000 DEBUG AlphaScanner.Scanner Downloaded chunk 139/151 size=5 resolved=5
2026-07-12 16:03:26,048 DEBUG AlphaScanner.Scanner Chunk 139/151 complete: watchlist=206 entry=150
2026-07-12 16:03:26,048 DEBUG AlphaScanner.Data download_history_batch(size=5, period=2y, interval=1d, use_cache=False, head=['TRIDENT.NS', 'TRITURBINE.NS', 'TRIVENI.NS', 'TSFINV.NS', 'TTML.NS'])
2026-07-12 16:03:26,331 DEBUG AlphaScanner.Data download_history_batch split result count=5
2026-07-12 16:03:26,332 DEBUG AlphaScanner.Scanner Downloaded chunk 140/151 size=5 resolved=5
2026-07-12 16:03:26,395 DEBUG AlphaScanner.Scanner Chunk 140/151 complete: watchlist=206 entry=150
2026-07-12 16:03:26,396 DEBUG AlphaScanner.Data download_history_batch(size=5, period=2y, interval=1d, use_cache=False, head=['TVSMOTOR.NS', 'TVSSCS.NS', 'UBL.NS', 'UCOBANK.NS', 'UJJIVANSFB.NS'])
2026-07-12 16:03:26,679 DEBUG AlphaScanner.Data download_history_batch split result count=5
2026-07-12 16:03:26,679 DEBUG AlphaScanner.Scanner Downloaded chunk 141/151 size=5 resolved=5
2026-07-12 16:03:26,748 DEBUG AlphaScanner.Scanner Chunk 141/151 complete: watchlist=208 entry=152
2026-07-12 16:03:26,749 DEBUG AlphaScanner.Data download_history_batch(size=5, period=2y, interval=1d, use_cache=False, head=['ULTRACEMCO.NS', 'UNIONBANK.NS', 'UNITDSPR.NS', 'UNOMINDA.NS', 'UPL.NS'])
2026-07-12 16:03:27,026 DEBUG AlphaScanner.Data download_history_batch split result count=5
2026-07-12 16:03:27,026 DEBUG AlphaScanner.Scanner Downloaded chunk 142/151 size=5 resolved=5
2026-07-12 16:03:27,091 DEBUG AlphaScanner.Scanner Chunk 142/151 complete: watchlist=210 entry=154
2026-07-12 16:03:27,092 DEBUG AlphaScanner.Data download_history_batch(size=5, period=2y, interval=1d, use_cache=False, head=['URBANCO.NS', 'USHAMART.NS', 'UTIAMC.NS', 'UTLSOLAR.NS', 'V2RETAIL.NS'])
2026-07-12 16:03:27,420 DEBUG AlphaScanner.Data download_history_batch split result count=5
2026-07-12 16:03:27,420 DEBUG AlphaScanner.Scanner Downloaded chunk 143/151 size=5 resolved=5
2026-07-12 16:03:27,464 DEBUG AlphaScanner.Scanner Chunk 143/151 complete: watchlist=213 entry=155
2026-07-12 16:03:27,465 DEBUG AlphaScanner.Data download_history_batch(size=5, period=2y, interval=1d, use_cache=False, head=['VAIBHAVGBL.NS', 'VARROC.NS', 'VBL.NS', 'VEDL.NS', 'VGUARD.NS'])
2026-07-12 16:03:27,742 DEBUG AlphaScanner.Data download_history_batch split result count=5
2026-07-12 16:03:27,742 DEBUG AlphaScanner.Scanner Downloaded chunk 144/151 size=5 resolved=5
2026-07-12 16:03:27,801 DEBUG AlphaScanner.Scanner Chunk 144/151 complete: watchlist=213 entry=156
2026-07-12 16:03:27,801 DEBUG AlphaScanner.Data download_history_batch(size=5, period=2y, interval=1d, use_cache=False, head=['VIJAYA.NS', 'VIKRAMSOLR.NS', 'VIPIND.NS', 'VIYASH.NS', 'VMART.NS'])
2026-07-12 16:03:28,351 DEBUG AlphaScanner.Data download_history_batch split result count=5
2026-07-12 16:03:28,351 DEBUG AlphaScanner.Scanner Downloaded chunk 145/151 size=5 resolved=5
2026-07-12 16:03:28,401 DEBUG AlphaScanner.Scanner Chunk 145/151 complete: watchlist=215 entry=156
2026-07-12 16:03:28,407 DEBUG AlphaScanner.Data download_history_batch(size=5, period=2y, interval=1d, use_cache=False, head=['VMM.NS', 'VOLTAMP.NS', 'VOLTAS.NS', 'VTL.NS', 'WAAREEENER.NS'])
2026-07-12 16:03:28,886 DEBUG AlphaScanner.Data download_history_batch split result count=5
2026-07-12 16:03:28,887 DEBUG AlphaScanner.Scanner Downloaded chunk 146/151 size=5 resolved=5
2026-07-12 16:03:28,952 DEBUG AlphaScanner.Scanner Chunk 146/151 complete: watchlist=215 entry=156
2026-07-12 16:03:28,953 DEBUG AlphaScanner.Data download_history_batch(size=5, period=2y, interval=1d, use_cache=False, head=['WAAREERTL.NS', 'WABAG.NS', 'WAKEFIT.NS', 'WEBELSOLAR.NS', 'WELCORP.NS'])
2026-07-12 16:03:29,227 DEBUG AlphaScanner.Data download_history_batch split result count=5
2026-07-12 16:03:29,227 DEBUG AlphaScanner.Scanner Downloaded chunk 147/151 size=5 resolved=5
2026-07-12 16:03:29,276 DEBUG AlphaScanner.Scanner Chunk 147/151 complete: watchlist=216 entry=157
2026-07-12 16:03:29,277 DEBUG AlphaScanner.Data download_history_batch(size=5, period=2y, interval=1d, use_cache=False, head=['WELENT.NS', 'WELSPUNLIV.NS', 'WESTLIFE.NS', 'WEWORK.NS', 'WHIRLPOOL.NS'])
2026-07-12 16:03:29,610 DEBUG AlphaScanner.Data download_history_batch split result count=5
2026-07-12 16:03:29,610 DEBUG AlphaScanner.Scanner Downloaded chunk 148/151 size=5 resolved=5
2026-07-12 16:03:29,660 DEBUG AlphaScanner.Scanner Chunk 148/151 complete: watchlist=217 entry=158
2026-07-12 16:03:29,661 DEBUG AlphaScanner.Data download_history_batch(size=5, period=2y, interval=1d, use_cache=False, head=['WIPRO.NS', 'WOCKPHARMA.NS', 'YATHARTH.NS', 'YESBANK.NS', 'ZAGGLE.NS'])
2026-07-12 16:03:29,931 DEBUG AlphaScanner.Data download_history_batch split result count=5
2026-07-12 16:03:29,931 DEBUG AlphaScanner.Scanner Downloaded chunk 149/151 size=5 resolved=5
2026-07-12 16:03:29,997 DEBUG AlphaScanner.Scanner Chunk 149/151 complete: watchlist=217 entry=158
2026-07-12 16:03:29,998 DEBUG AlphaScanner.Data download_history_batch(size=5, period=2y, interval=1d, use_cache=False, head=['ZEEL.NS', 'ZENSARTECH.NS', 'ZENTEC.NS', 'ZFCVINDIA.NS', 'ZYDUSLIFE.NS'])
2026-07-12 16:03:30,473 DEBUG AlphaScanner.Data download_history_batch split result count=5
2026-07-12 16:03:30,473 DEBUG AlphaScanner.Scanner Downloaded chunk 150/151 size=5 resolved=5
2026-07-12 16:03:30,533 DEBUG AlphaScanner.Scanner Chunk 150/151 complete: watchlist=218 entry=158
2026-07-12 16:03:30,534 DEBUG AlphaScanner.Data download_history_batch(size=1, period=2y, interval=1d, use_cache=False, head=['ZYDUSWELL.NS'])
2026-07-12 16:03:30,787 DEBUG AlphaScanner.Data download_history_batch split result count=1
2026-07-12 16:03:30,788 DEBUG AlphaScanner.Scanner Downloaded chunk 151/151 size=1 resolved=1
2026-07-12 16:03:30,801 DEBUG AlphaScanner.Scanner Chunk 151/151 complete: watchlist=218 entry=158
2026-07-12 16:03:30,807 DEBUG AlphaScanner.Scanner Dual-mode scan finished: watchlist_rows=218 entry_rows=158
2026-07-12 16:03:30,853 INFO AlphaScanner.Scanner Watchlist candidates: 218 | Entry candidates: 158
2026-07-12 16:08:41,852 DEBUG AlphaScanner.UI.Scanner render_tab(scan_type=Modular Momentum, universe=Total Market (Cap Focused), scan_mode=Entry Scanner, timeframe=1d, use_cache=False, run_scan=False)
2026-07-12 16:08:49,827 DEBUG AlphaScanner.UI.Scanner render_tab(scan_type=Modular Momentum, universe=Total Market (Cap Focused), scan_mode=Entry Scanner, timeframe=1d, use_cache=False, run_scan=False)
2026-07-12 16:08:53,198 DEBUG AlphaScanner.UI.Scanner render_tab(scan_type=Modular Momentum, universe=Total Market (Cap Focused), scan_mode=Entry Scanner, timeframe=1d, use_cache=False, run_scan=False)
2026-07-12 16:09:06,925 DEBUG AlphaScanner.UI.Scanner render_tab(scan_type=Pre-Breakout, universe=Total Market (Cap Focused), scan_mode=Entry Scanner, timeframe=1d, use_cache=False, run_scan=False)
2026-07-12 16:09:11,300 DEBUG AlphaScanner.UI.Scanner render_tab(scan_type=Pre-Breakout, universe=Total Market (Cap Focused), scan_mode=Entry Scanner, timeframe=1d, use_cache=False, run_scan=True)
2026-07-12 16:09:11,303 DEBUG AlphaScanner.UI.Scanner Starting fresh scan with min_cap=500 max_cap=20000 sector_map_size=751
2026-07-12 16:09:11,303 DEBUG AlphaScanner.Service perform_fresh_scan(scanner_type=Pre-Breakout, universe=Total Market (Cap Focused), timeframe=1d, scan_mode=Entry Scanner, use_cache=False, vol_thresh=0.6, rsi_min=35, rsi_max=70, dist_thresh=5.0, min_mkt_cap_cr=500, max_mkt_cap_cr=20000)
2026-07-12 16:09:11,304 DEBUG AlphaScanner.Service Routing to legacy breakout scanner with normalized timeframe=1d
2026-07-12 16:09:11,304 DEBUG AlphaScanner.Engine run_scanner(scanner_type=Pre-Breakout, universe=Total Market (Cap Focused), timeframe=1d, use_cache=False, incremental_fetch=False, vol_thresh=0.6, rsi_range=35-70, dist_thresh=5.0, min_cap=500, max_cap=20000)
2026-07-12 16:09:11,310 DEBUG AlphaScanner.Engine Resolved legacy universe 'Total Market (Cap Focused)' to 751 tickers
2026-07-12 16:09:11,519 DEBUG AlphaScanner.Engine Loaded benchmark close series with 495 rows
2026-07-12 16:09:11,524 INFO AlphaScanner.Engine Prefetching missing metadata for 2 tickers...
2026-07-12 16:09:12,677 DEBUG AlphaScanner.Engine Metadata cache primed with 749 entries
2026-07-12 16:09:12,678 DEBUG AlphaScanner.Data download_history_batch(size=10, period=2y, interval=1d, use_cache=False, head=['360ONE.NS', '3MINDIA.NS', 'AADHARHFC.NS', 'AARTIDRUGS.NS', 'AARTIIND.NS'])
2026-07-12 16:09:13,223 DEBUG AlphaScanner.Data download_history_batch split result count=10
2026-07-12 16:09:13,223 DEBUG AlphaScanner.Engine Batch download chunk 1/76 requested=10 resolved=10
2026-07-12 16:09:13,239 DEBUG AlphaScanner.Data download_history_batch(size=10, period=2y, interval=1d, use_cache=False, head=['ABDL.NS', 'ABFRL.NS', 'ABLBL.NS', 'ABREL.NS', 'ABSLAMC.NS'])
2026-07-12 16:09:14,116 DEBUG AlphaScanner.Data download_history_batch split result count=10
2026-07-12 16:09:14,116 DEBUG AlphaScanner.Engine Batch download chunk 2/76 requested=10 resolved=10
2026-07-12 16:09:14,126 DEBUG AlphaScanner.Data download_history_batch(size=10, period=2y, interval=1d, use_cache=False, head=['ADANIENSOL.NS', 'ADANIENT.NS', 'ADANIGREEN.NS', 'ADANIPORTS.NS', 'ADANIPOWER.NS'])
2026-07-12 16:09:14,669 DEBUG AlphaScanner.Data download_history_batch split result count=10
2026-07-12 16:09:14,669 DEBUG AlphaScanner.Engine Batch download chunk 3/76 requested=10 resolved=10
2026-07-12 16:09:14,678 DEBUG AlphaScanner.Data download_history_batch(size=10, period=2y, interval=1d, use_cache=False, head=['AFCONS.NS', 'AFFLE.NS', 'AGARWALEYE.NS', 'AGL.NS', 'AHLUCONT.NS'])
2026-07-12 16:09:15,151 DEBUG AlphaScanner.Data download_history_batch split result count=10
2026-07-12 16:09:15,152 DEBUG AlphaScanner.Engine Batch download chunk 4/76 requested=10 resolved=10
2026-07-12 16:09:15,160 DEBUG AlphaScanner.Data download_history_batch(size=10, period=2y, interval=1d, use_cache=False, head=['ALKEM.NS', 'ALKYLAMINE.NS', 'ALOKINDS.NS', 'AMBER.NS', 'AMBUJACEM.NS'])
2026-07-12 16:09:15,959 DEBUG AlphaScanner.Data download_history_batch split result count=10
2026-07-12 16:09:15,960 DEBUG AlphaScanner.Engine Batch download chunk 5/76 requested=10 resolved=10
2026-07-12 16:09:15,975 DEBUG AlphaScanner.Data download_history_batch(size=10, period=2y, interval=1d, use_cache=False, head=['ANURAS.NS', 'APARINDS.NS', 'APLAPOLLO.NS', 'APLLTD.NS', 'APOLLO.NS'])
2026-07-12 16:09:16,433 DEBUG AlphaScanner.Data download_history_batch split result count=10
2026-07-12 16:09:16,434 DEBUG AlphaScanner.Engine Batch download chunk 6/76 requested=10 resolved=10
2026-07-12 16:09:16,444 DEBUG AlphaScanner.Data download_history_batch(size=10, period=2y, interval=1d, use_cache=False, head=['ARVINDFASN.NS', 'ASAHIINDIA.NS', 'ASHAPURMIN.NS', 'ASHOKA.NS', 'ASHOKLEY.NS'])
2026-07-12 16:09:17,073 DEBUG AlphaScanner.Data download_history_batch split result count=10
2026-07-12 16:09:17,074 DEBUG AlphaScanner.Engine Batch download chunk 7/76 requested=10 resolved=10
2026-07-12 16:09:17,092 DEBUG AlphaScanner.Data download_history_batch(size=10, period=2y, interval=1d, use_cache=False, head=['ATGL.NS', 'ATHERENERG.NS', 'ATLANTAELE.NS', 'ATUL.NS', 'AUBANK.NS'])
2026-07-12 16:09:17,733 DEBUG AlphaScanner.Data download_history_batch split result count=10
2026-07-12 16:09:17,734 DEBUG AlphaScanner.Engine Batch download chunk 8/76 requested=10 resolved=10
2026-07-12 16:09:17,752 DEBUG AlphaScanner.Data download_history_batch(size=10, period=2y, interval=1d, use_cache=False, head=['AWFIS.NS', 'AWL.NS', 'AXISBANK.NS', 'AXISCADES.NS', 'AZAD.NS'])
2026-07-12 16:09:18,413 DEBUG AlphaScanner.Data download_history_batch split result count=10
2026-07-12 16:09:18,413 DEBUG AlphaScanner.Engine Batch download chunk 9/76 requested=10 resolved=10
2026-07-12 16:09:18,425 DEBUG AlphaScanner.Data download_history_batch(size=10, period=2y, interval=1d, use_cache=False, head=['BAJFINANCE.NS', 'BALAMINES.NS', 'BALKRISIND.NS', 'BALRAMCHIN.NS', 'BALUFORGE.NS'])
2026-07-12 16:09:19,088 DEBUG AlphaScanner.Data download_history_batch split result count=10
2026-07-12 16:09:19,089 DEBUG AlphaScanner.Engine Batch download chunk 10/76 requested=10 resolved=10
2026-07-12 16:09:19,104 DEBUG AlphaScanner.Data download_history_batch(size=10, period=2y, interval=1d, use_cache=False, head=['BAYERCROP.NS', 'BBOX.NS', 'BBTC.NS', 'BDL.NS', 'BECTORFOOD.NS'])
2026-07-12 16:09:19,615 DEBUG AlphaScanner.Data download_history_batch split result count=10
2026-07-12 16:09:19,616 DEBUG AlphaScanner.Engine Batch download chunk 11/76 requested=10 resolved=10
2026-07-12 16:09:19,627 DEBUG AlphaScanner.Data download_history_batch(size=10, period=2y, interval=1d, use_cache=False, head=['BHARTIARTL.NS', 'BHARTIHEXA.NS', 'BHEL.NS', 'BIKAJI.NS', 'BIOCON.NS'])
2026-07-12 16:09:20,133 DEBUG AlphaScanner.Data download_history_batch split result count=10
2026-07-12 16:09:20,134 DEBUG AlphaScanner.Engine Batch download chunk 12/76 requested=10 resolved=10
2026-07-12 16:09:20,148 DEBUG AlphaScanner.Data download_history_batch(size=10, period=2y, interval=1d, use_cache=False, head=['BLUESTARCO.NS', 'BLUESTONE.NS', 'BORORENEW.NS', 'BOSCHLTD.NS', 'BPCL.NS'])
2026-07-12 16:09:20,738 DEBUG AlphaScanner.Data download_history_batch split result count=10
2026-07-12 16:09:20,738 DEBUG AlphaScanner.Engine Batch download chunk 13/76 requested=10 resolved=10
2026-07-12 16:09:20,753 DEBUG AlphaScanner.Data download_history_batch(size=10, period=2y, interval=1d, use_cache=False, head=['CAMS.NS', 'CANBK.NS', 'CANFINHOME.NS', 'CANHLIFE.NS', 'CAPILLARY.NS'])
2026-07-12 16:09:21,286 DEBUG AlphaScanner.Data download_history_batch split result count=10
2026-07-12 16:09:21,286 DEBUG AlphaScanner.Engine Batch download chunk 14/76 requested=10 resolved=10
2026-07-12 16:09:21,308 DEBUG AlphaScanner.Data download_history_batch(size=10, period=2y, interval=1d, use_cache=False, head=['CCL.NS', 'CDSL.NS', 'CEATLTD.NS', 'CELLO.NS', 'CEMPRO.NS'])
2026-07-12 16:09:21,897 DEBUG AlphaScanner.Data download_history_batch split result count=10
2026-07-12 16:09:21,897 DEBUG AlphaScanner.Engine Batch download chunk 15/76 requested=10 resolved=10
2026-07-12 16:09:21,906 DEBUG AlphaScanner.Data download_history_batch(size=10, period=2y, interval=1d, use_cache=False, head=['CGPOWER.NS', 'CHALET.NS', 'CHAMBLFERT.NS', 'CHENNPETRO.NS', 'CHOICEIN.NS'])
2026-07-12 16:09:22,364 DEBUG AlphaScanner.Data download_history_batch split result count=10
2026-07-12 16:09:22,364 DEBUG AlphaScanner.Engine Batch download chunk 16/76 requested=10 resolved=10
2026-07-12 16:09:22,377 DEBUG AlphaScanner.Data download_history_batch(size=10, period=2y, interval=1d, use_cache=False, head=['CMSINFO.NS', 'COALINDIA.NS', 'COCHINSHIP.NS', 'COFORGE.NS', 'COHANCE.NS'])
2026-07-12 16:09:22,872 DEBUG AlphaScanner.Data download_history_batch split result count=10
2026-07-12 16:09:22,872 DEBUG AlphaScanner.Engine Batch download chunk 17/76 requested=10 resolved=10
2026-07-12 16:09:22,881 DEBUG AlphaScanner.Data download_history_batch(size=10, period=2y, interval=1d, use_cache=False, head=['CPPLUS.NS', 'CRAFTSMAN.NS', 'CRAMC.NS', 'CREDITACC.NS', 'CRISIL.NS'])
2026-07-12 16:09:23,285 DEBUG AlphaScanner.Data download_history_batch split result count=10
2026-07-12 16:09:23,285 DEBUG AlphaScanner.Engine Batch download chunk 18/76 requested=10 resolved=10
2026-07-12 16:09:23,293 DEBUG AlphaScanner.Data download_history_batch(size=10, period=2y, interval=1d, use_cache=False, head=['CUPID.NS', 'CYIENT.NS', 'DABUR.NS', 'DALBHARAT.NS', 'DATAMATICS.NS'])
2026-07-12 16:09:23,793 DEBUG AlphaScanner.Data download_history_batch split result count=10
2026-07-12 16:09:23,793 DEBUG AlphaScanner.Engine Batch download chunk 19/76 requested=10 resolved=10
2026-07-12 16:09:23,803 DEBUG AlphaScanner.Data download_history_batch(size=10, period=2y, interval=1d, use_cache=False, head=['DEEPAKFERT.NS', 'DEEPAKNTR.NS', 'DELHIVERY.NS', 'DEVYANI.NS', 'DIACABS.NS'])
2026-07-12 16:09:24,187 DEBUG AlphaScanner.Data download_history_batch split result count=10
2026-07-12 16:09:24,187 DEBUG AlphaScanner.Engine Batch download chunk 20/76 requested=10 resolved=10
2026-07-12 16:09:24,195 DEBUG AlphaScanner.Data download_history_batch(size=10, period=2y, interval=1d, use_cache=False, head=['DRREDDY.NS', 'DYNAMATECH.NS', 'ECLERX.NS', 'EDELWEISS.NS', 'EICHERMOT.NS'])
2026-07-12 16:09:24,714 DEBUG AlphaScanner.Data download_history_batch split result count=10
2026-07-12 16:09:24,714 DEBUG AlphaScanner.Engine Batch download chunk 21/76 requested=10 resolved=10
2026-07-12 16:09:24,723 DEBUG AlphaScanner.Data download_history_batch(size=10, period=2y, interval=1d, use_cache=False, head=['ELGIEQUIP.NS', 'ELLEN.NS', 'EMAMILTD.NS', 'EMBDL.NS', 'EMCURE.NS'])
2026-07-12 16:09:25,136 DEBUG AlphaScanner.Data download_history_batch split result count=10
2026-07-12 16:09:25,136 DEBUG AlphaScanner.Engine Batch download chunk 22/76 requested=10 resolved=10
2026-07-12 16:09:25,146 DEBUG AlphaScanner.Data download_history_batch(size=10, period=2y, interval=1d, use_cache=False, head=['ENTERO.NS', 'EPL.NS', 'EQUITASBNK.NS', 'ERIS.NS', 'ESCORTS.NS'])
2026-07-12 16:09:25,595 DEBUG AlphaScanner.Data download_history_batch split result count=10
2026-07-12 16:09:25,596 DEBUG AlphaScanner.Engine Batch download chunk 23/76 requested=10 resolved=10
2026-07-12 16:09:25,604 DEBUG AlphaScanner.Data download_history_batch(size=10, period=2y, interval=1d, use_cache=False, head=['FEDERALBNK.NS', 'FEDFINA.NS', 'FIEMIND.NS', 'FINCABLES.NS', 'FINPIPE.NS'])
2026-07-12 16:09:26,021 DEBUG AlphaScanner.Data download_history_batch split result count=10
2026-07-12 16:09:26,021 DEBUG AlphaScanner.Engine Batch download chunk 24/76 requested=10 resolved=10
2026-07-12 16:09:26,031 DEBUG AlphaScanner.Data download_history_batch(size=10, period=2y, interval=1d, use_cache=False, head=['FSL.NS', 'GABRIEL.NS', 'GAEL.NS', 'GAIL.NS', 'GALLANTT.NS'])
2026-07-12 16:09:26,481 DEBUG AlphaScanner.Data download_history_batch split result count=10
2026-07-12 16:09:26,481 DEBUG AlphaScanner.Engine Batch download chunk 25/76 requested=10 resolved=10
2026-07-12 16:09:26,489 DEBUG AlphaScanner.Data download_history_batch(size=10, period=2y, interval=1d, use_cache=False, head=['GLAXO.NS', 'GLENMARK.NS', 'GMDCLTD.NS', 'GMMPFAUDLR.NS', 'GMRAIRPORT.NS'])
2026-07-12 16:09:26,995 DEBUG AlphaScanner.Data download_history_batch split result count=10
2026-07-12 16:09:26,995 DEBUG AlphaScanner.Engine Batch download chunk 26/76 requested=10 resolved=10
2026-07-12 16:09:27,004 DEBUG AlphaScanner.Data download_history_batch(size=10, period=2y, interval=1d, use_cache=False, head=['GODREJCP.NS', 'GODREJIND.NS', 'GODREJPROP.NS', 'GOKEX.NS', 'GOKULAGRO.NS'])
2026-07-12 16:09:27,571 DEBUG AlphaScanner.Data download_history_batch split result count=10
2026-07-12 16:09:27,571 DEBUG AlphaScanner.Engine Batch download chunk 27/76 requested=10 resolved=10
2026-07-12 16:09:27,581 DEBUG AlphaScanner.Data download_history_batch(size=10, period=2y, interval=1d, use_cache=False, head=['GRAVITA.NS', 'GREAVESCOT.NS', 'GROWW.NS', 'GRSE.NS', 'GRWRHITECH.NS'])
2026-07-12 16:09:28,055 DEBUG AlphaScanner.Data download_history_batch split result count=10
2026-07-12 16:09:28,055 DEBUG AlphaScanner.Engine Batch download chunk 28/76 requested=10 resolved=10
2026-07-12 16:09:28,064 DEBUG AlphaScanner.Data download_history_batch(size=10, period=2y, interval=1d, use_cache=False, head=['HBLENGINE.NS', 'HCC.NS', 'HCG.NS', 'HCLTECH.NS', 'HDBFS.NS'])
2026-07-12 16:09:28,446 DEBUG AlphaScanner.Data download_history_batch split result count=10
2026-07-12 16:09:28,446 DEBUG AlphaScanner.Engine Batch download chunk 29/76 requested=10 resolved=10
2026-07-12 16:09:28,454 DEBUG AlphaScanner.Data download_history_batch(size=10, period=2y, interval=1d, use_cache=False, head=['HERITGFOOD.NS', 'HEROMOTOCO.NS', 'HEXT.NS', 'HFCL.NS', 'HGINFRA.NS'])
2026-07-12 16:09:28,956 DEBUG AlphaScanner.Data download_history_batch split result count=10
2026-07-12 16:09:28,956 DEBUG AlphaScanner.Engine Batch download chunk 30/76 requested=10 resolved=10
2026-07-12 16:09:28,967 DEBUG AlphaScanner.Data download_history_batch(size=10, period=2y, interval=1d, use_cache=False, head=['HOMEFIRST.NS', 'HONASA.NS', 'HONAUT.NS', 'HSCL.NS', 'HUDCO.NS'])
2026-07-12 16:09:29,472 DEBUG AlphaScanner.Data download_history_batch split result count=10
2026-07-12 16:09:29,472 DEBUG AlphaScanner.Engine Batch download chunk 31/76 requested=10 resolved=10
2026-07-12 16:09:29,482 DEBUG AlphaScanner.Data download_history_batch(size=10, period=2y, interval=1d, use_cache=False, head=['ICIL.NS', 'IDBI.NS', 'IDEA.NS', 'IDFCFIRSTB.NS', 'IEX.NS'])
2026-07-12 16:09:30,017 DEBUG AlphaScanner.Data download_history_batch split result count=10
2026-07-12 16:09:30,017 DEBUG AlphaScanner.Engine Batch download chunk 32/76 requested=10 resolved=10
2026-07-12 16:09:30,031 DEBUG AlphaScanner.Data download_history_batch(size=10, period=2y, interval=1d, use_cache=False, head=['IIFLCAPS.NS', 'IKS.NS', 'IMFA.NS', 'INDGN.NS', 'INDHOTEL.NS'])
2026-07-12 16:09:30,837 DEBUG AlphaScanner.Data download_history_batch split result count=10
2026-07-12 16:09:30,838 DEBUG AlphaScanner.Engine Batch download chunk 33/76 requested=10 resolved=10
2026-07-12 16:09:30,853 DEBUG AlphaScanner.Data download_history_batch(size=10, period=2y, interval=1d, use_cache=False, head=['INDIGO.NS', 'INDIGOPNTS.NS', 'INDUSINDBK.NS', 'INDUSTOWER.NS', 'INFY.NS'])
2026-07-12 16:09:31,536 DEBUG AlphaScanner.Data download_history_batch split result count=10
2026-07-12 16:09:31,537 DEBUG AlphaScanner.Engine Batch download chunk 34/76 requested=10 resolved=10
2026-07-12 16:09:31,545 DEBUG AlphaScanner.Data download_history_batch(size=10, period=2y, interval=1d, use_cache=False, head=['IOC.NS', 'IONEXCHANG.NS', 'IPCALAB.NS', 'IRB.NS', 'IRCON.NS'])
2026-07-12 16:09:32,243 DEBUG AlphaScanner.Data download_history_batch split result count=10
2026-07-12 16:09:32,243 DEBUG AlphaScanner.Engine Batch download chunk 35/76 requested=10 resolved=10
2026-07-12 16:09:32,252 DEBUG AlphaScanner.Data download_history_batch(size=10, period=2y, interval=1d, use_cache=False, head=['ITI.NS', 'IXIGO.NS', 'J&KBANK.NS', 'JAIBALAJI.NS', 'JAINREC.NS'])
2026-07-12 16:09:32,821 DEBUG AlphaScanner.Data download_history_batch split result count=10
2026-07-12 16:09:32,821 DEBUG AlphaScanner.Engine Batch download chunk 36/76 requested=10 resolved=10
2026-07-12 16:09:32,831 DEBUG AlphaScanner.Data download_history_batch(size=10, period=2y, interval=1d, use_cache=False, head=['JINDALSTEL.NS', 'JIOFIN.NS', 'JKCEMENT.NS', 'JKLAKSHMI.NS', 'JKPAPER.NS'])
2026-07-12 16:09:33,201 DEBUG AlphaScanner.Data download_history_batch split result count=10
2026-07-12 16:09:33,201 DEBUG AlphaScanner.Engine Batch download chunk 37/76 requested=10 resolved=10
2026-07-12 16:09:33,211 DEBUG AlphaScanner.Data download_history_batch(size=10, period=2y, interval=1d, use_cache=False, head=['JSL.NS', 'JSLL.NS', 'JSWCEMENT.NS', 'JSWDULUX.NS', 'JSWENERGY.NS'])
2026-07-12 16:09:33,566 DEBUG AlphaScanner.Data download_history_batch split result count=10
2026-07-12 16:09:33,566 DEBUG AlphaScanner.Engine Batch download chunk 38/76 requested=10 resolved=10
2026-07-12 16:09:33,575 DEBUG AlphaScanner.Data download_history_batch(size=10, period=2y, interval=1d, use_cache=False, head=['JUSTDIAL.NS', 'JWL.NS', 'JYOTHYLAB.NS', 'JYOTICNC.NS', 'KAJARIACER.NS'])
2026-07-12 16:09:34,100 DEBUG AlphaScanner.Data download_history_batch split result count=10
2026-07-12 16:09:34,101 DEBUG AlphaScanner.Engine Batch download chunk 39/76 requested=10 resolved=10
2026-07-12 16:09:34,111 DEBUG AlphaScanner.Data download_history_batch(size=10, period=2y, interval=1d, use_cache=False, head=['KEI.NS', 'KFINTECH.NS', 'KIMS.NS', 'KIRLOSBROS.NS', 'KIRLOSENG.NS'])
2026-07-12 16:09:34,566 DEBUG AlphaScanner.Data download_history_batch split result count=10
2026-07-12 16:09:34,566 DEBUG AlphaScanner.Engine Batch download chunk 40/76 requested=10 resolved=10
2026-07-12 16:09:34,575 DEBUG AlphaScanner.Data download_history_batch(size=10, period=2y, interval=1d, use_cache=False, head=['KPIL.NS', 'KPITTECH.NS', 'KPRMILL.NS', 'KRBL.NS', 'KRN.NS'])
2026-07-12 16:09:35,030 DEBUG AlphaScanner.Data download_history_batch split result count=10
2026-07-12 16:09:35,030 DEBUG AlphaScanner.Engine Batch download chunk 41/76 requested=10 resolved=10
2026-07-12 16:09:35,039 DEBUG AlphaScanner.Data download_history_batch(size=10, period=2y, interval=1d, use_cache=False, head=['LAURUSLABS.NS', 'LEMONTREE.NS', 'LENSKART.NS', 'LGEINDIA.NS', 'LICHSGFIN.NS'])
2026-07-12 16:09:35,489 DEBUG AlphaScanner.Data download_history_batch split result count=10
2026-07-12 16:09:35,490 DEBUG AlphaScanner.Engine Batch download chunk 42/76 requested=10 resolved=10
2026-07-12 16:09:35,499 DEBUG AlphaScanner.Data download_history_batch(size=10, period=2y, interval=1d, use_cache=False, head=['LODHA.NS', 'LOTUSDEV.NS', 'LT.NS', 'LTF.NS', 'LTFOODS.NS'])
2026-07-12 16:09:36,154 DEBUG AlphaScanner.Data download_history_batch split result count=10
2026-07-12 16:09:36,155 DEBUG AlphaScanner.Engine Batch download chunk 43/76 requested=10 resolved=10
2026-07-12 16:09:36,164 DEBUG AlphaScanner.Data download_history_batch(size=10, period=2y, interval=1d, use_cache=False, head=['M&M.NS', 'M&MFIN.NS', 'MAHABANK.NS', 'MAHSCOOTER.NS', 'MAHSEAMLES.NS'])
2026-07-12 16:09:36,645 DEBUG AlphaScanner.Data download_history_batch split result count=10
2026-07-12 16:09:36,646 DEBUG AlphaScanner.Engine Batch download chunk 44/76 requested=10 resolved=10
2026-07-12 16:09:36,653 DEBUG AlphaScanner.Data download_history_batch(size=10, period=2y, interval=1d, use_cache=False, head=['MARICO.NS', 'MARKSANS.NS', 'MARUTI.NS', 'MASTEK.NS', 'MAXHEALTH.NS'])
2026-07-12 16:09:37,152 DEBUG AlphaScanner.Data download_history_batch split result count=10
2026-07-12 16:09:37,152 DEBUG AlphaScanner.Engine Batch download chunk 45/76 requested=10 resolved=10
2026-07-12 16:09:37,162 DEBUG AlphaScanner.Data download_history_batch(size=10, period=2y, interval=1d, use_cache=False, head=['METROPOLIS.NS', 'MFSL.NS', 'MGL.NS', 'MIDHANI.NS', 'MINDACORP.NS'])
2026-07-12 16:09:37,734 DEBUG AlphaScanner.Data download_history_batch split result count=10
2026-07-12 16:09:37,735 DEBUG AlphaScanner.Engine Batch download chunk 46/76 requested=10 resolved=10
2026-07-12 16:09:37,744 DEBUG AlphaScanner.Data download_history_batch(size=10, period=2y, interval=1d, use_cache=False, head=['MRF.NS', 'MRPL.NS', 'MSTCLTD.NS', 'MSUMI.NS', 'MTARTECH.NS'])
2026-07-12 16:09:38,174 DEBUG AlphaScanner.Data download_history_batch split result count=10
2026-07-12 16:09:38,175 DEBUG AlphaScanner.Engine Batch download chunk 47/76 requested=10 resolved=10
2026-07-12 16:09:38,183 DEBUG AlphaScanner.Data download_history_batch(size=10, period=2y, interval=1d, use_cache=False, head=['NAVA.NS', 'NAVINFLUOR.NS', 'NAZARA.NS', 'NBCC.NS', 'NCC.NS'])
2026-07-12 16:09:38,560 DEBUG AlphaScanner.Data download_history_batch split result count=10
2026-07-12 16:09:38,560 DEBUG AlphaScanner.Engine Batch download chunk 48/76 requested=10 resolved=10
2026-07-12 16:09:38,569 DEBUG AlphaScanner.Data download_history_batch(size=10, period=2y, interval=1d, use_cache=False, head=['NEULANDLAB.NS', 'NEWGEN.NS', 'NFL.NS', 'NH.NS', 'NHPC.NS'])
2026-07-12 16:09:39,103 DEBUG AlphaScanner.Data download_history_batch split result count=10
2026-07-12 16:09:39,104 DEBUG AlphaScanner.Engine Batch download chunk 49/76 requested=10 resolved=10
2026-07-12 16:09:39,113 DEBUG AlphaScanner.Data download_history_batch(size=10, period=2y, interval=1d, use_cache=False, head=['NTPC.NS', 'NTPCGREEN.NS', 'NUVAMA.NS', 'NUVOCO.NS', 'NYKAA.NS'])
2026-07-12 16:09:39,601 DEBUG AlphaScanner.Data download_history_batch split result count=10
2026-07-12 16:09:39,601 DEBUG AlphaScanner.Engine Batch download chunk 50/76 requested=10 resolved=10
2026-07-12 16:09:39,611 DEBUG AlphaScanner.Data download_history_batch(size=10, period=2y, interval=1d, use_cache=False, head=['ONESOURCE.NS', 'ONGC.NS', 'OPTIEMUS.NS', 'ORIENTCEM.NS', 'ORKLAINDIA.NS'])
2026-07-12 16:09:40,010 DEBUG AlphaScanner.Data download_history_batch split result count=10
2026-07-12 16:09:40,010 DEBUG AlphaScanner.Engine Batch download chunk 51/76 requested=10 resolved=10
2026-07-12 16:09:40,018 DEBUG AlphaScanner.Data download_history_batch(size=10, period=2y, interval=1d, use_cache=False, head=['PATANJALI.NS', 'PAYTM.NS', 'PCBL.NS', 'PCJEWELLER.NS', 'PERSISTENT.NS'])
2026-07-12 16:09:40,499 DEBUG AlphaScanner.Data download_history_batch split result count=10
2026-07-12 16:09:40,499 DEBUG AlphaScanner.Engine Batch download chunk 52/76 requested=10 resolved=10
2026-07-12 16:09:40,509 DEBUG AlphaScanner.Data download_history_batch(size=10, period=2y, interval=1d, use_cache=False, head=['PGIL.NS', 'PHOENIXLTD.NS', 'PICCADIL.NS', 'PIDILITIND.NS', 'PIIND.NS'])
2026-07-12 16:09:41,236 DEBUG AlphaScanner.Data download_history_batch split result count=10
2026-07-12 16:09:41,236 DEBUG AlphaScanner.Engine Batch download chunk 53/76 requested=10 resolved=10
2026-07-12 16:09:41,245 DEBUG AlphaScanner.Data download_history_batch(size=10, period=2y, interval=1d, use_cache=False, head=['PNGJL.NS', 'POLICYBZR.NS', 'POLYCAB.NS', 'POLYMED.NS', 'POONAWALLA.NS'])
2026-07-12 16:09:41,857 DEBUG AlphaScanner.Data download_history_batch split result count=10
2026-07-12 16:09:41,857 DEBUG AlphaScanner.Engine Batch download chunk 54/76 requested=10 resolved=10
2026-07-12 16:09:41,871 DEBUG AlphaScanner.Data download_history_batch(size=10, period=2y, interval=1d, use_cache=False, head=['PREMIERENE.NS', 'PRESTIGE.NS', 'PRICOLLTD.NS', 'PRIVISCL.NS', 'PRSMJOHNSN.NS'])
2026-07-12 16:09:42,343 DEBUG AlphaScanner.Data download_history_batch split result count=10
2026-07-12 16:09:42,343 DEBUG AlphaScanner.Engine Batch download chunk 55/76 requested=10 resolved=10
2026-07-12 16:09:42,355 DEBUG AlphaScanner.Data download_history_batch(size=10, period=2y, interval=1d, use_cache=False, head=['PWL.NS', 'QPOWER.NS', 'QUESS.NS', 'RADICO.NS', 'RAILTEL.NS'])
2026-07-12 16:09:42,765 DEBUG AlphaScanner.Data download_history_batch split result count=10
2026-07-12 16:09:42,765 DEBUG AlphaScanner.Engine Batch download chunk 56/76 requested=10 resolved=10
2026-07-12 16:09:42,777 DEBUG AlphaScanner.Data download_history_batch(size=10, period=2y, interval=1d, use_cache=False, head=['RATNAMANI.NS', 'RAYMONDLSL.NS', 'RBA.NS', 'RBLBANK.NS', 'RCF.NS'])
2026-07-12 16:09:43,239 DEBUG AlphaScanner.Data download_history_batch split result count=10
2026-07-12 16:09:43,240 DEBUG AlphaScanner.Engine Batch download chunk 57/76 requested=10 resolved=10
2026-07-12 16:09:43,248 DEBUG AlphaScanner.Data download_history_batch(size=10, period=2y, interval=1d, use_cache=False, head=['RELIANCE.NS', 'RELIGARE.NS', 'RENUKA.NS', 'RHIM.NS', 'RITES.NS'])
2026-07-12 16:09:43,712 DEBUG AlphaScanner.Data download_history_batch split result count=10
2026-07-12 16:09:43,712 DEBUG AlphaScanner.Engine Batch download chunk 58/76 requested=10 resolved=10
2026-07-12 16:09:43,721 DEBUG AlphaScanner.Data download_history_batch(size=10, period=2y, interval=1d, use_cache=False, head=['RTNPOWER.NS', 'RUBICON.NS', 'RVNL.NS', 'SAATVIKGL.NS', 'SAFARI.NS'])
2026-07-12 16:09:44,093 DEBUG AlphaScanner.Data download_history_batch split result count=10
2026-07-12 16:09:44,093 DEBUG AlphaScanner.Engine Batch download chunk 59/76 requested=10 resolved=10
2026-07-12 16:09:44,101 DEBUG AlphaScanner.Data download_history_batch(size=10, period=2y, interval=1d, use_cache=False, head=['SANDUMA.NS', 'SANOFICONR.NS', 'SANSERA.NS', 'SAPPHIRE.NS', 'SARDAEN.NS'])
2026-07-12 16:09:44,539 DEBUG AlphaScanner.Data download_history_batch split result count=10
2026-07-12 16:09:44,540 DEBUG AlphaScanner.Engine Batch download chunk 60/76 requested=10 resolved=10
2026-07-12 16:09:44,548 DEBUG AlphaScanner.Data download_history_batch(size=10, period=2y, interval=1d, use_cache=False, head=['SCHAEFFLER.NS', 'SCHNEIDER.NS', 'SCI.NS', 'SENCO.NS', 'SFL.NS'])
2026-07-12 16:09:45,029 DEBUG AlphaScanner.Data download_history_batch split result count=10
2026-07-12 16:09:45,029 DEBUG AlphaScanner.Engine Batch download chunk 61/76 requested=10 resolved=10
2026-07-12 16:09:45,038 DEBUG AlphaScanner.Data download_history_batch(size=10, period=2y, interval=1d, use_cache=False, head=['SHREECEM.NS', 'SHRIPISTON.NS', 'SHRIRAMFIN.NS', 'SHYAMMETL.NS', 'SIEMENS.NS'])
2026-07-12 16:09:45,665 DEBUG AlphaScanner.Data download_history_batch split result count=10
2026-07-12 16:09:45,666 DEBUG AlphaScanner.Engine Batch download chunk 62/76 requested=10 resolved=10
2026-07-12 16:09:45,675 DEBUG AlphaScanner.Data download_history_batch(size=10, period=2y, interval=1d, use_cache=False, head=['SKYGOLD.NS', 'SMARTWORKS.NS', 'SMLMAH.NS', 'SOBHA.NS', 'SOLARINDS.NS'])
2026-07-12 16:09:46,310 DEBUG AlphaScanner.Data download_history_batch split result count=10
2026-07-12 16:09:46,310 DEBUG AlphaScanner.Engine Batch download chunk 63/76 requested=10 resolved=10
2026-07-12 16:09:46,319 DEBUG AlphaScanner.Data download_history_batch(size=10, period=2y, interval=1d, use_cache=False, head=['SRF.NS', 'STAR.NS', 'STARCEMENT.NS', 'STARHEALTH.NS', 'STLTECH.NS'])
2026-07-12 16:09:46,699 DEBUG AlphaScanner.Data download_history_batch split result count=10
2026-07-12 16:09:46,700 DEBUG AlphaScanner.Engine Batch download chunk 64/76 requested=10 resolved=10
2026-07-12 16:09:46,709 DEBUG AlphaScanner.Data download_history_batch(size=10, period=2y, interval=1d, use_cache=False, head=['SUMICHEM.NS', 'SUNDARMFIN.NS', 'SUNPHARMA.NS', 'SUNTECK.NS', 'SUNTV.NS'])
2026-07-12 16:09:47,195 DEBUG AlphaScanner.Data download_history_batch split result count=10
2026-07-12 16:09:47,195 DEBUG AlphaScanner.Engine Batch download chunk 65/76 requested=10 resolved=10
2026-07-12 16:09:47,204 DEBUG AlphaScanner.Data download_history_batch(size=10, period=2y, interval=1d, use_cache=False, head=['SWIGGY.NS', 'SWSOLAR.NS', 'SYNGENE.NS', 'SYRMA.NS', 'TANLA.NS'])
2026-07-12 16:09:47,703 DEBUG AlphaScanner.Data download_history_batch split result count=10
2026-07-12 16:09:47,703 DEBUG AlphaScanner.Engine Batch download chunk 66/76 requested=10 resolved=10
2026-07-12 16:09:47,712 DEBUG AlphaScanner.Data download_history_batch(size=10, period=2y, interval=1d, use_cache=False, head=['TATACONSUM.NS', 'TATAELXSI.NS', 'TATAINVEST.NS', 'TATAPOWER.NS', 'TATASTEEL.NS'])
2026-07-12 16:09:48,154 DEBUG AlphaScanner.Data download_history_batch split result count=10
2026-07-12 16:09:48,154 DEBUG AlphaScanner.Engine Batch download chunk 67/76 requested=10 resolved=10
2026-07-12 16:09:48,164 DEBUG AlphaScanner.Data download_history_batch(size=10, period=2y, interval=1d, use_cache=False, head=['TECHNOE.NS', 'TEGA.NS', 'TEJASNET.NS', 'TENNIND.NS', 'TEXRAIL.NS'])
2026-07-12 16:09:48,722 DEBUG AlphaScanner.Data download_history_batch split result count=10
2026-07-12 16:09:48,722 DEBUG AlphaScanner.Engine Batch download chunk 68/76 requested=10 resolved=10
2026-07-12 16:09:48,731 DEBUG AlphaScanner.Data download_history_batch(size=10, period=2y, interval=1d, use_cache=False, head=['TI.NS', 'TIINDIA.NS', 'TIMETECHNO.NS', 'TIMKEN.NS', 'TIPSMUSIC.NS'])
2026-07-12 16:09:49,367 DEBUG AlphaScanner.Data download_history_batch split result count=10
2026-07-12 16:09:49,367 DEBUG AlphaScanner.Engine Batch download chunk 69/76 requested=10 resolved=10
2026-07-12 16:09:49,376 DEBUG AlphaScanner.Data download_history_batch(size=10, period=2y, interval=1d, use_cache=False, head=['TORNTPHARM.NS', 'TORNTPOWER.NS', 'TRANSRAILL.NS', 'TRAVELFOOD.NS', 'TRENT.NS'])
2026-07-12 16:09:49,937 DEBUG AlphaScanner.Data download_history_batch split result count=10
2026-07-12 16:09:49,937 DEBUG AlphaScanner.Engine Batch download chunk 70/76 requested=10 resolved=10
2026-07-12 16:09:49,945 DEBUG AlphaScanner.Data download_history_batch(size=10, period=2y, interval=1d, use_cache=False, head=['TVSMOTOR.NS', 'TVSSCS.NS', 'UBL.NS', 'UCOBANK.NS', 'UJJIVANSFB.NS'])
2026-07-12 16:09:50,429 DEBUG AlphaScanner.Data download_history_batch split result count=10
2026-07-12 16:09:50,429 DEBUG AlphaScanner.Engine Batch download chunk 71/76 requested=10 resolved=10
2026-07-12 16:09:50,439 DEBUG AlphaScanner.Data download_history_batch(size=10, period=2y, interval=1d, use_cache=False, head=['URBANCO.NS', 'USHAMART.NS', 'UTIAMC.NS', 'UTLSOLAR.NS', 'V2RETAIL.NS'])
2026-07-12 16:09:50,850 DEBUG AlphaScanner.Data download_history_batch split result count=10
2026-07-12 16:09:50,850 DEBUG AlphaScanner.Engine Batch download chunk 72/76 requested=10 resolved=10
2026-07-12 16:09:50,859 DEBUG AlphaScanner.Data download_history_batch(size=10, period=2y, interval=1d, use_cache=False, head=['VIJAYA.NS', 'VIKRAMSOLR.NS', 'VIPIND.NS', 'VIYASH.NS', 'VMART.NS'])
2026-07-12 16:09:51,268 DEBUG AlphaScanner.Data download_history_batch split result count=10
2026-07-12 16:09:51,269 DEBUG AlphaScanner.Engine Batch download chunk 73/76 requested=10 resolved=10
2026-07-12 16:09:51,276 DEBUG AlphaScanner.Data download_history_batch(size=10, period=2y, interval=1d, use_cache=False, head=['WAAREERTL.NS', 'WABAG.NS', 'WAKEFIT.NS', 'WEBELSOLAR.NS', 'WELCORP.NS'])
2026-07-12 16:09:51,697 DEBUG AlphaScanner.Data download_history_batch split result count=10
2026-07-12 16:09:51,697 DEBUG AlphaScanner.Engine Batch download chunk 74/76 requested=10 resolved=10
2026-07-12 16:09:51,709 DEBUG AlphaScanner.Data download_history_batch(size=10, period=2y, interval=1d, use_cache=False, head=['WIPRO.NS', 'WOCKPHARMA.NS', 'YATHARTH.NS', 'YESBANK.NS', 'ZAGGLE.NS'])
2026-07-12 16:09:52,122 DEBUG AlphaScanner.Data download_history_batch split result count=10
2026-07-12 16:09:52,123 DEBUG AlphaScanner.Engine Batch download chunk 75/76 requested=10 resolved=10
2026-07-12 16:09:52,131 DEBUG AlphaScanner.Data download_history_batch(size=1, period=2y, interval=1d, use_cache=False, head=['ZYDUSWELL.NS'])
2026-07-12 16:09:52,408 DEBUG AlphaScanner.Data download_history_batch split result count=1
2026-07-12 16:09:52,408 DEBUG AlphaScanner.Engine Batch download chunk 76/76 requested=1 resolved=1
2026-07-12 16:09:52,707 DEBUG AlphaScanner.Engine Concatenated legacy data shape=(499, 4506)
2026-07-12 16:09:52,772 DEBUG AlphaScanner.Engine Post-align data shape=(495, 4506) benchmark_rows=495
2026-07-12 16:10:23,179 DEBUG AlphaScanner.Engine Legacy scan completed: hits=38 scanned=720 fail_counts={'trend_fail': 324, 'momentum_fail': 72, 'volume_fail': 0, 'breakout_fail': 112, 'rs_fail': 0, 'adx_fail': 2, 'liquidity_fail': 51, 'error_fail': 31}
2026-07-12 16:10:23,214 DEBUG AlphaScanner.Service perform_fresh_scan completed: rows=38 stats_keys=['adx_fail', 'bank_nifty_change', 'bb_fail', 'breakout_fail', 'dii_net', 'error_fail', 'fakeout_trap', 'fii_net', 'liquidity_fail', 'macd_fail', 'market_bias', 'market_bias_score', 'market_breadth_50', 'market_health', 'momentum_fail', 'nifty_change', 'rs_fail', 'scanned', 'scanner_type', 'sector_sentiment', 'timeframe', 'trend_fail', 'trending_sectors', 'universe', 'universe_size', 'volume_fail']
2026-07-12 16:11:45,949 DEBUG AlphaScanner.UI.Scanner render_tab(scan_type=Breakout, universe=Nifty 500, scan_mode=Entry Scanner, timeframe=1d, use_cache=False, run_scan=False)
2026-07-12 16:11:55,031 DEBUG AlphaScanner.UI.Scanner render_tab(scan_type=Breakout, universe=Total Market (Cap Focused), scan_mode=Entry Scanner, timeframe=1d, use_cache=False, run_scan=False)
2026-07-12 16:12:03,271 DEBUG AlphaScanner.UI.Scanner render_tab(scan_type=Modular Momentum, universe=Total Market (Cap Focused), scan_mode=Entry Scanner, timeframe=1d, use_cache=False, run_scan=False)
2026-07-12 16:12:07,512 DEBUG AlphaScanner.UI.Scanner render_tab(scan_type=Modular Momentum, universe=Total Market (Cap Focused), scan_mode=Entry Scanner, timeframe=1d, use_cache=False, run_scan=True)
2026-07-12 16:12:08,261 DEBUG AlphaScanner.UI.Scanner Starting fresh scan with min_cap=500 max_cap=20000 sector_map_size=500
2026-07-12 16:12:08,261 DEBUG AlphaScanner.Service perform_fresh_scan(scanner_type=Modular Momentum, universe=Total Market (Cap Focused), timeframe=1d, scan_mode=Entry Scanner, use_cache=False, vol_thresh=0.6, rsi_min=35, rsi_max=75, dist_thresh=5.0, min_mkt_cap_cr=500, max_mkt_cap_cr=20000)
2026-07-12 16:12:08,261 DEBUG AlphaScanner.Service Routing to modular scanner with config={'universe': 'Total Market (Cap Focused)', 'min_candles': 300, 'interval': '1d', 'lookback_period': '2y', 'max_candidates': 15, 'min_total_score': 25.0, 'watchlist_min_score': 60.0, 'entry_min_score': 70.0, 'watchlist_trend_weight': 0.2, 'watchlist_base_weight': 0.35, 'watchlist_volume_weight': 0.2, 'watchlist_rs_weight': 0.15, 'watchlist_sector_weight': 0.1, 'entry_trend_weight': 0.2, 'entry_breakout_weight': 0.25, 'entry_volume_weight': 0.2, 'entry_rs_weight': 0.15, 'entry_sector_weight': 0.15, 'entry_risk_weight': 0.1, 'watchlist_price_above_ema200': True, 'watchlist_base_high_pct': 5.0, 'watchlist_base_range_pct': 10.0, 'watchlist_base_days_min': 10, 'watchlist_atr_contraction_pct': -15.0, 'watchlist_bbw_contraction_pct': -20.0, 'watchlist_volume_dryup_pct': -25.0, 'watchlist_rs_min': 60.0, 'watchlist_sector_strength_min': 0.0, 'entry_breakout_volume_ratio': 2.0, 'entry_rs_rank_min': 80.0, 'entry_risk_reward_min': 2.0, 'entry_extension_pct': 10.0, 'entry_atr_expansion_pct': 1.8, 'market_regime_trend_weight': 0.3, 'market_regime_breadth_weight': 0.25, 'market_regime_momentum_weight': 0.2, 'market_regime_volume_weight': 0.15, 'market_regime_volatility_weight': 0.1, 'market_regime_bullish_threshold': 75.0, 'market_regime_neutral_threshold': 55.0, 'market_regime_caution_threshold': 40.0, 'market_regime_bearish_threshold': 0.0, 'market_regime_bullish_penalty': 1.0, 'market_regime_neutral_penalty': 0.95, 'market_regime_caution_penalty': 0.85, 'market_regime_bearish_penalty': 0.7, 'market_regime_buy_min_bullish': 80.0, 'market_regime_buy_min_neutral': 85.0, 'market_regime_buy_min_caution': 90.0, 'market_regime_buy_min_bearish': 95.0, 'market_regime_nifty50_period': '2y', 'market_regime_nifty500_period': '2y', 'market_regime_breadth_min_above_ema20': 45.0, 'market_regime_breadth_min_above_ema50': 40.0, 'market_regime_breadth_min_above_ema200': 25.0, 'market_regime_atr_window': 14, 'market_regime_volume_window': 20, 'market_regime_volatility_window': 20, 'market_regime_momentum_return_cap_pct': 10.0, 'market_regime_ema_buffer_pct': 0.5, 'market_regime_distribution_day_window': 20, 'market_regime_accumulation_day_window': 20, 'market_regime_volume_trend_threshold_pct': 10.0, 'market_regime_volatility_high_threshold_pct': 15.0, 'market_regime_volatility_mid_threshold_pct': 8.0, 'market_regime_accumulation_edge_days': 2, 'market_regime_distribution_edge_days': 2, 'mtf_weekly_weight': 20.0, 'mtf_daily_weight': 50.0, 'mtf_hourly_weight': 30.0, 'mtf_weekly_max_points': 20.0, 'mtf_daily_max_points': 50.0, 'mtf_hourly_max_points': 30.0, 'mtf_strong_buy_threshold': 90.0, 'mtf_buy_threshold': 80.0, 'mtf_watch_threshold': 65.0, 'mtf_wait_threshold': 50.0, 'mtf_weekly_bullish_threshold': 14.0, 'mtf_weekly_neutral_threshold': 10.0, 'mtf_weekly_bearish_threshold': 6.0, 'mtf_daily_bullish_threshold': 35.0, 'mtf_daily_neutral_threshold': 25.0, 'mtf_hourly_bullish_threshold': 20.0, 'mtf_hourly_neutral_threshold': 12.0, 'mtf_weekly_lookback_period': '2y', 'mtf_daily_lookback_period': '1y', 'mtf_hourly_lookback_period': '60d', 'mtf_hourly_ema_fast': 20, 'mtf_hourly_ema_slow': 50, 'mtf_weekly_veto_enabled': True, 'mtf_enable_confirmation': False, 'ema_fast': 20, 'ema_medium': 50, 'ema_slow': 200, 'atr_window': 20, 'contraction_window': 20, 'volume_sma_window': 20, 'volume_contraction_lookback': 20, 'volume_multiplier': 1.6, 'relative_strength_window': 90, 'relative_strength_period_1': 30, 'relative_strength_period_2': 60, 'relative_strength_period_3': 90, 'relative_strength_min_data': 30, 'sector_lookback': 60, 'risk_atr_multiplier': 2.5, 'sector_blacklist': ['Financial Services', 'Utilities'], 'required_columns': ['Open', 'High', 'Low', 'Close', 'Volume']}
2026-07-12 16:12:08,262 INFO AlphaScanner.Scanner Starting dual-mode scanner with config {'universe': 'Total Market (Cap Focused)', 'min_candles': 300, 'interval': '1d', 'lookback_period': '2y', 'max_candidates': 15, 'min_total_score': 25.0, 'watchlist_min_score': 60.0, 'entry_min_score': 70.0, 'watchlist_trend_weight': 0.2, 'watchlist_base_weight': 0.35, 'watchlist_volume_weight': 0.2, 'watchlist_rs_weight': 0.15, 'watchlist_sector_weight': 0.1, 'entry_trend_weight': 0.2, 'entry_breakout_weight': 0.25, 'entry_volume_weight': 0.2, 'entry_rs_weight': 0.15, 'entry_sector_weight': 0.15, 'entry_risk_weight': 0.1, 'watchlist_price_above_ema200': True, 'watchlist_base_high_pct': 5.0, 'watchlist_base_range_pct': 10.0, 'watchlist_base_days_min': 10, 'watchlist_atr_contraction_pct': -15.0, 'watchlist_bbw_contraction_pct': -20.0, 'watchlist_volume_dryup_pct': -25.0, 'watchlist_rs_min': 60.0, 'watchlist_sector_strength_min': 0.0, 'entry_breakout_volume_ratio': 2.0, 'entry_rs_rank_min': 80.0, 'entry_risk_reward_min': 2.0, 'entry_extension_pct': 10.0, 'entry_atr_expansion_pct': 1.8, 'market_regime_trend_weight': 0.3, 'market_regime_breadth_weight': 0.25, 'market_regime_momentum_weight': 0.2, 'market_regime_volume_weight': 0.15, 'market_regime_volatility_weight': 0.1, 'market_regime_bullish_threshold': 75.0, 'market_regime_neutral_threshold': 55.0, 'market_regime_caution_threshold': 40.0, 'market_regime_bearish_threshold': 0.0, 'market_regime_bullish_penalty': 1.0, 'market_regime_neutral_penalty': 0.95, 'market_regime_caution_penalty': 0.85, 'market_regime_bearish_penalty': 0.7, 'market_regime_buy_min_bullish': 80.0, 'market_regime_buy_min_neutral': 85.0, 'market_regime_buy_min_caution': 90.0, 'market_regime_buy_min_bearish': 95.0, 'market_regime_nifty50_period': '2y', 'market_regime_nifty500_period': '2y', 'market_regime_breadth_min_above_ema20': 45.0, 'market_regime_breadth_min_above_ema50': 40.0, 'market_regime_breadth_min_above_ema200': 25.0, 'market_regime_atr_window': 14, 'market_regime_volume_window': 20, 'market_regime_volatility_window': 20, 'market_regime_momentum_return_cap_pct': 10.0, 'market_regime_ema_buffer_pct': 0.5, 'market_regime_distribution_day_window': 20, 'market_regime_accumulation_day_window': 20, 'market_regime_volume_trend_threshold_pct': 10.0, 'market_regime_volatility_high_threshold_pct': 15.0, 'market_regime_volatility_mid_threshold_pct': 8.0, 'market_regime_accumulation_edge_days': 2, 'market_regime_distribution_edge_days': 2, 'mtf_weekly_weight': 20.0, 'mtf_daily_weight': 50.0, 'mtf_hourly_weight': 30.0, 'mtf_weekly_max_points': 20.0, 'mtf_daily_max_points': 50.0, 'mtf_hourly_max_points': 30.0, 'mtf_strong_buy_threshold': 90.0, 'mtf_buy_threshold': 80.0, 'mtf_watch_threshold': 65.0, 'mtf_wait_threshold': 50.0, 'mtf_weekly_bullish_threshold': 14.0, 'mtf_weekly_neutral_threshold': 10.0, 'mtf_weekly_bearish_threshold': 6.0, 'mtf_daily_bullish_threshold': 35.0, 'mtf_daily_neutral_threshold': 25.0, 'mtf_hourly_bullish_threshold': 20.0, 'mtf_hourly_neutral_threshold': 12.0, 'mtf_weekly_lookback_period': '2y', 'mtf_daily_lookback_period': '1y', 'mtf_hourly_lookback_period': '60d', 'mtf_hourly_ema_fast': 20, 'mtf_hourly_ema_slow': 50, 'mtf_weekly_veto_enabled': True, 'mtf_enable_confirmation': False, 'ema_fast': 20, 'ema_medium': 50, 'ema_slow': 200, 'atr_window': 20, 'contraction_window': 20, 'volume_sma_window': 20, 'volume_contraction_lookback': 20, 'volume_multiplier': 1.6, 'relative_strength_window': 90, 'relative_strength_period_1': 30, 'relative_strength_period_2': 60, 'relative_strength_period_3': 90, 'relative_strength_min_data': 30, 'sector_lookback': 60, 'risk_atr_multiplier': 2.5, 'sector_blacklist': ['Financial Services', 'Utilities'], 'required_columns': ['Open', 'High', 'Low', 'Close', 'Volume']}
2026-07-12 16:12:08,262 DEBUG AlphaScanner.Scanner Dual-mode scan requested with universe=Total Market (Cap Focused) interval=1d min_candles=300 use_cache=False
2026-07-12 16:12:08,264 DEBUG AlphaScanner.Data get_universe(Total Market (Cap Focused)) -> 500 symbols
2026-07-12 16:12:08,264 DEBUG AlphaScanner.Scanner Resolved universe size=500 head=['360ONE.NS', '3MINDIA.NS', 'AADHARHFC.NS', 'AARTIIND.NS', 'AAVAS.NS']
2026-07-12 16:12:08,265 DEBUG AlphaScanner.Data download_history_batch(size=5, period=2y, interval=1d, use_cache=False, head=['360ONE.NS', '3MINDIA.NS', 'AADHARHFC.NS', 'AARTIIND.NS', 'AAVAS.NS'])
2026-07-12 16:12:08,608 DEBUG AlphaScanner.Data download_history_batch split result count=5
2026-07-12 16:12:08,609 DEBUG AlphaScanner.Scanner Downloaded chunk 1/100 size=5 resolved=5
2026-07-12 16:12:08,672 DEBUG AlphaScanner.Scanner Chunk 1/100 complete: watchlist=3 entry=1
2026-07-12 16:12:08,673 DEBUG AlphaScanner.Data download_history_batch(size=5, period=2y, interval=1d, use_cache=False, head=['ABB.NS', 'ABBOTINDIA.NS', 'ABCAPITAL.NS', 'ABDL.NS', 'ABFRL.NS'])
2026-07-12 16:12:08,949 DEBUG AlphaScanner.Data download_history_batch split result count=5
2026-07-12 16:12:08,949 DEBUG AlphaScanner.Scanner Downloaded chunk 2/100 size=5 resolved=5
2026-07-12 16:12:09,018 DEBUG AlphaScanner.Scanner Chunk 2/100 complete: watchlist=4 entry=3
2026-07-12 16:12:09,019 DEBUG AlphaScanner.Data download_history_batch(size=5, period=2y, interval=1d, use_cache=False, head=['ABLBL.NS', 'ABREL.NS', 'ABSLAMC.NS', 'ACC.NS', 'ACE.NS'])
2026-07-12 16:12:09,306 DEBUG AlphaScanner.Data download_history_batch split result count=5
2026-07-12 16:12:09,306 DEBUG AlphaScanner.Scanner Downloaded chunk 3/100 size=5 resolved=5
2026-07-12 16:12:09,367 DEBUG AlphaScanner.Scanner Chunk 3/100 complete: watchlist=6 entry=3
2026-07-12 16:12:09,368 DEBUG AlphaScanner.Data download_history_batch(size=5, period=2y, interval=1d, use_cache=False, head=['ACMESOLAR.NS', 'ACUTAAS.NS', 'ADANIENSOL.NS', 'ADANIENT.NS', 'ADANIGREEN.NS'])
2026-07-12 16:12:09,692 DEBUG AlphaScanner.Data download_history_batch split result count=5
2026-07-12 16:12:09,692 DEBUG AlphaScanner.Scanner Downloaded chunk 4/100 size=5 resolved=5
2026-07-12 16:12:09,756 DEBUG AlphaScanner.Scanner Chunk 4/100 complete: watchlist=8 entry=4
2026-07-12 16:12:09,757 DEBUG AlphaScanner.Data download_history_batch(size=5, period=2y, interval=1d, use_cache=False, head=['ADANIPORTS.NS', 'ADANIPOWER.NS', 'AEGISLOG.NS', 'AEGISVOPAK.NS', 'AFCONS.NS'])
2026-07-12 16:12:10,085 DEBUG AlphaScanner.Data download_history_batch split result count=5
2026-07-12 16:12:10,085 DEBUG AlphaScanner.Scanner Downloaded chunk 5/100 size=5 resolved=5
2026-07-12 16:12:10,141 DEBUG AlphaScanner.Scanner Chunk 5/100 complete: watchlist=8 entry=4
2026-07-12 16:12:10,142 DEBUG AlphaScanner.Data download_history_batch(size=5, period=2y, interval=1d, use_cache=False, head=['AFFLE.NS', 'AIAENG.NS', 'AIIL.NS', 'AJANTPHARM.NS', 'ALKEM.NS'])
2026-07-12 16:12:10,468 DEBUG AlphaScanner.Data download_history_batch split result count=5
2026-07-12 16:12:10,468 DEBUG AlphaScanner.Scanner Downloaded chunk 6/100 size=5 resolved=5
2026-07-12 16:12:10,546 DEBUG AlphaScanner.Scanner Chunk 6/100 complete: watchlist=10 entry=4
2026-07-12 16:12:10,546 DEBUG AlphaScanner.Data download_history_batch(size=5, period=2y, interval=1d, use_cache=False, head=['AMBER.NS', 'AMBUJACEM.NS', 'ANANDRATHI.NS', 'ANANTRAJ.NS', 'ANGELONE.NS'])
2026-07-12 16:12:10,918 DEBUG AlphaScanner.Data download_history_batch split result count=5
2026-07-12 16:12:10,918 DEBUG AlphaScanner.Scanner Downloaded chunk 7/100 size=5 resolved=5
2026-07-12 16:12:10,984 DEBUG AlphaScanner.Scanner Chunk 7/100 complete: watchlist=13 entry=6
2026-07-12 16:12:10,985 DEBUG AlphaScanner.Data download_history_batch(size=5, period=2y, interval=1d, use_cache=False, head=['ANTHEM.NS', 'ANURAS.NS', 'APARINDS.NS', 'APLAPOLLO.NS', 'APOLLOHOSP.NS'])
2026-07-12 16:12:11,290 DEBUG AlphaScanner.Data download_history_batch split result count=5
2026-07-12 16:12:11,290 DEBUG AlphaScanner.Scanner Downloaded chunk 8/100 size=5 resolved=5
2026-07-12 16:12:11,342 DEBUG AlphaScanner.Scanner Chunk 8/100 complete: watchlist=15 entry=6
2026-07-12 16:12:11,343 DEBUG AlphaScanner.Data download_history_batch(size=5, period=2y, interval=1d, use_cache=False, head=['APOLLOTYRE.NS', 'APTUS.NS', 'ARE&M.NS', 'ASAHIINDIA.NS', 'ASHOKLEY.NS'])
2026-07-12 16:12:11,695 DEBUG AlphaScanner.Data download_history_batch split result count=5
2026-07-12 16:12:11,696 DEBUG AlphaScanner.Scanner Downloaded chunk 9/100 size=5 resolved=5
2026-07-12 16:12:11,757 DEBUG AlphaScanner.Scanner Chunk 9/100 complete: watchlist=19 entry=8
2026-07-12 16:12:11,757 DEBUG AlphaScanner.Data download_history_batch(size=5, period=2y, interval=1d, use_cache=False, head=['ASIANPAINT.NS', 'ASTERDM.NS', 'ASTRAL.NS', 'ATGL.NS', 'ATHERENERG.NS'])
2026-07-12 16:12:12,174 DEBUG AlphaScanner.Data download_history_batch split result count=5
2026-07-12 16:12:12,174 DEBUG AlphaScanner.Scanner Downloaded chunk 10/100 size=5 resolved=5
2026-07-12 16:12:12,226 DEBUG AlphaScanner.Scanner Chunk 10/100 complete: watchlist=21 entry=9
2026-07-12 16:12:12,227 DEBUG AlphaScanner.Data download_history_batch(size=5, period=2y, interval=1d, use_cache=False, head=['ATUL.NS', 'AUBANK.NS', 'AUROPHARMA.NS', 'AWL.NS', 'AXISBANK.NS'])
2026-07-12 16:12:12,601 DEBUG AlphaScanner.Data download_history_batch split result count=5
2026-07-12 16:12:12,602 DEBUG AlphaScanner.Scanner Downloaded chunk 11/100 size=5 resolved=5
2026-07-12 16:12:12,667 DEBUG AlphaScanner.Scanner Chunk 11/100 complete: watchlist=23 entry=10
2026-07-12 16:12:12,668 DEBUG AlphaScanner.Data download_history_batch(size=5, period=2y, interval=1d, use_cache=False, head=['BAJAJ-AUTO.NS', 'BAJAJFINSV.NS', 'BAJAJHFL.NS', 'BAJAJHLDNG.NS', 'BAJFINANCE.NS'])
2026-07-12 16:12:13,051 DEBUG AlphaScanner.Data download_history_batch split result count=5
2026-07-12 16:12:13,051 DEBUG AlphaScanner.Scanner Downloaded chunk 12/100 size=5 resolved=5
2026-07-12 16:12:13,120 DEBUG AlphaScanner.Scanner Chunk 12/100 complete: watchlist=27 entry=10
2026-07-12 16:12:13,121 DEBUG AlphaScanner.Data download_history_batch(size=5, period=2y, interval=1d, use_cache=False, head=['BALKRISIND.NS', 'BALRAMCHIN.NS', 'BANDHANBNK.NS', 'BANKBARODA.NS', 'BANKINDIA.NS'])
2026-07-12 16:12:13,504 DEBUG AlphaScanner.Data download_history_batch split result count=5
2026-07-12 16:12:13,504 DEBUG AlphaScanner.Scanner Downloaded chunk 13/100 size=5 resolved=5
2026-07-12 16:12:13,564 DEBUG AlphaScanner.Scanner Chunk 13/100 complete: watchlist=31 entry=14
2026-07-12 16:12:13,565 DEBUG AlphaScanner.Data download_history_batch(size=5, period=2y, interval=1d, use_cache=False, head=['BATAINDIA.NS', 'BAYERCROP.NS', 'BBTC.NS', 'BDL.NS', 'BEL.NS'])
2026-07-12 16:12:13,891 DEBUG AlphaScanner.Data download_history_batch split result count=5
2026-07-12 16:12:13,891 DEBUG AlphaScanner.Scanner Downloaded chunk 14/100 size=5 resolved=5
2026-07-12 16:12:13,957 DEBUG AlphaScanner.Scanner Chunk 14/100 complete: watchlist=31 entry=14
2026-07-12 16:12:13,957 DEBUG AlphaScanner.Data download_history_batch(size=5, period=2y, interval=1d, use_cache=False, head=['BELRISE.NS', 'BEML.NS', 'BERGEPAINT.NS', 'BHARATFORG.NS', 'BHARTIARTL.NS'])
2026-07-12 16:12:14,438 DEBUG AlphaScanner.Data download_history_batch split result count=5
2026-07-12 16:12:14,438 DEBUG AlphaScanner.Scanner Downloaded chunk 15/100 size=5 resolved=5
2026-07-12 16:12:14,480 DEBUG AlphaScanner.Scanner Chunk 15/100 complete: watchlist=34 entry=14
2026-07-12 16:12:14,481 DEBUG AlphaScanner.Data download_history_batch(size=5, period=2y, interval=1d, use_cache=False, head=['BHARTIHEXA.NS', 'BHEL.NS', 'BIKAJI.NS', 'BIOCON.NS', 'BLS.NS'])
2026-07-12 16:12:15,216 DEBUG AlphaScanner.Data download_history_batch split result count=5
2026-07-12 16:12:15,216 DEBUG AlphaScanner.Scanner Downloaded chunk 16/100 size=5 resolved=5
2026-07-12 16:12:15,268 DEBUG AlphaScanner.Scanner Chunk 16/100 complete: watchlist=36 entry=16
2026-07-12 16:12:15,269 DEBUG AlphaScanner.Data download_history_batch(size=5, period=2y, interval=1d, use_cache=False, head=['BLUEDART.NS', 'BLUEJET.NS', 'BLUESTARCO.NS', 'BOSCHLTD.NS', 'BPCL.NS'])
2026-07-12 16:12:15,686 DEBUG AlphaScanner.Data download_history_batch split result count=5
2026-07-12 16:12:15,686 DEBUG AlphaScanner.Scanner Downloaded chunk 17/100 size=5 resolved=5
2026-07-12 16:12:15,738 DEBUG AlphaScanner.Scanner Chunk 17/100 complete: watchlist=38 entry=18
2026-07-12 16:12:15,738 DEBUG AlphaScanner.Data download_history_batch(size=5, period=2y, interval=1d, use_cache=False, head=['BRIGADE.NS', 'BRITANNIA.NS', 'BSE.NS', 'BSOFT.NS', 'CAMS.NS'])
2026-07-12 16:12:16,242 DEBUG AlphaScanner.Data download_history_batch split result count=5
2026-07-12 16:12:16,242 DEBUG AlphaScanner.Scanner Downloaded chunk 18/100 size=5 resolved=5
2026-07-12 16:12:16,292 DEBUG AlphaScanner.Scanner Chunk 18/100 complete: watchlist=39 entry=20
2026-07-12 16:12:16,292 DEBUG AlphaScanner.Data download_history_batch(size=5, period=2y, interval=1d, use_cache=False, head=['CANBK.NS', 'CANFINHOME.NS', 'CANHLIFE.NS', 'CAPLIPOINT.NS', 'CARBORUNIV.NS'])
2026-07-12 16:12:16,767 DEBUG AlphaScanner.Data download_history_batch split result count=5
2026-07-12 16:12:16,767 DEBUG AlphaScanner.Scanner Downloaded chunk 19/100 size=5 resolved=5
2026-07-12 16:12:16,809 DEBUG AlphaScanner.Scanner Chunk 19/100 complete: watchlist=40 entry=21
2026-07-12 16:12:16,810 DEBUG AlphaScanner.Data download_history_batch(size=5, period=2y, interval=1d, use_cache=False, head=['CARTRADE.NS', 'CASTROLIND.NS', 'CCL.NS', 'CDSL.NS', 'CEATLTD.NS'])
2026-07-12 16:12:17,127 DEBUG AlphaScanner.Data download_history_batch split result count=5
2026-07-12 16:12:17,127 DEBUG AlphaScanner.Scanner Downloaded chunk 20/100 size=5 resolved=5
2026-07-12 16:12:17,191 DEBUG AlphaScanner.Scanner Chunk 20/100 complete: watchlist=42 entry=22
2026-07-12 16:12:17,192 DEBUG AlphaScanner.Data download_history_batch(size=5, period=2y, interval=1d, use_cache=False, head=['CEMPRO.NS', 'CENTRALBK.NS', 'CESC.NS', 'CGCL.NS', 'CGPOWER.NS'])
2026-07-12 16:12:17,455 DEBUG AlphaScanner.Data download_history_batch split result count=5
2026-07-12 16:12:17,455 DEBUG AlphaScanner.Scanner Downloaded chunk 21/100 size=5 resolved=5
2026-07-12 16:12:17,506 DEBUG AlphaScanner.Scanner Chunk 21/100 complete: watchlist=43 entry=22
2026-07-12 16:12:17,506 DEBUG AlphaScanner.Data download_history_batch(size=5, period=2y, interval=1d, use_cache=False, head=['CHALET.NS', 'CHAMBLFERT.NS', 'CHENNPETRO.NS', 'CHOICEIN.NS', 'CHOLAFIN.NS'])
2026-07-12 16:12:17,800 DEBUG AlphaScanner.Data download_history_batch split result count=5
2026-07-12 16:12:17,800 DEBUG AlphaScanner.Scanner Downloaded chunk 22/100 size=5 resolved=5
2026-07-12 16:12:17,869 DEBUG AlphaScanner.Scanner Chunk 22/100 complete: watchlist=43 entry=23
2026-07-12 16:12:17,870 DEBUG AlphaScanner.Data download_history_batch(size=5, period=2y, interval=1d, use_cache=False, head=['CHOLAHLDNG.NS', 'CIEINDIA.NS', 'CIPLA.NS', 'CLEAN.NS', 'COALINDIA.NS'])
2026-07-12 16:12:18,139 DEBUG AlphaScanner.Data download_history_batch split result count=5
2026-07-12 16:12:18,139 DEBUG AlphaScanner.Scanner Downloaded chunk 23/100 size=5 resolved=5
2026-07-12 16:12:18,206 DEBUG AlphaScanner.Scanner Chunk 23/100 complete: watchlist=46 entry=23
2026-07-12 16:12:18,207 DEBUG AlphaScanner.Data download_history_batch(size=5, period=2y, interval=1d, use_cache=False, head=['COCHINSHIP.NS', 'COFORGE.NS', 'COHANCE.NS', 'COLPAL.NS', 'CONCOR.NS'])
2026-07-12 16:12:18,466 DEBUG AlphaScanner.Data download_history_batch split result count=5
2026-07-12 16:12:18,466 DEBUG AlphaScanner.Scanner Downloaded chunk 24/100 size=5 resolved=5
2026-07-12 16:12:18,533 DEBUG AlphaScanner.Scanner Chunk 24/100 complete: watchlist=47 entry=24
2026-07-12 16:12:18,534 DEBUG AlphaScanner.Data download_history_batch(size=5, period=2y, interval=1d, use_cache=False, head=['CONCORDBIO.NS', 'COROMANDEL.NS', 'CPPLUS.NS', 'CRAFTSMAN.NS', 'CREDITACC.NS'])
2026-07-12 16:12:18,901 DEBUG AlphaScanner.Data download_history_batch split result count=5
2026-07-12 16:12:18,901 DEBUG AlphaScanner.Scanner Downloaded chunk 25/100 size=5 resolved=5
2026-07-12 16:12:18,947 DEBUG AlphaScanner.Scanner Chunk 25/100 complete: watchlist=49 entry=24
2026-07-12 16:12:18,948 DEBUG AlphaScanner.Data download_history_batch(size=5, period=2y, interval=1d, use_cache=False, head=['CRISIL.NS', 'CROMPTON.NS', 'CUB.NS', 'CUMMINSIND.NS', 'CYIENT.NS'])
2026-07-12 16:12:19,325 DEBUG AlphaScanner.Data download_history_batch split result count=5
2026-07-12 16:12:19,326 DEBUG AlphaScanner.Scanner Downloaded chunk 26/100 size=5 resolved=5
2026-07-12 16:12:19,394 DEBUG AlphaScanner.Scanner Chunk 26/100 complete: watchlist=50 entry=25
2026-07-12 16:12:19,395 DEBUG AlphaScanner.Data download_history_batch(size=5, period=2y, interval=1d, use_cache=False, head=['DABUR.NS', 'DALBHARAT.NS', 'DATAPATTNS.NS', 'DCMSHRIRAM.NS', 'DEEPAKFERT.NS'])
2026-07-12 16:12:19,684 DEBUG AlphaScanner.Data download_history_batch split result count=5
2026-07-12 16:12:19,684 DEBUG AlphaScanner.Scanner Downloaded chunk 27/100 size=5 resolved=5
2026-07-12 16:12:19,741 DEBUG AlphaScanner.Scanner Chunk 27/100 complete: watchlist=52 entry=25
2026-07-12 16:12:19,742 DEBUG AlphaScanner.Data download_history_batch(size=5, period=2y, interval=1d, use_cache=False, head=['DEEPAKNTR.NS', 'DELHIVERY.NS', 'DEVYANI.NS', 'DIVISLAB.NS', 'DIXON.NS'])
2026-07-12 16:12:20,083 DEBUG AlphaScanner.Data download_history_batch split result count=5
2026-07-12 16:12:20,083 DEBUG AlphaScanner.Scanner Downloaded chunk 28/100 size=5 resolved=5
2026-07-12 16:12:20,141 DEBUG AlphaScanner.Scanner Chunk 28/100 complete: watchlist=53 entry=25
2026-07-12 16:12:20,142 DEBUG AlphaScanner.Data download_history_batch(size=5, period=2y, interval=1d, use_cache=False, head=['DLF.NS', 'DMART.NS', 'DOMS.NS', 'DRREDDY.NS', 'ECLERX.NS'])
2026-07-12 16:12:20,414 DEBUG AlphaScanner.Data download_history_batch split result count=5
2026-07-12 16:12:20,414 DEBUG AlphaScanner.Scanner Downloaded chunk 29/100 size=5 resolved=5
2026-07-12 16:12:20,476 DEBUG AlphaScanner.Scanner Chunk 29/100 complete: watchlist=54 entry=26
2026-07-12 16:12:20,477 DEBUG AlphaScanner.Data download_history_batch(size=5, period=2y, interval=1d, use_cache=False, head=['EICHERMOT.NS', 'EIDPARRY.NS', 'EIHOTEL.NS', 'ELECON.NS', 'ELGIEQUIP.NS'])
2026-07-12 16:12:20,762 DEBUG AlphaScanner.Data download_history_batch split result count=5
2026-07-12 16:12:20,762 DEBUG AlphaScanner.Scanner Downloaded chunk 30/100 size=5 resolved=5
2026-07-12 16:12:20,817 DEBUG AlphaScanner.Scanner Chunk 30/100 complete: watchlist=56 entry=26
2026-07-12 16:12:20,818 DEBUG AlphaScanner.Data download_history_batch(size=5, period=2y, interval=1d, use_cache=False, head=['EMAMILTD.NS', 'EMCURE.NS', 'EMMVEE.NS', 'ENDURANCE.NS', 'ENGINERSIN.NS'])
2026-07-12 16:12:21,069 DEBUG AlphaScanner.Data download_history_batch split result count=5
2026-07-12 16:12:21,069 DEBUG AlphaScanner.Scanner Downloaded chunk 31/100 size=5 resolved=5
2026-07-12 16:12:21,112 DEBUG AlphaScanner.Scanner Chunk 31/100 complete: watchlist=58 entry=27
2026-07-12 16:12:21,113 DEBUG AlphaScanner.Data download_history_batch(size=5, period=2y, interval=1d, use_cache=False, head=['ENRIN.NS', 'ERIS.NS', 'ESCORTS.NS', 'ETERNAL.NS', 'EXIDEIND.NS'])
2026-07-12 16:12:21,493 DEBUG AlphaScanner.Data download_history_batch split result count=5
2026-07-12 16:12:21,493 DEBUG AlphaScanner.Scanner Downloaded chunk 32/100 size=5 resolved=5
2026-07-12 16:12:21,542 DEBUG AlphaScanner.Scanner Chunk 32/100 complete: watchlist=60 entry=27
2026-07-12 16:12:21,543 DEBUG AlphaScanner.Data download_history_batch(size=5, period=2y, interval=1d, use_cache=False, head=['FACT.NS', 'FEDERALBNK.NS', 'FINCABLES.NS', 'FIRSTCRY.NS', 'FIVESTAR.NS'])
2026-07-12 16:12:21,907 DEBUG AlphaScanner.Data download_history_batch split result count=5
2026-07-12 16:12:21,907 DEBUG AlphaScanner.Scanner Downloaded chunk 33/100 size=5 resolved=5
2026-07-12 16:12:21,966 DEBUG AlphaScanner.Scanner Chunk 33/100 complete: watchlist=61 entry=27
2026-07-12 16:12:21,967 DEBUG AlphaScanner.Data download_history_batch(size=5, period=2y, interval=1d, use_cache=False, head=['FLUOROCHEM.NS', 'FORCEMOT.NS', 'FORTIS.NS', 'FSL.NS', 'GABRIEL.NS'])
2026-07-12 16:12:22,330 DEBUG AlphaScanner.Data download_history_batch split result count=5
2026-07-12 16:12:22,330 DEBUG AlphaScanner.Scanner Downloaded chunk 34/100 size=5 resolved=5
2026-07-12 16:12:22,394 DEBUG AlphaScanner.Scanner Chunk 34/100 complete: watchlist=63 entry=29
2026-07-12 16:12:22,395 DEBUG AlphaScanner.Data download_history_batch(size=5, period=2y, interval=1d, use_cache=False, head=['GAIL.NS', 'GALLANTT.NS', 'GESHIP.NS', 'GICRE.NS', 'GILLETTE.NS'])
2026-07-12 16:12:22,833 DEBUG AlphaScanner.Data download_history_batch split result count=5
2026-07-12 16:12:22,833 DEBUG AlphaScanner.Scanner Downloaded chunk 35/100 size=5 resolved=5
2026-07-12 16:12:22,895 DEBUG AlphaScanner.Scanner Chunk 35/100 complete: watchlist=65 entry=29
2026-07-12 16:12:22,896 DEBUG AlphaScanner.Data download_history_batch(size=5, period=2y, interval=1d, use_cache=False, head=['GLAND.NS', 'GLAXO.NS', 'GLENMARK.NS', 'GMDCLTD.NS', 'GMRAIRPORT.NS'])
2026-07-12 16:12:23,177 DEBUG AlphaScanner.Data download_history_batch split result count=5
2026-07-12 16:12:23,177 DEBUG AlphaScanner.Scanner Downloaded chunk 36/100 size=5 resolved=5
2026-07-12 16:12:23,237 DEBUG AlphaScanner.Scanner Chunk 36/100 complete: watchlist=67 entry=29
2026-07-12 16:12:23,237 DEBUG AlphaScanner.Data download_history_batch(size=5, period=2y, interval=1d, use_cache=False, head=['GODFRYPHLP.NS', 'GODIGIT.NS', 'GODREJCP.NS', 'GODREJIND.NS', 'GODREJPROP.NS'])
2026-07-12 16:12:23,590 DEBUG AlphaScanner.Data download_history_batch split result count=5
2026-07-12 16:12:23,590 DEBUG AlphaScanner.Scanner Downloaded chunk 37/100 size=5 resolved=5
2026-07-12 16:12:23,652 DEBUG AlphaScanner.Scanner Chunk 37/100 complete: watchlist=67 entry=31
2026-07-12 16:12:23,652 DEBUG AlphaScanner.Data download_history_batch(size=5, period=2y, interval=1d, use_cache=False, head=['GPIL.NS', 'GRANULES.NS', 'GRAPHITE.NS', 'GRASIM.NS', 'GRAVITA.NS'])
2026-07-12 16:12:23,988 DEBUG AlphaScanner.Data download_history_batch split result count=5
2026-07-12 16:12:23,988 DEBUG AlphaScanner.Scanner Downloaded chunk 38/100 size=5 resolved=5
2026-07-12 16:12:24,042 DEBUG AlphaScanner.Scanner Chunk 38/100 complete: watchlist=68 entry=33
2026-07-12 16:12:24,043 DEBUG AlphaScanner.Data download_history_batch(size=5, period=2y, interval=1d, use_cache=False, head=['GROWW.NS', 'GRSE.NS', 'GVT&D.NS', 'HAL.NS', 'HAVELLS.NS'])
2026-07-12 16:12:24,302 DEBUG AlphaScanner.Data download_history_batch split result count=5
2026-07-12 16:12:24,302 DEBUG AlphaScanner.Scanner Downloaded chunk 39/100 size=5 resolved=5
2026-07-12 16:12:24,356 DEBUG AlphaScanner.Scanner Chunk 39/100 complete: watchlist=70 entry=34
2026-07-12 16:12:24,357 DEBUG AlphaScanner.Data download_history_batch(size=5, period=2y, interval=1d, use_cache=False, head=['HBLENGINE.NS', 'HCLTECH.NS', 'HDBFS.NS', 'HDFCAMC.NS', 'HDFCBANK.NS'])
2026-07-12 16:12:24,795 DEBUG AlphaScanner.Data download_history_batch split result count=5
2026-07-12 16:12:24,796 DEBUG AlphaScanner.Scanner Downloaded chunk 40/100 size=5 resolved=5
2026-07-12 16:12:24,837 DEBUG AlphaScanner.Scanner Chunk 40/100 complete: watchlist=71 entry=35
2026-07-12 16:12:24,837 DEBUG AlphaScanner.Data download_history_batch(size=5, period=2y, interval=1d, use_cache=False, head=['HDFCLIFE.NS', 'HEG.NS', 'HEROMOTOCO.NS', 'HEXT.NS', 'HFCL.NS'])
2026-07-12 16:12:25,206 DEBUG AlphaScanner.Data download_history_batch split result count=5
2026-07-12 16:12:25,207 DEBUG AlphaScanner.Scanner Downloaded chunk 41/100 size=5 resolved=5
2026-07-12 16:12:25,272 DEBUG AlphaScanner.Scanner Chunk 41/100 complete: watchlist=72 entry=37
2026-07-12 16:12:25,272 DEBUG AlphaScanner.Data download_history_batch(size=5, period=2y, interval=1d, use_cache=False, head=['HINDALCO.NS', 'HINDCOPPER.NS', 'HINDPETRO.NS', 'HINDUNILVR.NS', 'HINDZINC.NS'])
2026-07-12 16:12:25,557 DEBUG AlphaScanner.Data download_history_batch split result count=5
2026-07-12 16:12:25,557 DEBUG AlphaScanner.Scanner Downloaded chunk 42/100 size=5 resolved=5
2026-07-12 16:12:25,615 DEBUG AlphaScanner.Scanner Chunk 42/100 complete: watchlist=73 entry=39
2026-07-12 16:12:25,616 DEBUG AlphaScanner.Data download_history_batch(size=5, period=2y, interval=1d, use_cache=False, head=['HOMEFIRST.NS', 'HONASA.NS', 'HONAUT.NS', 'HSCL.NS', 'HUDCO.NS'])
2026-07-12 16:12:25,872 DEBUG AlphaScanner.Data download_history_batch split result count=5
2026-07-12 16:12:25,873 DEBUG AlphaScanner.Scanner Downloaded chunk 43/100 size=5 resolved=5
2026-07-12 16:12:25,945 DEBUG AlphaScanner.Scanner Chunk 43/100 complete: watchlist=75 entry=39
2026-07-12 16:12:25,945 DEBUG AlphaScanner.Data download_history_batch(size=5, period=2y, interval=1d, use_cache=False, head=['HYUNDAI.NS', 'ICICIAMC.NS', 'ICICIBANK.NS', 'ICICIGI.NS', 'ICICIPRULI.NS'])
2026-07-12 16:12:26,334 DEBUG AlphaScanner.Data download_history_batch split result count=5
2026-07-12 16:12:26,334 DEBUG AlphaScanner.Scanner Downloaded chunk 44/100 size=5 resolved=5
2026-07-12 16:12:26,384 DEBUG AlphaScanner.Scanner Chunk 44/100 complete: watchlist=79 entry=40
2026-07-12 16:12:26,385 DEBUG AlphaScanner.Data download_history_batch(size=5, period=2y, interval=1d, use_cache=False, head=['IDBI.NS', 'IDEA.NS', 'IDFCFIRSTB.NS', 'IEX.NS', 'IFCI.NS'])
2026-07-12 16:12:26,736 DEBUG AlphaScanner.Data download_history_batch split result count=5
2026-07-12 16:12:26,736 DEBUG AlphaScanner.Scanner Downloaded chunk 45/100 size=5 resolved=5
2026-07-12 16:12:26,837 DEBUG AlphaScanner.Scanner Chunk 45/100 complete: watchlist=80 entry=41
2026-07-12 16:12:26,838 DEBUG AlphaScanner.Data download_history_batch(size=5, period=2y, interval=1d, use_cache=False, head=['IGIL.NS', 'IGL.NS', 'IIFL.NS', 'IKS.NS', 'INDGN.NS'])
2026-07-12 16:12:27,204 DEBUG AlphaScanner.Data download_history_batch split result count=5
2026-07-12 16:12:27,204 DEBUG AlphaScanner.Scanner Downloaded chunk 46/100 size=5 resolved=5
2026-07-12 16:12:27,273 DEBUG AlphaScanner.Scanner Chunk 46/100 complete: watchlist=80 entry=43
2026-07-12 16:12:27,273 DEBUG AlphaScanner.Data download_history_batch(size=5, period=2y, interval=1d, use_cache=False, head=['INDHOTEL.NS', 'INDIACEM.NS', 'INDIAMART.NS', 'INDIANB.NS', 'INDIGO.NS'])
2026-07-12 16:12:27,595 DEBUG AlphaScanner.Data download_history_batch split result count=5
2026-07-12 16:12:27,595 DEBUG AlphaScanner.Scanner Downloaded chunk 47/100 size=5 resolved=5
2026-07-12 16:12:27,662 DEBUG AlphaScanner.Scanner Chunk 47/100 complete: watchlist=81 entry=45
2026-07-12 16:12:27,663 DEBUG AlphaScanner.Data download_history_batch(size=5, period=2y, interval=1d, use_cache=False, head=['INDUSINDBK.NS', 'INDUSTOWER.NS', 'INFY.NS', 'INOXWIND.NS', 'INTELLECT.NS'])
2026-07-12 16:12:27,984 DEBUG AlphaScanner.Data download_history_batch split result count=5
2026-07-12 16:12:27,985 DEBUG AlphaScanner.Scanner Downloaded chunk 48/100 size=5 resolved=5
2026-07-12 16:12:28,066 DEBUG AlphaScanner.Scanner Chunk 48/100 complete: watchlist=82 entry=46
2026-07-12 16:12:28,067 DEBUG AlphaScanner.Data download_history_batch(size=5, period=2y, interval=1d, use_cache=False, head=['IOB.NS', 'IOC.NS', 'IPCALAB.NS', 'IRB.NS', 'IRCON.NS'])
2026-07-12 16:12:28,422 DEBUG AlphaScanner.Data download_history_batch split result count=5
2026-07-12 16:12:28,422 DEBUG AlphaScanner.Scanner Downloaded chunk 49/100 size=5 resolved=5
2026-07-12 16:12:28,506 DEBUG AlphaScanner.Scanner Chunk 49/100 complete: watchlist=83 entry=46
2026-07-12 16:12:28,506 DEBUG AlphaScanner.Data download_history_batch(size=5, period=2y, interval=1d, use_cache=False, head=['IRCTC.NS', 'IREDA.NS', 'IRFC.NS', 'ITC.NS', 'ITCHOTELS.NS'])
2026-07-12 16:12:28,873 DEBUG AlphaScanner.Data download_history_batch split result count=5
2026-07-12 16:12:28,873 DEBUG AlphaScanner.Scanner Downloaded chunk 50/100 size=5 resolved=5
2026-07-12 16:12:28,946 DEBUG AlphaScanner.Scanner Chunk 50/100 complete: watchlist=84 entry=48
2026-07-12 16:12:28,947 DEBUG AlphaScanner.Data download_history_batch(size=5, period=2y, interval=1d, use_cache=False, head=['ITI.NS', 'J&KBANK.NS', 'JAINREC.NS', 'JBCHEPHARM.NS', 'JBMA.NS'])
2026-07-12 16:12:29,239 DEBUG AlphaScanner.Data download_history_batch split result count=5
2026-07-12 16:12:29,239 DEBUG AlphaScanner.Scanner Downloaded chunk 51/100 size=5 resolved=5
2026-07-12 16:12:29,289 DEBUG AlphaScanner.Scanner Chunk 51/100 complete: watchlist=85 entry=50
2026-07-12 16:12:29,290 DEBUG AlphaScanner.Data download_history_batch(size=5, period=2y, interval=1d, use_cache=False, head=['JINDALSAW.NS', 'JINDALSTEL.NS', 'JIOFIN.NS', 'JKCEMENT.NS', 'JKTYRE.NS'])
2026-07-12 16:12:29,615 DEBUG AlphaScanner.Data download_history_batch split result count=5
2026-07-12 16:12:29,615 DEBUG AlphaScanner.Scanner Downloaded chunk 52/100 size=5 resolved=5
2026-07-12 16:12:29,692 DEBUG AlphaScanner.Scanner Chunk 52/100 complete: watchlist=88 entry=53
2026-07-12 16:12:29,693 DEBUG AlphaScanner.Data download_history_batch(size=5, period=2y, interval=1d, use_cache=False, head=['JMFINANCIL.NS', 'JPPOWER.NS', 'JSL.NS', 'JSWCEMENT.NS', 'JSWDULUX.NS'])
2026-07-12 16:12:30,068 DEBUG AlphaScanner.Data download_history_batch split result count=5
2026-07-12 16:12:30,069 DEBUG AlphaScanner.Scanner Downloaded chunk 53/100 size=5 resolved=5
2026-07-12 16:12:30,136 DEBUG AlphaScanner.Scanner Chunk 53/100 complete: watchlist=89 entry=53
2026-07-12 16:12:30,137 DEBUG AlphaScanner.Data download_history_batch(size=5, period=2y, interval=1d, use_cache=False, head=['JSWENERGY.NS', 'JSWINFRA.NS', 'JSWSTEEL.NS', 'JUBLFOOD.NS', 'JUBLINGREA.NS'])
2026-07-12 16:12:30,420 DEBUG AlphaScanner.Data download_history_batch split result count=5
2026-07-12 16:12:30,421 DEBUG AlphaScanner.Scanner Downloaded chunk 54/100 size=5 resolved=5
2026-07-12 16:12:30,487 DEBUG AlphaScanner.Scanner Chunk 54/100 complete: watchlist=90 entry=54
2026-07-12 16:12:30,489 DEBUG AlphaScanner.Data download_history_batch(size=5, period=2y, interval=1d, use_cache=False, head=['JUBLPHARMA.NS', 'JWL.NS', 'JYOTICNC.NS', 'KAJARIACER.NS', 'KALYANKJIL.NS'])
2026-07-12 16:12:30,757 DEBUG AlphaScanner.Data download_history_batch split result count=5
2026-07-12 16:12:30,757 DEBUG AlphaScanner.Scanner Downloaded chunk 55/100 size=5 resolved=5
2026-07-12 16:12:30,826 DEBUG AlphaScanner.Scanner Chunk 55/100 complete: watchlist=91 entry=55
2026-07-12 16:12:30,826 DEBUG AlphaScanner.Data download_history_batch(size=5, period=2y, interval=1d, use_cache=False, head=['KARURVYSYA.NS', 'KAYNES.NS', 'KEC.NS', 'KEI.NS', 'KFINTECH.NS'])
2026-07-12 16:12:31,093 DEBUG AlphaScanner.Data download_history_batch split result count=5
2026-07-12 16:12:31,093 DEBUG AlphaScanner.Scanner Downloaded chunk 56/100 size=5 resolved=5
2026-07-12 16:12:31,172 DEBUG AlphaScanner.Scanner Chunk 56/100 complete: watchlist=93 entry=56
2026-07-12 16:12:31,173 DEBUG AlphaScanner.Data download_history_batch(size=5, period=2y, interval=1d, use_cache=False, head=['KIMS.NS', 'KIRLOSENG.NS', 'KOTAKBANK.NS', 'KPIL.NS', 'KPITTECH.NS'])
2026-07-12 16:12:31,500 DEBUG AlphaScanner.Data download_history_batch split result count=5
2026-07-12 16:12:31,500 DEBUG AlphaScanner.Scanner Downloaded chunk 57/100 size=5 resolved=5
2026-07-12 16:12:31,589 DEBUG AlphaScanner.Scanner Chunk 57/100 complete: watchlist=94 entry=57
2026-07-12 16:12:31,589 DEBUG AlphaScanner.Data download_history_batch(size=5, period=2y, interval=1d, use_cache=False, head=['KPRMILL.NS', 'LALPATHLAB.NS', 'LATENTVIEW.NS', 'LAURUSLABS.NS', 'LEMONTREE.NS'])
2026-07-12 16:12:31,892 DEBUG AlphaScanner.Data download_history_batch split result count=5
2026-07-12 16:12:31,892 DEBUG AlphaScanner.Scanner Downloaded chunk 58/100 size=5 resolved=5
2026-07-12 16:12:31,953 DEBUG AlphaScanner.Scanner Chunk 58/100 complete: watchlist=95 entry=57
2026-07-12 16:12:31,953 DEBUG AlphaScanner.Data download_history_batch(size=5, period=2y, interval=1d, use_cache=False, head=['LENSKART.NS', 'LGEINDIA.NS', 'LICHSGFIN.NS', 'LICI.NS', 'LINDEINDIA.NS'])
2026-07-12 16:12:32,296 DEBUG AlphaScanner.Data download_history_batch split result count=5
2026-07-12 16:12:32,297 DEBUG AlphaScanner.Scanner Downloaded chunk 59/100 size=5 resolved=5
2026-07-12 16:12:32,338 DEBUG AlphaScanner.Scanner Chunk 59/100 complete: watchlist=98 entry=58
2026-07-12 16:12:32,339 DEBUG AlphaScanner.Data download_history_batch(size=5, period=2y, interval=1d, use_cache=False, head=['LLOYDSME.NS', 'LODHA.NS', 'LT.NS', 'LTF.NS', 'LTFOODS.NS'])
2026-07-12 16:12:32,689 DEBUG AlphaScanner.Data download_history_batch split result count=5
2026-07-12 16:12:32,689 DEBUG AlphaScanner.Scanner Downloaded chunk 60/100 size=5 resolved=5
2026-07-12 16:12:32,752 DEBUG AlphaScanner.Scanner Chunk 60/100 complete: watchlist=100 entry=61
2026-07-12 16:12:32,753 DEBUG AlphaScanner.Data download_history_batch(size=5, period=2y, interval=1d, use_cache=False, head=['LTM.NS', 'LTTS.NS', 'LUPIN.NS', 'M&M.NS', 'M&MFIN.NS'])
2026-07-12 16:12:33,040 DEBUG AlphaScanner.Data download_history_batch split result count=5
2026-07-12 16:12:33,040 DEBUG AlphaScanner.Scanner Downloaded chunk 61/100 size=5 resolved=5
2026-07-12 16:12:33,104 DEBUG AlphaScanner.Scanner Chunk 61/100 complete: watchlist=102 entry=62
2026-07-12 16:12:33,104 DEBUG AlphaScanner.Data download_history_batch(size=5, period=2y, interval=1d, use_cache=False, head=['MAHABANK.NS', 'MANAPPURAM.NS', 'MANKIND.NS', 'MAPMYINDIA.NS', 'MARICO.NS'])
2026-07-12 16:12:33,455 DEBUG AlphaScanner.Data download_history_batch split result count=5
2026-07-12 16:12:33,455 DEBUG AlphaScanner.Scanner Downloaded chunk 62/100 size=5 resolved=5
2026-07-12 16:12:33,518 DEBUG AlphaScanner.Scanner Chunk 62/100 complete: watchlist=105 entry=64
2026-07-12 16:12:33,519 DEBUG AlphaScanner.Data download_history_batch(size=5, period=2y, interval=1d, use_cache=False, head=['MARUTI.NS', 'MAXHEALTH.NS', 'MAZDOCK.NS', 'MCX.NS', 'MEDANTA.NS'])
2026-07-12 16:12:33,807 DEBUG AlphaScanner.Data download_history_batch split result count=5
2026-07-12 16:12:33,807 DEBUG AlphaScanner.Scanner Downloaded chunk 63/100 size=5 resolved=5
2026-07-12 16:12:33,866 DEBUG AlphaScanner.Scanner Chunk 63/100 complete: watchlist=106 entry=65
2026-07-12 16:12:33,867 DEBUG AlphaScanner.Data download_history_batch(size=5, period=2y, interval=1d, use_cache=False, head=['MEESHO.NS', 'MFSL.NS', 'MGL.NS', 'MINDACORP.NS', 'MMTC.NS'])
2026-07-12 16:12:34,207 DEBUG AlphaScanner.Data download_history_batch split result count=5
2026-07-12 16:12:34,207 DEBUG AlphaScanner.Scanner Downloaded chunk 64/100 size=5 resolved=5
2026-07-12 16:12:34,256 DEBUG AlphaScanner.Scanner Chunk 64/100 complete: watchlist=108 entry=65
2026-07-12 16:12:34,256 DEBUG AlphaScanner.Data download_history_batch(size=5, period=2y, interval=1d, use_cache=False, head=['MOTHERSON.NS', 'MOTILALOFS.NS', 'MPHASIS.NS', 'MRF.NS', 'MRPL.NS'])
2026-07-12 16:12:34,639 DEBUG AlphaScanner.Data download_history_batch split result count=5
2026-07-12 16:12:34,639 DEBUG AlphaScanner.Scanner Downloaded chunk 65/100 size=5 resolved=5
2026-07-12 16:12:34,720 DEBUG AlphaScanner.Scanner Chunk 65/100 complete: watchlist=109 entry=68
2026-07-12 16:12:34,721 DEBUG AlphaScanner.Data download_history_batch(size=5, period=2y, interval=1d, use_cache=False, head=['MSUMI.NS', 'MUTHOOTFIN.NS', 'NAM-INDIA.NS', 'NATCOPHARM.NS', 'NATIONALUM.NS'])
2026-07-12 16:12:35,025 DEBUG AlphaScanner.Data download_history_batch split result count=5
2026-07-12 16:12:35,026 DEBUG AlphaScanner.Scanner Downloaded chunk 66/100 size=5 resolved=5
2026-07-12 16:12:35,098 DEBUG AlphaScanner.Scanner Chunk 66/100 complete: watchlist=111 entry=68
2026-07-12 16:12:35,099 DEBUG AlphaScanner.Data download_history_batch(size=5, period=2y, interval=1d, use_cache=False, head=['NAUKRI.NS', 'NAVA.NS', 'NAVINFLUOR.NS', 'NBCC.NS', 'NCC.NS'])
2026-07-12 16:12:35,409 DEBUG AlphaScanner.Data download_history_batch split result count=5
2026-07-12 16:12:35,409 DEBUG AlphaScanner.Scanner Downloaded chunk 67/100 size=5 resolved=5
2026-07-12 16:12:35,483 DEBUG AlphaScanner.Scanner Chunk 67/100 complete: watchlist=112 entry=69
2026-07-12 16:12:35,484 DEBUG AlphaScanner.Data download_history_batch(size=5, period=2y, interval=1d, use_cache=False, head=['NESTLEIND.NS', 'NETWEB.NS', 'NEULANDLAB.NS', 'NEWGEN.NS', 'NH.NS'])
2026-07-12 16:12:35,842 DEBUG AlphaScanner.Data download_history_batch split result count=5
2026-07-12 16:12:35,842 DEBUG AlphaScanner.Scanner Downloaded chunk 68/100 size=5 resolved=5
2026-07-12 16:12:35,913 DEBUG AlphaScanner.Scanner Chunk 68/100 complete: watchlist=115 entry=70
2026-07-12 16:12:35,914 DEBUG AlphaScanner.Data download_history_batch(size=5, period=2y, interval=1d, use_cache=False, head=['NHPC.NS', 'NIACL.NS', 'NIVABUPA.NS', 'NLCINDIA.NS', 'NMDC.NS'])
2026-07-12 16:12:36,290 DEBUG AlphaScanner.Data download_history_batch split result count=5
2026-07-12 16:12:36,290 DEBUG AlphaScanner.Scanner Downloaded chunk 69/100 size=5 resolved=5
2026-07-12 16:12:36,360 DEBUG AlphaScanner.Scanner Chunk 69/100 complete: watchlist=117 entry=70
2026-07-12 16:12:36,361 DEBUG AlphaScanner.Data download_history_batch(size=5, period=2y, interval=1d, use_cache=False, head=['NSLNISP.NS', 'NTPC.NS', 'NTPCGREEN.NS', 'NUVAMA.NS', 'NUVOCO.NS'])
2026-07-12 16:12:36,691 DEBUG AlphaScanner.Data download_history_batch split result count=5
2026-07-12 16:12:36,691 DEBUG AlphaScanner.Scanner Downloaded chunk 70/100 size=5 resolved=5
2026-07-12 16:12:36,756 DEBUG AlphaScanner.Scanner Chunk 70/100 complete: watchlist=118 entry=71
2026-07-12 16:12:36,756 DEBUG AlphaScanner.Data download_history_batch(size=5, period=2y, interval=1d, use_cache=False, head=['NYKAA.NS', 'OBEROIRLTY.NS', 'OFSS.NS', 'OIL.NS', 'OLAELEC.NS'])
2026-07-12 16:12:37,121 DEBUG AlphaScanner.Data download_history_batch split result count=5
2026-07-12 16:12:37,122 DEBUG AlphaScanner.Scanner Downloaded chunk 71/100 size=5 resolved=5
2026-07-12 16:12:37,183 DEBUG AlphaScanner.Scanner Chunk 71/100 complete: watchlist=118 entry=73
2026-07-12 16:12:37,184 DEBUG AlphaScanner.Data download_history_batch(size=5, period=2y, interval=1d, use_cache=False, head=['OLECTRA.NS', 'ONESOURCE.NS', 'ONGC.NS', 'PAGEIND.NS', 'PARADEEP.NS'])
2026-07-12 16:12:37,540 DEBUG AlphaScanner.Data download_history_batch split result count=5
2026-07-12 16:12:37,541 DEBUG AlphaScanner.Scanner Downloaded chunk 72/100 size=5 resolved=5
2026-07-12 16:12:37,617 DEBUG AlphaScanner.Scanner Chunk 72/100 complete: watchlist=119 entry=73
2026-07-12 16:12:37,618 DEBUG AlphaScanner.Data download_history_batch(size=5, period=2y, interval=1d, use_cache=False, head=['PATANJALI.NS', 'PAYTM.NS', 'PCBL.NS', 'PERSISTENT.NS', 'PETRONET.NS'])
2026-07-12 16:12:37,938 DEBUG AlphaScanner.Data download_history_batch split result count=5
2026-07-12 16:12:37,939 DEBUG AlphaScanner.Scanner Downloaded chunk 73/100 size=5 resolved=5
2026-07-12 16:12:38,003 DEBUG AlphaScanner.Scanner Chunk 73/100 complete: watchlist=120 entry=75
2026-07-12 16:12:38,004 DEBUG AlphaScanner.Data download_history_batch(size=5, period=2y, interval=1d, use_cache=False, head=['PFC.NS', 'PFIZER.NS', 'PGEL.NS', 'PHOENIXLTD.NS', 'PIDILITIND.NS'])
2026-07-12 16:12:38,267 DEBUG AlphaScanner.Data download_history_batch split result count=5
2026-07-12 16:12:38,267 DEBUG AlphaScanner.Scanner Downloaded chunk 74/100 size=5 resolved=5
2026-07-12 16:12:38,319 DEBUG AlphaScanner.Scanner Chunk 74/100 complete: watchlist=122 entry=77
2026-07-12 16:12:38,320 DEBUG AlphaScanner.Data download_history_batch(size=5, period=2y, interval=1d, use_cache=False, head=['PIIND.NS', 'PINELABS.NS', 'PIRAMALFIN.NS', 'PNB.NS', 'PNBHOUSING.NS'])
2026-07-12 16:12:38,609 DEBUG AlphaScanner.Data download_history_batch split result count=5
2026-07-12 16:12:38,609 DEBUG AlphaScanner.Scanner Downloaded chunk 75/100 size=5 resolved=5
2026-07-12 16:12:38,650 DEBUG AlphaScanner.Scanner Chunk 75/100 complete: watchlist=123 entry=79
2026-07-12 16:12:38,651 DEBUG AlphaScanner.Data download_history_batch(size=5, period=2y, interval=1d, use_cache=False, head=['POLICYBZR.NS', 'POLYCAB.NS', 'POLYMED.NS', 'POONAWALLA.NS', 'POWERGRID.NS'])
2026-07-12 16:12:38,957 DEBUG AlphaScanner.Data download_history_batch split result count=5
2026-07-12 16:12:38,957 DEBUG AlphaScanner.Scanner Downloaded chunk 76/100 size=5 resolved=5
2026-07-12 16:12:39,023 DEBUG AlphaScanner.Scanner Chunk 76/100 complete: watchlist=123 entry=80
2026-07-12 16:12:39,024 DEBUG AlphaScanner.Data download_history_batch(size=5, period=2y, interval=1d, use_cache=False, head=['POWERINDIA.NS', 'PPLPHARMA.NS', 'PREMIERENE.NS', 'PRESTIGE.NS', 'PTCIL.NS'])
2026-07-12 16:12:39,295 DEBUG AlphaScanner.Data download_history_batch split result count=5
2026-07-12 16:12:39,296 DEBUG AlphaScanner.Scanner Downloaded chunk 77/100 size=5 resolved=5
2026-07-12 16:12:39,373 DEBUG AlphaScanner.Scanner Chunk 77/100 complete: watchlist=125 entry=81
2026-07-12 16:12:39,374 DEBUG AlphaScanner.Data download_history_batch(size=5, period=2y, interval=1d, use_cache=False, head=['PVRINOX.NS', 'PWL.NS', 'RADICO.NS', 'RAILTEL.NS', 'RAINBOW.NS'])
2026-07-12 16:12:39,688 DEBUG AlphaScanner.Data download_history_batch split result count=5
2026-07-12 16:12:39,688 DEBUG AlphaScanner.Scanner Downloaded chunk 78/100 size=5 resolved=5
2026-07-12 16:12:39,735 DEBUG AlphaScanner.Scanner Chunk 78/100 complete: watchlist=126 entry=82
2026-07-12 16:12:39,736 DEBUG AlphaScanner.Data download_history_batch(size=5, period=2y, interval=1d, use_cache=False, head=['RAMCOCEM.NS', 'RBLBANK.NS', 'RECLTD.NS', 'REDINGTON.NS', 'RELIANCE.NS'])
2026-07-12 16:12:40,099 DEBUG AlphaScanner.Data download_history_batch split result count=5
2026-07-12 16:12:40,099 DEBUG AlphaScanner.Scanner Downloaded chunk 79/100 size=5 resolved=5
2026-07-12 16:12:40,168 DEBUG AlphaScanner.Scanner Chunk 79/100 complete: watchlist=127 entry=83
2026-07-12 16:12:40,168 DEBUG AlphaScanner.Data download_history_batch(size=5, period=2y, interval=1d, use_cache=False, head=['RHIM.NS', 'RITES.NS', 'RKFORGE.NS', 'RPOWER.NS', 'RRKABEL.NS'])
2026-07-12 16:12:40,533 DEBUG AlphaScanner.Data download_history_batch split result count=5
2026-07-12 16:12:40,533 DEBUG AlphaScanner.Scanner Downloaded chunk 80/100 size=5 resolved=5
2026-07-12 16:12:40,612 DEBUG AlphaScanner.Scanner Chunk 80/100 complete: watchlist=127 entry=84
2026-07-12 16:12:40,613 DEBUG AlphaScanner.Data download_history_batch(size=5, period=2y, interval=1d, use_cache=False, head=['RVNL.NS', 'SAGILITY.NS', 'SAIL.NS', 'SAILIFE.NS', 'SAMMAANCAP.NS'])
2026-07-12 16:12:40,912 DEBUG AlphaScanner.Data download_history_batch split result count=5
2026-07-12 16:12:40,913 DEBUG AlphaScanner.Scanner Downloaded chunk 81/100 size=5 resolved=5
2026-07-12 16:12:40,980 DEBUG AlphaScanner.Scanner Chunk 81/100 complete: watchlist=130 entry=87
2026-07-12 16:12:40,981 DEBUG AlphaScanner.Data download_history_batch(size=5, period=2y, interval=1d, use_cache=False, head=['SAPPHIRE.NS', 'SARDAEN.NS', 'SAREGAMA.NS', 'SBFC.NS', 'SBICARD.NS'])
2026-07-12 16:12:41,219 DEBUG AlphaScanner.Data download_history_batch split result count=5
2026-07-12 16:12:41,219 DEBUG AlphaScanner.Scanner Downloaded chunk 82/100 size=5 resolved=5
2026-07-12 16:12:41,279 DEBUG AlphaScanner.Scanner Chunk 82/100 complete: watchlist=131 entry=89
2026-07-12 16:12:41,281 DEBUG AlphaScanner.Data download_history_batch(size=5, period=2y, interval=1d, use_cache=False, head=['SBILIFE.NS', 'SBIN.NS', 'SCHAEFFLER.NS', 'SCHNEIDER.NS', 'SCI.NS'])
2026-07-12 16:12:41,641 DEBUG AlphaScanner.Data download_history_batch split result count=5
2026-07-12 16:12:41,641 DEBUG AlphaScanner.Scanner Downloaded chunk 83/100 size=5 resolved=5
2026-07-12 16:12:41,715 DEBUG AlphaScanner.Scanner Chunk 83/100 complete: watchlist=133 entry=89
2026-07-12 16:12:41,715 DEBUG AlphaScanner.Data download_history_batch(size=5, period=2y, interval=1d, use_cache=False, head=['SHREECEM.NS', 'SHRIRAMFIN.NS', 'SHYAMMETL.NS', 'SIEMENS.NS', 'SIGNATURE.NS'])
2026-07-12 16:12:41,987 DEBUG AlphaScanner.Data download_history_batch split result count=5
2026-07-12 16:12:41,987 DEBUG AlphaScanner.Scanner Downloaded chunk 84/100 size=5 resolved=5
2026-07-12 16:12:42,051 DEBUG AlphaScanner.Scanner Chunk 84/100 complete: watchlist=136 entry=90
2026-07-12 16:12:42,052 DEBUG AlphaScanner.Data download_history_batch(size=5, period=2y, interval=1d, use_cache=False, head=['SJVN.NS', 'SOBHA.NS', 'SOLARINDS.NS', 'SONACOMS.NS', 'SONATSOFTW.NS'])
2026-07-12 16:12:42,458 DEBUG AlphaScanner.Data download_history_batch split result count=5
2026-07-12 16:12:42,458 DEBUG AlphaScanner.Scanner Downloaded chunk 85/100 size=5 resolved=5
2026-07-12 16:12:42,520 DEBUG AlphaScanner.Scanner Chunk 85/100 complete: watchlist=138 entry=92
2026-07-12 16:12:42,520 DEBUG AlphaScanner.Data download_history_batch(size=5, period=2y, interval=1d, use_cache=False, head=['SPLPETRO.NS', 'SRF.NS', 'STARHEALTH.NS', 'SUMICHEM.NS', 'SUNDARMFIN.NS'])
2026-07-12 16:12:42,818 DEBUG AlphaScanner.Data download_history_batch split result count=5
2026-07-12 16:12:42,818 DEBUG AlphaScanner.Scanner Downloaded chunk 86/100 size=5 resolved=5
2026-07-12 16:12:42,886 DEBUG AlphaScanner.Scanner Chunk 86/100 complete: watchlist=140 entry=93
2026-07-12 16:12:42,886 DEBUG AlphaScanner.Data download_history_batch(size=5, period=2y, interval=1d, use_cache=False, head=['SUNPHARMA.NS', 'SUNTV.NS', 'SUPREMEIND.NS', 'SUZLON.NS', 'SWANCORP.NS'])
2026-07-12 16:12:43,167 DEBUG AlphaScanner.Data download_history_batch split result count=5
2026-07-12 16:12:43,167 DEBUG AlphaScanner.Scanner Downloaded chunk 87/100 size=5 resolved=5
2026-07-12 16:12:43,283 DEBUG AlphaScanner.Scanner Chunk 87/100 complete: watchlist=141 entry=93
2026-07-12 16:12:43,284 DEBUG AlphaScanner.Data download_history_batch(size=5, period=2y, interval=1d, use_cache=False, head=['SWIGGY.NS', 'SYNGENE.NS', 'SYRMA.NS', 'TARIL.NS', 'TATACAP.NS'])
2026-07-12 16:12:43,670 DEBUG AlphaScanner.Data download_history_batch split result count=5
2026-07-12 16:12:43,670 DEBUG AlphaScanner.Scanner Downloaded chunk 88/100 size=5 resolved=5
2026-07-12 16:12:43,719 DEBUG AlphaScanner.Scanner Chunk 88/100 complete: watchlist=141 entry=93
2026-07-12 16:12:43,720 DEBUG AlphaScanner.Data download_history_batch(size=5, period=2y, interval=1d, use_cache=False, head=['TATACHEM.NS', 'TATACOMM.NS', 'TATACONSUM.NS', 'TATAELXSI.NS', 'TATAINVEST.NS'])
2026-07-12 16:12:44,254 DEBUG AlphaScanner.Data download_history_batch split result count=5
2026-07-12 16:12:44,254 DEBUG AlphaScanner.Scanner Downloaded chunk 89/100 size=5 resolved=5
2026-07-12 16:12:44,307 DEBUG AlphaScanner.Scanner Chunk 89/100 complete: watchlist=143 entry=95
2026-07-12 16:12:44,307 DEBUG AlphaScanner.Data download_history_batch(size=5, period=2y, interval=1d, use_cache=False, head=['TATAPOWER.NS', 'TATASTEEL.NS', 'TATATECH.NS', 'TBOTEK.NS', 'TCS.NS'])
2026-07-12 16:12:44,931 DEBUG AlphaScanner.Data download_history_batch split result count=5
2026-07-12 16:12:44,931 DEBUG AlphaScanner.Scanner Downloaded chunk 90/100 size=5 resolved=5
2026-07-12 16:12:45,007 DEBUG AlphaScanner.Scanner Chunk 90/100 complete: watchlist=144 entry=95
2026-07-12 16:12:45,009 DEBUG AlphaScanner.Data download_history_batch(size=5, period=2y, interval=1d, use_cache=False, head=['TECHM.NS', 'TECHNOE.NS', 'TEGA.NS', 'TEJASNET.NS', 'TENNIND.NS'])
2026-07-12 16:12:45,283 DEBUG AlphaScanner.Data download_history_batch split result count=5
2026-07-12 16:12:45,283 DEBUG AlphaScanner.Scanner Downloaded chunk 91/100 size=5 resolved=5
2026-07-12 16:12:45,345 DEBUG AlphaScanner.Scanner Chunk 91/100 complete: watchlist=145 entry=95
2026-07-12 16:12:45,347 DEBUG AlphaScanner.Data download_history_batch(size=5, period=2y, interval=1d, use_cache=False, head=['THELEELA.NS', 'THERMAX.NS', 'TIINDIA.NS', 'TIMKEN.NS', 'TITAGARH.NS'])
2026-07-12 16:12:45,752 DEBUG AlphaScanner.Data download_history_batch split result count=5
2026-07-12 16:12:45,752 DEBUG AlphaScanner.Scanner Downloaded chunk 92/100 size=5 resolved=5
2026-07-12 16:12:45,803 DEBUG AlphaScanner.Scanner Chunk 92/100 complete: watchlist=145 entry=95
2026-07-12 16:12:45,804 DEBUG AlphaScanner.Data download_history_batch(size=5, period=2y, interval=1d, use_cache=False, head=['TITAN.NS', 'TMCV.NS', 'TMPV.NS', 'TORNTPHARM.NS', 'TORNTPOWER.NS'])
2026-07-12 16:12:46,104 DEBUG AlphaScanner.Data download_history_batch split result count=5
2026-07-12 16:12:46,105 DEBUG AlphaScanner.Scanner Downloaded chunk 93/100 size=5 resolved=5
2026-07-12 16:12:46,186 DEBUG AlphaScanner.Scanner Chunk 93/100 complete: watchlist=147 entry=97
2026-07-12 16:12:46,187 DEBUG AlphaScanner.Data download_history_batch(size=5, period=2y, interval=1d, use_cache=False, head=['TRAVELFOOD.NS', 'TRENT.NS', 'TRIDENT.NS', 'TRITURBINE.NS', 'TTML.NS'])
2026-07-12 16:12:46,454 DEBUG AlphaScanner.Data download_history_batch split result count=5
2026-07-12 16:12:46,454 DEBUG AlphaScanner.Scanner Downloaded chunk 94/100 size=5 resolved=5
2026-07-12 16:12:46,512 DEBUG AlphaScanner.Scanner Chunk 94/100 complete: watchlist=147 entry=97
2026-07-12 16:12:46,512 DEBUG AlphaScanner.Data download_history_batch(size=5, period=2y, interval=1d, use_cache=False, head=['TVSMOTOR.NS', 'UBL.NS', 'UCOBANK.NS', 'ULTRACEMCO.NS', 'UNIONBANK.NS'])
2026-07-12 16:12:46,842 DEBUG AlphaScanner.Data download_history_batch split result count=5
2026-07-12 16:12:46,842 DEBUG AlphaScanner.Scanner Downloaded chunk 95/100 size=5 resolved=5
2026-07-12 16:12:46,931 DEBUG AlphaScanner.Scanner Chunk 95/100 complete: watchlist=149 entry=98
2026-07-12 16:12:46,932 DEBUG AlphaScanner.Data download_history_batch(size=5, period=2y, interval=1d, use_cache=False, head=['UNITDSPR.NS', 'UNOMINDA.NS', 'UPL.NS', 'URBANCO.NS', 'USHAMART.NS'])
2026-07-12 16:12:47,311 DEBUG AlphaScanner.Data download_history_batch split result count=5
2026-07-12 16:12:47,311 DEBUG AlphaScanner.Scanner Downloaded chunk 96/100 size=5 resolved=5
2026-07-12 16:12:47,377 DEBUG AlphaScanner.Scanner Chunk 96/100 complete: watchlist=151 entry=99
2026-07-12 16:12:47,378 DEBUG AlphaScanner.Data download_history_batch(size=5, period=2y, interval=1d, use_cache=False, head=['UTIAMC.NS', 'VBL.NS', 'VEDL.NS', 'VIJAYA.NS', 'VMM.NS'])
2026-07-12 16:12:47,735 DEBUG AlphaScanner.Data download_history_batch split result count=5
2026-07-12 16:12:47,735 DEBUG AlphaScanner.Scanner Downloaded chunk 97/100 size=5 resolved=5
2026-07-12 16:12:47,833 DEBUG AlphaScanner.Scanner Chunk 97/100 complete: watchlist=153 entry=100
2026-07-12 16:12:47,833 DEBUG AlphaScanner.Data download_history_batch(size=5, period=2y, interval=1d, use_cache=False, head=['VOLTAS.NS', 'VTL.NS', 'WAAREEENER.NS', 'WELCORP.NS', 'WELSPUNLIV.NS'])
2026-07-12 16:12:48,071 DEBUG AlphaScanner.Data download_history_batch split result count=5
2026-07-12 16:12:48,071 DEBUG AlphaScanner.Scanner Downloaded chunk 98/100 size=5 resolved=5
2026-07-12 16:12:48,134 DEBUG AlphaScanner.Scanner Chunk 98/100 complete: watchlist=153 entry=100
2026-07-12 16:12:48,135 DEBUG AlphaScanner.Data download_history_batch(size=5, period=2y, interval=1d, use_cache=False, head=['WHIRLPOOL.NS', 'WIPRO.NS', 'WOCKPHARMA.NS', 'YESBANK.NS', 'ZEEL.NS'])
2026-07-12 16:12:48,555 DEBUG AlphaScanner.Data download_history_batch split result count=5
2026-07-12 16:12:48,555 DEBUG AlphaScanner.Scanner Downloaded chunk 99/100 size=5 resolved=5
2026-07-12 16:12:48,624 DEBUG AlphaScanner.Scanner Chunk 99/100 complete: watchlist=153 entry=100
2026-07-12 16:12:48,625 DEBUG AlphaScanner.Data download_history_batch(size=5, period=2y, interval=1d, use_cache=False, head=['ZENSARTECH.NS', 'ZENTEC.NS', 'ZFCVINDIA.NS', 'ZYDUSLIFE.NS', 'ZYDUSWELL.NS'])
2026-07-12 16:12:48,978 DEBUG AlphaScanner.Data download_history_batch split result count=5
2026-07-12 16:12:48,979 DEBUG AlphaScanner.Scanner Downloaded chunk 100/100 size=5 resolved=5
2026-07-12 16:12:49,065 DEBUG AlphaScanner.Scanner Chunk 100/100 complete: watchlist=154 entry=100
2026-07-12 16:12:49,071 DEBUG AlphaScanner.Scanner Dual-mode scan finished: watchlist_rows=154 entry_rows=100
2026-07-12 16:12:49,168 INFO AlphaScanner.Scanner Watchlist candidates: 154 | Entry candidates: 100
2026-07-12 16:21:08,006 DEBUG AlphaScanner.UI.Scanner render_tab(scan_type=Modular Momentum, universe=Total Market (Cap Focused), scan_mode=Entry Scanner, timeframe=1d, use_cache=False, run_scan=False)
2026-07-12 16:21:08,104 DEBUG AlphaScanner.UI.Scanner render_tab(scan_type=Modular Momentum, universe=Total Market (Cap Focused), scan_mode=Entry Scanner, timeframe=1d, use_cache=False, run_scan=False)
2026-07-12 16:21:12,131 DEBUG AlphaScanner.UI.Scanner render_tab(scan_type=Modular Momentum, universe=Total Market (Cap Focused), scan_mode=Entry Scanner, timeframe=1d, use_cache=False, run_scan=False)
2026-07-12 16:22:00,280 DEBUG AlphaScanner.UI.Scanner render_tab(scan_type=Modular Momentum, universe=Total Market (Cap Focused), scan_mode=Entry Scanner, timeframe=1d, use_cache=False, run_scan=False)
2026-07-12 16:22:00,379 DEBUG AlphaScanner.UI.Scanner render_tab(scan_type=Modular Momentum, universe=Total Market (Cap Focused), scan_mode=Entry Scanner, timeframe=1d, use_cache=False, run_scan=False)
2026-07-12 16:23:42,536 DEBUG AlphaScanner.UI.Scanner render_tab(scan_type=Modular Momentum, universe=Total Market (Cap Focused), scan_mode=Entry Scanner, timeframe=1d, use_cache=False, run_scan=False)
2026-07-12 16:25:07,783 DEBUG AlphaScanner.UI.Scanner render_tab(scan_type=Modular Momentum, universe=Total Market (Cap Focused), scan_mode=Entry Scanner, timeframe=1d, use_cache=False, run_scan=False)
2026-07-12 16:33:17,698 DEBUG AlphaScanner.UI.Scanner render_tab(scan_type=Pre-Breakout, universe=Total Market (Cap Focused), scan_mode=Entry Scanner, timeframe=1d, use_cache=False, run_scan=False)
2026-07-12 16:33:21,942 DEBUG AlphaScanner.UI.Scanner render_tab(scan_type=Pre-Breakout, universe=Total Market (Cap Focused), scan_mode=Entry Scanner, timeframe=1d, use_cache=False, run_scan=True)
2026-07-12 16:33:21,944 DEBUG AlphaScanner.UI.Scanner Starting fresh scan with min_cap=500 max_cap=20000 sector_map_size=500
2026-07-12 16:33:21,944 DEBUG AlphaScanner.Service perform_fresh_scan(scanner_type=Pre-Breakout, universe=Total Market (Cap Focused), timeframe=1d, scan_mode=Entry Scanner, use_cache=False, vol_thresh=0.6, rsi_min=35, rsi_max=70, dist_thresh=5.0, min_mkt_cap_cr=500, max_mkt_cap_cr=20000)
2026-07-12 16:33:21,944 DEBUG AlphaScanner.Service Routing to legacy breakout scanner with normalized timeframe=1d
2026-07-12 16:33:21,944 DEBUG AlphaScanner.Engine run_scanner(scanner_type=Pre-Breakout, universe=Total Market (Cap Focused), timeframe=1d, use_cache=False, incremental_fetch=False, vol_thresh=0.6, rsi_range=35-70, dist_thresh=5.0, min_cap=500, max_cap=20000)
2026-07-12 16:33:21,947 DEBUG AlphaScanner.Engine Resolved legacy universe 'Total Market (Cap Focused)' to 500 tickers
2026-07-12 16:33:22,093 DEBUG AlphaScanner.Engine Loaded benchmark close series with 495 rows
2026-07-12 16:33:22,099 INFO AlphaScanner.Engine Prefetching missing metadata for 1 tickers...
2026-07-12 16:33:23,578 DEBUG AlphaScanner.Engine Metadata cache primed with 500 entries
2026-07-12 16:33:23,581 DEBUG AlphaScanner.Data download_history_batch(size=10, period=2y, interval=1d, use_cache=False, head=['360ONE.NS', '3MINDIA.NS', 'AADHARHFC.NS', 'AARTIIND.NS', 'AAVAS.NS'])
2026-07-12 16:33:24,048 DEBUG AlphaScanner.Data download_history_batch split result count=10
2026-07-12 16:33:24,049 DEBUG AlphaScanner.Engine Batch download chunk 1/50 requested=10 resolved=10
2026-07-12 16:33:24,056 DEBUG AlphaScanner.Data download_history_batch(size=10, period=2y, interval=1d, use_cache=False, head=['ABLBL.NS', 'ABREL.NS', 'ABSLAMC.NS', 'ACC.NS', 'ACE.NS'])
2026-07-12 16:33:24,434 DEBUG AlphaScanner.Data download_history_batch split result count=10
2026-07-12 16:33:24,434 DEBUG AlphaScanner.Engine Batch download chunk 2/50 requested=10 resolved=10
2026-07-12 16:33:24,442 DEBUG AlphaScanner.Data download_history_batch(size=10, period=2y, interval=1d, use_cache=False, head=['ADANIPORTS.NS', 'ADANIPOWER.NS', 'AEGISLOG.NS', 'AEGISVOPAK.NS', 'AFCONS.NS'])
2026-07-12 16:33:24,857 DEBUG AlphaScanner.Data download_history_batch split result count=10
2026-07-12 16:33:24,857 DEBUG AlphaScanner.Engine Batch download chunk 3/50 requested=10 resolved=10
2026-07-12 16:33:24,866 DEBUG AlphaScanner.Data download_history_batch(size=10, period=2y, interval=1d, use_cache=False, head=['AMBER.NS', 'AMBUJACEM.NS', 'ANANDRATHI.NS', 'ANANTRAJ.NS', 'ANGELONE.NS'])
2026-07-12 16:33:25,307 DEBUG AlphaScanner.Data download_history_batch split result count=10
2026-07-12 16:33:25,307 DEBUG AlphaScanner.Engine Batch download chunk 4/50 requested=10 resolved=10
2026-07-12 16:33:25,320 DEBUG AlphaScanner.Data download_history_batch(size=10, period=2y, interval=1d, use_cache=False, head=['APOLLOTYRE.NS', 'APTUS.NS', 'ARE&M.NS', 'ASAHIINDIA.NS', 'ASHOKLEY.NS'])
2026-07-12 16:33:25,762 DEBUG AlphaScanner.Data download_history_batch split result count=10
2026-07-12 16:33:25,762 DEBUG AlphaScanner.Engine Batch download chunk 5/50 requested=10 resolved=10
2026-07-12 16:33:25,770 DEBUG AlphaScanner.Data download_history_batch(size=10, period=2y, interval=1d, use_cache=False, head=['ATUL.NS', 'AUBANK.NS', 'AUROPHARMA.NS', 'AWL.NS', 'AXISBANK.NS'])
2026-07-12 16:33:26,172 DEBUG AlphaScanner.Data download_history_batch split result count=10
2026-07-12 16:33:26,172 DEBUG AlphaScanner.Engine Batch download chunk 6/50 requested=10 resolved=10
2026-07-12 16:33:26,181 DEBUG AlphaScanner.Data download_history_batch(size=10, period=2y, interval=1d, use_cache=False, head=['BALKRISIND.NS', 'BALRAMCHIN.NS', 'BANDHANBNK.NS', 'BANKBARODA.NS', 'BANKINDIA.NS'])
2026-07-12 16:33:26,692 DEBUG AlphaScanner.Data download_history_batch split result count=10
2026-07-12 16:33:26,692 DEBUG AlphaScanner.Engine Batch download chunk 7/50 requested=10 resolved=10
2026-07-12 16:33:26,702 DEBUG AlphaScanner.Data download_history_batch(size=10, period=2y, interval=1d, use_cache=False, head=['BELRISE.NS', 'BEML.NS', 'BERGEPAINT.NS', 'BHARATFORG.NS', 'BHARTIARTL.NS'])
2026-07-12 16:33:27,134 DEBUG AlphaScanner.Data download_history_batch split result count=10
2026-07-12 16:33:27,134 DEBUG AlphaScanner.Engine Batch download chunk 8/50 requested=10 resolved=10
2026-07-12 16:33:27,142 DEBUG AlphaScanner.Data download_history_batch(size=10, period=2y, interval=1d, use_cache=False, head=['BLUEDART.NS', 'BLUEJET.NS', 'BLUESTARCO.NS', 'BOSCHLTD.NS', 'BPCL.NS'])
2026-07-12 16:33:27,659 DEBUG AlphaScanner.Data download_history_batch split result count=10
2026-07-12 16:33:27,659 DEBUG AlphaScanner.Engine Batch download chunk 9/50 requested=10 resolved=10
2026-07-12 16:33:27,669 DEBUG AlphaScanner.Data download_history_batch(size=10, period=2y, interval=1d, use_cache=False, head=['CANBK.NS', 'CANFINHOME.NS', 'CANHLIFE.NS', 'CAPLIPOINT.NS', 'CARBORUNIV.NS'])
2026-07-12 16:33:28,108 DEBUG AlphaScanner.Data download_history_batch split result count=10
2026-07-12 16:33:28,108 DEBUG AlphaScanner.Engine Batch download chunk 10/50 requested=10 resolved=10
2026-07-12 16:33:28,117 DEBUG AlphaScanner.Data download_history_batch(size=10, period=2y, interval=1d, use_cache=False, head=['CEMPRO.NS', 'CENTRALBK.NS', 'CESC.NS', 'CGCL.NS', 'CGPOWER.NS'])
2026-07-12 16:33:28,569 DEBUG AlphaScanner.Data download_history_batch split result count=10
2026-07-12 16:33:28,569 DEBUG AlphaScanner.Engine Batch download chunk 11/50 requested=10 resolved=10
2026-07-12 16:33:28,581 DEBUG AlphaScanner.Data download_history_batch(size=10, period=2y, interval=1d, use_cache=False, head=['CHOLAHLDNG.NS', 'CIEINDIA.NS', 'CIPLA.NS', 'CLEAN.NS', 'COALINDIA.NS'])
2026-07-12 16:33:29,136 DEBUG AlphaScanner.Data download_history_batch split result count=10
2026-07-12 16:33:29,136 DEBUG AlphaScanner.Engine Batch download chunk 12/50 requested=10 resolved=10
2026-07-12 16:33:29,144 DEBUG AlphaScanner.Data download_history_batch(size=10, period=2y, interval=1d, use_cache=False, head=['CONCORDBIO.NS', 'COROMANDEL.NS', 'CPPLUS.NS', 'CRAFTSMAN.NS', 'CREDITACC.NS'])
2026-07-12 16:33:29,549 DEBUG AlphaScanner.Data download_history_batch split result count=10
2026-07-12 16:33:29,549 DEBUG AlphaScanner.Engine Batch download chunk 13/50 requested=10 resolved=10
2026-07-12 16:33:29,556 DEBUG AlphaScanner.Data download_history_batch(size=10, period=2y, interval=1d, use_cache=False, head=['DABUR.NS', 'DALBHARAT.NS', 'DATAPATTNS.NS', 'DCMSHRIRAM.NS', 'DEEPAKFERT.NS'])
2026-07-12 16:33:30,053 DEBUG AlphaScanner.Data download_history_batch split result count=10
2026-07-12 16:33:30,054 DEBUG AlphaScanner.Engine Batch download chunk 14/50 requested=10 resolved=10
2026-07-12 16:33:30,061 DEBUG AlphaScanner.Data download_history_batch(size=10, period=2y, interval=1d, use_cache=False, head=['DLF.NS', 'DMART.NS', 'DOMS.NS', 'DRREDDY.NS', 'ECLERX.NS'])
2026-07-12 16:33:30,484 DEBUG AlphaScanner.Data download_history_batch split result count=10
2026-07-12 16:33:30,484 DEBUG AlphaScanner.Engine Batch download chunk 15/50 requested=10 resolved=10
2026-07-12 16:33:30,492 DEBUG AlphaScanner.Data download_history_batch(size=10, period=2y, interval=1d, use_cache=False, head=['EMAMILTD.NS', 'EMCURE.NS', 'EMMVEE.NS', 'ENDURANCE.NS', 'ENGINERSIN.NS'])
2026-07-12 16:33:30,833 DEBUG AlphaScanner.Data download_history_batch split result count=10
2026-07-12 16:33:30,834 DEBUG AlphaScanner.Engine Batch download chunk 16/50 requested=10 resolved=10
2026-07-12 16:33:30,842 DEBUG AlphaScanner.Data download_history_batch(size=10, period=2y, interval=1d, use_cache=False, head=['FACT.NS', 'FEDERALBNK.NS', 'FINCABLES.NS', 'FIRSTCRY.NS', 'FIVESTAR.NS'])
2026-07-12 16:33:31,346 DEBUG AlphaScanner.Data download_history_batch split result count=10
2026-07-12 16:33:31,347 DEBUG AlphaScanner.Engine Batch download chunk 17/50 requested=10 resolved=10
2026-07-12 16:33:31,355 DEBUG AlphaScanner.Data download_history_batch(size=10, period=2y, interval=1d, use_cache=False, head=['GAIL.NS', 'GALLANTT.NS', 'GESHIP.NS', 'GICRE.NS', 'GILLETTE.NS'])
2026-07-12 16:33:31,750 DEBUG AlphaScanner.Data download_history_batch split result count=10
2026-07-12 16:33:31,750 DEBUG AlphaScanner.Engine Batch download chunk 18/50 requested=10 resolved=10
2026-07-12 16:33:31,757 DEBUG AlphaScanner.Data download_history_batch(size=10, period=2y, interval=1d, use_cache=False, head=['GODFRYPHLP.NS', 'GODIGIT.NS', 'GODREJCP.NS', 'GODREJIND.NS', 'GODREJPROP.NS'])
2026-07-12 16:33:32,335 DEBUG AlphaScanner.Data download_history_batch split result count=10
2026-07-12 16:33:32,335 DEBUG AlphaScanner.Engine Batch download chunk 19/50 requested=10 resolved=10
2026-07-12 16:33:32,344 DEBUG AlphaScanner.Data download_history_batch(size=10, period=2y, interval=1d, use_cache=False, head=['GROWW.NS', 'GRSE.NS', 'GVT&D.NS', 'HAL.NS', 'HAVELLS.NS'])
2026-07-12 16:33:32,790 DEBUG AlphaScanner.Data download_history_batch split result count=10
2026-07-12 16:33:32,791 DEBUG AlphaScanner.Engine Batch download chunk 20/50 requested=10 resolved=10
2026-07-12 16:33:32,799 DEBUG AlphaScanner.Data download_history_batch(size=10, period=2y, interval=1d, use_cache=False, head=['HDFCLIFE.NS', 'HEG.NS', 'HEROMOTOCO.NS', 'HEXT.NS', 'HFCL.NS'])
2026-07-12 16:33:33,328 DEBUG AlphaScanner.Data download_history_batch split result count=10
2026-07-12 16:33:33,328 DEBUG AlphaScanner.Engine Batch download chunk 21/50 requested=10 resolved=10
2026-07-12 16:33:33,338 DEBUG AlphaScanner.Data download_history_batch(size=10, period=2y, interval=1d, use_cache=False, head=['HOMEFIRST.NS', 'HONASA.NS', 'HONAUT.NS', 'HSCL.NS', 'HUDCO.NS'])
2026-07-12 16:33:33,769 DEBUG AlphaScanner.Data download_history_batch split result count=10
2026-07-12 16:33:33,770 DEBUG AlphaScanner.Engine Batch download chunk 22/50 requested=10 resolved=10
2026-07-12 16:33:33,777 DEBUG AlphaScanner.Data download_history_batch(size=10, period=2y, interval=1d, use_cache=False, head=['IDBI.NS', 'IDEA.NS', 'IDFCFIRSTB.NS', 'IEX.NS', 'IFCI.NS'])
2026-07-12 16:33:34,159 DEBUG AlphaScanner.Data download_history_batch split result count=10
2026-07-12 16:33:34,159 DEBUG AlphaScanner.Engine Batch download chunk 23/50 requested=10 resolved=10
2026-07-12 16:33:34,167 DEBUG AlphaScanner.Data download_history_batch(size=10, period=2y, interval=1d, use_cache=False, head=['INDHOTEL.NS', 'INDIACEM.NS', 'INDIAMART.NS', 'INDIANB.NS', 'INDIGO.NS'])
2026-07-12 16:33:34,528 DEBUG AlphaScanner.Data download_history_batch split result count=10
2026-07-12 16:33:34,528 DEBUG AlphaScanner.Engine Batch download chunk 24/50 requested=10 resolved=10
2026-07-12 16:33:34,537 DEBUG AlphaScanner.Data download_history_batch(size=10, period=2y, interval=1d, use_cache=False, head=['IOB.NS', 'IOC.NS', 'IPCALAB.NS', 'IRB.NS', 'IRCON.NS'])
2026-07-12 16:33:35,046 DEBUG AlphaScanner.Data download_history_batch split result count=10
2026-07-12 16:33:35,046 DEBUG AlphaScanner.Engine Batch download chunk 25/50 requested=10 resolved=10
2026-07-12 16:33:35,055 DEBUG AlphaScanner.Data download_history_batch(size=10, period=2y, interval=1d, use_cache=False, head=['ITI.NS', 'J&KBANK.NS', 'JAINREC.NS', 'JBCHEPHARM.NS', 'JBMA.NS'])
2026-07-12 16:33:35,477 DEBUG AlphaScanner.Data download_history_batch split result count=10
2026-07-12 16:33:35,477 DEBUG AlphaScanner.Engine Batch download chunk 26/50 requested=10 resolved=10
2026-07-12 16:33:35,484 DEBUG AlphaScanner.Data download_history_batch(size=10, period=2y, interval=1d, use_cache=False, head=['JMFINANCIL.NS', 'JPPOWER.NS', 'JSL.NS', 'JSWCEMENT.NS', 'JSWDULUX.NS'])
2026-07-12 16:33:36,088 DEBUG AlphaScanner.Data download_history_batch split result count=10
2026-07-12 16:33:36,089 DEBUG AlphaScanner.Engine Batch download chunk 27/50 requested=10 resolved=10
2026-07-12 16:33:36,099 DEBUG AlphaScanner.Data download_history_batch(size=10, period=2y, interval=1d, use_cache=False, head=['JUBLPHARMA.NS', 'JWL.NS', 'JYOTICNC.NS', 'KAJARIACER.NS', 'KALYANKJIL.NS'])
2026-07-12 16:33:36,480 DEBUG AlphaScanner.Data download_history_batch split result count=10
2026-07-12 16:33:36,480 DEBUG AlphaScanner.Engine Batch download chunk 28/50 requested=10 resolved=10
2026-07-12 16:33:36,491 DEBUG AlphaScanner.Data download_history_batch(size=10, period=2y, interval=1d, use_cache=False, head=['KIMS.NS', 'KIRLOSENG.NS', 'KOTAKBANK.NS', 'KPIL.NS', 'KPITTECH.NS'])
2026-07-12 16:33:36,923 DEBUG AlphaScanner.Data download_history_batch split result count=10
2026-07-12 16:33:36,924 DEBUG AlphaScanner.Engine Batch download chunk 29/50 requested=10 resolved=10
2026-07-12 16:33:36,934 DEBUG AlphaScanner.Data download_history_batch(size=10, period=2y, interval=1d, use_cache=False, head=['LENSKART.NS', 'LGEINDIA.NS', 'LICHSGFIN.NS', 'LICI.NS', 'LINDEINDIA.NS'])
2026-07-12 16:33:37,336 DEBUG AlphaScanner.Data download_history_batch split result count=10
2026-07-12 16:33:37,337 DEBUG AlphaScanner.Engine Batch download chunk 30/50 requested=10 resolved=10
2026-07-12 16:33:37,346 DEBUG AlphaScanner.Data download_history_batch(size=10, period=2y, interval=1d, use_cache=False, head=['LTM.NS', 'LTTS.NS', 'LUPIN.NS', 'M&M.NS', 'M&MFIN.NS'])
2026-07-12 16:33:37,870 DEBUG AlphaScanner.Data download_history_batch split result count=10
2026-07-12 16:33:37,871 DEBUG AlphaScanner.Engine Batch download chunk 31/50 requested=10 resolved=10
2026-07-12 16:33:37,884 DEBUG AlphaScanner.Data download_history_batch(size=10, period=2y, interval=1d, use_cache=False, head=['MARUTI.NS', 'MAXHEALTH.NS', 'MAZDOCK.NS', 'MCX.NS', 'MEDANTA.NS'])
2026-07-12 16:33:38,440 DEBUG AlphaScanner.Data download_history_batch split result count=10
2026-07-12 16:33:38,440 DEBUG AlphaScanner.Engine Batch download chunk 32/50 requested=10 resolved=10
2026-07-12 16:33:38,449 DEBUG AlphaScanner.Data download_history_batch(size=10, period=2y, interval=1d, use_cache=False, head=['MOTHERSON.NS', 'MOTILALOFS.NS', 'MPHASIS.NS', 'MRF.NS', 'MRPL.NS'])
2026-07-12 16:33:39,130 DEBUG AlphaScanner.Data download_history_batch split result count=10
2026-07-12 16:33:39,130 DEBUG AlphaScanner.Engine Batch download chunk 33/50 requested=10 resolved=10
2026-07-12 16:33:39,139 DEBUG AlphaScanner.Data download_history_batch(size=10, period=2y, interval=1d, use_cache=False, head=['NAUKRI.NS', 'NAVA.NS', 'NAVINFLUOR.NS', 'NBCC.NS', 'NCC.NS'])
2026-07-12 16:33:39,641 DEBUG AlphaScanner.Data download_history_batch split result count=10
2026-07-12 16:33:39,641 DEBUG AlphaScanner.Engine Batch download chunk 34/50 requested=10 resolved=10
2026-07-12 16:33:39,650 DEBUG AlphaScanner.Data download_history_batch(size=10, period=2y, interval=1d, use_cache=False, head=['NHPC.NS', 'NIACL.NS', 'NIVABUPA.NS', 'NLCINDIA.NS', 'NMDC.NS'])
2026-07-12 16:33:40,106 DEBUG AlphaScanner.Data download_history_batch split result count=10
2026-07-12 16:33:40,106 DEBUG AlphaScanner.Engine Batch download chunk 35/50 requested=10 resolved=10
2026-07-12 16:33:40,115 DEBUG AlphaScanner.Data download_history_batch(size=10, period=2y, interval=1d, use_cache=False, head=['NYKAA.NS', 'OBEROIRLTY.NS', 'OFSS.NS', 'OIL.NS', 'OLAELEC.NS'])
2026-07-12 16:33:40,816 DEBUG AlphaScanner.Data download_history_batch split result count=10
2026-07-12 16:33:40,816 DEBUG AlphaScanner.Engine Batch download chunk 36/50 requested=10 resolved=10
2026-07-12 16:33:40,846 DEBUG AlphaScanner.Data download_history_batch(size=10, period=2y, interval=1d, use_cache=False, head=['PATANJALI.NS', 'PAYTM.NS', 'PCBL.NS', 'PERSISTENT.NS', 'PETRONET.NS'])
2026-07-12 16:33:41,623 DEBUG AlphaScanner.Data download_history_batch split result count=10
2026-07-12 16:33:41,623 DEBUG AlphaScanner.Engine Batch download chunk 37/50 requested=10 resolved=10
2026-07-12 16:33:41,632 DEBUG AlphaScanner.Data download_history_batch(size=10, period=2y, interval=1d, use_cache=False, head=['PIIND.NS', 'PINELABS.NS', 'PIRAMALFIN.NS', 'PNB.NS', 'PNBHOUSING.NS'])
2026-07-12 16:33:42,225 DEBUG AlphaScanner.Data download_history_batch split result count=10
2026-07-12 16:33:42,225 DEBUG AlphaScanner.Engine Batch download chunk 38/50 requested=10 resolved=10
2026-07-12 16:33:42,234 DEBUG AlphaScanner.Data download_history_batch(size=10, period=2y, interval=1d, use_cache=False, head=['POWERINDIA.NS', 'PPLPHARMA.NS', 'PREMIERENE.NS', 'PRESTIGE.NS', 'PTCIL.NS'])
2026-07-12 16:33:42,641 DEBUG AlphaScanner.Data download_history_batch split result count=10
2026-07-12 16:33:42,641 DEBUG AlphaScanner.Engine Batch download chunk 39/50 requested=10 resolved=10
2026-07-12 16:33:42,649 DEBUG AlphaScanner.Data download_history_batch(size=10, period=2y, interval=1d, use_cache=False, head=['RAMCOCEM.NS', 'RBLBANK.NS', 'RECLTD.NS', 'REDINGTON.NS', 'RELIANCE.NS'])
2026-07-12 16:33:43,111 DEBUG AlphaScanner.Data download_history_batch split result count=10
2026-07-12 16:33:43,112 DEBUG AlphaScanner.Engine Batch download chunk 40/50 requested=10 resolved=10
2026-07-12 16:33:43,120 DEBUG AlphaScanner.Data download_history_batch(size=10, period=2y, interval=1d, use_cache=False, head=['RVNL.NS', 'SAGILITY.NS', 'SAIL.NS', 'SAILIFE.NS', 'SAMMAANCAP.NS'])
2026-07-12 16:33:43,608 DEBUG AlphaScanner.Data download_history_batch split result count=10
2026-07-12 16:33:43,609 DEBUG AlphaScanner.Engine Batch download chunk 41/50 requested=10 resolved=10
2026-07-12 16:33:43,618 DEBUG AlphaScanner.Data download_history_batch(size=10, period=2y, interval=1d, use_cache=False, head=['SBILIFE.NS', 'SBIN.NS', 'SCHAEFFLER.NS', 'SCHNEIDER.NS', 'SCI.NS'])
2026-07-12 16:33:44,410 DEBUG AlphaScanner.Data download_history_batch split result count=10
2026-07-12 16:33:44,410 DEBUG AlphaScanner.Engine Batch download chunk 42/50 requested=10 resolved=10
2026-07-12 16:33:44,418 DEBUG AlphaScanner.Data download_history_batch(size=10, period=2y, interval=1d, use_cache=False, head=['SJVN.NS', 'SOBHA.NS', 'SOLARINDS.NS', 'SONACOMS.NS', 'SONATSOFTW.NS'])
2026-07-12 16:33:44,957 DEBUG AlphaScanner.Data download_history_batch split result count=10
2026-07-12 16:33:44,957 DEBUG AlphaScanner.Engine Batch download chunk 43/50 requested=10 resolved=10
2026-07-12 16:33:44,965 DEBUG AlphaScanner.Data download_history_batch(size=10, period=2y, interval=1d, use_cache=False, head=['SUNPHARMA.NS', 'SUNTV.NS', 'SUPREMEIND.NS', 'SUZLON.NS', 'SWANCORP.NS'])
2026-07-12 16:33:45,401 DEBUG AlphaScanner.Data download_history_batch split result count=10
2026-07-12 16:33:45,401 DEBUG AlphaScanner.Engine Batch download chunk 44/50 requested=10 resolved=10
2026-07-12 16:33:45,411 DEBUG AlphaScanner.Data download_history_batch(size=10, period=2y, interval=1d, use_cache=False, head=['TATACHEM.NS', 'TATACOMM.NS', 'TATACONSUM.NS', 'TATAELXSI.NS', 'TATAINVEST.NS'])
2026-07-12 16:33:46,048 DEBUG AlphaScanner.Data download_history_batch split result count=10
2026-07-12 16:33:46,048 DEBUG AlphaScanner.Engine Batch download chunk 45/50 requested=10 resolved=10
2026-07-12 16:33:46,058 DEBUG AlphaScanner.Data download_history_batch(size=10, period=2y, interval=1d, use_cache=False, head=['TECHM.NS', 'TECHNOE.NS', 'TEGA.NS', 'TEJASNET.NS', 'TENNIND.NS'])
2026-07-12 16:33:46,488 DEBUG AlphaScanner.Data download_history_batch split result count=10
2026-07-12 16:33:46,489 DEBUG AlphaScanner.Engine Batch download chunk 46/50 requested=10 resolved=10
2026-07-12 16:33:46,498 DEBUG AlphaScanner.Data download_history_batch(size=10, period=2y, interval=1d, use_cache=False, head=['TITAN.NS', 'TMCV.NS', 'TMPV.NS', 'TORNTPHARM.NS', 'TORNTPOWER.NS'])
2026-07-12 16:33:46,946 DEBUG AlphaScanner.Data download_history_batch split result count=10
2026-07-12 16:33:46,946 DEBUG AlphaScanner.Engine Batch download chunk 47/50 requested=10 resolved=10
2026-07-12 16:33:46,954 DEBUG AlphaScanner.Data download_history_batch(size=10, period=2y, interval=1d, use_cache=False, head=['TVSMOTOR.NS', 'UBL.NS', 'UCOBANK.NS', 'ULTRACEMCO.NS', 'UNIONBANK.NS'])
2026-07-12 16:33:47,408 DEBUG AlphaScanner.Data download_history_batch split result count=10
2026-07-12 16:33:47,408 DEBUG AlphaScanner.Engine Batch download chunk 48/50 requested=10 resolved=10
2026-07-12 16:33:47,416 DEBUG AlphaScanner.Data download_history_batch(size=10, period=2y, interval=1d, use_cache=False, head=['UTIAMC.NS', 'VBL.NS', 'VEDL.NS', 'VIJAYA.NS', 'VMM.NS'])
2026-07-12 16:33:48,042 DEBUG AlphaScanner.Data download_history_batch split result count=10
2026-07-12 16:33:48,042 DEBUG AlphaScanner.Engine Batch download chunk 49/50 requested=10 resolved=10
2026-07-12 16:33:48,050 DEBUG AlphaScanner.Data download_history_batch(size=10, period=2y, interval=1d, use_cache=False, head=['WHIRLPOOL.NS', 'WIPRO.NS', 'WOCKPHARMA.NS', 'YESBANK.NS', 'ZEEL.NS'])
2026-07-12 16:33:48,465 DEBUG AlphaScanner.Data download_history_batch split result count=10
2026-07-12 16:33:48,465 DEBUG AlphaScanner.Engine Batch download chunk 50/50 requested=10 resolved=10
2026-07-12 16:33:48,641 DEBUG AlphaScanner.Engine Concatenated legacy data shape=(499, 3000)
2026-07-12 16:33:48,690 DEBUG AlphaScanner.Engine Post-align data shape=(495, 3000) benchmark_rows=495
2026-07-12 16:34:13,508 DEBUG AlphaScanner.Engine Legacy scan completed: hits=15 scanned=485 fail_counts={'trend_fail': 231, 'momentum_fail': 49, 'volume_fail': 0, 'breakout_fail': 64, 'rs_fail': 0, 'adx_fail': 0, 'liquidity_fail': 26, 'error_fail': 15}
2026-07-12 16:34:13,539 DEBUG AlphaScanner.Service perform_fresh_scan completed: rows=15 stats_keys=['adx_fail', 'bank_nifty_change', 'bb_fail', 'breakout_fail', 'dii_net', 'error_fail', 'fakeout_trap', 'fii_net', 'liquidity_fail', 'macd_fail', 'market_bias', 'market_bias_score', 'market_breadth_50', 'market_health', 'momentum_fail', 'nifty_change', 'rs_fail', 'scanned', 'scanner_type', 'sector_sentiment', 'timeframe', 'trend_fail', 'trending_sectors', 'universe', 'universe_size', 'volume_fail']
2026-07-12 16:40:20,020 DEBUG AlphaScanner.UI.Scanner render_tab(scan_type=Breakout, universe=Nifty 500, scan_mode=Entry Scanner, timeframe=1d, use_cache=False, run_scan=False)
2026-07-12 16:40:30,621 DEBUG AlphaScanner.UI.Scanner render_tab(scan_type=Breakout, universe=Nifty 500, scan_mode=Entry Scanner, timeframe=1d, use_cache=False, run_scan=True)
2026-07-12 16:40:31,013 DEBUG AlphaScanner.UI.Scanner Starting fresh scan with min_cap=0 max_cap=0 sector_map_size=500
2026-07-12 16:40:31,014 DEBUG AlphaScanner.Service perform_fresh_scan(scanner_type=Breakout, universe=Nifty 500, timeframe=1d, scan_mode=Entry Scanner, use_cache=False, vol_thresh=1.0, rsi_min=50, rsi_max=85, dist_thresh=1.5, min_mkt_cap_cr=0, max_mkt_cap_cr=0)
2026-07-12 16:40:31,014 DEBUG AlphaScanner.Service Routing to legacy breakout scanner with normalized timeframe=1d
2026-07-12 16:40:31,014 DEBUG AlphaScanner.Engine run_scanner(scanner_type=Breakout, universe=Nifty 500, timeframe=1d, use_cache=False, incremental_fetch=False, vol_thresh=1.0, rsi_range=50-85, dist_thresh=1.5, min_cap=0, max_cap=0)
2026-07-12 16:40:31,016 DEBUG AlphaScanner.Engine Resolved legacy universe 'Nifty 500' to 500 tickers
2026-07-12 16:40:31,160 DEBUG AlphaScanner.Engine Loaded benchmark close series with 495 rows
2026-07-12 16:40:31,162 DEBUG AlphaScanner.Data download_history_batch(size=10, period=2y, interval=1d, use_cache=False, head=['360ONE.NS', '3MINDIA.NS', 'ABB.NS', 'ACC.NS', 'ACMESOLAR.NS'])
2026-07-12 16:40:31,780 DEBUG AlphaScanner.Data download_history_batch split result count=10
2026-07-12 16:40:31,780 DEBUG AlphaScanner.Engine Batch download chunk 1/50 requested=10 resolved=10
2026-07-12 16:40:31,789 DEBUG AlphaScanner.Data download_history_batch(size=10, period=2y, interval=1d, use_cache=False, head=['AARTIIND.NS', 'AAVAS.NS', 'ABBOTINDIA.NS', 'ACE.NS', 'ACUTAAS.NS'])
2026-07-12 16:40:32,265 DEBUG AlphaScanner.Data download_history_batch split result count=10
2026-07-12 16:40:32,265 DEBUG AlphaScanner.Engine Batch download chunk 2/50 requested=10 resolved=10
2026-07-12 16:40:32,273 DEBUG AlphaScanner.Data download_history_batch(size=10, period=2y, interval=1d, use_cache=False, head=['ATGL.NS', 'ABCAPITAL.NS', 'ABFRL.NS', 'ABLBL.NS', 'ABREL.NS'])
2026-07-12 16:40:32,696 DEBUG AlphaScanner.Data download_history_batch split result count=10
2026-07-12 16:40:32,696 DEBUG AlphaScanner.Engine Batch download chunk 3/50 requested=10 resolved=10
2026-07-12 16:40:32,705 DEBUG AlphaScanner.Data download_history_batch(size=10, period=2y, interval=1d, use_cache=False, head=['AFFLE.NS', 'AJANTPHARM.NS', 'ALKEM.NS', 'ABDL.NS', 'ARE&M.NS'])
2026-07-12 16:40:33,222 DEBUG AlphaScanner.Data download_history_batch split result count=10
2026-07-12 16:40:33,222 DEBUG AlphaScanner.Engine Batch download chunk 4/50 requested=10 resolved=10
2026-07-12 16:40:33,232 DEBUG AlphaScanner.Data download_history_batch(size=10, period=2y, interval=1d, use_cache=False, head=['ANTHEM.NS', 'ANURAS.NS', 'APARINDS.NS', 'APOLLOHOSP.NS', 'APOLLOTYRE.NS'])
2026-07-12 16:40:33,794 DEBUG AlphaScanner.Data download_history_batch split result count=10
2026-07-12 16:40:33,794 DEBUG AlphaScanner.Engine Batch download chunk 5/50 requested=10 resolved=10
2026-07-12 16:40:33,809 DEBUG AlphaScanner.Data download_history_batch(size=10, period=2y, interval=1d, use_cache=False, head=['ASTRAL.NS', 'ATHERENERG.NS', 'ATUL.NS', 'AUROPHARMA.NS', 'AIIL.NS'])
2026-07-12 16:40:34,268 DEBUG AlphaScanner.Data download_history_batch split result count=10
2026-07-12 16:40:34,269 DEBUG AlphaScanner.Engine Batch download chunk 6/50 requested=10 resolved=10
2026-07-12 16:40:34,280 DEBUG AlphaScanner.Data download_history_batch(size=10, period=2y, interval=1d, use_cache=False, head=['BAJAJ-AUTO.NS', 'BAJFINANCE.NS', 'BAJAJFINSV.NS', 'BAJAJHLDNG.NS', 'BAJAJHFL.NS'])
2026-07-12 16:40:34,718 DEBUG AlphaScanner.Data download_history_batch split result count=10
2026-07-12 16:40:34,718 DEBUG AlphaScanner.Engine Batch download chunk 7/50 requested=10 resolved=10
2026-07-12 16:40:34,730 DEBUG AlphaScanner.Data download_history_batch(size=10, period=2y, interval=1d, use_cache=False, head=['MAHABANK.NS', 'BATAINDIA.NS', 'BAYERCROP.NS', 'BELRISE.NS', 'BERGEPAINT.NS'])
2026-07-12 16:40:35,283 DEBUG AlphaScanner.Data download_history_batch split result count=10
2026-07-12 16:40:35,283 DEBUG AlphaScanner.Engine Batch download chunk 8/50 requested=10 resolved=10
2026-07-12 16:40:35,292 DEBUG AlphaScanner.Data download_history_batch(size=10, period=2y, interval=1d, use_cache=False, head=['BHARTIARTL.NS', 'BHARTIHEXA.NS', 'BIKAJI.NS', 'GROWW.NS', 'BIOCON.NS'])
2026-07-12 16:40:35,754 DEBUG AlphaScanner.Data download_history_batch split result count=10
2026-07-12 16:40:35,755 DEBUG AlphaScanner.Engine Batch download chunk 9/50 requested=10 resolved=10
2026-07-12 16:40:35,765 DEBUG AlphaScanner.Data download_history_batch(size=10, period=2y, interval=1d, use_cache=False, head=['BOSCHLTD.NS', 'FIRSTCRY.NS', 'BRIGADE.NS', 'BRITANNIA.NS', 'MAPMYINDIA.NS'])
2026-07-12 16:40:36,234 DEBUG AlphaScanner.Data download_history_batch split result count=10
2026-07-12 16:40:36,235 DEBUG AlphaScanner.Engine Batch download chunk 10/50 requested=10 resolved=10
2026-07-12 16:40:36,243 DEBUG AlphaScanner.Data download_history_batch(size=10, period=2y, interval=1d, use_cache=False, head=['CANFINHOME.NS', 'CANBK.NS', 'CANHLIFE.NS', 'CAPLIPOINT.NS', 'CGCL.NS'])
2026-07-12 16:40:36,706 DEBUG AlphaScanner.Data download_history_batch split result count=10
2026-07-12 16:40:36,706 DEBUG AlphaScanner.Engine Batch download chunk 11/50 requested=10 resolved=10
2026-07-12 16:40:36,715 DEBUG AlphaScanner.Data download_history_batch(size=10, period=2y, interval=1d, use_cache=False, head=['CENTRALBK.NS', 'CDSL.NS', 'CHALET.NS', 'CHAMBLFERT.NS', 'CHENNPETRO.NS'])
2026-07-12 16:40:37,100 DEBUG AlphaScanner.Data download_history_batch split result count=10
2026-07-12 16:40:37,100 DEBUG AlphaScanner.Engine Batch download chunk 12/50 requested=10 resolved=10
2026-07-12 16:40:37,110 DEBUG AlphaScanner.Data download_history_batch(size=10, period=2y, interval=1d, use_cache=False, head=['CLEAN.NS', 'COALINDIA.NS', 'COCHINSHIP.NS', 'COFORGE.NS', 'COHANCE.NS'])
2026-07-12 16:40:37,661 DEBUG AlphaScanner.Data download_history_batch split result count=10
2026-07-12 16:40:37,661 DEBUG AlphaScanner.Engine Batch download chunk 13/50 requested=10 resolved=10
2026-07-12 16:40:37,670 DEBUG AlphaScanner.Data download_history_batch(size=10, period=2y, interval=1d, use_cache=False, head=['CRAFTSMAN.NS', 'CREDITACC.NS', 'CROMPTON.NS', 'CUMMINSIND.NS', 'CYIENT.NS'])
2026-07-12 16:40:38,286 DEBUG AlphaScanner.Data download_history_batch split result count=10
2026-07-12 16:40:38,286 DEBUG AlphaScanner.Engine Batch download chunk 14/50 requested=10 resolved=10
2026-07-12 16:40:38,296 DEBUG AlphaScanner.Data download_history_batch(size=10, period=2y, interval=1d, use_cache=False, head=['DATAPATTNS.NS', 'DEEPAKFERT.NS', 'DEEPAKNTR.NS', 'DELHIVERY.NS', 'DEVYANI.NS'])
2026-07-12 16:40:38,692 DEBUG AlphaScanner.Data download_history_batch split result count=10
2026-07-12 16:40:38,693 DEBUG AlphaScanner.Engine Batch download chunk 15/50 requested=10 resolved=10
2026-07-12 16:40:38,701 DEBUG AlphaScanner.Data download_history_batch(size=10, period=2y, interval=1d, use_cache=False, head=['EIHOTEL.NS', 'EICHERMOT.NS', 'ELECON.NS', 'ELGIEQUIP.NS', 'EMAMILTD.NS'])
2026-07-12 16:40:39,160 DEBUG AlphaScanner.Data download_history_batch split result count=10
2026-07-12 16:40:39,160 DEBUG AlphaScanner.Engine Batch download chunk 16/50 requested=10 resolved=10
2026-07-12 16:40:39,169 DEBUG AlphaScanner.Data download_history_batch(size=10, period=2y, interval=1d, use_cache=False, head=['ESCORTS.NS', 'ETERNAL.NS', 'EXIDEIND.NS', 'NYKAA.NS', 'FEDERALBNK.NS'])
2026-07-12 16:40:39,664 DEBUG AlphaScanner.Data download_history_batch split result count=10
2026-07-12 16:40:39,664 DEBUG AlphaScanner.Engine Batch download chunk 17/50 requested=10 resolved=10
2026-07-12 16:40:39,677 DEBUG AlphaScanner.Data download_history_batch(size=10, period=2y, interval=1d, use_cache=False, head=['FORTIS.NS', 'GAIL.NS', 'GVT&D.NS', 'GMRAIRPORT.NS', 'GABRIEL.NS'])
2026-07-12 16:40:40,264 DEBUG AlphaScanner.Data download_history_batch split result count=10
2026-07-12 16:40:40,264 DEBUG AlphaScanner.Engine Batch download chunk 18/50 requested=10 resolved=10
2026-07-12 16:40:40,273 DEBUG AlphaScanner.Data download_history_batch(size=10, period=2y, interval=1d, use_cache=False, head=['GLAXO.NS', 'GLENMARK.NS', 'MEDANTA.NS', 'GODIGIT.NS', 'GPIL.NS'])
2026-07-12 16:40:40,871 DEBUG AlphaScanner.Data download_history_batch split result count=10
2026-07-12 16:40:40,872 DEBUG AlphaScanner.Engine Batch download chunk 19/50 requested=10 resolved=10
2026-07-12 16:40:40,881 DEBUG AlphaScanner.Data download_history_batch(size=10, period=2y, interval=1d, use_cache=False, head=['GRAPHITE.NS', 'GRASIM.NS', 'GRAVITA.NS', 'GESHIP.NS', 'FLUOROCHEM.NS'])
2026-07-12 16:40:41,469 DEBUG AlphaScanner.Data download_history_batch split result count=10
2026-07-12 16:40:41,469 DEBUG AlphaScanner.Engine Batch download chunk 20/50 requested=10 resolved=10
2026-07-12 16:40:41,479 DEBUG AlphaScanner.Data download_history_batch(size=10, period=2y, interval=1d, use_cache=False, head=['HDFCAMC.NS', 'HDFCBANK.NS', 'HDFCLIFE.NS', 'HFCL.NS', 'HAVELLS.NS'])
2026-07-12 16:40:42,407 DEBUG AlphaScanner.Data download_history_batch split result count=10
2026-07-12 16:40:42,408 DEBUG AlphaScanner.Engine Batch download chunk 21/50 requested=10 resolved=10
2026-07-12 16:40:42,418 DEBUG AlphaScanner.Data download_history_batch(size=10, period=2y, interval=1d, use_cache=False, head=['HINDCOPPER.NS', 'HINDPETRO.NS', 'HINDUNILVR.NS', 'HINDZINC.NS', 'POWERINDIA.NS'])
2026-07-12 16:40:42,850 DEBUG AlphaScanner.Data download_history_batch split result count=10
2026-07-12 16:40:42,851 DEBUG AlphaScanner.Engine Batch download chunk 22/50 requested=10 resolved=10
2026-07-12 16:40:42,859 DEBUG AlphaScanner.Data download_history_batch(size=10, period=2y, interval=1d, use_cache=False, head=['ICICIBANK.NS', 'ICICIGI.NS', 'ICICIAMC.NS', 'ICICIPRULI.NS', 'IDBI.NS'])
2026-07-12 16:40:43,250 DEBUG AlphaScanner.Data download_history_batch split result count=10
2026-07-12 16:40:43,251 DEBUG AlphaScanner.Engine Batch download chunk 23/50 requested=10 resolved=10
2026-07-12 16:40:43,262 DEBUG AlphaScanner.Data download_history_batch(size=10, period=2y, interval=1d, use_cache=False, head=['ITCHOTELS.NS', 'ITC.NS', 'ITI.NS', 'INDGN.NS', 'INDIACEM.NS'])
2026-07-12 16:40:43,706 DEBUG AlphaScanner.Data download_history_batch split result count=10
2026-07-12 16:40:43,706 DEBUG AlphaScanner.Engine Batch download chunk 24/50 requested=10 resolved=10
2026-07-12 16:40:43,715 DEBUG AlphaScanner.Data download_history_batch(size=10, period=2y, interval=1d, use_cache=False, head=['IOB.NS', 'IRCTC.NS', 'IRFC.NS', 'IREDA.NS', 'IGL.NS'])
2026-07-12 16:40:44,109 DEBUG AlphaScanner.Data download_history_batch split result count=10
2026-07-12 16:40:44,109 DEBUG AlphaScanner.Engine Batch download chunk 25/50 requested=10 resolved=10
2026-07-12 16:40:44,118 DEBUG AlphaScanner.Data download_history_batch(size=10, period=2y, interval=1d, use_cache=False, head=['INTELLECT.NS', 'INDIGO.NS', 'IGIL.NS', 'IKS.NS', 'IPCALAB.NS'])
2026-07-12 16:40:44,510 DEBUG AlphaScanner.Data download_history_batch split result count=10
2026-07-12 16:40:44,510 DEBUG AlphaScanner.Engine Batch download chunk 26/50 requested=10 resolved=10
2026-07-12 16:40:44,519 DEBUG AlphaScanner.Data download_history_batch(size=10, period=2y, interval=1d, use_cache=False, head=['JSWCEMENT.NS', 'JSWDULUX.NS', 'JSWENERGY.NS', 'JSWINFRA.NS', 'JSWSTEEL.NS'])
2026-07-12 16:40:44,911 DEBUG AlphaScanner.Data download_history_batch split result count=10
2026-07-12 16:40:44,912 DEBUG AlphaScanner.Engine Batch download chunk 27/50 requested=10 resolved=10
2026-07-12 16:40:44,921 DEBUG AlphaScanner.Data download_history_batch(size=10, period=2y, interval=1d, use_cache=False, head=['JINDALSTEL.NS', 'JIOFIN.NS', 'JUBLFOOD.NS', 'JUBLINGREA.NS', 'JUBLPHARMA.NS'])
2026-07-12 16:40:45,296 DEBUG AlphaScanner.Data download_history_batch split result count=10
2026-07-12 16:40:45,297 DEBUG AlphaScanner.Engine Batch download chunk 28/50 requested=10 resolved=10
2026-07-12 16:40:45,305 DEBUG AlphaScanner.Data download_history_batch(size=10, period=2y, interval=1d, use_cache=False, head=['KAJARIACER.NS', 'KPIL.NS', 'KALYANKJIL.NS', 'KARURVYSYA.NS', 'KAYNES.NS'])
2026-07-12 16:40:46,048 DEBUG AlphaScanner.Data download_history_batch split result count=10
2026-07-12 16:40:46,048 DEBUG AlphaScanner.Engine Batch download chunk 29/50 requested=10 resolved=10
2026-07-12 16:40:46,058 DEBUG AlphaScanner.Data download_history_batch(size=10, period=2y, interval=1d, use_cache=False, head=['LTF.NS', 'LTTS.NS', 'LGEINDIA.NS', 'LICHSGFIN.NS', 'LTFOODS.NS'])
2026-07-12 16:40:46,473 DEBUG AlphaScanner.Data download_history_batch split result count=10
2026-07-12 16:40:46,474 DEBUG AlphaScanner.Engine Batch download chunk 30/50 requested=10 resolved=10
2026-07-12 16:40:46,489 DEBUG AlphaScanner.Data download_history_batch(size=10, period=2y, interval=1d, use_cache=False, head=['LEMONTREE.NS', 'LENSKART.NS', 'LICI.NS', 'LINDEINDIA.NS', 'LLOYDSME.NS'])
2026-07-12 16:40:47,016 DEBUG AlphaScanner.Data download_history_batch split result count=10
2026-07-12 16:40:47,016 DEBUG AlphaScanner.Engine Batch download chunk 31/50 requested=10 resolved=10
2026-07-12 16:40:47,026 DEBUG AlphaScanner.Data download_history_batch(size=10, period=2y, interval=1d, use_cache=False, head=['M&MFIN.NS', 'M&M.NS', 'MANAPPURAM.NS', 'MRPL.NS', 'MANKIND.NS'])
2026-07-12 16:40:47,527 DEBUG AlphaScanner.Data download_history_batch split result count=10
2026-07-12 16:40:47,527 DEBUG AlphaScanner.Engine Batch download chunk 32/50 requested=10 resolved=10
2026-07-12 16:40:47,536 DEBUG AlphaScanner.Data download_history_batch(size=10, period=2y, interval=1d, use_cache=False, head=['MEESHO.NS', 'MINDACORP.NS', 'MSUMI.NS', 'MOTILALOFS.NS', 'MPHASIS.NS'])
2026-07-12 16:40:48,079 DEBUG AlphaScanner.Data download_history_batch split result count=10
2026-07-12 16:40:48,079 DEBUG AlphaScanner.Engine Batch download chunk 33/50 requested=10 resolved=10
2026-07-12 16:40:48,087 DEBUG AlphaScanner.Data download_history_batch(size=10, period=2y, interval=1d, use_cache=False, head=['NHPC.NS', 'NLCINDIA.NS', 'NMDC.NS', 'NSLNISP.NS', 'NTPCGREEN.NS'])
2026-07-12 16:40:48,541 DEBUG AlphaScanner.Data download_history_batch split result count=10
2026-07-12 16:40:48,542 DEBUG AlphaScanner.Engine Batch download chunk 34/50 requested=10 resolved=10
2026-07-12 16:40:48,552 DEBUG AlphaScanner.Data download_history_batch(size=10, period=2y, interval=1d, use_cache=False, head=['NESTLEIND.NS', 'NETWEB.NS', 'NEULANDLAB.NS', 'NEWGEN.NS', 'NAM-INDIA.NS'])
2026-07-12 16:40:48,953 DEBUG AlphaScanner.Data download_history_batch split result count=10
2026-07-12 16:40:48,953 DEBUG AlphaScanner.Engine Batch download chunk 35/50 requested=10 resolved=10
2026-07-12 16:40:48,964 DEBUG AlphaScanner.Data download_history_batch(size=10, period=2y, interval=1d, use_cache=False, head=['OIL.NS', 'OLAELEC.NS', 'OLECTRA.NS', 'PAYTM.NS', 'ONESOURCE.NS'])
2026-07-12 16:40:49,326 DEBUG AlphaScanner.Data download_history_batch split result count=10
2026-07-12 16:40:49,326 DEBUG AlphaScanner.Engine Batch download chunk 36/50 requested=10 resolved=10
2026-07-12 16:40:49,336 DEBUG AlphaScanner.Data download_history_batch(size=10, period=2y, interval=1d, use_cache=False, head=['PNBHOUSING.NS', 'PTCIL.NS', 'PVRINOX.NS', 'PAGEIND.NS', 'PARADEEP.NS'])
2026-07-12 16:40:49,941 DEBUG AlphaScanner.Data download_history_batch split result count=10
2026-07-12 16:40:49,941 DEBUG AlphaScanner.Engine Batch download chunk 37/50 requested=10 resolved=10
2026-07-12 16:40:49,950 DEBUG AlphaScanner.Data download_history_batch(size=10, period=2y, interval=1d, use_cache=False, head=['PWL.NS', 'PIDILITIND.NS', 'PINELABS.NS', 'PIRAMALFIN.NS', 'PPLPHARMA.NS'])
2026-07-12 16:40:50,341 DEBUG AlphaScanner.Data download_history_batch split result count=10
2026-07-12 16:40:50,341 DEBUG AlphaScanner.Engine Batch download chunk 38/50 requested=10 resolved=10
2026-07-12 16:40:50,355 DEBUG AlphaScanner.Data download_history_batch(size=10, period=2y, interval=1d, use_cache=False, head=['PREMIERENE.NS', 'PRESTIGE.NS', 'PNB.NS', 'RRKABEL.NS', 'RBLBANK.NS'])
2026-07-12 16:40:50,857 DEBUG AlphaScanner.Data download_history_batch split result count=10
2026-07-12 16:40:50,857 DEBUG AlphaScanner.Engine Batch download chunk 39/50 requested=10 resolved=10
2026-07-12 16:40:50,865 DEBUG AlphaScanner.Data download_history_batch(size=10, period=2y, interval=1d, use_cache=False, head=['RAILTEL.NS', 'RAINBOW.NS', 'RKFORGE.NS', 'REDINGTON.NS', 'RELIANCE.NS'])
2026-07-12 16:40:51,300 DEBUG AlphaScanner.Data download_history_batch split result count=10
2026-07-12 16:40:51,300 DEBUG AlphaScanner.Engine Batch download chunk 40/50 requested=10 resolved=10
2026-07-12 16:40:51,311 DEBUG AlphaScanner.Data download_history_batch(size=10, period=2y, interval=1d, use_cache=False, head=['SRF.NS', 'SAGILITY.NS', 'SAILIFE.NS', 'SAMMAANCAP.NS', 'MOTHERSON.NS'])
2026-07-12 16:40:51,797 DEBUG AlphaScanner.Data download_history_batch split result count=10
2026-07-12 16:40:51,798 DEBUG AlphaScanner.Engine Batch download chunk 41/50 requested=10 resolved=10
2026-07-12 16:40:51,805 DEBUG AlphaScanner.Data download_history_batch(size=10, period=2y, interval=1d, use_cache=False, head=['SCI.NS', 'SHREECEM.NS', 'SHRIRAMFIN.NS', 'SHYAMMETL.NS', 'ENRIN.NS'])
2026-07-12 16:40:52,323 DEBUG AlphaScanner.Data download_history_batch split result count=10
2026-07-12 16:40:52,324 DEBUG AlphaScanner.Engine Batch download chunk 42/50 requested=10 resolved=10
2026-07-12 16:40:52,335 DEBUG AlphaScanner.Data download_history_batch(size=10, period=2y, interval=1d, use_cache=False, head=['SONATSOFTW.NS', 'STARHEALTH.NS', 'SBIN.NS', 'SAIL.NS', 'SUMICHEM.NS'])
2026-07-12 16:40:52,810 DEBUG AlphaScanner.Data download_history_batch split result count=10
2026-07-12 16:40:52,810 DEBUG AlphaScanner.Engine Batch download chunk 43/50 requested=10 resolved=10
2026-07-12 16:40:52,820 DEBUG AlphaScanner.Data download_history_batch(size=10, period=2y, interval=1d, use_cache=False, head=['SUZLON.NS', 'SWANCORP.NS', 'SWIGGY.NS', 'SYNGENE.NS', 'SYRMA.NS'])
2026-07-12 16:40:53,281 DEBUG AlphaScanner.Data download_history_batch split result count=10
2026-07-12 16:40:53,281 DEBUG AlphaScanner.Engine Batch download chunk 44/50 requested=10 resolved=10
2026-07-12 16:40:53,291 DEBUG AlphaScanner.Data download_history_batch(size=10, period=2y, interval=1d, use_cache=False, head=['TCS.NS', 'TATACONSUM.NS', 'TATAELXSI.NS', 'TATAINVEST.NS', 'TMCV.NS'])
2026-07-12 16:40:53,669 DEBUG AlphaScanner.Data download_history_batch split result count=10
2026-07-12 16:40:53,669 DEBUG AlphaScanner.Engine Batch download chunk 45/50 requested=10 resolved=10
2026-07-12 16:40:53,680 DEBUG AlphaScanner.Data download_history_batch(size=10, period=2y, interval=1d, use_cache=False, head=['TECHM.NS', 'TECHNOE.NS', 'TEGA.NS', 'TEJASNET.NS', 'TENNIND.NS'])
2026-07-12 16:40:54,054 DEBUG AlphaScanner.Data download_history_batch split result count=10
2026-07-12 16:40:54,054 DEBUG AlphaScanner.Engine Batch download chunk 46/50 requested=10 resolved=10
2026-07-12 16:40:54,065 DEBUG AlphaScanner.Data download_history_batch(size=10, period=2y, interval=1d, use_cache=False, head=['TITAN.NS', 'TORNTPHARM.NS', 'TORNTPOWER.NS', 'TARIL.NS', 'TRAVELFOOD.NS'])
2026-07-12 16:40:54,530 DEBUG AlphaScanner.Data download_history_batch split result count=10
2026-07-12 16:40:54,531 DEBUG AlphaScanner.Engine Batch download chunk 47/50 requested=10 resolved=10
2026-07-12 16:40:54,539 DEBUG AlphaScanner.Data download_history_batch(size=10, period=2y, interval=1d, use_cache=False, head=['UNOMINDA.NS', 'UPL.NS', 'UTIAMC.NS', 'ULTRACEMCO.NS', 'UNIONBANK.NS'])
2026-07-12 16:40:54,936 DEBUG AlphaScanner.Data download_history_batch split result count=10
2026-07-12 16:40:54,936 DEBUG AlphaScanner.Engine Batch download chunk 48/50 requested=10 resolved=10
2026-07-12 16:40:54,946 DEBUG AlphaScanner.Data download_history_batch(size=10, period=2y, interval=1d, use_cache=False, head=['VBL.NS', 'VEDL.NS', 'VIJAYA.NS', 'VMM.NS', 'IDEA.NS'])
2026-07-12 16:40:55,543 DEBUG AlphaScanner.Data download_history_batch split result count=10
2026-07-12 16:40:55,543 DEBUG AlphaScanner.Engine Batch download chunk 49/50 requested=10 resolved=10
2026-07-12 16:40:55,563 DEBUG AlphaScanner.Data download_history_batch(size=10, period=2y, interval=1d, use_cache=False, head=['WIPRO.NS', 'WOCKPHARMA.NS', 'YESBANK.NS', 'ZFCVINDIA.NS', 'ZEEL.NS'])
2026-07-12 16:40:56,081 DEBUG AlphaScanner.Data download_history_batch split result count=10
2026-07-12 16:40:56,081 DEBUG AlphaScanner.Engine Batch download chunk 50/50 requested=10 resolved=10
2026-07-12 16:40:56,235 DEBUG AlphaScanner.Engine Concatenated legacy data shape=(499, 3000)
2026-07-12 16:40:56,284 DEBUG AlphaScanner.Engine Post-align data shape=(495, 3000) benchmark_rows=495
2026-07-12 16:41:14,895 DEBUG AlphaScanner.Engine Legacy scan completed: hits=10 scanned=485 fail_counts={'trend_fail': 287, 'momentum_fail': 52, 'volume_fail': 89, 'breakout_fail': 106, 'rs_fail': 0, 'adx_fail': 5, 'liquidity_fail': 17, 'error_fail': 15}
2026-07-12 16:41:14,917 DEBUG AlphaScanner.Service perform_fresh_scan completed: rows=10 stats_keys=['adx_fail', 'bank_nifty_change', 'bb_fail', 'breakout_fail', 'dii_net', 'error_fail', 'fakeout_trap', 'fii_net', 'liquidity_fail', 'macd_fail', 'market_bias', 'market_bias_score', 'market_breadth_50', 'market_health', 'momentum_fail', 'nifty_change', 'rs_fail', 'scanned', 'scanner_type', 'sector_sentiment', 'timeframe', 'trend_fail', 'trending_sectors', 'universe', 'universe_size', 'volume_fail']
2026-07-12 16:42:01,262 DEBUG AlphaScanner.UI.Scanner render_tab(scan_type=Breakout, universe=Nifty 500, scan_mode=Entry Scanner, timeframe=1d, use_cache=False, run_scan=False)
2026-07-12 16:42:01,400 DEBUG AlphaScanner.UI.Scanner render_tab(scan_type=Breakout, universe=Nifty 500, scan_mode=Entry Scanner, timeframe=1d, use_cache=False, run_scan=False)
2026-07-12 16:42:44,430 DEBUG AlphaScanner.UI.Scanner render_tab(scan_type=Breakout, universe=Nifty 500, scan_mode=Entry Scanner, timeframe=1d, use_cache=False, run_scan=False)
2026-07-12 16:42:44,530 DEBUG AlphaScanner.UI.Scanner render_tab(scan_type=Breakout, universe=Nifty 500, scan_mode=Entry Scanner, timeframe=1d, use_cache=False, run_scan=False)
2026-07-12 16:42:52,663 DEBUG AlphaScanner.UI.Scanner render_tab(scan_type=Breakout, universe=Nifty 500, scan_mode=Entry Scanner, timeframe=1d, use_cache=False, run_scan=False)
2026-07-12 16:42:52,798 DEBUG AlphaScanner.UI.Scanner render_tab(scan_type=Breakout, universe=Nifty 500, scan_mode=Entry Scanner, timeframe=1d, use_cache=False, run_scan=False)
2026-07-12 16:43:27,598 DEBUG AlphaScanner.UI.Scanner render_tab(scan_type=Breakout, universe=Nifty 500, scan_mode=Entry Scanner, timeframe=1d, use_cache=False, run_scan=False)
2026-07-12 16:43:27,691 DEBUG AlphaScanner.UI.Scanner render_tab(scan_type=Breakout, universe=Nifty 500, scan_mode=Entry Scanner, timeframe=1d, use_cache=False, run_scan=False)
2026-07-12 16:46:00,547 DEBUG AlphaScanner.UI.Scanner render_tab(scan_type=Breakout, universe=Total Market (Cap Focused), scan_mode=Entry Scanner, timeframe=1d, use_cache=False, run_scan=False)
2026-07-12 16:46:04,662 DEBUG AlphaScanner.UI.Scanner render_tab(scan_type=Modular Momentum, universe=Total Market (Cap Focused), scan_mode=Entry Scanner, timeframe=1d, use_cache=False, run_scan=False)
2026-07-12 16:46:08,516 DEBUG AlphaScanner.UI.Scanner render_tab(scan_type=Modular Momentum, universe=Total Market (Cap Focused), scan_mode=Entry Scanner, timeframe=1d, use_cache=False, run_scan=True)
2026-07-12 16:46:09,142 DEBUG AlphaScanner.UI.Scanner Starting fresh scan with min_cap=500 max_cap=20000 sector_map_size=500
2026-07-12 16:46:09,142 DEBUG AlphaScanner.Service perform_fresh_scan(scanner_type=Modular Momentum, universe=Total Market (Cap Focused), timeframe=1d, scan_mode=Entry Scanner, use_cache=False, vol_thresh=0.6, rsi_min=35, rsi_max=75, dist_thresh=5.0, min_mkt_cap_cr=500, max_mkt_cap_cr=20000)
2026-07-12 16:46:09,143 DEBUG AlphaScanner.Service Routing to modular scanner with config={'universe': 'Total Market (Cap Focused)', 'min_candles': 300, 'interval': '1d', 'lookback_period': '2y', 'max_candidates': 15, 'min_total_score': 25.0, 'watchlist_min_score': 60.0, 'entry_min_score': 70.0, 'watchlist_trend_weight': 0.2, 'watchlist_base_weight': 0.35, 'watchlist_volume_weight': 0.2, 'watchlist_rs_weight': 0.15, 'watchlist_sector_weight': 0.1, 'entry_trend_weight': 0.2, 'entry_breakout_weight': 0.25, 'entry_volume_weight': 0.2, 'entry_rs_weight': 0.15, 'entry_sector_weight': 0.15, 'entry_risk_weight': 0.1, 'watchlist_price_above_ema200': True, 'watchlist_base_high_pct': 5.0, 'watchlist_base_range_pct': 10.0, 'watchlist_base_days_min': 10, 'watchlist_atr_contraction_pct': -15.0, 'watchlist_bbw_contraction_pct': -20.0, 'watchlist_volume_dryup_pct': -25.0, 'watchlist_rs_min': 60.0, 'watchlist_sector_strength_min': 0.0, 'entry_breakout_volume_ratio': 2.0, 'entry_rs_rank_min': 80.0, 'entry_risk_reward_min': 2.0, 'entry_extension_pct': 10.0, 'entry_atr_expansion_pct': 1.8, 'market_regime_trend_weight': 0.3, 'market_regime_breadth_weight': 0.25, 'market_regime_momentum_weight': 0.2, 'market_regime_volume_weight': 0.15, 'market_regime_volatility_weight': 0.1, 'market_regime_bullish_threshold': 75.0, 'market_regime_neutral_threshold': 55.0, 'market_regime_caution_threshold': 40.0, 'market_regime_bearish_threshold': 0.0, 'market_regime_bullish_penalty': 1.0, 'market_regime_neutral_penalty': 0.95, 'market_regime_caution_penalty': 0.85, 'market_regime_bearish_penalty': 0.7, 'market_regime_buy_min_bullish': 80.0, 'market_regime_buy_min_neutral': 85.0, 'market_regime_buy_min_caution': 90.0, 'market_regime_buy_min_bearish': 95.0, 'market_regime_nifty50_period': '2y', 'market_regime_nifty500_period': '2y', 'market_regime_breadth_min_above_ema20': 45.0, 'market_regime_breadth_min_above_ema50': 40.0, 'market_regime_breadth_min_above_ema200': 25.0, 'market_regime_atr_window': 14, 'market_regime_volume_window': 20, 'market_regime_volatility_window': 20, 'market_regime_momentum_return_cap_pct': 10.0, 'market_regime_ema_buffer_pct': 0.5, 'market_regime_distribution_day_window': 20, 'market_regime_accumulation_day_window': 20, 'market_regime_volume_trend_threshold_pct': 10.0, 'market_regime_volatility_high_threshold_pct': 15.0, 'market_regime_volatility_mid_threshold_pct': 8.0, 'market_regime_accumulation_edge_days': 2, 'market_regime_distribution_edge_days': 2, 'mtf_weekly_weight': 20.0, 'mtf_daily_weight': 50.0, 'mtf_hourly_weight': 30.0, 'mtf_weekly_max_points': 20.0, 'mtf_daily_max_points': 50.0, 'mtf_hourly_max_points': 30.0, 'mtf_strong_buy_threshold': 90.0, 'mtf_buy_threshold': 80.0, 'mtf_watch_threshold': 65.0, 'mtf_wait_threshold': 50.0, 'mtf_weekly_bullish_threshold': 14.0, 'mtf_weekly_neutral_threshold': 10.0, 'mtf_weekly_bearish_threshold': 6.0, 'mtf_daily_bullish_threshold': 35.0, 'mtf_daily_neutral_threshold': 25.0, 'mtf_hourly_bullish_threshold': 20.0, 'mtf_hourly_neutral_threshold': 12.0, 'mtf_weekly_lookback_period': '2y', 'mtf_daily_lookback_period': '1y', 'mtf_hourly_lookback_period': '60d', 'mtf_hourly_ema_fast': 20, 'mtf_hourly_ema_slow': 50, 'mtf_weekly_veto_enabled': True, 'mtf_enable_confirmation': False, 'ema_fast': 20, 'ema_medium': 50, 'ema_slow': 200, 'atr_window': 20, 'contraction_window': 20, 'volume_sma_window': 20, 'volume_contraction_lookback': 20, 'volume_multiplier': 1.6, 'relative_strength_window': 90, 'relative_strength_period_1': 30, 'relative_strength_period_2': 60, 'relative_strength_period_3': 90, 'relative_strength_min_data': 30, 'sector_lookback': 60, 'risk_atr_multiplier': 2.5, 'sector_blacklist': ['Financial Services', 'Utilities'], 'required_columns': ['Open', 'High', 'Low', 'Close', 'Volume']}
2026-07-12 16:46:09,144 INFO AlphaScanner.Scanner Starting dual-mode scanner with config {'universe': 'Total Market (Cap Focused)', 'min_candles': 300, 'interval': '1d', 'lookback_period': '2y', 'max_candidates': 15, 'min_total_score': 25.0, 'watchlist_min_score': 60.0, 'entry_min_score': 70.0, 'watchlist_trend_weight': 0.2, 'watchlist_base_weight': 0.35, 'watchlist_volume_weight': 0.2, 'watchlist_rs_weight': 0.15, 'watchlist_sector_weight': 0.1, 'entry_trend_weight': 0.2, 'entry_breakout_weight': 0.25, 'entry_volume_weight': 0.2, 'entry_rs_weight': 0.15, 'entry_sector_weight': 0.15, 'entry_risk_weight': 0.1, 'watchlist_price_above_ema200': True, 'watchlist_base_high_pct': 5.0, 'watchlist_base_range_pct': 10.0, 'watchlist_base_days_min': 10, 'watchlist_atr_contraction_pct': -15.0, 'watchlist_bbw_contraction_pct': -20.0, 'watchlist_volume_dryup_pct': -25.0, 'watchlist_rs_min': 60.0, 'watchlist_sector_strength_min': 0.0, 'entry_breakout_volume_ratio': 2.0, 'entry_rs_rank_min': 80.0, 'entry_risk_reward_min': 2.0, 'entry_extension_pct': 10.0, 'entry_atr_expansion_pct': 1.8, 'market_regime_trend_weight': 0.3, 'market_regime_breadth_weight': 0.25, 'market_regime_momentum_weight': 0.2, 'market_regime_volume_weight': 0.15, 'market_regime_volatility_weight': 0.1, 'market_regime_bullish_threshold': 75.0, 'market_regime_neutral_threshold': 55.0, 'market_regime_caution_threshold': 40.0, 'market_regime_bearish_threshold': 0.0, 'market_regime_bullish_penalty': 1.0, 'market_regime_neutral_penalty': 0.95, 'market_regime_caution_penalty': 0.85, 'market_regime_bearish_penalty': 0.7, 'market_regime_buy_min_bullish': 80.0, 'market_regime_buy_min_neutral': 85.0, 'market_regime_buy_min_caution': 90.0, 'market_regime_buy_min_bearish': 95.0, 'market_regime_nifty50_period': '2y', 'market_regime_nifty500_period': '2y', 'market_regime_breadth_min_above_ema20': 45.0, 'market_regime_breadth_min_above_ema50': 40.0, 'market_regime_breadth_min_above_ema200': 25.0, 'market_regime_atr_window': 14, 'market_regime_volume_window': 20, 'market_regime_volatility_window': 20, 'market_regime_momentum_return_cap_pct': 10.0, 'market_regime_ema_buffer_pct': 0.5, 'market_regime_distribution_day_window': 20, 'market_regime_accumulation_day_window': 20, 'market_regime_volume_trend_threshold_pct': 10.0, 'market_regime_volatility_high_threshold_pct': 15.0, 'market_regime_volatility_mid_threshold_pct': 8.0, 'market_regime_accumulation_edge_days': 2, 'market_regime_distribution_edge_days': 2, 'mtf_weekly_weight': 20.0, 'mtf_daily_weight': 50.0, 'mtf_hourly_weight': 30.0, 'mtf_weekly_max_points': 20.0, 'mtf_daily_max_points': 50.0, 'mtf_hourly_max_points': 30.0, 'mtf_strong_buy_threshold': 90.0, 'mtf_buy_threshold': 80.0, 'mtf_watch_threshold': 65.0, 'mtf_wait_threshold': 50.0, 'mtf_weekly_bullish_threshold': 14.0, 'mtf_weekly_neutral_threshold': 10.0, 'mtf_weekly_bearish_threshold': 6.0, 'mtf_daily_bullish_threshold': 35.0, 'mtf_daily_neutral_threshold': 25.0, 'mtf_hourly_bullish_threshold': 20.0, 'mtf_hourly_neutral_threshold': 12.0, 'mtf_weekly_lookback_period': '2y', 'mtf_daily_lookback_period': '1y', 'mtf_hourly_lookback_period': '60d', 'mtf_hourly_ema_fast': 20, 'mtf_hourly_ema_slow': 50, 'mtf_weekly_veto_enabled': True, 'mtf_enable_confirmation': False, 'ema_fast': 20, 'ema_medium': 50, 'ema_slow': 200, 'atr_window': 20, 'contraction_window': 20, 'volume_sma_window': 20, 'volume_contraction_lookback': 20, 'volume_multiplier': 1.6, 'relative_strength_window': 90, 'relative_strength_period_1': 30, 'relative_strength_period_2': 60, 'relative_strength_period_3': 90, 'relative_strength_min_data': 30, 'sector_lookback': 60, 'risk_atr_multiplier': 2.5, 'sector_blacklist': ['Financial Services', 'Utilities'], 'required_columns': ['Open', 'High', 'Low', 'Close', 'Volume']}
2026-07-12 16:46:09,144 DEBUG AlphaScanner.Scanner Dual-mode scan requested with universe=Total Market (Cap Focused) interval=1d min_candles=300 use_cache=False
2026-07-12 16:46:09,148 DEBUG AlphaScanner.Data get_universe(Total Market (Cap Focused)) -> 500 symbols
2026-07-12 16:46:09,148 DEBUG AlphaScanner.Scanner Resolved universe size=500 head=['360ONE.NS', '3MINDIA.NS', 'AADHARHFC.NS', 'AARTIIND.NS', 'AAVAS.NS']
2026-07-12 16:46:09,151 DEBUG AlphaScanner.Data download_history_batch(size=5, period=2y, interval=1d, use_cache=False, head=['360ONE.NS', '3MINDIA.NS', 'AADHARHFC.NS', 'AARTIIND.NS', 'AAVAS.NS'])
2026-07-12 16:46:09,470 DEBUG AlphaScanner.Data download_history_batch split result count=5
2026-07-12 16:46:09,470 DEBUG AlphaScanner.Scanner Downloaded chunk 1/100 size=5 resolved=5
2026-07-12 16:46:09,553 DEBUG AlphaScanner.Scanner Chunk 1/100 complete: watchlist=3 entry=1
2026-07-12 16:46:09,553 DEBUG AlphaScanner.Data download_history_batch(size=5, period=2y, interval=1d, use_cache=False, head=['ABB.NS', 'ABBOTINDIA.NS', 'ABCAPITAL.NS', 'ABDL.NS', 'ABFRL.NS'])
2026-07-12 16:46:09,969 DEBUG AlphaScanner.Data download_history_batch split result count=5
2026-07-12 16:46:09,969 DEBUG AlphaScanner.Scanner Downloaded chunk 2/100 size=5 resolved=5
2026-07-12 16:46:10,066 DEBUG AlphaScanner.Scanner Chunk 2/100 complete: watchlist=4 entry=3
2026-07-12 16:46:10,067 DEBUG AlphaScanner.Data download_history_batch(size=5, period=2y, interval=1d, use_cache=False, head=['ABLBL.NS', 'ABREL.NS', 'ABSLAMC.NS', 'ACC.NS', 'ACE.NS'])
2026-07-12 16:46:10,391 DEBUG AlphaScanner.Data download_history_batch split result count=5
2026-07-12 16:46:10,391 DEBUG AlphaScanner.Scanner Downloaded chunk 3/100 size=5 resolved=5
2026-07-12 16:46:10,455 DEBUG AlphaScanner.Scanner Chunk 3/100 complete: watchlist=6 entry=3
2026-07-12 16:46:10,456 DEBUG AlphaScanner.Data download_history_batch(size=5, period=2y, interval=1d, use_cache=False, head=['ACMESOLAR.NS', 'ACUTAAS.NS', 'ADANIENSOL.NS', 'ADANIENT.NS', 'ADANIGREEN.NS'])
2026-07-12 16:46:10,717 DEBUG AlphaScanner.Data download_history_batch split result count=5
2026-07-12 16:46:10,718 DEBUG AlphaScanner.Scanner Downloaded chunk 4/100 size=5 resolved=5
2026-07-12 16:46:10,798 DEBUG AlphaScanner.Scanner Chunk 4/100 complete: watchlist=8 entry=4
2026-07-12 16:46:10,800 DEBUG AlphaScanner.Data download_history_batch(size=5, period=2y, interval=1d, use_cache=False, head=['ADANIPORTS.NS', 'ADANIPOWER.NS', 'AEGISLOG.NS', 'AEGISVOPAK.NS', 'AFCONS.NS'])
2026-07-12 16:46:11,114 DEBUG AlphaScanner.Data download_history_batch split result count=5
2026-07-12 16:46:11,114 DEBUG AlphaScanner.Scanner Downloaded chunk 5/100 size=5 resolved=5
2026-07-12 16:46:11,172 DEBUG AlphaScanner.Scanner Chunk 5/100 complete: watchlist=8 entry=4
2026-07-12 16:46:11,173 DEBUG AlphaScanner.Data download_history_batch(size=5, period=2y, interval=1d, use_cache=False, head=['AFFLE.NS', 'AIAENG.NS', 'AIIL.NS', 'AJANTPHARM.NS', 'ALKEM.NS'])
2026-07-12 16:46:11,483 DEBUG AlphaScanner.Data download_history_batch split result count=5
2026-07-12 16:46:11,483 DEBUG AlphaScanner.Scanner Downloaded chunk 6/100 size=5 resolved=5
2026-07-12 16:46:11,553 DEBUG AlphaScanner.Scanner Chunk 6/100 complete: watchlist=10 entry=4
2026-07-12 16:46:11,554 DEBUG AlphaScanner.Data download_history_batch(size=5, period=2y, interval=1d, use_cache=False, head=['AMBER.NS', 'AMBUJACEM.NS', 'ANANDRATHI.NS', 'ANANTRAJ.NS', 'ANGELONE.NS'])
2026-07-12 16:46:11,898 DEBUG AlphaScanner.Data download_history_batch split result count=5
2026-07-12 16:46:11,899 DEBUG AlphaScanner.Scanner Downloaded chunk 7/100 size=5 resolved=5
2026-07-12 16:46:11,965 DEBUG AlphaScanner.Scanner Chunk 7/100 complete: watchlist=13 entry=6
2026-07-12 16:46:11,966 DEBUG AlphaScanner.Data download_history_batch(size=5, period=2y, interval=1d, use_cache=False, head=['ANTHEM.NS', 'ANURAS.NS', 'APARINDS.NS', 'APLAPOLLO.NS', 'APOLLOHOSP.NS'])
2026-07-12 16:46:12,220 DEBUG AlphaScanner.Data download_history_batch split result count=5
2026-07-12 16:46:12,220 DEBUG AlphaScanner.Scanner Downloaded chunk 8/100 size=5 resolved=5
2026-07-12 16:46:12,274 DEBUG AlphaScanner.Scanner Chunk 8/100 complete: watchlist=15 entry=6
2026-07-12 16:46:12,276 DEBUG AlphaScanner.Data download_history_batch(size=5, period=2y, interval=1d, use_cache=False, head=['APOLLOTYRE.NS', 'APTUS.NS', 'ARE&M.NS', 'ASAHIINDIA.NS', 'ASHOKLEY.NS'])
2026-07-12 16:46:12,662 DEBUG AlphaScanner.Data download_history_batch split result count=5
2026-07-12 16:46:12,662 DEBUG AlphaScanner.Scanner Downloaded chunk 9/100 size=5 resolved=5
2026-07-12 16:46:12,742 DEBUG AlphaScanner.Scanner Chunk 9/100 complete: watchlist=19 entry=8
2026-07-12 16:46:12,743 DEBUG AlphaScanner.Data download_history_batch(size=5, period=2y, interval=1d, use_cache=False, head=['ASIANPAINT.NS', 'ASTERDM.NS', 'ASTRAL.NS', 'ATGL.NS', 'ATHERENERG.NS'])
2026-07-12 16:46:13,042 DEBUG AlphaScanner.Data download_history_batch split result count=5
2026-07-12 16:46:13,042 DEBUG AlphaScanner.Scanner Downloaded chunk 10/100 size=5 resolved=5
2026-07-12 16:46:13,112 DEBUG AlphaScanner.Scanner Chunk 10/100 complete: watchlist=21 entry=9
2026-07-12 16:46:13,113 DEBUG AlphaScanner.Data download_history_batch(size=5, period=2y, interval=1d, use_cache=False, head=['ATUL.NS', 'AUBANK.NS', 'AUROPHARMA.NS', 'AWL.NS', 'AXISBANK.NS'])
2026-07-12 16:46:13,402 DEBUG AlphaScanner.Data download_history_batch split result count=5
2026-07-12 16:46:13,402 DEBUG AlphaScanner.Scanner Downloaded chunk 11/100 size=5 resolved=5
2026-07-12 16:46:13,470 DEBUG AlphaScanner.Scanner Chunk 11/100 complete: watchlist=23 entry=10
2026-07-12 16:46:13,470 DEBUG AlphaScanner.Data download_history_batch(size=5, period=2y, interval=1d, use_cache=False, head=['BAJAJ-AUTO.NS', 'BAJAJFINSV.NS', 'BAJAJHFL.NS', 'BAJAJHLDNG.NS', 'BAJFINANCE.NS'])
2026-07-12 16:46:13,840 DEBUG AlphaScanner.Data download_history_batch split result count=5
2026-07-12 16:46:13,840 DEBUG AlphaScanner.Scanner Downloaded chunk 12/100 size=5 resolved=5
2026-07-12 16:46:13,910 DEBUG AlphaScanner.Scanner Chunk 12/100 complete: watchlist=27 entry=10
2026-07-12 16:46:13,912 DEBUG AlphaScanner.Data download_history_batch(size=5, period=2y, interval=1d, use_cache=False, head=['BALKRISIND.NS', 'BALRAMCHIN.NS', 'BANDHANBNK.NS', 'BANKBARODA.NS', 'BANKINDIA.NS'])
2026-07-12 16:46:14,293 DEBUG AlphaScanner.Data download_history_batch split result count=5
2026-07-12 16:46:14,293 DEBUG AlphaScanner.Scanner Downloaded chunk 13/100 size=5 resolved=5
2026-07-12 16:46:14,367 DEBUG AlphaScanner.Scanner Chunk 13/100 complete: watchlist=31 entry=14
2026-07-12 16:46:14,367 DEBUG AlphaScanner.Data download_history_batch(size=5, period=2y, interval=1d, use_cache=False, head=['BATAINDIA.NS', 'BAYERCROP.NS', 'BBTC.NS', 'BDL.NS', 'BEL.NS'])
2026-07-12 16:46:14,723 DEBUG AlphaScanner.Data download_history_batch split result count=5
2026-07-12 16:46:14,723 DEBUG AlphaScanner.Scanner Downloaded chunk 14/100 size=5 resolved=5
2026-07-12 16:46:14,800 DEBUG AlphaScanner.Scanner Chunk 14/100 complete: watchlist=31 entry=14
2026-07-12 16:46:14,800 DEBUG AlphaScanner.Data download_history_batch(size=5, period=2y, interval=1d, use_cache=False, head=['BELRISE.NS', 'BEML.NS', 'BERGEPAINT.NS', 'BHARATFORG.NS', 'BHARTIARTL.NS'])
2026-07-12 16:46:15,204 DEBUG AlphaScanner.Data download_history_batch split result count=5
2026-07-12 16:46:15,204 DEBUG AlphaScanner.Scanner Downloaded chunk 15/100 size=5 resolved=5
2026-07-12 16:46:15,255 DEBUG AlphaScanner.Scanner Chunk 15/100 complete: watchlist=34 entry=14
2026-07-12 16:46:15,256 DEBUG AlphaScanner.Data download_history_batch(size=5, period=2y, interval=1d, use_cache=False, head=['BHARTIHEXA.NS', 'BHEL.NS', 'BIKAJI.NS', 'BIOCON.NS', 'BLS.NS'])
2026-07-12 16:46:15,655 DEBUG AlphaScanner.Data download_history_batch split result count=5
2026-07-12 16:46:15,655 DEBUG AlphaScanner.Scanner Downloaded chunk 16/100 size=5 resolved=5
2026-07-12 16:46:15,722 DEBUG AlphaScanner.Scanner Chunk 16/100 complete: watchlist=36 entry=16
2026-07-12 16:46:15,723 DEBUG AlphaScanner.Data download_history_batch(size=5, period=2y, interval=1d, use_cache=False, head=['BLUEDART.NS', 'BLUEJET.NS', 'BLUESTARCO.NS', 'BOSCHLTD.NS', 'BPCL.NS'])
2026-07-12 16:46:16,210 DEBUG AlphaScanner.Data download_history_batch split result count=5
2026-07-12 16:46:16,210 DEBUG AlphaScanner.Scanner Downloaded chunk 17/100 size=5 resolved=5
2026-07-12 16:46:16,278 DEBUG AlphaScanner.Scanner Chunk 17/100 complete: watchlist=38 entry=18
2026-07-12 16:46:16,279 DEBUG AlphaScanner.Data download_history_batch(size=5, period=2y, interval=1d, use_cache=False, head=['BRIGADE.NS', 'BRITANNIA.NS', 'BSE.NS', 'BSOFT.NS', 'CAMS.NS'])
2026-07-12 16:46:16,538 DEBUG AlphaScanner.Data download_history_batch split result count=5
2026-07-12 16:46:16,538 DEBUG AlphaScanner.Scanner Downloaded chunk 18/100 size=5 resolved=5
2026-07-12 16:46:16,603 DEBUG AlphaScanner.Scanner Chunk 18/100 complete: watchlist=39 entry=20
2026-07-12 16:46:16,604 DEBUG AlphaScanner.Data download_history_batch(size=5, period=2y, interval=1d, use_cache=False, head=['CANBK.NS', 'CANFINHOME.NS', 'CANHLIFE.NS', 'CAPLIPOINT.NS', 'CARBORUNIV.NS'])
2026-07-12 16:46:16,886 DEBUG AlphaScanner.Data download_history_batch split result count=5
2026-07-12 16:46:16,886 DEBUG AlphaScanner.Scanner Downloaded chunk 19/100 size=5 resolved=5
2026-07-12 16:46:16,966 DEBUG AlphaScanner.Scanner Chunk 19/100 complete: watchlist=40 entry=21
2026-07-12 16:46:16,968 DEBUG AlphaScanner.Data download_history_batch(size=5, period=2y, interval=1d, use_cache=False, head=['CARTRADE.NS', 'CASTROLIND.NS', 'CCL.NS', 'CDSL.NS', 'CEATLTD.NS'])
2026-07-12 16:46:17,281 DEBUG AlphaScanner.Data download_history_batch split result count=5
2026-07-12 16:46:17,281 DEBUG AlphaScanner.Scanner Downloaded chunk 20/100 size=5 resolved=5
2026-07-12 16:46:17,366 DEBUG AlphaScanner.Scanner Chunk 20/100 complete: watchlist=42 entry=22
2026-07-12 16:46:17,367 DEBUG AlphaScanner.Data download_history_batch(size=5, period=2y, interval=1d, use_cache=False, head=['CEMPRO.NS', 'CENTRALBK.NS', 'CESC.NS', 'CGCL.NS', 'CGPOWER.NS'])
2026-07-12 16:46:17,709 DEBUG AlphaScanner.Data download_history_batch split result count=5
2026-07-12 16:46:17,710 DEBUG AlphaScanner.Scanner Downloaded chunk 21/100 size=5 resolved=5
2026-07-12 16:46:17,778 DEBUG AlphaScanner.Scanner Chunk 21/100 complete: watchlist=43 entry=22
2026-07-12 16:46:17,778 DEBUG AlphaScanner.Data download_history_batch(size=5, period=2y, interval=1d, use_cache=False, head=['CHALET.NS', 'CHAMBLFERT.NS', 'CHENNPETRO.NS', 'CHOICEIN.NS', 'CHOLAFIN.NS'])
2026-07-12 16:46:18,027 DEBUG AlphaScanner.Data download_history_batch split result count=5
2026-07-12 16:46:18,027 DEBUG AlphaScanner.Scanner Downloaded chunk 22/100 size=5 resolved=5
2026-07-12 16:46:18,097 DEBUG AlphaScanner.Scanner Chunk 22/100 complete: watchlist=43 entry=23
2026-07-12 16:46:18,098 DEBUG AlphaScanner.Data download_history_batch(size=5, period=2y, interval=1d, use_cache=False, head=['CHOLAHLDNG.NS', 'CIEINDIA.NS', 'CIPLA.NS', 'CLEAN.NS', 'COALINDIA.NS'])
2026-07-12 16:46:18,438 DEBUG AlphaScanner.Data download_history_batch split result count=5
2026-07-12 16:46:18,439 DEBUG AlphaScanner.Scanner Downloaded chunk 23/100 size=5 resolved=5
2026-07-12 16:46:18,502 DEBUG AlphaScanner.Scanner Chunk 23/100 complete: watchlist=46 entry=23
2026-07-12 16:46:18,503 DEBUG AlphaScanner.Data download_history_batch(size=5, period=2y, interval=1d, use_cache=False, head=['COCHINSHIP.NS', 'COFORGE.NS', 'COHANCE.NS', 'COLPAL.NS', 'CONCOR.NS'])
2026-07-12 16:46:18,794 DEBUG AlphaScanner.Data download_history_batch split result count=5
2026-07-12 16:46:18,794 DEBUG AlphaScanner.Scanner Downloaded chunk 24/100 size=5 resolved=5
2026-07-12 16:46:18,860 DEBUG AlphaScanner.Scanner Chunk 24/100 complete: watchlist=47 entry=24
2026-07-12 16:46:18,862 DEBUG AlphaScanner.Data download_history_batch(size=5, period=2y, interval=1d, use_cache=False, head=['CONCORDBIO.NS', 'COROMANDEL.NS', 'CPPLUS.NS', 'CRAFTSMAN.NS', 'CREDITACC.NS'])
2026-07-12 16:46:19,205 DEBUG AlphaScanner.Data download_history_batch split result count=5
2026-07-12 16:46:19,205 DEBUG AlphaScanner.Scanner Downloaded chunk 25/100 size=5 resolved=5
2026-07-12 16:46:19,278 DEBUG AlphaScanner.Scanner Chunk 25/100 complete: watchlist=49 entry=24
2026-07-12 16:46:19,278 DEBUG AlphaScanner.Data download_history_batch(size=5, period=2y, interval=1d, use_cache=False, head=['CRISIL.NS', 'CROMPTON.NS', 'CUB.NS', 'CUMMINSIND.NS', 'CYIENT.NS'])
2026-07-12 16:46:19,904 DEBUG AlphaScanner.Data download_history_batch split result count=5
2026-07-12 16:46:19,905 DEBUG AlphaScanner.Scanner Downloaded chunk 26/100 size=5 resolved=5
2026-07-12 16:46:19,985 DEBUG AlphaScanner.Scanner Chunk 26/100 complete: watchlist=50 entry=25
2026-07-12 16:46:19,986 DEBUG AlphaScanner.Data download_history_batch(size=5, period=2y, interval=1d, use_cache=False, head=['DABUR.NS', 'DALBHARAT.NS', 'DATAPATTNS.NS', 'DCMSHRIRAM.NS', 'DEEPAKFERT.NS'])
2026-07-12 16:46:20,597 DEBUG AlphaScanner.Data download_history_batch split result count=5
2026-07-12 16:46:20,598 DEBUG AlphaScanner.Scanner Downloaded chunk 27/100 size=5 resolved=5
2026-07-12 16:46:20,684 DEBUG AlphaScanner.Scanner Chunk 27/100 complete: watchlist=52 entry=25
2026-07-12 16:46:20,688 DEBUG AlphaScanner.Data download_history_batch(size=5, period=2y, interval=1d, use_cache=False, head=['DEEPAKNTR.NS', 'DELHIVERY.NS', 'DEVYANI.NS', 'DIVISLAB.NS', 'DIXON.NS'])
2026-07-12 16:46:20,953 DEBUG AlphaScanner.Data download_history_batch split result count=5
2026-07-12 16:46:20,954 DEBUG AlphaScanner.Scanner Downloaded chunk 28/100 size=5 resolved=5
2026-07-12 16:46:21,021 DEBUG AlphaScanner.Scanner Chunk 28/100 complete: watchlist=53 entry=25
2026-07-12 16:46:21,021 DEBUG AlphaScanner.Data download_history_batch(size=5, period=2y, interval=1d, use_cache=False, head=['DLF.NS', 'DMART.NS', 'DOMS.NS', 'DRREDDY.NS', 'ECLERX.NS'])
2026-07-12 16:46:21,429 DEBUG AlphaScanner.Data download_history_batch split result count=5
2026-07-12 16:46:21,429 DEBUG AlphaScanner.Scanner Downloaded chunk 29/100 size=5 resolved=5
2026-07-12 16:46:21,490 DEBUG AlphaScanner.Scanner Chunk 29/100 complete: watchlist=54 entry=26
2026-07-12 16:46:21,492 DEBUG AlphaScanner.Data download_history_batch(size=5, period=2y, interval=1d, use_cache=False, head=['EICHERMOT.NS', 'EIDPARRY.NS', 'EIHOTEL.NS', 'ELECON.NS', 'ELGIEQUIP.NS'])
2026-07-12 16:46:21,816 DEBUG AlphaScanner.Data download_history_batch split result count=5
2026-07-12 16:46:21,817 DEBUG AlphaScanner.Scanner Downloaded chunk 30/100 size=5 resolved=5
2026-07-12 16:46:21,901 DEBUG AlphaScanner.Scanner Chunk 30/100 complete: watchlist=56 entry=26
2026-07-12 16:46:21,902 DEBUG AlphaScanner.Data download_history_batch(size=5, period=2y, interval=1d, use_cache=False, head=['EMAMILTD.NS', 'EMCURE.NS', 'EMMVEE.NS', 'ENDURANCE.NS', 'ENGINERSIN.NS'])
2026-07-12 16:46:22,204 DEBUG AlphaScanner.Data download_history_batch split result count=5
2026-07-12 16:46:22,204 DEBUG AlphaScanner.Scanner Downloaded chunk 31/100 size=5 resolved=5
2026-07-12 16:46:22,272 DEBUG AlphaScanner.Scanner Chunk 31/100 complete: watchlist=58 entry=27
2026-07-12 16:46:22,273 DEBUG AlphaScanner.Data download_history_batch(size=5, period=2y, interval=1d, use_cache=False, head=['ENRIN.NS', 'ERIS.NS', 'ESCORTS.NS', 'ETERNAL.NS', 'EXIDEIND.NS'])
2026-07-12 16:46:22,823 DEBUG AlphaScanner.Data download_history_batch split result count=5
2026-07-12 16:46:22,824 DEBUG AlphaScanner.Scanner Downloaded chunk 32/100 size=5 resolved=5
2026-07-12 16:46:22,902 DEBUG AlphaScanner.Scanner Chunk 32/100 complete: watchlist=60 entry=27
2026-07-12 16:46:22,903 DEBUG AlphaScanner.Data download_history_batch(size=5, period=2y, interval=1d, use_cache=False, head=['FACT.NS', 'FEDERALBNK.NS', 'FINCABLES.NS', 'FIRSTCRY.NS', 'FIVESTAR.NS'])
2026-07-12 16:46:23,260 DEBUG AlphaScanner.Data download_history_batch split result count=5
2026-07-12 16:46:23,261 DEBUG AlphaScanner.Scanner Downloaded chunk 33/100 size=5 resolved=5
2026-07-12 16:46:23,326 DEBUG AlphaScanner.Scanner Chunk 33/100 complete: watchlist=61 entry=27
2026-07-12 16:46:23,327 DEBUG AlphaScanner.Data download_history_batch(size=5, period=2y, interval=1d, use_cache=False, head=['FLUOROCHEM.NS', 'FORCEMOT.NS', 'FORTIS.NS', 'FSL.NS', 'GABRIEL.NS'])
2026-07-12 16:46:23,668 DEBUG AlphaScanner.Data download_history_batch split result count=5
2026-07-12 16:46:23,668 DEBUG AlphaScanner.Scanner Downloaded chunk 34/100 size=5 resolved=5
2026-07-12 16:46:23,756 DEBUG AlphaScanner.Scanner Chunk 34/100 complete: watchlist=63 entry=29
2026-07-12 16:46:23,757 DEBUG AlphaScanner.Data download_history_batch(size=5, period=2y, interval=1d, use_cache=False, head=['GAIL.NS', 'GALLANTT.NS', 'GESHIP.NS', 'GICRE.NS', 'GILLETTE.NS'])
2026-07-12 16:46:24,094 DEBUG AlphaScanner.Data download_history_batch split result count=5
2026-07-12 16:46:24,094 DEBUG AlphaScanner.Scanner Downloaded chunk 35/100 size=5 resolved=5
2026-07-12 16:46:24,156 DEBUG AlphaScanner.Scanner Chunk 35/100 complete: watchlist=65 entry=29
2026-07-12 16:46:24,157 DEBUG AlphaScanner.Data download_history_batch(size=5, period=2y, interval=1d, use_cache=False, head=['GLAND.NS', 'GLAXO.NS', 'GLENMARK.NS', 'GMDCLTD.NS', 'GMRAIRPORT.NS'])
2026-07-12 16:46:24,432 DEBUG AlphaScanner.Data download_history_batch split result count=5
2026-07-12 16:46:24,432 DEBUG AlphaScanner.Scanner Downloaded chunk 36/100 size=5 resolved=5
2026-07-12 16:46:24,496 DEBUG AlphaScanner.Scanner Chunk 36/100 complete: watchlist=67 entry=29
2026-07-12 16:46:24,497 DEBUG AlphaScanner.Data download_history_batch(size=5, period=2y, interval=1d, use_cache=False, head=['GODFRYPHLP.NS', 'GODIGIT.NS', 'GODREJCP.NS', 'GODREJIND.NS', 'GODREJPROP.NS'])
2026-07-12 16:46:24,844 DEBUG AlphaScanner.Data download_history_batch split result count=5
2026-07-12 16:46:24,844 DEBUG AlphaScanner.Scanner Downloaded chunk 37/100 size=5 resolved=5
2026-07-12 16:46:24,933 DEBUG AlphaScanner.Scanner Chunk 37/100 complete: watchlist=67 entry=31
2026-07-12 16:46:24,934 DEBUG AlphaScanner.Data download_history_batch(size=5, period=2y, interval=1d, use_cache=False, head=['GPIL.NS', 'GRANULES.NS', 'GRAPHITE.NS', 'GRASIM.NS', 'GRAVITA.NS'])
2026-07-12 16:46:25,298 DEBUG AlphaScanner.Data download_history_batch split result count=5
2026-07-12 16:46:25,298 DEBUG AlphaScanner.Scanner Downloaded chunk 38/100 size=5 resolved=5
2026-07-12 16:46:25,378 DEBUG AlphaScanner.Scanner Chunk 38/100 complete: watchlist=68 entry=33
2026-07-12 16:46:25,379 DEBUG AlphaScanner.Data download_history_batch(size=5, period=2y, interval=1d, use_cache=False, head=['GROWW.NS', 'GRSE.NS', 'GVT&D.NS', 'HAL.NS', 'HAVELLS.NS'])
2026-07-12 16:46:25,881 DEBUG AlphaScanner.Data download_history_batch split result count=5
2026-07-12 16:46:25,882 DEBUG AlphaScanner.Scanner Downloaded chunk 39/100 size=5 resolved=5
2026-07-12 16:46:25,966 DEBUG AlphaScanner.Scanner Chunk 39/100 complete: watchlist=70 entry=34
2026-07-12 16:46:25,967 DEBUG AlphaScanner.Data download_history_batch(size=5, period=2y, interval=1d, use_cache=False, head=['HBLENGINE.NS', 'HCLTECH.NS', 'HDBFS.NS', 'HDFCAMC.NS', 'HDFCBANK.NS'])
2026-07-12 16:46:26,441 DEBUG AlphaScanner.Data download_history_batch split result count=5
2026-07-12 16:46:26,441 DEBUG AlphaScanner.Scanner Downloaded chunk 40/100 size=5 resolved=5
2026-07-12 16:46:26,491 DEBUG AlphaScanner.Scanner Chunk 40/100 complete: watchlist=71 entry=35
2026-07-12 16:46:26,492 DEBUG AlphaScanner.Data download_history_batch(size=5, period=2y, interval=1d, use_cache=False, head=['HDFCLIFE.NS', 'HEG.NS', 'HEROMOTOCO.NS', 'HEXT.NS', 'HFCL.NS'])
2026-07-12 16:46:26,747 DEBUG AlphaScanner.Data download_history_batch split result count=5
2026-07-12 16:46:26,747 DEBUG AlphaScanner.Scanner Downloaded chunk 41/100 size=5 resolved=5
2026-07-12 16:46:26,812 DEBUG AlphaScanner.Scanner Chunk 41/100 complete: watchlist=72 entry=37
2026-07-12 16:46:26,812 DEBUG AlphaScanner.Data download_history_batch(size=5, period=2y, interval=1d, use_cache=False, head=['HINDALCO.NS', 'HINDCOPPER.NS', 'HINDPETRO.NS', 'HINDUNILVR.NS', 'HINDZINC.NS'])
2026-07-12 16:46:27,204 DEBUG AlphaScanner.Data download_history_batch split result count=5
2026-07-12 16:46:27,204 DEBUG AlphaScanner.Scanner Downloaded chunk 42/100 size=5 resolved=5
2026-07-12 16:46:27,268 DEBUG AlphaScanner.Scanner Chunk 42/100 complete: watchlist=73 entry=39
2026-07-12 16:46:27,269 DEBUG AlphaScanner.Data download_history_batch(size=5, period=2y, interval=1d, use_cache=False, head=['HOMEFIRST.NS', 'HONASA.NS', 'HONAUT.NS', 'HSCL.NS', 'HUDCO.NS'])
2026-07-12 16:46:27,531 DEBUG AlphaScanner.Data download_history_batch split result count=5
2026-07-12 16:46:27,531 DEBUG AlphaScanner.Scanner Downloaded chunk 43/100 size=5 resolved=5
2026-07-12 16:46:27,617 DEBUG AlphaScanner.Scanner Chunk 43/100 complete: watchlist=75 entry=39
2026-07-12 16:46:27,618 DEBUG AlphaScanner.Data download_history_batch(size=5, period=2y, interval=1d, use_cache=False, head=['HYUNDAI.NS', 'ICICIAMC.NS', 'ICICIBANK.NS', 'ICICIGI.NS', 'ICICIPRULI.NS'])
2026-07-12 16:46:27,876 DEBUG AlphaScanner.Data download_history_batch split result count=5
2026-07-12 16:46:27,877 DEBUG AlphaScanner.Scanner Downloaded chunk 44/100 size=5 resolved=5
2026-07-12 16:46:27,928 DEBUG AlphaScanner.Scanner Chunk 44/100 complete: watchlist=79 entry=40
2026-07-12 16:46:27,929 DEBUG AlphaScanner.Data download_history_batch(size=5, period=2y, interval=1d, use_cache=False, head=['IDBI.NS', 'IDEA.NS', 'IDFCFIRSTB.NS', 'IEX.NS', 'IFCI.NS'])
2026-07-12 16:46:28,290 DEBUG AlphaScanner.Data download_history_batch split result count=5
2026-07-12 16:46:28,291 DEBUG AlphaScanner.Scanner Downloaded chunk 45/100 size=5 resolved=5
2026-07-12 16:46:28,381 DEBUG AlphaScanner.Scanner Chunk 45/100 complete: watchlist=80 entry=41
2026-07-12 16:46:28,382 DEBUG AlphaScanner.Data download_history_batch(size=5, period=2y, interval=1d, use_cache=False, head=['IGIL.NS', 'IGL.NS', 'IIFL.NS', 'IKS.NS', 'INDGN.NS'])
2026-07-12 16:46:28,665 DEBUG AlphaScanner.Data download_history_batch split result count=5
2026-07-12 16:46:28,665 DEBUG AlphaScanner.Scanner Downloaded chunk 46/100 size=5 resolved=5
2026-07-12 16:46:28,737 DEBUG AlphaScanner.Scanner Chunk 46/100 complete: watchlist=80 entry=43
2026-07-12 16:46:28,738 DEBUG AlphaScanner.Data download_history_batch(size=5, period=2y, interval=1d, use_cache=False, head=['INDHOTEL.NS', 'INDIACEM.NS', 'INDIAMART.NS', 'INDIANB.NS', 'INDIGO.NS'])
2026-07-12 16:46:29,015 DEBUG AlphaScanner.Data download_history_batch split result count=5
2026-07-12 16:46:29,015 DEBUG AlphaScanner.Scanner Downloaded chunk 47/100 size=5 resolved=5
2026-07-12 16:46:29,079 DEBUG AlphaScanner.Scanner Chunk 47/100 complete: watchlist=81 entry=45
2026-07-12 16:46:29,079 DEBUG AlphaScanner.Data download_history_batch(size=5, period=2y, interval=1d, use_cache=False, head=['INDUSINDBK.NS', 'INDUSTOWER.NS', 'INFY.NS', 'INOXWIND.NS', 'INTELLECT.NS'])
2026-07-12 16:46:29,364 DEBUG AlphaScanner.Data download_history_batch split result count=5
2026-07-12 16:46:29,364 DEBUG AlphaScanner.Scanner Downloaded chunk 48/100 size=5 resolved=5
2026-07-12 16:46:29,448 DEBUG AlphaScanner.Scanner Chunk 48/100 complete: watchlist=82 entry=46
2026-07-12 16:46:29,449 DEBUG AlphaScanner.Data download_history_batch(size=5, period=2y, interval=1d, use_cache=False, head=['IOB.NS', 'IOC.NS', 'IPCALAB.NS', 'IRB.NS', 'IRCON.NS'])
2026-07-12 16:46:29,796 DEBUG AlphaScanner.Data download_history_batch split result count=5
2026-07-12 16:46:29,796 DEBUG AlphaScanner.Scanner Downloaded chunk 49/100 size=5 resolved=5
2026-07-12 16:46:29,858 DEBUG AlphaScanner.Scanner Chunk 49/100 complete: watchlist=83 entry=46
2026-07-12 16:46:29,859 DEBUG AlphaScanner.Data download_history_batch(size=5, period=2y, interval=1d, use_cache=False, head=['IRCTC.NS', 'IREDA.NS', 'IRFC.NS', 'ITC.NS', 'ITCHOTELS.NS'])
2026-07-12 16:46:30,203 DEBUG AlphaScanner.Data download_history_batch split result count=5
2026-07-12 16:46:30,203 DEBUG AlphaScanner.Scanner Downloaded chunk 50/100 size=5 resolved=5
2026-07-12 16:46:30,270 DEBUG AlphaScanner.Scanner Chunk 50/100 complete: watchlist=84 entry=48
2026-07-12 16:46:30,270 DEBUG AlphaScanner.Data download_history_batch(size=5, period=2y, interval=1d, use_cache=False, head=['ITI.NS', 'J&KBANK.NS', 'JAINREC.NS', 'JBCHEPHARM.NS', 'JBMA.NS'])
2026-07-12 16:46:30,584 DEBUG AlphaScanner.Data download_history_batch split result count=5
2026-07-12 16:46:30,584 DEBUG AlphaScanner.Scanner Downloaded chunk 51/100 size=5 resolved=5
2026-07-12 16:46:30,641 DEBUG AlphaScanner.Scanner Chunk 51/100 complete: watchlist=85 entry=50
2026-07-12 16:46:30,642 DEBUG AlphaScanner.Data download_history_batch(size=5, period=2y, interval=1d, use_cache=False, head=['JINDALSAW.NS', 'JINDALSTEL.NS', 'JIOFIN.NS', 'JKCEMENT.NS', 'JKTYRE.NS'])
2026-07-12 16:46:30,927 DEBUG AlphaScanner.Data download_history_batch split result count=5
2026-07-12 16:46:30,927 DEBUG AlphaScanner.Scanner Downloaded chunk 52/100 size=5 resolved=5
2026-07-12 16:46:30,995 DEBUG AlphaScanner.Scanner Chunk 52/100 complete: watchlist=88 entry=53
2026-07-12 16:46:30,995 DEBUG AlphaScanner.Data download_history_batch(size=5, period=2y, interval=1d, use_cache=False, head=['JMFINANCIL.NS', 'JPPOWER.NS', 'JSL.NS', 'JSWCEMENT.NS', 'JSWDULUX.NS'])
2026-07-12 16:46:31,243 DEBUG AlphaScanner.Data download_history_batch split result count=5
2026-07-12 16:46:31,243 DEBUG AlphaScanner.Scanner Downloaded chunk 53/100 size=5 resolved=5
2026-07-12 16:46:31,308 DEBUG AlphaScanner.Scanner Chunk 53/100 complete: watchlist=89 entry=53
2026-07-12 16:46:31,310 DEBUG AlphaScanner.Data download_history_batch(size=5, period=2y, interval=1d, use_cache=False, head=['JSWENERGY.NS', 'JSWINFRA.NS', 'JSWSTEEL.NS', 'JUBLFOOD.NS', 'JUBLINGREA.NS'])
2026-07-12 16:46:31,697 DEBUG AlphaScanner.Data download_history_batch split result count=5
2026-07-12 16:46:31,697 DEBUG AlphaScanner.Scanner Downloaded chunk 54/100 size=5 resolved=5
2026-07-12 16:46:31,783 DEBUG AlphaScanner.Scanner Chunk 54/100 complete: watchlist=90 entry=54
2026-07-12 16:46:31,783 DEBUG AlphaScanner.Data download_history_batch(size=5, period=2y, interval=1d, use_cache=False, head=['JUBLPHARMA.NS', 'JWL.NS', 'JYOTICNC.NS', 'KAJARIACER.NS', 'KALYANKJIL.NS'])
2026-07-12 16:46:32,035 DEBUG AlphaScanner.Data download_history_batch split result count=5
2026-07-12 16:46:32,035 DEBUG AlphaScanner.Scanner Downloaded chunk 55/100 size=5 resolved=5
2026-07-12 16:46:32,112 DEBUG AlphaScanner.Scanner Chunk 55/100 complete: watchlist=91 entry=55
2026-07-12 16:46:32,112 DEBUG AlphaScanner.Data download_history_batch(size=5, period=2y, interval=1d, use_cache=False, head=['KARURVYSYA.NS', 'KAYNES.NS', 'KEC.NS', 'KEI.NS', 'KFINTECH.NS'])
2026-07-12 16:46:32,359 DEBUG AlphaScanner.Data download_history_batch split result count=5
2026-07-12 16:46:32,359 DEBUG AlphaScanner.Scanner Downloaded chunk 56/100 size=5 resolved=5
2026-07-12 16:46:32,440 DEBUG AlphaScanner.Scanner Chunk 56/100 complete: watchlist=93 entry=56
2026-07-12 16:46:32,441 DEBUG AlphaScanner.Data download_history_batch(size=5, period=2y, interval=1d, use_cache=False, head=['KIMS.NS', 'KIRLOSENG.NS', 'KOTAKBANK.NS', 'KPIL.NS', 'KPITTECH.NS'])
2026-07-12 16:46:32,815 DEBUG AlphaScanner.Data download_history_batch split result count=5
2026-07-12 16:46:32,815 DEBUG AlphaScanner.Scanner Downloaded chunk 57/100 size=5 resolved=5
2026-07-12 16:46:32,893 DEBUG AlphaScanner.Scanner Chunk 57/100 complete: watchlist=94 entry=57
2026-07-12 16:46:32,895 DEBUG AlphaScanner.Data download_history_batch(size=5, period=2y, interval=1d, use_cache=False, head=['KPRMILL.NS', 'LALPATHLAB.NS', 'LATENTVIEW.NS', 'LAURUSLABS.NS', 'LEMONTREE.NS'])
2026-07-12 16:46:33,210 DEBUG AlphaScanner.Data download_history_batch split result count=5
2026-07-12 16:46:33,211 DEBUG AlphaScanner.Scanner Downloaded chunk 58/100 size=5 resolved=5
2026-07-12 16:46:33,331 DEBUG AlphaScanner.Scanner Chunk 58/100 complete: watchlist=95 entry=57
2026-07-12 16:46:33,332 DEBUG AlphaScanner.Data download_history_batch(size=5, period=2y, interval=1d, use_cache=False, head=['LENSKART.NS', 'LGEINDIA.NS', 'LICHSGFIN.NS', 'LICI.NS', 'LINDEINDIA.NS'])
2026-07-12 16:46:33,828 DEBUG AlphaScanner.Data download_history_batch split result count=5
2026-07-12 16:46:33,828 DEBUG AlphaScanner.Scanner Downloaded chunk 59/100 size=5 resolved=5
2026-07-12 16:46:33,878 DEBUG AlphaScanner.Scanner Chunk 59/100 complete: watchlist=98 entry=58
2026-07-12 16:46:33,878 DEBUG AlphaScanner.Data download_history_batch(size=5, period=2y, interval=1d, use_cache=False, head=['LLOYDSME.NS', 'LODHA.NS', 'LT.NS', 'LTF.NS', 'LTFOODS.NS'])
2026-07-12 16:46:34,231 DEBUG AlphaScanner.Data download_history_batch split result count=5
2026-07-12 16:46:34,232 DEBUG AlphaScanner.Scanner Downloaded chunk 60/100 size=5 resolved=5
2026-07-12 16:46:34,321 DEBUG AlphaScanner.Scanner Chunk 60/100 complete: watchlist=100 entry=61
2026-07-12 16:46:34,324 DEBUG AlphaScanner.Data download_history_batch(size=5, period=2y, interval=1d, use_cache=False, head=['LTM.NS', 'LTTS.NS', 'LUPIN.NS', 'M&M.NS', 'M&MFIN.NS'])
2026-07-12 16:46:34,665 DEBUG AlphaScanner.Data download_history_batch split result count=5
2026-07-12 16:46:34,666 DEBUG AlphaScanner.Scanner Downloaded chunk 61/100 size=5 resolved=5
2026-07-12 16:46:34,746 DEBUG AlphaScanner.Scanner Chunk 61/100 complete: watchlist=102 entry=62
2026-07-12 16:46:34,747 DEBUG AlphaScanner.Data download_history_batch(size=5, period=2y, interval=1d, use_cache=False, head=['MAHABANK.NS', 'MANAPPURAM.NS', 'MANKIND.NS', 'MAPMYINDIA.NS', 'MARICO.NS'])
2026-07-12 16:46:35,138 DEBUG AlphaScanner.Data download_history_batch split result count=5
2026-07-12 16:46:35,138 DEBUG AlphaScanner.Scanner Downloaded chunk 62/100 size=5 resolved=5
2026-07-12 16:46:35,208 DEBUG AlphaScanner.Scanner Chunk 62/100 complete: watchlist=105 entry=64
2026-07-12 16:46:35,209 DEBUG AlphaScanner.Data download_history_batch(size=5, period=2y, interval=1d, use_cache=False, head=['MARUTI.NS', 'MAXHEALTH.NS', 'MAZDOCK.NS', 'MCX.NS', 'MEDANTA.NS'])
2026-07-12 16:46:35,553 DEBUG AlphaScanner.Data download_history_batch split result count=5
2026-07-12 16:46:35,553 DEBUG AlphaScanner.Scanner Downloaded chunk 63/100 size=5 resolved=5
2026-07-12 16:46:35,645 DEBUG AlphaScanner.Scanner Chunk 63/100 complete: watchlist=106 entry=65
2026-07-12 16:46:35,646 DEBUG AlphaScanner.Data download_history_batch(size=5, period=2y, interval=1d, use_cache=False, head=['MEESHO.NS', 'MFSL.NS', 'MGL.NS', 'MINDACORP.NS', 'MMTC.NS'])
2026-07-12 16:46:35,966 DEBUG AlphaScanner.Data download_history_batch split result count=5
2026-07-12 16:46:35,966 DEBUG AlphaScanner.Scanner Downloaded chunk 64/100 size=5 resolved=5
2026-07-12 16:46:36,025 DEBUG AlphaScanner.Scanner Chunk 64/100 complete: watchlist=108 entry=65
2026-07-12 16:46:36,025 DEBUG AlphaScanner.Data download_history_batch(size=5, period=2y, interval=1d, use_cache=False, head=['MOTHERSON.NS', 'MOTILALOFS.NS', 'MPHASIS.NS', 'MRF.NS', 'MRPL.NS'])
2026-07-12 16:46:36,324 DEBUG AlphaScanner.Data download_history_batch split result count=5
2026-07-12 16:46:36,324 DEBUG AlphaScanner.Scanner Downloaded chunk 65/100 size=5 resolved=5
2026-07-12 16:46:36,394 DEBUG AlphaScanner.Scanner Chunk 65/100 complete: watchlist=109 entry=68
2026-07-12 16:46:36,395 DEBUG AlphaScanner.Data download_history_batch(size=5, period=2y, interval=1d, use_cache=False, head=['MSUMI.NS', 'MUTHOOTFIN.NS', 'NAM-INDIA.NS', 'NATCOPHARM.NS', 'NATIONALUM.NS'])
2026-07-12 16:46:36,734 DEBUG AlphaScanner.Data download_history_batch split result count=5
2026-07-12 16:46:36,735 DEBUG AlphaScanner.Scanner Downloaded chunk 66/100 size=5 resolved=5
2026-07-12 16:46:36,824 DEBUG AlphaScanner.Scanner Chunk 66/100 complete: watchlist=111 entry=68
2026-07-12 16:46:36,826 DEBUG AlphaScanner.Data download_history_batch(size=5, period=2y, interval=1d, use_cache=False, head=['NAUKRI.NS', 'NAVA.NS', 'NAVINFLUOR.NS', 'NBCC.NS', 'NCC.NS'])
2026-07-12 16:46:37,210 DEBUG AlphaScanner.Data download_history_batch split result count=5
2026-07-12 16:46:37,210 DEBUG AlphaScanner.Scanner Downloaded chunk 67/100 size=5 resolved=5
2026-07-12 16:46:37,276 DEBUG AlphaScanner.Scanner Chunk 67/100 complete: watchlist=112 entry=69
2026-07-12 16:46:37,277 DEBUG AlphaScanner.Data download_history_batch(size=5, period=2y, interval=1d, use_cache=False, head=['NESTLEIND.NS', 'NETWEB.NS', 'NEULANDLAB.NS', 'NEWGEN.NS', 'NH.NS'])
2026-07-12 16:46:38,077 DEBUG AlphaScanner.Data download_history_batch split result count=5
2026-07-12 16:46:38,077 DEBUG AlphaScanner.Scanner Downloaded chunk 68/100 size=5 resolved=5
2026-07-12 16:46:38,165 DEBUG AlphaScanner.Scanner Chunk 68/100 complete: watchlist=115 entry=70
2026-07-12 16:46:38,165 DEBUG AlphaScanner.Data download_history_batch(size=5, period=2y, interval=1d, use_cache=False, head=['NHPC.NS', 'NIACL.NS', 'NIVABUPA.NS', 'NLCINDIA.NS', 'NMDC.NS'])
2026-07-12 16:46:38,539 DEBUG AlphaScanner.Data download_history_batch split result count=5
2026-07-12 16:46:38,539 DEBUG AlphaScanner.Scanner Downloaded chunk 69/100 size=5 resolved=5
2026-07-12 16:46:38,604 DEBUG AlphaScanner.Scanner Chunk 69/100 complete: watchlist=117 entry=70
2026-07-12 16:46:38,605 DEBUG AlphaScanner.Data download_history_batch(size=5, period=2y, interval=1d, use_cache=False, head=['NSLNISP.NS', 'NTPC.NS', 'NTPCGREEN.NS', 'NUVAMA.NS', 'NUVOCO.NS'])
2026-07-12 16:46:38,957 DEBUG AlphaScanner.Data download_history_batch split result count=5
2026-07-12 16:46:38,958 DEBUG AlphaScanner.Scanner Downloaded chunk 70/100 size=5 resolved=5
2026-07-12 16:46:39,025 DEBUG AlphaScanner.Scanner Chunk 70/100 complete: watchlist=118 entry=71
2026-07-12 16:46:39,025 DEBUG AlphaScanner.Data download_history_batch(size=5, period=2y, interval=1d, use_cache=False, head=['NYKAA.NS', 'OBEROIRLTY.NS', 'OFSS.NS', 'OIL.NS', 'OLAELEC.NS'])
2026-07-12 16:46:39,443 DEBUG AlphaScanner.Data download_history_batch split result count=5
2026-07-12 16:46:39,443 DEBUG AlphaScanner.Scanner Downloaded chunk 71/100 size=5 resolved=5
2026-07-12 16:46:39,511 DEBUG AlphaScanner.Scanner Chunk 71/100 complete: watchlist=118 entry=73
2026-07-12 16:46:39,512 DEBUG AlphaScanner.Data download_history_batch(size=5, period=2y, interval=1d, use_cache=False, head=['OLECTRA.NS', 'ONESOURCE.NS', 'ONGC.NS', 'PAGEIND.NS', 'PARADEEP.NS'])
2026-07-12 16:46:39,804 DEBUG AlphaScanner.Data download_history_batch split result count=5
2026-07-12 16:46:39,804 DEBUG AlphaScanner.Scanner Downloaded chunk 72/100 size=5 resolved=5
2026-07-12 16:46:39,871 DEBUG AlphaScanner.Scanner Chunk 72/100 complete: watchlist=119 entry=73
2026-07-12 16:46:39,873 DEBUG AlphaScanner.Data download_history_batch(size=5, period=2y, interval=1d, use_cache=False, head=['PATANJALI.NS', 'PAYTM.NS', 'PCBL.NS', 'PERSISTENT.NS', 'PETRONET.NS'])
2026-07-12 16:46:40,160 DEBUG AlphaScanner.Data download_history_batch split result count=5
2026-07-12 16:46:40,160 DEBUG AlphaScanner.Scanner Downloaded chunk 73/100 size=5 resolved=5
2026-07-12 16:46:40,259 DEBUG AlphaScanner.Scanner Chunk 73/100 complete: watchlist=120 entry=75
2026-07-12 16:46:40,260 DEBUG AlphaScanner.Data download_history_batch(size=5, period=2y, interval=1d, use_cache=False, head=['PFC.NS', 'PFIZER.NS', 'PGEL.NS', 'PHOENIXLTD.NS', 'PIDILITIND.NS'])
2026-07-12 16:46:40,611 DEBUG AlphaScanner.Data download_history_batch split result count=5
2026-07-12 16:46:40,611 DEBUG AlphaScanner.Scanner Downloaded chunk 74/100 size=5 resolved=5
2026-07-12 16:46:40,689 DEBUG AlphaScanner.Scanner Chunk 74/100 complete: watchlist=122 entry=77
2026-07-12 16:46:40,690 DEBUG AlphaScanner.Data download_history_batch(size=5, period=2y, interval=1d, use_cache=False, head=['PIIND.NS', 'PINELABS.NS', 'PIRAMALFIN.NS', 'PNB.NS', 'PNBHOUSING.NS'])
2026-07-12 16:46:41,049 DEBUG AlphaScanner.Data download_history_batch split result count=5
2026-07-12 16:46:41,049 DEBUG AlphaScanner.Scanner Downloaded chunk 75/100 size=5 resolved=5
2026-07-12 16:46:41,096 DEBUG AlphaScanner.Scanner Chunk 75/100 complete: watchlist=123 entry=79
2026-07-12 16:46:41,097 DEBUG AlphaScanner.Data download_history_batch(size=5, period=2y, interval=1d, use_cache=False, head=['POLICYBZR.NS', 'POLYCAB.NS', 'POLYMED.NS', 'POONAWALLA.NS', 'POWERGRID.NS'])
2026-07-12 16:46:41,525 DEBUG AlphaScanner.Data download_history_batch split result count=5
2026-07-12 16:46:41,525 DEBUG AlphaScanner.Scanner Downloaded chunk 76/100 size=5 resolved=5
2026-07-12 16:46:41,611 DEBUG AlphaScanner.Scanner Chunk 76/100 complete: watchlist=123 entry=80
2026-07-12 16:46:41,612 DEBUG AlphaScanner.Data download_history_batch(size=5, period=2y, interval=1d, use_cache=False, head=['POWERINDIA.NS', 'PPLPHARMA.NS', 'PREMIERENE.NS', 'PRESTIGE.NS', 'PTCIL.NS'])
2026-07-12 16:46:42,025 DEBUG AlphaScanner.Data download_history_batch split result count=5
2026-07-12 16:46:42,025 DEBUG AlphaScanner.Scanner Downloaded chunk 77/100 size=5 resolved=5
2026-07-12 16:46:42,112 DEBUG AlphaScanner.Scanner Chunk 77/100 complete: watchlist=125 entry=81
2026-07-12 16:46:42,112 DEBUG AlphaScanner.Data download_history_batch(size=5, period=2y, interval=1d, use_cache=False, head=['PVRINOX.NS', 'PWL.NS', 'RADICO.NS', 'RAILTEL.NS', 'RAINBOW.NS'])
2026-07-12 16:46:42,503 DEBUG AlphaScanner.Data download_history_batch split result count=5
2026-07-12 16:46:42,504 DEBUG AlphaScanner.Scanner Downloaded chunk 78/100 size=5 resolved=5
2026-07-12 16:46:42,570 DEBUG AlphaScanner.Scanner Chunk 78/100 complete: watchlist=126 entry=82
2026-07-12 16:46:42,571 DEBUG AlphaScanner.Data download_history_batch(size=5, period=2y, interval=1d, use_cache=False, head=['RAMCOCEM.NS', 'RBLBANK.NS', 'RECLTD.NS', 'REDINGTON.NS', 'RELIANCE.NS'])
2026-07-12 16:46:42,849 DEBUG AlphaScanner.Data download_history_batch split result count=5
2026-07-12 16:46:42,849 DEBUG AlphaScanner.Scanner Downloaded chunk 79/100 size=5 resolved=5
2026-07-12 16:46:42,919 DEBUG AlphaScanner.Scanner Chunk 79/100 complete: watchlist=127 entry=83
2026-07-12 16:46:42,920 DEBUG AlphaScanner.Data download_history_batch(size=5, period=2y, interval=1d, use_cache=False, head=['RHIM.NS', 'RITES.NS', 'RKFORGE.NS', 'RPOWER.NS', 'RRKABEL.NS'])
2026-07-12 16:46:43,293 DEBUG AlphaScanner.Data download_history_batch split result count=5
2026-07-12 16:46:43,293 DEBUG AlphaScanner.Scanner Downloaded chunk 80/100 size=5 resolved=5
2026-07-12 16:46:43,358 DEBUG AlphaScanner.Scanner Chunk 80/100 complete: watchlist=127 entry=84
2026-07-12 16:46:43,359 DEBUG AlphaScanner.Data download_history_batch(size=5, period=2y, interval=1d, use_cache=False, head=['RVNL.NS', 'SAGILITY.NS', 'SAIL.NS', 'SAILIFE.NS', 'SAMMAANCAP.NS'])
2026-07-12 16:46:43,766 DEBUG AlphaScanner.Data download_history_batch split result count=5
2026-07-12 16:46:43,766 DEBUG AlphaScanner.Scanner Downloaded chunk 81/100 size=5 resolved=5
2026-07-12 16:46:43,831 DEBUG AlphaScanner.Scanner Chunk 81/100 complete: watchlist=130 entry=87
2026-07-12 16:46:43,832 DEBUG AlphaScanner.Data download_history_batch(size=5, period=2y, interval=1d, use_cache=False, head=['SAPPHIRE.NS', 'SARDAEN.NS', 'SAREGAMA.NS', 'SBFC.NS', 'SBICARD.NS'])
2026-07-12 16:46:44,192 DEBUG AlphaScanner.Data download_history_batch split result count=5
2026-07-12 16:46:44,192 DEBUG AlphaScanner.Scanner Downloaded chunk 82/100 size=5 resolved=5
2026-07-12 16:46:44,275 DEBUG AlphaScanner.Scanner Chunk 82/100 complete: watchlist=131 entry=89
2026-07-12 16:46:44,275 DEBUG AlphaScanner.Data download_history_batch(size=5, period=2y, interval=1d, use_cache=False, head=['SBILIFE.NS', 'SBIN.NS', 'SCHAEFFLER.NS', 'SCHNEIDER.NS', 'SCI.NS'])
2026-07-12 16:46:44,683 DEBUG AlphaScanner.Data download_history_batch split result count=5
2026-07-12 16:46:44,683 DEBUG AlphaScanner.Scanner Downloaded chunk 83/100 size=5 resolved=5
2026-07-12 16:46:44,770 DEBUG AlphaScanner.Scanner Chunk 83/100 complete: watchlist=133 entry=89
2026-07-12 16:46:44,772 DEBUG AlphaScanner.Data download_history_batch(size=5, period=2y, interval=1d, use_cache=False, head=['SHREECEM.NS', 'SHRIRAMFIN.NS', 'SHYAMMETL.NS', 'SIEMENS.NS', 'SIGNATURE.NS'])
2026-07-12 16:46:45,063 DEBUG AlphaScanner.Data download_history_batch split result count=5
2026-07-12 16:46:45,063 DEBUG AlphaScanner.Scanner Downloaded chunk 84/100 size=5 resolved=5
2026-07-12 16:46:45,132 DEBUG AlphaScanner.Scanner Chunk 84/100 complete: watchlist=136 entry=90
2026-07-12 16:46:45,132 DEBUG AlphaScanner.Data download_history_batch(size=5, period=2y, interval=1d, use_cache=False, head=['SJVN.NS', 'SOBHA.NS', 'SOLARINDS.NS', 'SONACOMS.NS', 'SONATSOFTW.NS'])
2026-07-12 16:46:45,569 DEBUG AlphaScanner.Data download_history_batch split result count=5
2026-07-12 16:46:45,569 DEBUG AlphaScanner.Scanner Downloaded chunk 85/100 size=5 resolved=5
2026-07-12 16:46:45,635 DEBUG AlphaScanner.Scanner Chunk 85/100 complete: watchlist=138 entry=92
2026-07-12 16:46:45,636 DEBUG AlphaScanner.Data download_history_batch(size=5, period=2y, interval=1d, use_cache=False, head=['SPLPETRO.NS', 'SRF.NS', 'STARHEALTH.NS', 'SUMICHEM.NS', 'SUNDARMFIN.NS'])
2026-07-12 16:46:45,885 DEBUG AlphaScanner.Data download_history_batch split result count=5
2026-07-12 16:46:45,885 DEBUG AlphaScanner.Scanner Downloaded chunk 86/100 size=5 resolved=5
2026-07-12 16:46:45,952 DEBUG AlphaScanner.Scanner Chunk 86/100 complete: watchlist=140 entry=93
2026-07-12 16:46:45,953 DEBUG AlphaScanner.Data download_history_batch(size=5, period=2y, interval=1d, use_cache=False, head=['SUNPHARMA.NS', 'SUNTV.NS', 'SUPREMEIND.NS', 'SUZLON.NS', 'SWANCORP.NS'])
2026-07-12 16:46:46,214 DEBUG AlphaScanner.Data download_history_batch split result count=5
2026-07-12 16:46:46,214 DEBUG AlphaScanner.Scanner Downloaded chunk 87/100 size=5 resolved=5
2026-07-12 16:46:46,282 DEBUG AlphaScanner.Scanner Chunk 87/100 complete: watchlist=141 entry=93
2026-07-12 16:46:46,283 DEBUG AlphaScanner.Data download_history_batch(size=5, period=2y, interval=1d, use_cache=False, head=['SWIGGY.NS', 'SYNGENE.NS', 'SYRMA.NS', 'TARIL.NS', 'TATACAP.NS'])
2026-07-12 16:46:46,564 DEBUG AlphaScanner.Data download_history_batch split result count=5
2026-07-12 16:46:46,564 DEBUG AlphaScanner.Scanner Downloaded chunk 88/100 size=5 resolved=5
2026-07-12 16:46:46,639 DEBUG AlphaScanner.Scanner Chunk 88/100 complete: watchlist=141 entry=93
2026-07-12 16:46:46,640 DEBUG AlphaScanner.Data download_history_batch(size=5, period=2y, interval=1d, use_cache=False, head=['TATACHEM.NS', 'TATACOMM.NS', 'TATACONSUM.NS', 'TATAELXSI.NS', 'TATAINVEST.NS'])
2026-07-12 16:46:47,086 DEBUG AlphaScanner.Data download_history_batch split result count=5
2026-07-12 16:46:47,087 DEBUG AlphaScanner.Scanner Downloaded chunk 89/100 size=5 resolved=5
2026-07-12 16:46:47,170 DEBUG AlphaScanner.Scanner Chunk 89/100 complete: watchlist=143 entry=95
2026-07-12 16:46:47,171 DEBUG AlphaScanner.Data download_history_batch(size=5, period=2y, interval=1d, use_cache=False, head=['TATAPOWER.NS', 'TATASTEEL.NS', 'TATATECH.NS', 'TBOTEK.NS', 'TCS.NS'])
2026-07-12 16:46:47,507 DEBUG AlphaScanner.Data download_history_batch split result count=5
2026-07-12 16:46:47,507 DEBUG AlphaScanner.Scanner Downloaded chunk 90/100 size=5 resolved=5
2026-07-12 16:46:47,586 DEBUG AlphaScanner.Scanner Chunk 90/100 complete: watchlist=144 entry=95
2026-07-12 16:46:47,587 DEBUG AlphaScanner.Data download_history_batch(size=5, period=2y, interval=1d, use_cache=False, head=['TECHM.NS', 'TECHNOE.NS', 'TEGA.NS', 'TEJASNET.NS', 'TENNIND.NS'])
2026-07-12 16:46:47,945 DEBUG AlphaScanner.Data download_history_batch split result count=5
2026-07-12 16:46:47,945 DEBUG AlphaScanner.Scanner Downloaded chunk 91/100 size=5 resolved=5
2026-07-12 16:46:48,003 DEBUG AlphaScanner.Scanner Chunk 91/100 complete: watchlist=145 entry=95
2026-07-12 16:46:48,004 DEBUG AlphaScanner.Data download_history_batch(size=5, period=2y, interval=1d, use_cache=False, head=['THELEELA.NS', 'THERMAX.NS', 'TIINDIA.NS', 'TIMKEN.NS', 'TITAGARH.NS'])
2026-07-12 16:46:48,523 DEBUG AlphaScanner.Data download_history_batch split result count=5
2026-07-12 16:46:48,524 DEBUG AlphaScanner.Scanner Downloaded chunk 92/100 size=5 resolved=5
2026-07-12 16:46:48,580 DEBUG AlphaScanner.Scanner Chunk 92/100 complete: watchlist=145 entry=95
2026-07-12 16:46:48,581 DEBUG AlphaScanner.Data download_history_batch(size=5, period=2y, interval=1d, use_cache=False, head=['TITAN.NS', 'TMCV.NS', 'TMPV.NS', 'TORNTPHARM.NS', 'TORNTPOWER.NS'])
2026-07-12 16:46:48,884 DEBUG AlphaScanner.Data download_history_batch split result count=5
2026-07-12 16:46:48,884 DEBUG AlphaScanner.Scanner Downloaded chunk 93/100 size=5 resolved=5
2026-07-12 16:46:48,941 DEBUG AlphaScanner.Scanner Chunk 93/100 complete: watchlist=147 entry=97
2026-07-12 16:46:48,942 DEBUG AlphaScanner.Data download_history_batch(size=5, period=2y, interval=1d, use_cache=False, head=['TRAVELFOOD.NS', 'TRENT.NS', 'TRIDENT.NS', 'TRITURBINE.NS', 'TTML.NS'])
2026-07-12 16:46:49,193 DEBUG AlphaScanner.Data download_history_batch split result count=5
2026-07-12 16:46:49,193 DEBUG AlphaScanner.Scanner Downloaded chunk 94/100 size=5 resolved=5
2026-07-12 16:46:49,247 DEBUG AlphaScanner.Scanner Chunk 94/100 complete: watchlist=147 entry=97
2026-07-12 16:46:49,248 DEBUG AlphaScanner.Data download_history_batch(size=5, period=2y, interval=1d, use_cache=False, head=['TVSMOTOR.NS', 'UBL.NS', 'UCOBANK.NS', 'ULTRACEMCO.NS', 'UNIONBANK.NS'])
2026-07-12 16:46:49,643 DEBUG AlphaScanner.Data download_history_batch split result count=5
2026-07-12 16:46:49,643 DEBUG AlphaScanner.Scanner Downloaded chunk 95/100 size=5 resolved=5
2026-07-12 16:46:49,707 DEBUG AlphaScanner.Scanner Chunk 95/100 complete: watchlist=149 entry=98
2026-07-12 16:46:49,707 DEBUG AlphaScanner.Data download_history_batch(size=5, period=2y, interval=1d, use_cache=False, head=['UNITDSPR.NS', 'UNOMINDA.NS', 'UPL.NS', 'URBANCO.NS', 'USHAMART.NS'])
2026-07-12 16:46:49,999 DEBUG AlphaScanner.Data download_history_batch split result count=5
2026-07-12 16:46:49,999 DEBUG AlphaScanner.Scanner Downloaded chunk 96/100 size=5 resolved=5
2026-07-12 16:46:50,051 DEBUG AlphaScanner.Scanner Chunk 96/100 complete: watchlist=151 entry=99
2026-07-12 16:46:50,052 DEBUG AlphaScanner.Data download_history_batch(size=5, period=2y, interval=1d, use_cache=False, head=['UTIAMC.NS', 'VBL.NS', 'VEDL.NS', 'VIJAYA.NS', 'VMM.NS'])
2026-07-12 16:46:50,336 DEBUG AlphaScanner.Data download_history_batch split result count=5
2026-07-12 16:46:50,336 DEBUG AlphaScanner.Scanner Downloaded chunk 97/100 size=5 resolved=5
2026-07-12 16:46:50,399 DEBUG AlphaScanner.Scanner Chunk 97/100 complete: watchlist=153 entry=100
2026-07-12 16:46:50,400 DEBUG AlphaScanner.Data download_history_batch(size=5, period=2y, interval=1d, use_cache=False, head=['VOLTAS.NS', 'VTL.NS', 'WAAREEENER.NS', 'WELCORP.NS', 'WELSPUNLIV.NS'])
2026-07-12 16:46:50,777 DEBUG AlphaScanner.Data download_history_batch split result count=5
2026-07-12 16:46:50,777 DEBUG AlphaScanner.Scanner Downloaded chunk 98/100 size=5 resolved=5
2026-07-12 16:46:50,844 DEBUG AlphaScanner.Scanner Chunk 98/100 complete: watchlist=153 entry=100
2026-07-12 16:46:50,845 DEBUG AlphaScanner.Data download_history_batch(size=5, period=2y, interval=1d, use_cache=False, head=['WHIRLPOOL.NS', 'WIPRO.NS', 'WOCKPHARMA.NS', 'YESBANK.NS', 'ZEEL.NS'])
2026-07-12 16:46:51,271 DEBUG AlphaScanner.Data download_history_batch split result count=5
2026-07-12 16:46:51,271 DEBUG AlphaScanner.Scanner Downloaded chunk 99/100 size=5 resolved=5
2026-07-12 16:46:51,340 DEBUG AlphaScanner.Scanner Chunk 99/100 complete: watchlist=153 entry=100
2026-07-12 16:46:51,340 DEBUG AlphaScanner.Data download_history_batch(size=5, period=2y, interval=1d, use_cache=False, head=['ZENSARTECH.NS', 'ZENTEC.NS', 'ZFCVINDIA.NS', 'ZYDUSLIFE.NS', 'ZYDUSWELL.NS'])
2026-07-12 16:46:51,857 DEBUG AlphaScanner.Data download_history_batch split result count=5
2026-07-12 16:46:51,857 DEBUG AlphaScanner.Scanner Downloaded chunk 100/100 size=5 resolved=5
2026-07-12 16:46:51,928 DEBUG AlphaScanner.Scanner Chunk 100/100 complete: watchlist=154 entry=100
2026-07-12 16:46:51,934 DEBUG AlphaScanner.Scanner Dual-mode scan finished: watchlist_rows=154 entry_rows=100
2026-07-12 16:46:51,959 INFO AlphaScanner.Scanner Watchlist candidates: 154 | Entry candidates: 100
2026-07-12 16:48:28,326 DEBUG AlphaScanner.UI.Scanner render_tab(scan_type=Modular Momentum, universe=Total Market (Cap Focused), scan_mode=Entry Scanner, timeframe=1d, use_cache=False, run_scan=False)
2026-07-12 16:48:28,436 DEBUG AlphaScanner.UI.Scanner render_tab(scan_type=Modular Momentum, universe=Total Market (Cap Focused), scan_mode=Entry Scanner, timeframe=1d, use_cache=False, run_scan=False)
2026-07-12 16:48:35,554 DEBUG AlphaScanner.UI.Scanner render_tab(scan_type=Modular Momentum, universe=Total Market (Cap Focused), scan_mode=Entry Scanner, timeframe=1d, use_cache=False, run_scan=False)
2026-07-12 16:48:35,653 DEBUG AlphaScanner.UI.Scanner render_tab(scan_type=Modular Momentum, universe=Total Market (Cap Focused), scan_mode=Entry Scanner, timeframe=1d, use_cache=False, run_scan=False)
2026-07-12 16:48:40,870 DEBUG AlphaScanner.UI.Scanner render_tab(scan_type=Modular Momentum, universe=Total Market (Cap Focused), scan_mode=Entry Scanner, timeframe=1d, use_cache=False, run_scan=False)
2026-07-12 16:48:40,972 DEBUG AlphaScanner.UI.Scanner render_tab(scan_type=Modular Momentum, universe=Total Market (Cap Focused), scan_mode=Entry Scanner, timeframe=1d, use_cache=False, run_scan=False)
2026-07-12 16:48:52,767 DEBUG AlphaScanner.UI.Scanner render_tab(scan_type=Modular Momentum, universe=Total Market (Cap Focused), scan_mode=Entry Scanner, timeframe=1d, use_cache=False, run_scan=False)
2026-07-12 16:48:52,869 DEBUG AlphaScanner.UI.Scanner render_tab(scan_type=Modular Momentum, universe=Total Market (Cap Focused), scan_mode=Entry Scanner, timeframe=1d, use_cache=False, run_scan=False)
2026-07-12 16:49:55,043 DEBUG AlphaScanner.UI.Scanner render_tab(scan_type=Breakout, universe=Nifty 500, scan_mode=Entry Scanner, timeframe=1d, use_cache=False, run_scan=False)
2026-07-12 16:50:01,391 DEBUG AlphaScanner.UI.Scanner render_tab(scan_type=Breakout, universe=Nifty 500, scan_mode=Entry Scanner, timeframe=1d, use_cache=True, run_scan=False)
2026-07-12 16:50:04,203 DEBUG AlphaScanner.UI.Scanner render_tab(scan_type=Breakout, universe=Nifty 500, scan_mode=Entry Scanner, timeframe=1d, use_cache=True, run_scan=True)
2026-07-12 16:50:04,204 DEBUG AlphaScanner.Service fetch_cached_data(use_cache=True, universe=Nifty 500, scanner_type=Breakout, timeframe=1d, scan_mode=Entry Scanner)
2026-07-12 16:50:11,578 DEBUG AlphaScanner.UI.Scanner render_tab(scan_type=Breakout, universe=Nifty 500, scan_mode=Entry Scanner, timeframe=1d, use_cache=False, run_scan=False)
2026-07-12 16:50:14,861 DEBUG AlphaScanner.UI.Scanner render_tab(scan_type=Breakout, universe=Nifty 500, scan_mode=Entry Scanner, timeframe=1d, use_cache=False, run_scan=True)
2026-07-12 16:50:15,442 DEBUG AlphaScanner.UI.Scanner Starting fresh scan with min_cap=0 max_cap=0 sector_map_size=500
2026-07-12 16:50:15,442 DEBUG AlphaScanner.Service perform_fresh_scan(scanner_type=Breakout, universe=Nifty 500, timeframe=1d, scan_mode=Entry Scanner, use_cache=False, vol_thresh=1.0, rsi_min=50, rsi_max=85, dist_thresh=1.5, min_mkt_cap_cr=0, max_mkt_cap_cr=0)
2026-07-12 16:50:15,442 DEBUG AlphaScanner.Service Routing to legacy breakout scanner with normalized timeframe=1d
2026-07-12 16:50:15,443 DEBUG AlphaScanner.Engine run_scanner(scanner_type=Breakout, universe=Nifty 500, timeframe=1d, use_cache=False, incremental_fetch=False, vol_thresh=1.0, rsi_range=50-85, dist_thresh=1.5, min_cap=0, max_cap=0)
2026-07-12 16:50:15,445 DEBUG AlphaScanner.Engine Resolved legacy universe 'Nifty 500' to 500 tickers
2026-07-12 16:50:15,687 DEBUG AlphaScanner.Engine Loaded benchmark close series with 495 rows
2026-07-12 16:50:15,691 DEBUG AlphaScanner.Data download_history_batch(size=10, period=2y, interval=1d, use_cache=False, head=['360ONE.NS', '3MINDIA.NS', 'ABB.NS', 'ACC.NS', 'ACMESOLAR.NS'])
2026-07-12 16:50:16,415 DEBUG AlphaScanner.Data download_history_batch split result count=10
2026-07-12 16:50:16,415 DEBUG AlphaScanner.Engine Batch download chunk 1/50 requested=10 resolved=10
2026-07-12 16:50:16,427 DEBUG AlphaScanner.Data download_history_batch(size=10, period=2y, interval=1d, use_cache=False, head=['AARTIIND.NS', 'AAVAS.NS', 'ABBOTINDIA.NS', 'ACE.NS', 'ACUTAAS.NS'])
2026-07-12 16:50:16,865 DEBUG AlphaScanner.Data download_history_batch split result count=10
2026-07-12 16:50:16,866 DEBUG AlphaScanner.Engine Batch download chunk 2/50 requested=10 resolved=10
2026-07-12 16:50:16,876 DEBUG AlphaScanner.Data download_history_batch(size=10, period=2y, interval=1d, use_cache=False, head=['ATGL.NS', 'ABCAPITAL.NS', 'ABFRL.NS', 'ABLBL.NS', 'ABREL.NS'])
2026-07-12 16:50:17,386 DEBUG AlphaScanner.Data download_history_batch split result count=10
2026-07-12 16:50:17,386 DEBUG AlphaScanner.Engine Batch download chunk 3/50 requested=10 resolved=10
2026-07-12 16:50:17,394 DEBUG AlphaScanner.Data download_history_batch(size=10, period=2y, interval=1d, use_cache=False, head=['AFFLE.NS', 'AJANTPHARM.NS', 'ALKEM.NS', 'ABDL.NS', 'ARE&M.NS'])
2026-07-12 16:50:17,769 DEBUG AlphaScanner.Data download_history_batch split result count=10
2026-07-12 16:50:17,769 DEBUG AlphaScanner.Engine Batch download chunk 4/50 requested=10 resolved=10
2026-07-12 16:50:17,780 DEBUG AlphaScanner.Data download_history_batch(size=10, period=2y, interval=1d, use_cache=False, head=['ANTHEM.NS', 'ANURAS.NS', 'APARINDS.NS', 'APOLLOHOSP.NS', 'APOLLOTYRE.NS'])
2026-07-12 16:50:18,389 DEBUG AlphaScanner.Data download_history_batch split result count=10
2026-07-12 16:50:18,389 DEBUG AlphaScanner.Engine Batch download chunk 5/50 requested=10 resolved=10
2026-07-12 16:50:18,401 DEBUG AlphaScanner.Data download_history_batch(size=10, period=2y, interval=1d, use_cache=False, head=['ASTRAL.NS', 'ATHERENERG.NS', 'ATUL.NS', 'AUROPHARMA.NS', 'AIIL.NS'])
2026-07-12 16:50:18,835 DEBUG AlphaScanner.Data download_history_batch split result count=10
2026-07-12 16:50:18,836 DEBUG AlphaScanner.Engine Batch download chunk 6/50 requested=10 resolved=10
2026-07-12 16:50:18,845 DEBUG AlphaScanner.Data download_history_batch(size=10, period=2y, interval=1d, use_cache=False, head=['BAJAJ-AUTO.NS', 'BAJFINANCE.NS', 'BAJAJFINSV.NS', 'BAJAJHLDNG.NS', 'BAJAJHFL.NS'])
2026-07-12 16:50:19,385 DEBUG AlphaScanner.Data download_history_batch split result count=10
2026-07-12 16:50:19,386 DEBUG AlphaScanner.Engine Batch download chunk 7/50 requested=10 resolved=10
2026-07-12 16:50:19,396 DEBUG AlphaScanner.Data download_history_batch(size=10, period=2y, interval=1d, use_cache=False, head=['MAHABANK.NS', 'BATAINDIA.NS', 'BAYERCROP.NS', 'BELRISE.NS', 'BERGEPAINT.NS'])
2026-07-12 16:50:19,837 DEBUG AlphaScanner.Data download_history_batch split result count=10
2026-07-12 16:50:19,837 DEBUG AlphaScanner.Engine Batch download chunk 8/50 requested=10 resolved=10
2026-07-12 16:50:19,849 DEBUG AlphaScanner.Data download_history_batch(size=10, period=2y, interval=1d, use_cache=False, head=['BHARTIARTL.NS', 'BHARTIHEXA.NS', 'BIKAJI.NS', 'GROWW.NS', 'BIOCON.NS'])
2026-07-12 16:50:20,256 DEBUG AlphaScanner.Data download_history_batch split result count=10
2026-07-12 16:50:20,257 DEBUG AlphaScanner.Engine Batch download chunk 9/50 requested=10 resolved=10
2026-07-12 16:50:20,271 DEBUG AlphaScanner.Data download_history_batch(size=10, period=2y, interval=1d, use_cache=False, head=['BOSCHLTD.NS', 'FIRSTCRY.NS', 'BRIGADE.NS', 'BRITANNIA.NS', 'MAPMYINDIA.NS'])
2026-07-12 16:50:20,690 DEBUG AlphaScanner.Data download_history_batch split result count=10
2026-07-12 16:50:20,690 DEBUG AlphaScanner.Engine Batch download chunk 10/50 requested=10 resolved=10
2026-07-12 16:50:20,747 DEBUG AlphaScanner.Data download_history_batch(size=10, period=2y, interval=1d, use_cache=False, head=['CANFINHOME.NS', 'CANBK.NS', 'CANHLIFE.NS', 'CAPLIPOINT.NS', 'CGCL.NS'])
2026-07-12 16:50:21,833 DEBUG AlphaScanner.Data download_history_batch split result count=10
2026-07-12 16:50:21,834 DEBUG AlphaScanner.Engine Batch download chunk 11/50 requested=10 resolved=10
2026-07-12 16:50:21,889 DEBUG AlphaScanner.Data download_history_batch(size=10, period=2y, interval=1d, use_cache=False, head=['CENTRALBK.NS', 'CDSL.NS', 'CHALET.NS', 'CHAMBLFERT.NS', 'CHENNPETRO.NS'])
2026-07-12 16:50:22,404 DEBUG AlphaScanner.Data download_history_batch split result count=10
2026-07-12 16:50:22,405 DEBUG AlphaScanner.Engine Batch download chunk 12/50 requested=10 resolved=10
2026-07-12 16:50:22,452 DEBUG AlphaScanner.Data download_history_batch(size=10, period=2y, interval=1d, use_cache=False, head=['CLEAN.NS', 'COALINDIA.NS', 'COCHINSHIP.NS', 'COFORGE.NS', 'COHANCE.NS'])
2026-07-12 16:50:23,452 DEBUG AlphaScanner.Data download_history_batch split result count=10
2026-07-12 16:50:23,454 DEBUG AlphaScanner.Engine Batch download chunk 13/50 requested=10 resolved=10
2026-07-12 16:50:23,521 DEBUG AlphaScanner.Data download_history_batch(size=10, period=2y, interval=1d, use_cache=False, head=['CRAFTSMAN.NS', 'CREDITACC.NS', 'CROMPTON.NS', 'CUMMINSIND.NS', 'CYIENT.NS'])
2026-07-12 16:50:24,397 DEBUG AlphaScanner.Data download_history_batch split result count=10
2026-07-12 16:50:24,397 DEBUG AlphaScanner.Engine Batch download chunk 14/50 requested=10 resolved=10
2026-07-12 16:50:24,440 DEBUG AlphaScanner.Data download_history_batch(size=10, period=2y, interval=1d, use_cache=False, head=['DATAPATTNS.NS', 'DEEPAKFERT.NS', 'DEEPAKNTR.NS', 'DELHIVERY.NS', 'DEVYANI.NS'])
2026-07-12 16:50:25,192 DEBUG AlphaScanner.Data download_history_batch split result count=10
2026-07-12 16:50:25,192 DEBUG AlphaScanner.Engine Batch download chunk 15/50 requested=10 resolved=10
2026-07-12 16:50:25,201 DEBUG AlphaScanner.Data download_history_batch(size=10, period=2y, interval=1d, use_cache=False, head=['EIHOTEL.NS', 'EICHERMOT.NS', 'ELECON.NS', 'ELGIEQUIP.NS', 'EMAMILTD.NS'])
2026-07-12 16:50:25,606 DEBUG AlphaScanner.Data download_history_batch split result count=10
2026-07-12 16:50:25,606 DEBUG AlphaScanner.Engine Batch download chunk 16/50 requested=10 resolved=10
2026-07-12 16:50:25,615 DEBUG AlphaScanner.Data download_history_batch(size=10, period=2y, interval=1d, use_cache=False, head=['ESCORTS.NS', 'ETERNAL.NS', 'EXIDEIND.NS', 'NYKAA.NS', 'FEDERALBNK.NS'])
2026-07-12 16:50:26,034 DEBUG AlphaScanner.Data download_history_batch split result count=10
2026-07-12 16:50:26,034 DEBUG AlphaScanner.Engine Batch download chunk 17/50 requested=10 resolved=10
2026-07-12 16:50:26,043 DEBUG AlphaScanner.Data download_history_batch(size=10, period=2y, interval=1d, use_cache=False, head=['FORTIS.NS', 'GAIL.NS', 'GVT&D.NS', 'GMRAIRPORT.NS', 'GABRIEL.NS'])
2026-07-12 16:50:26,561 DEBUG AlphaScanner.Data download_history_batch split result count=10
2026-07-12 16:50:26,561 DEBUG AlphaScanner.Engine Batch download chunk 18/50 requested=10 resolved=10
2026-07-12 16:50:26,569 DEBUG AlphaScanner.Data download_history_batch(size=10, period=2y, interval=1d, use_cache=False, head=['GLAXO.NS', 'GLENMARK.NS', 'MEDANTA.NS', 'GODIGIT.NS', 'GPIL.NS'])
2026-07-12 16:50:26,979 DEBUG AlphaScanner.Data download_history_batch split result count=10
2026-07-12 16:50:26,979 DEBUG AlphaScanner.Engine Batch download chunk 19/50 requested=10 resolved=10
2026-07-12 16:50:26,988 DEBUG AlphaScanner.Data download_history_batch(size=10, period=2y, interval=1d, use_cache=False, head=['GRAPHITE.NS', 'GRASIM.NS', 'GRAVITA.NS', 'GESHIP.NS', 'FLUOROCHEM.NS'])
2026-07-12 16:50:27,450 DEBUG AlphaScanner.Data download_history_batch split result count=10
2026-07-12 16:50:27,451 DEBUG AlphaScanner.Engine Batch download chunk 20/50 requested=10 resolved=10
2026-07-12 16:50:27,459 DEBUG AlphaScanner.Data download_history_batch(size=10, period=2y, interval=1d, use_cache=False, head=['HDFCAMC.NS', 'HDFCBANK.NS', 'HDFCLIFE.NS', 'HFCL.NS', 'HAVELLS.NS'])
2026-07-12 16:50:27,919 DEBUG AlphaScanner.Data download_history_batch split result count=10
2026-07-12 16:50:27,919 DEBUG AlphaScanner.Engine Batch download chunk 21/50 requested=10 resolved=10
2026-07-12 16:50:27,928 DEBUG AlphaScanner.Data download_history_batch(size=10, period=2y, interval=1d, use_cache=False, head=['HINDCOPPER.NS', 'HINDPETRO.NS', 'HINDUNILVR.NS', 'HINDZINC.NS', 'POWERINDIA.NS'])
2026-07-12 16:50:28,344 DEBUG AlphaScanner.Data download_history_batch split result count=10
2026-07-12 16:50:28,344 DEBUG AlphaScanner.Engine Batch download chunk 22/50 requested=10 resolved=10
2026-07-12 16:50:28,352 DEBUG AlphaScanner.Data download_history_batch(size=10, period=2y, interval=1d, use_cache=False, head=['ICICIBANK.NS', 'ICICIGI.NS', 'ICICIAMC.NS', 'ICICIPRULI.NS', 'IDBI.NS'])
2026-07-12 16:50:28,758 DEBUG AlphaScanner.Data download_history_batch split result count=10
2026-07-12 16:50:28,758 DEBUG AlphaScanner.Engine Batch download chunk 23/50 requested=10 resolved=10
2026-07-12 16:50:28,767 DEBUG AlphaScanner.Data download_history_batch(size=10, period=2y, interval=1d, use_cache=False, head=['ITCHOTELS.NS', 'ITC.NS', 'ITI.NS', 'INDGN.NS', 'INDIACEM.NS'])
2026-07-12 16:50:29,170 DEBUG AlphaScanner.Data download_history_batch split result count=10
2026-07-12 16:50:29,171 DEBUG AlphaScanner.Engine Batch download chunk 24/50 requested=10 resolved=10
2026-07-12 16:50:29,179 DEBUG AlphaScanner.Data download_history_batch(size=10, period=2y, interval=1d, use_cache=False, head=['IOB.NS', 'IRCTC.NS', 'IRFC.NS', 'IREDA.NS', 'IGL.NS'])
2026-07-12 16:50:29,573 DEBUG AlphaScanner.Data download_history_batch split result count=10
2026-07-12 16:50:29,573 DEBUG AlphaScanner.Engine Batch download chunk 25/50 requested=10 resolved=10
2026-07-12 16:50:29,582 DEBUG AlphaScanner.Data download_history_batch(size=10, period=2y, interval=1d, use_cache=False, head=['INTELLECT.NS', 'INDIGO.NS', 'IGIL.NS', 'IKS.NS', 'IPCALAB.NS'])
2026-07-12 16:50:30,122 DEBUG AlphaScanner.Data download_history_batch split result count=10
2026-07-12 16:50:30,122 DEBUG AlphaScanner.Engine Batch download chunk 26/50 requested=10 resolved=10
2026-07-12 16:50:30,131 DEBUG AlphaScanner.Data download_history_batch(size=10, period=2y, interval=1d, use_cache=False, head=['JSWCEMENT.NS', 'JSWDULUX.NS', 'JSWENERGY.NS', 'JSWINFRA.NS', 'JSWSTEEL.NS'])
2026-07-12 16:50:30,572 DEBUG AlphaScanner.Data download_history_batch split result count=10
2026-07-12 16:50:30,572 DEBUG AlphaScanner.Engine Batch download chunk 27/50 requested=10 resolved=10
2026-07-12 16:50:30,582 DEBUG AlphaScanner.Data download_history_batch(size=10, period=2y, interval=1d, use_cache=False, head=['JINDALSTEL.NS', 'JIOFIN.NS', 'JUBLFOOD.NS', 'JUBLINGREA.NS', 'JUBLPHARMA.NS'])
2026-07-12 16:50:31,191 DEBUG AlphaScanner.Data download_history_batch split result count=10
2026-07-12 16:50:31,191 DEBUG AlphaScanner.Engine Batch download chunk 28/50 requested=10 resolved=10
2026-07-12 16:50:31,200 DEBUG AlphaScanner.Data download_history_batch(size=10, period=2y, interval=1d, use_cache=False, head=['KAJARIACER.NS', 'KPIL.NS', 'KALYANKJIL.NS', 'KARURVYSYA.NS', 'KAYNES.NS'])
2026-07-12 16:50:31,634 DEBUG AlphaScanner.Data download_history_batch split result count=10
2026-07-12 16:50:31,634 DEBUG AlphaScanner.Engine Batch download chunk 29/50 requested=10 resolved=10
2026-07-12 16:50:31,644 DEBUG AlphaScanner.Data download_history_batch(size=10, period=2y, interval=1d, use_cache=False, head=['LTF.NS', 'LTTS.NS', 'LGEINDIA.NS', 'LICHSGFIN.NS', 'LTFOODS.NS'])
2026-07-12 16:50:32,243 DEBUG AlphaScanner.Data download_history_batch split result count=10
2026-07-12 16:50:32,244 DEBUG AlphaScanner.Engine Batch download chunk 30/50 requested=10 resolved=10
2026-07-12 16:50:32,253 DEBUG AlphaScanner.Data download_history_batch(size=10, period=2y, interval=1d, use_cache=False, head=['LEMONTREE.NS', 'LENSKART.NS', 'LICI.NS', 'LINDEINDIA.NS', 'LLOYDSME.NS'])
2026-07-12 16:50:33,134 DEBUG AlphaScanner.Data download_history_batch split result count=10
2026-07-12 16:50:33,134 DEBUG AlphaScanner.Engine Batch download chunk 31/50 requested=10 resolved=10
2026-07-12 16:50:33,147 DEBUG AlphaScanner.Data download_history_batch(size=10, period=2y, interval=1d, use_cache=False, head=['M&MFIN.NS', 'M&M.NS', 'MANAPPURAM.NS', 'MRPL.NS', 'MANKIND.NS'])
2026-07-12 16:50:33,581 DEBUG AlphaScanner.Data download_history_batch split result count=10
2026-07-12 16:50:33,582 DEBUG AlphaScanner.Engine Batch download chunk 32/50 requested=10 resolved=10
2026-07-12 16:50:33,590 DEBUG AlphaScanner.Data download_history_batch(size=10, period=2y, interval=1d, use_cache=False, head=['MEESHO.NS', 'MINDACORP.NS', 'MSUMI.NS', 'MOTILALOFS.NS', 'MPHASIS.NS'])
2026-07-12 16:50:34,003 DEBUG AlphaScanner.Data download_history_batch split result count=10
2026-07-12 16:50:34,003 DEBUG AlphaScanner.Engine Batch download chunk 33/50 requested=10 resolved=10
2026-07-12 16:50:34,011 DEBUG AlphaScanner.Data download_history_batch(size=10, period=2y, interval=1d, use_cache=False, head=['NHPC.NS', 'NLCINDIA.NS', 'NMDC.NS', 'NSLNISP.NS', 'NTPCGREEN.NS'])
2026-07-12 16:50:34,436 DEBUG AlphaScanner.Data download_history_batch split result count=10
2026-07-12 16:50:34,436 DEBUG AlphaScanner.Engine Batch download chunk 34/50 requested=10 resolved=10
2026-07-12 16:50:34,447 DEBUG AlphaScanner.Data download_history_batch(size=10, period=2y, interval=1d, use_cache=False, head=['NESTLEIND.NS', 'NETWEB.NS', 'NEULANDLAB.NS', 'NEWGEN.NS', 'NAM-INDIA.NS'])
2026-07-12 16:50:34,902 DEBUG AlphaScanner.Data download_history_batch split result count=10
2026-07-12 16:50:34,902 DEBUG AlphaScanner.Engine Batch download chunk 35/50 requested=10 resolved=10
2026-07-12 16:50:34,910 DEBUG AlphaScanner.Data download_history_batch(size=10, period=2y, interval=1d, use_cache=False, head=['OIL.NS', 'OLAELEC.NS', 'OLECTRA.NS', 'PAYTM.NS', 'ONESOURCE.NS'])
2026-07-12 16:50:35,636 DEBUG AlphaScanner.Data download_history_batch split result count=10
2026-07-12 16:50:35,636 DEBUG AlphaScanner.Engine Batch download chunk 36/50 requested=10 resolved=10
2026-07-12 16:50:35,649 DEBUG AlphaScanner.Data download_history_batch(size=10, period=2y, interval=1d, use_cache=False, head=['PNBHOUSING.NS', 'PTCIL.NS', 'PVRINOX.NS', 'PAGEIND.NS', 'PARADEEP.NS'])
2026-07-12 16:50:36,116 DEBUG AlphaScanner.Data download_history_batch split result count=10
2026-07-12 16:50:36,116 DEBUG AlphaScanner.Engine Batch download chunk 37/50 requested=10 resolved=10
2026-07-12 16:50:36,124 DEBUG AlphaScanner.Data download_history_batch(size=10, period=2y, interval=1d, use_cache=False, head=['PWL.NS', 'PIDILITIND.NS', 'PINELABS.NS', 'PIRAMALFIN.NS', 'PPLPHARMA.NS'])
2026-07-12 16:50:36,632 DEBUG AlphaScanner.Data download_history_batch split result count=10
2026-07-12 16:50:36,632 DEBUG AlphaScanner.Engine Batch download chunk 38/50 requested=10 resolved=10
2026-07-12 16:50:36,641 DEBUG AlphaScanner.Data download_history_batch(size=10, period=2y, interval=1d, use_cache=False, head=['PREMIERENE.NS', 'PRESTIGE.NS', 'PNB.NS', 'RRKABEL.NS', 'RBLBANK.NS'])
2026-07-12 16:50:37,045 DEBUG AlphaScanner.Data download_history_batch split result count=10
2026-07-12 16:50:37,046 DEBUG AlphaScanner.Engine Batch download chunk 39/50 requested=10 resolved=10
2026-07-12 16:50:37,054 DEBUG AlphaScanner.Data download_history_batch(size=10, period=2y, interval=1d, use_cache=False, head=['RAILTEL.NS', 'RAINBOW.NS', 'RKFORGE.NS', 'REDINGTON.NS', 'RELIANCE.NS'])
2026-07-12 16:50:37,464 DEBUG AlphaScanner.Data download_history_batch split result count=10
2026-07-12 16:50:37,464 DEBUG AlphaScanner.Engine Batch download chunk 40/50 requested=10 resolved=10
2026-07-12 16:50:37,472 DEBUG AlphaScanner.Data download_history_batch(size=10, period=2y, interval=1d, use_cache=False, head=['SRF.NS', 'SAGILITY.NS', 'SAILIFE.NS', 'SAMMAANCAP.NS', 'MOTHERSON.NS'])
2026-07-12 16:50:38,044 DEBUG AlphaScanner.Data download_history_batch split result count=10
2026-07-12 16:50:38,044 DEBUG AlphaScanner.Engine Batch download chunk 41/50 requested=10 resolved=10
2026-07-12 16:50:38,052 DEBUG AlphaScanner.Data download_history_batch(size=10, period=2y, interval=1d, use_cache=False, head=['SCI.NS', 'SHREECEM.NS', 'SHRIRAMFIN.NS', 'SHYAMMETL.NS', 'ENRIN.NS'])
2026-07-12 16:50:38,448 DEBUG AlphaScanner.Data download_history_batch split result count=10
2026-07-12 16:50:38,448 DEBUG AlphaScanner.Engine Batch download chunk 42/50 requested=10 resolved=10
2026-07-12 16:50:38,455 DEBUG AlphaScanner.Data download_history_batch(size=10, period=2y, interval=1d, use_cache=False, head=['SONATSOFTW.NS', 'STARHEALTH.NS', 'SBIN.NS', 'SAIL.NS', 'SUMICHEM.NS'])
2026-07-12 16:50:38,832 DEBUG AlphaScanner.Data download_history_batch split result count=10
2026-07-12 16:50:38,832 DEBUG AlphaScanner.Engine Batch download chunk 43/50 requested=10 resolved=10
2026-07-12 16:50:38,840 DEBUG AlphaScanner.Data download_history_batch(size=10, period=2y, interval=1d, use_cache=False, head=['SUZLON.NS', 'SWANCORP.NS', 'SWIGGY.NS', 'SYNGENE.NS', 'SYRMA.NS'])
2026-07-12 16:50:39,258 DEBUG AlphaScanner.Data download_history_batch split result count=10
2026-07-12 16:50:39,258 DEBUG AlphaScanner.Engine Batch download chunk 44/50 requested=10 resolved=10
2026-07-12 16:50:39,268 DEBUG AlphaScanner.Data download_history_batch(size=10, period=2y, interval=1d, use_cache=False, head=['TCS.NS', 'TATACONSUM.NS', 'TATAELXSI.NS', 'TATAINVEST.NS', 'TMCV.NS'])
2026-07-12 16:50:39,712 DEBUG AlphaScanner.Data download_history_batch split result count=10
2026-07-12 16:50:39,712 DEBUG AlphaScanner.Engine Batch download chunk 45/50 requested=10 resolved=10
2026-07-12 16:50:39,721 DEBUG AlphaScanner.Data download_history_batch(size=10, period=2y, interval=1d, use_cache=False, head=['TECHM.NS', 'TECHNOE.NS', 'TEGA.NS', 'TEJASNET.NS', 'TENNIND.NS'])
2026-07-12 16:50:40,225 DEBUG AlphaScanner.Data download_history_batch split result count=10
2026-07-12 16:50:40,225 DEBUG AlphaScanner.Engine Batch download chunk 46/50 requested=10 resolved=10
2026-07-12 16:50:40,234 DEBUG AlphaScanner.Data download_history_batch(size=10, period=2y, interval=1d, use_cache=False, head=['TITAN.NS', 'TORNTPHARM.NS', 'TORNTPOWER.NS', 'TARIL.NS', 'TRAVELFOOD.NS'])
2026-07-12 16:50:40,828 DEBUG AlphaScanner.Data download_history_batch split result count=10
2026-07-12 16:50:40,828 DEBUG AlphaScanner.Engine Batch download chunk 47/50 requested=10 resolved=10
2026-07-12 16:50:40,836 DEBUG AlphaScanner.Data download_history_batch(size=10, period=2y, interval=1d, use_cache=False, head=['UNOMINDA.NS', 'UPL.NS', 'UTIAMC.NS', 'ULTRACEMCO.NS', 'UNIONBANK.NS'])
2026-07-12 16:50:41,235 DEBUG AlphaScanner.Data download_history_batch split result count=10
2026-07-12 16:50:41,235 DEBUG AlphaScanner.Engine Batch download chunk 48/50 requested=10 resolved=10
2026-07-12 16:50:41,244 DEBUG AlphaScanner.Data download_history_batch(size=10, period=2y, interval=1d, use_cache=False, head=['VBL.NS', 'VEDL.NS', 'VIJAYA.NS', 'VMM.NS', 'IDEA.NS'])
2026-07-12 16:50:41,631 DEBUG AlphaScanner.Data download_history_batch split result count=10
2026-07-12 16:50:41,632 DEBUG AlphaScanner.Engine Batch download chunk 49/50 requested=10 resolved=10
2026-07-12 16:50:41,641 DEBUG AlphaScanner.Data download_history_batch(size=10, period=2y, interval=1d, use_cache=False, head=['WIPRO.NS', 'WOCKPHARMA.NS', 'YESBANK.NS', 'ZFCVINDIA.NS', 'ZEEL.NS'])
2026-07-12 16:50:42,314 DEBUG AlphaScanner.Data download_history_batch split result count=10
2026-07-12 16:50:42,315 DEBUG AlphaScanner.Engine Batch download chunk 50/50 requested=10 resolved=10
2026-07-12 16:50:42,463 DEBUG AlphaScanner.Engine Concatenated legacy data shape=(499, 3000)
2026-07-12 16:50:42,510 DEBUG AlphaScanner.Engine Post-align data shape=(495, 3000) benchmark_rows=495
2026-07-12 16:50:59,870 DEBUG AlphaScanner.Engine Legacy scan completed: hits=10 scanned=485 fail_counts={'trend_fail': 287, 'momentum_fail': 52, 'volume_fail': 89, 'breakout_fail': 106, 'rs_fail': 0, 'adx_fail': 5, 'liquidity_fail': 17, 'error_fail': 15}
2026-07-12 16:50:59,895 DEBUG AlphaScanner.Service perform_fresh_scan completed: rows=10 stats_keys=['adx_fail', 'bank_nifty_change', 'bb_fail', 'breakout_fail', 'dii_net', 'error_fail', 'fakeout_trap', 'fii_net', 'liquidity_fail', 'macd_fail', 'market_bias', 'market_bias_score', 'market_breadth_50', 'market_health', 'momentum_fail', 'nifty_change', 'rs_fail', 'scanned', 'scanner_type', 'sector_sentiment', 'timeframe', 'trend_fail', 'trending_sectors', 'universe', 'universe_size', 'volume_fail']
2026-07-12 16:55:07,968 DEBUG AlphaScanner.UI.Scanner render_tab(scan_type=Breakout, universe=Nifty 500, scan_mode=Entry Scanner, timeframe=1d, use_cache=False, run_scan=False)
2026-07-12 16:55:14,105 DEBUG AlphaScanner.UI.Scanner render_tab(scan_type=Breakout, universe=Nifty 500, scan_mode=Entry Scanner, timeframe=1d, use_cache=False, run_scan=True)
2026-07-12 16:55:14,957 DEBUG AlphaScanner.UI.Scanner Starting fresh scan with min_cap=0 max_cap=0 sector_map_size=500
2026-07-12 16:55:14,958 DEBUG AlphaScanner.Service perform_fresh_scan(scanner_type=Breakout, universe=Nifty 500, timeframe=1d, scan_mode=Entry Scanner, use_cache=False, vol_thresh=1.0, rsi_min=50, rsi_max=85, dist_thresh=1.5, min_mkt_cap_cr=0, max_mkt_cap_cr=0)
2026-07-12 16:55:14,958 DEBUG AlphaScanner.Service Routing to legacy breakout scanner with normalized timeframe=1d
2026-07-12 16:55:14,958 DEBUG AlphaScanner.Engine run_scanner(scanner_type=Breakout, universe=Nifty 500, timeframe=1d, use_cache=False, incremental_fetch=False, vol_thresh=1.0, rsi_range=50-85, dist_thresh=1.5, min_cap=0, max_cap=0)
2026-07-12 16:55:14,960 DEBUG AlphaScanner.Engine Resolved legacy universe 'Nifty 500' to 500 tickers
2026-07-12 16:55:15,114 DEBUG AlphaScanner.Engine Loaded benchmark close series with 495 rows
2026-07-12 16:55:15,116 DEBUG AlphaScanner.Data download_history_batch(size=10, period=2y, interval=1d, use_cache=False, head=['360ONE.NS', '3MINDIA.NS', 'ABB.NS', 'ACC.NS', 'ACMESOLAR.NS'])
2026-07-12 16:55:15,653 DEBUG AlphaScanner.Data download_history_batch split result count=10
2026-07-12 16:55:15,653 DEBUG AlphaScanner.Engine Batch download chunk 1/50 requested=10 resolved=10
2026-07-12 16:55:15,661 DEBUG AlphaScanner.Data download_history_batch(size=10, period=2y, interval=1d, use_cache=False, head=['AARTIIND.NS', 'AAVAS.NS', 'ABBOTINDIA.NS', 'ACE.NS', 'ACUTAAS.NS'])
2026-07-12 16:55:16,036 DEBUG AlphaScanner.Data download_history_batch split result count=10
2026-07-12 16:55:16,037 DEBUG AlphaScanner.Engine Batch download chunk 2/50 requested=10 resolved=10
2026-07-12 16:55:16,045 DEBUG AlphaScanner.Data download_history_batch(size=10, period=2y, interval=1d, use_cache=False, head=['ATGL.NS', 'ABCAPITAL.NS', 'ABFRL.NS', 'ABLBL.NS', 'ABREL.NS'])
2026-07-12 16:55:16,417 DEBUG AlphaScanner.Data download_history_batch split result count=10
2026-07-12 16:55:16,417 DEBUG AlphaScanner.Engine Batch download chunk 3/50 requested=10 resolved=10
2026-07-12 16:55:16,425 DEBUG AlphaScanner.Data download_history_batch(size=10, period=2y, interval=1d, use_cache=False, head=['AFFLE.NS', 'AJANTPHARM.NS', 'ALKEM.NS', 'ABDL.NS', 'ARE&M.NS'])
2026-07-12 16:55:16,788 DEBUG AlphaScanner.Data download_history_batch split result count=10
2026-07-12 16:55:16,788 DEBUG AlphaScanner.Engine Batch download chunk 4/50 requested=10 resolved=10
2026-07-12 16:55:16,795 DEBUG AlphaScanner.Data download_history_batch(size=10, period=2y, interval=1d, use_cache=False, head=['ANTHEM.NS', 'ANURAS.NS', 'APARINDS.NS', 'APOLLOHOSP.NS', 'APOLLOTYRE.NS'])
2026-07-12 16:55:17,342 DEBUG AlphaScanner.Data download_history_batch split result count=10
2026-07-12 16:55:17,342 DEBUG AlphaScanner.Engine Batch download chunk 5/50 requested=10 resolved=10
2026-07-12 16:55:17,353 DEBUG AlphaScanner.Data download_history_batch(size=10, period=2y, interval=1d, use_cache=False, head=['ASTRAL.NS', 'ATHERENERG.NS', 'ATUL.NS', 'AUROPHARMA.NS', 'AIIL.NS'])
2026-07-12 16:55:17,785 DEBUG AlphaScanner.Data download_history_batch split result count=10
2026-07-12 16:55:17,785 DEBUG AlphaScanner.Engine Batch download chunk 6/50 requested=10 resolved=10
2026-07-12 16:55:17,792 DEBUG AlphaScanner.Data download_history_batch(size=10, period=2y, interval=1d, use_cache=False, head=['BAJAJ-AUTO.NS', 'BAJFINANCE.NS', 'BAJAJFINSV.NS', 'BAJAJHLDNG.NS', 'BAJAJHFL.NS'])
2026-07-12 16:55:18,292 DEBUG AlphaScanner.Data download_history_batch split result count=10
2026-07-12 16:55:18,292 DEBUG AlphaScanner.Engine Batch download chunk 7/50 requested=10 resolved=10
2026-07-12 16:55:18,302 DEBUG AlphaScanner.Data download_history_batch(size=10, period=2y, interval=1d, use_cache=False, head=['MAHABANK.NS', 'BATAINDIA.NS', 'BAYERCROP.NS', 'BELRISE.NS', 'BERGEPAINT.NS'])
2026-07-12 16:55:18,707 DEBUG AlphaScanner.Data download_history_batch split result count=10
2026-07-12 16:55:18,708 DEBUG AlphaScanner.Engine Batch download chunk 8/50 requested=10 resolved=10
2026-07-12 16:55:18,716 DEBUG AlphaScanner.Data download_history_batch(size=10, period=2y, interval=1d, use_cache=False, head=['BHARTIARTL.NS', 'BHARTIHEXA.NS', 'BIKAJI.NS', 'GROWW.NS', 'BIOCON.NS'])
2026-07-12 16:55:19,199 DEBUG AlphaScanner.Data download_history_batch split result count=10
2026-07-12 16:55:19,199 DEBUG AlphaScanner.Engine Batch download chunk 9/50 requested=10 resolved=10
2026-07-12 16:55:19,207 DEBUG AlphaScanner.Data download_history_batch(size=10, period=2y, interval=1d, use_cache=False, head=['BOSCHLTD.NS', 'FIRSTCRY.NS', 'BRIGADE.NS', 'BRITANNIA.NS', 'MAPMYINDIA.NS'])
2026-07-12 16:55:19,662 DEBUG AlphaScanner.Data download_history_batch split result count=10
2026-07-12 16:55:19,662 DEBUG AlphaScanner.Engine Batch download chunk 10/50 requested=10 resolved=10
2026-07-12 16:55:19,671 DEBUG AlphaScanner.Data download_history_batch(size=10, period=2y, interval=1d, use_cache=False, head=['CANFINHOME.NS', 'CANBK.NS', 'CANHLIFE.NS', 'CAPLIPOINT.NS', 'CGCL.NS'])
2026-07-12 16:55:20,237 DEBUG AlphaScanner.Data download_history_batch split result count=10
2026-07-12 16:55:20,238 DEBUG AlphaScanner.Engine Batch download chunk 11/50 requested=10 resolved=10
2026-07-12 16:55:20,245 DEBUG AlphaScanner.Data download_history_batch(size=10, period=2y, interval=1d, use_cache=False, head=['CENTRALBK.NS', 'CDSL.NS', 'CHALET.NS', 'CHAMBLFERT.NS', 'CHENNPETRO.NS'])
2026-07-12 16:55:20,724 DEBUG AlphaScanner.Data download_history_batch split result count=10
2026-07-12 16:55:20,724 DEBUG AlphaScanner.Engine Batch download chunk 12/50 requested=10 resolved=10
2026-07-12 16:55:20,733 DEBUG AlphaScanner.Data download_history_batch(size=10, period=2y, interval=1d, use_cache=False, head=['CLEAN.NS', 'COALINDIA.NS', 'COCHINSHIP.NS', 'COFORGE.NS', 'COHANCE.NS'])
2026-07-12 16:55:21,217 DEBUG AlphaScanner.Data download_history_batch split result count=10
2026-07-12 16:55:21,218 DEBUG AlphaScanner.Engine Batch download chunk 13/50 requested=10 resolved=10
2026-07-12 16:55:21,225 DEBUG AlphaScanner.Data download_history_batch(size=10, period=2y, interval=1d, use_cache=False, head=['CRAFTSMAN.NS', 'CREDITACC.NS', 'CROMPTON.NS', 'CUMMINSIND.NS', 'CYIENT.NS'])
2026-07-12 16:55:21,625 DEBUG AlphaScanner.Data download_history_batch split result count=10
2026-07-12 16:55:21,626 DEBUG AlphaScanner.Engine Batch download chunk 14/50 requested=10 resolved=10
2026-07-12 16:55:21,636 DEBUG AlphaScanner.Data download_history_batch(size=10, period=2y, interval=1d, use_cache=False, head=['DATAPATTNS.NS', 'DEEPAKFERT.NS', 'DEEPAKNTR.NS', 'DELHIVERY.NS', 'DEVYANI.NS'])
2026-07-12 16:55:22,109 DEBUG AlphaScanner.Data download_history_batch split result count=10
2026-07-12 16:55:22,109 DEBUG AlphaScanner.Engine Batch download chunk 15/50 requested=10 resolved=10
2026-07-12 16:55:22,119 DEBUG AlphaScanner.Data download_history_batch(size=10, period=2y, interval=1d, use_cache=False, head=['EIHOTEL.NS', 'EICHERMOT.NS', 'ELECON.NS', 'ELGIEQUIP.NS', 'EMAMILTD.NS'])
2026-07-12 16:55:22,499 DEBUG AlphaScanner.Data download_history_batch split result count=10
2026-07-12 16:55:22,500 DEBUG AlphaScanner.Engine Batch download chunk 16/50 requested=10 resolved=10
2026-07-12 16:55:22,507 DEBUG AlphaScanner.Data download_history_batch(size=10, period=2y, interval=1d, use_cache=False, head=['ESCORTS.NS', 'ETERNAL.NS', 'EXIDEIND.NS', 'NYKAA.NS', 'FEDERALBNK.NS'])
2026-07-12 16:55:22,970 DEBUG AlphaScanner.Data download_history_batch split result count=10
2026-07-12 16:55:22,970 DEBUG AlphaScanner.Engine Batch download chunk 17/50 requested=10 resolved=10
2026-07-12 16:55:22,979 DEBUG AlphaScanner.Data download_history_batch(size=10, period=2y, interval=1d, use_cache=False, head=['FORTIS.NS', 'GAIL.NS', 'GVT&D.NS', 'GMRAIRPORT.NS', 'GABRIEL.NS'])
2026-07-12 16:55:23,393 DEBUG AlphaScanner.Data download_history_batch split result count=10
2026-07-12 16:55:23,393 DEBUG AlphaScanner.Engine Batch download chunk 18/50 requested=10 resolved=10
2026-07-12 16:55:23,402 DEBUG AlphaScanner.Data download_history_batch(size=10, period=2y, interval=1d, use_cache=False, head=['GLAXO.NS', 'GLENMARK.NS', 'MEDANTA.NS', 'GODIGIT.NS', 'GPIL.NS'])
2026-07-12 16:55:23,860 DEBUG AlphaScanner.Data download_history_batch split result count=10
2026-07-12 16:55:23,860 DEBUG AlphaScanner.Engine Batch download chunk 19/50 requested=10 resolved=10
2026-07-12 16:55:23,869 DEBUG AlphaScanner.Data download_history_batch(size=10, period=2y, interval=1d, use_cache=False, head=['GRAPHITE.NS', 'GRASIM.NS', 'GRAVITA.NS', 'GESHIP.NS', 'FLUOROCHEM.NS'])
2026-07-12 16:55:24,429 DEBUG AlphaScanner.Data download_history_batch split result count=10
2026-07-12 16:55:24,430 DEBUG AlphaScanner.Engine Batch download chunk 20/50 requested=10 resolved=10
2026-07-12 16:55:24,439 DEBUG AlphaScanner.Data download_history_batch(size=10, period=2y, interval=1d, use_cache=False, head=['HDFCAMC.NS', 'HDFCBANK.NS', 'HDFCLIFE.NS', 'HFCL.NS', 'HAVELLS.NS'])
2026-07-12 16:55:24,953 DEBUG AlphaScanner.Data download_history_batch split result count=10
2026-07-12 16:55:24,953 DEBUG AlphaScanner.Engine Batch download chunk 21/50 requested=10 resolved=10
2026-07-12 16:55:24,962 DEBUG AlphaScanner.Data download_history_batch(size=10, period=2y, interval=1d, use_cache=False, head=['HINDCOPPER.NS', 'HINDPETRO.NS', 'HINDUNILVR.NS', 'HINDZINC.NS', 'POWERINDIA.NS'])
2026-07-12 16:55:25,594 DEBUG AlphaScanner.Data download_history_batch split result count=10
2026-07-12 16:55:25,594 DEBUG AlphaScanner.Engine Batch download chunk 22/50 requested=10 resolved=10
2026-07-12 16:55:25,602 DEBUG AlphaScanner.Data download_history_batch(size=10, period=2y, interval=1d, use_cache=False, head=['ICICIBANK.NS', 'ICICIGI.NS', 'ICICIAMC.NS', 'ICICIPRULI.NS', 'IDBI.NS'])
2026-07-12 16:55:26,027 DEBUG AlphaScanner.Data download_history_batch split result count=10
2026-07-12 16:55:26,028 DEBUG AlphaScanner.Engine Batch download chunk 23/50 requested=10 resolved=10
2026-07-12 16:55:26,037 DEBUG AlphaScanner.Data download_history_batch(size=10, period=2y, interval=1d, use_cache=False, head=['ITCHOTELS.NS', 'ITC.NS', 'ITI.NS', 'INDGN.NS', 'INDIACEM.NS'])
2026-07-12 16:55:26,574 DEBUG AlphaScanner.Data download_history_batch split result count=10
2026-07-12 16:55:26,575 DEBUG AlphaScanner.Engine Batch download chunk 24/50 requested=10 resolved=10
2026-07-12 16:55:26,584 DEBUG AlphaScanner.Data download_history_batch(size=10, period=2y, interval=1d, use_cache=False, head=['IOB.NS', 'IRCTC.NS', 'IRFC.NS', 'IREDA.NS', 'IGL.NS'])
2026-07-12 16:55:26,917 DEBUG AlphaScanner.Data download_history_batch split result count=10
2026-07-12 16:55:26,917 DEBUG AlphaScanner.Engine Batch download chunk 25/50 requested=10 resolved=10
2026-07-12 16:55:26,925 DEBUG AlphaScanner.Data download_history_batch(size=10, period=2y, interval=1d, use_cache=False, head=['INTELLECT.NS', 'INDIGO.NS', 'IGIL.NS', 'IKS.NS', 'IPCALAB.NS'])
2026-07-12 16:55:27,364 DEBUG AlphaScanner.Data download_history_batch split result count=10
2026-07-12 16:55:27,364 DEBUG AlphaScanner.Engine Batch download chunk 26/50 requested=10 resolved=10
2026-07-12 16:55:27,372 DEBUG AlphaScanner.Data download_history_batch(size=10, period=2y, interval=1d, use_cache=False, head=['JSWCEMENT.NS', 'JSWDULUX.NS', 'JSWENERGY.NS', 'JSWINFRA.NS', 'JSWSTEEL.NS'])
2026-07-12 16:55:27,804 DEBUG AlphaScanner.Data download_history_batch split result count=10
2026-07-12 16:55:27,804 DEBUG AlphaScanner.Engine Batch download chunk 27/50 requested=10 resolved=10
2026-07-12 16:55:27,813 DEBUG AlphaScanner.Data download_history_batch(size=10, period=2y, interval=1d, use_cache=False, head=['JINDALSTEL.NS', 'JIOFIN.NS', 'JUBLFOOD.NS', 'JUBLINGREA.NS', 'JUBLPHARMA.NS'])
2026-07-12 16:55:28,367 DEBUG AlphaScanner.Data download_history_batch split result count=10
2026-07-12 16:55:28,367 DEBUG AlphaScanner.Engine Batch download chunk 28/50 requested=10 resolved=10
2026-07-12 16:55:28,375 DEBUG AlphaScanner.Data download_history_batch(size=10, period=2y, interval=1d, use_cache=False, head=['KAJARIACER.NS', 'KPIL.NS', 'KALYANKJIL.NS', 'KARURVYSYA.NS', 'KAYNES.NS'])
2026-07-12 16:55:28,768 DEBUG AlphaScanner.Data download_history_batch split result count=10
2026-07-12 16:55:28,769 DEBUG AlphaScanner.Engine Batch download chunk 29/50 requested=10 resolved=10
2026-07-12 16:55:28,776 DEBUG AlphaScanner.Data download_history_batch(size=10, period=2y, interval=1d, use_cache=False, head=['LTF.NS', 'LTTS.NS', 'LGEINDIA.NS', 'LICHSGFIN.NS', 'LTFOODS.NS'])
2026-07-12 16:55:29,133 DEBUG AlphaScanner.Data download_history_batch split result count=10
2026-07-12 16:55:29,134 DEBUG AlphaScanner.Engine Batch download chunk 30/50 requested=10 resolved=10
2026-07-12 16:55:29,141 DEBUG AlphaScanner.Data download_history_batch(size=10, period=2y, interval=1d, use_cache=False, head=['LEMONTREE.NS', 'LENSKART.NS', 'LICI.NS', 'LINDEINDIA.NS', 'LLOYDSME.NS'])
2026-07-12 16:55:29,667 DEBUG AlphaScanner.Data download_history_batch split result count=10
2026-07-12 16:55:29,667 DEBUG AlphaScanner.Engine Batch download chunk 31/50 requested=10 resolved=10
2026-07-12 16:55:29,674 DEBUG AlphaScanner.Data download_history_batch(size=10, period=2y, interval=1d, use_cache=False, head=['M&MFIN.NS', 'M&M.NS', 'MANAPPURAM.NS', 'MRPL.NS', 'MANKIND.NS'])
2026-07-12 16:55:30,074 DEBUG AlphaScanner.Data download_history_batch split result count=10
2026-07-12 16:55:30,074 DEBUG AlphaScanner.Engine Batch download chunk 32/50 requested=10 resolved=10
2026-07-12 16:55:30,084 DEBUG AlphaScanner.Data download_history_batch(size=10, period=2y, interval=1d, use_cache=False, head=['MEESHO.NS', 'MINDACORP.NS', 'MSUMI.NS', 'MOTILALOFS.NS', 'MPHASIS.NS'])
2026-07-12 16:55:30,600 DEBUG AlphaScanner.Data download_history_batch split result count=10
2026-07-12 16:55:30,600 DEBUG AlphaScanner.Engine Batch download chunk 33/50 requested=10 resolved=10
2026-07-12 16:55:30,608 DEBUG AlphaScanner.Data download_history_batch(size=10, period=2y, interval=1d, use_cache=False, head=['NHPC.NS', 'NLCINDIA.NS', 'NMDC.NS', 'NSLNISP.NS', 'NTPCGREEN.NS'])
2026-07-12 16:55:31,316 DEBUG AlphaScanner.Data download_history_batch split result count=10
2026-07-12 16:55:31,317 DEBUG AlphaScanner.Engine Batch download chunk 34/50 requested=10 resolved=10
2026-07-12 16:55:31,326 DEBUG AlphaScanner.Data download_history_batch(size=10, period=2y, interval=1d, use_cache=False, head=['NESTLEIND.NS', 'NETWEB.NS', 'NEULANDLAB.NS', 'NEWGEN.NS', 'NAM-INDIA.NS'])
2026-07-12 16:55:31,782 DEBUG AlphaScanner.Data download_history_batch split result count=10
2026-07-12 16:55:31,782 DEBUG AlphaScanner.Engine Batch download chunk 35/50 requested=10 resolved=10
2026-07-12 16:55:31,790 DEBUG AlphaScanner.Data download_history_batch(size=10, period=2y, interval=1d, use_cache=False, head=['OIL.NS', 'OLAELEC.NS', 'OLECTRA.NS', 'PAYTM.NS', 'ONESOURCE.NS'])
2026-07-12 16:55:32,215 DEBUG AlphaScanner.Data download_history_batch split result count=10
2026-07-12 16:55:32,215 DEBUG AlphaScanner.Engine Batch download chunk 36/50 requested=10 resolved=10
2026-07-12 16:55:32,223 DEBUG AlphaScanner.Data download_history_batch(size=10, period=2y, interval=1d, use_cache=False, head=['PNBHOUSING.NS', 'PTCIL.NS', 'PVRINOX.NS', 'PAGEIND.NS', 'PARADEEP.NS'])
2026-07-12 16:55:32,614 DEBUG AlphaScanner.Data download_history_batch split result count=10
2026-07-12 16:55:32,614 DEBUG AlphaScanner.Engine Batch download chunk 37/50 requested=10 resolved=10
2026-07-12 16:55:32,622 DEBUG AlphaScanner.Data download_history_batch(size=10, period=2y, interval=1d, use_cache=False, head=['PWL.NS', 'PIDILITIND.NS', 'PINELABS.NS', 'PIRAMALFIN.NS', 'PPLPHARMA.NS'])
2026-07-12 16:55:33,000 DEBUG AlphaScanner.Data download_history_batch split result count=10
2026-07-12 16:55:33,000 DEBUG AlphaScanner.Engine Batch download chunk 38/50 requested=10 resolved=10
2026-07-12 16:55:33,008 DEBUG AlphaScanner.Data download_history_batch(size=10, period=2y, interval=1d, use_cache=False, head=['PREMIERENE.NS', 'PRESTIGE.NS', 'PNB.NS', 'RRKABEL.NS', 'RBLBANK.NS'])
2026-07-12 16:55:33,665 DEBUG AlphaScanner.Data download_history_batch split result count=10
2026-07-12 16:55:33,665 DEBUG AlphaScanner.Engine Batch download chunk 39/50 requested=10 resolved=10
2026-07-12 16:55:33,673 DEBUG AlphaScanner.Data download_history_batch(size=10, period=2y, interval=1d, use_cache=False, head=['RAILTEL.NS', 'RAINBOW.NS', 'RKFORGE.NS', 'REDINGTON.NS', 'RELIANCE.NS'])
2026-07-12 16:55:34,183 DEBUG AlphaScanner.Data download_history_batch split result count=10
2026-07-12 16:55:34,184 DEBUG AlphaScanner.Engine Batch download chunk 40/50 requested=10 resolved=10
2026-07-12 16:55:34,191 DEBUG AlphaScanner.Data download_history_batch(size=10, period=2y, interval=1d, use_cache=False, head=['SRF.NS', 'SAGILITY.NS', 'SAILIFE.NS', 'SAMMAANCAP.NS', 'MOTHERSON.NS'])
2026-07-12 16:55:34,632 DEBUG AlphaScanner.Data download_history_batch split result count=10
2026-07-12 16:55:34,632 DEBUG AlphaScanner.Engine Batch download chunk 41/50 requested=10 resolved=10
2026-07-12 16:55:34,641 DEBUG AlphaScanner.Data download_history_batch(size=10, period=2y, interval=1d, use_cache=False, head=['SCI.NS', 'SHREECEM.NS', 'SHRIRAMFIN.NS', 'SHYAMMETL.NS', 'ENRIN.NS'])
2026-07-12 16:55:35,088 DEBUG AlphaScanner.Data download_history_batch split result count=10
2026-07-12 16:55:35,088 DEBUG AlphaScanner.Engine Batch download chunk 42/50 requested=10 resolved=10
2026-07-12 16:55:35,097 DEBUG AlphaScanner.Data download_history_batch(size=10, period=2y, interval=1d, use_cache=False, head=['SONATSOFTW.NS', 'STARHEALTH.NS', 'SBIN.NS', 'SAIL.NS', 'SUMICHEM.NS'])
2026-07-12 16:55:35,576 DEBUG AlphaScanner.Data download_history_batch split result count=10
2026-07-12 16:55:35,576 DEBUG AlphaScanner.Engine Batch download chunk 43/50 requested=10 resolved=10
2026-07-12 16:55:35,585 DEBUG AlphaScanner.Data download_history_batch(size=10, period=2y, interval=1d, use_cache=False, head=['SUZLON.NS', 'SWANCORP.NS', 'SWIGGY.NS', 'SYNGENE.NS', 'SYRMA.NS'])
2026-07-12 16:55:35,976 DEBUG AlphaScanner.Data download_history_batch split result count=10
2026-07-12 16:55:35,976 DEBUG AlphaScanner.Engine Batch download chunk 44/50 requested=10 resolved=10
2026-07-12 16:55:35,986 DEBUG AlphaScanner.Data download_history_batch(size=10, period=2y, interval=1d, use_cache=False, head=['TCS.NS', 'TATACONSUM.NS', 'TATAELXSI.NS', 'TATAINVEST.NS', 'TMCV.NS'])
2026-07-12 16:55:36,395 DEBUG AlphaScanner.Data download_history_batch split result count=10
2026-07-12 16:55:36,395 DEBUG AlphaScanner.Engine Batch download chunk 45/50 requested=10 resolved=10
2026-07-12 16:55:36,404 DEBUG AlphaScanner.Data download_history_batch(size=10, period=2y, interval=1d, use_cache=False, head=['TECHM.NS', 'TECHNOE.NS', 'TEGA.NS', 'TEJASNET.NS', 'TENNIND.NS'])
2026-07-12 16:55:37,004 DEBUG AlphaScanner.Data download_history_batch split result count=10
2026-07-12 16:55:37,004 DEBUG AlphaScanner.Engine Batch download chunk 46/50 requested=10 resolved=10
2026-07-12 16:55:37,013 DEBUG AlphaScanner.Data download_history_batch(size=10, period=2y, interval=1d, use_cache=False, head=['TITAN.NS', 'TORNTPHARM.NS', 'TORNTPOWER.NS', 'TARIL.NS', 'TRAVELFOOD.NS'])
2026-07-12 16:55:37,406 DEBUG AlphaScanner.Data download_history_batch split result count=10
2026-07-12 16:55:37,406 DEBUG AlphaScanner.Engine Batch download chunk 47/50 requested=10 resolved=10
2026-07-12 16:55:37,415 DEBUG AlphaScanner.Data download_history_batch(size=10, period=2y, interval=1d, use_cache=False, head=['UNOMINDA.NS', 'UPL.NS', 'UTIAMC.NS', 'ULTRACEMCO.NS', 'UNIONBANK.NS'])
2026-07-12 16:55:37,846 DEBUG AlphaScanner.Data download_history_batch split result count=10
2026-07-12 16:55:37,846 DEBUG AlphaScanner.Engine Batch download chunk 48/50 requested=10 resolved=10
2026-07-12 16:55:37,853 DEBUG AlphaScanner.Data download_history_batch(size=10, period=2y, interval=1d, use_cache=False, head=['VBL.NS', 'VEDL.NS', 'VIJAYA.NS', 'VMM.NS', 'IDEA.NS'])
2026-07-12 16:55:38,331 DEBUG AlphaScanner.Data download_history_batch split result count=10
2026-07-12 16:55:38,331 DEBUG AlphaScanner.Engine Batch download chunk 49/50 requested=10 resolved=10
2026-07-12 16:55:38,338 DEBUG AlphaScanner.Data download_history_batch(size=10, period=2y, interval=1d, use_cache=False, head=['WIPRO.NS', 'WOCKPHARMA.NS', 'YESBANK.NS', 'ZFCVINDIA.NS', 'ZEEL.NS'])
2026-07-12 16:55:38,861 DEBUG AlphaScanner.Data download_history_batch split result count=10
2026-07-12 16:55:38,861 DEBUG AlphaScanner.Engine Batch download chunk 50/50 requested=10 resolved=10
2026-07-12 16:55:39,007 DEBUG AlphaScanner.Engine Concatenated legacy data shape=(499, 3000)
2026-07-12 16:55:39,053 DEBUG AlphaScanner.Engine Post-align data shape=(495, 3000) benchmark_rows=495
2026-07-12 16:55:56,634 DEBUG AlphaScanner.Engine Legacy scan completed: hits=10 scanned=485 fail_counts={'trend_fail': 287, 'momentum_fail': 52, 'volume_fail': 89, 'breakout_fail': 106, 'rs_fail': 0, 'adx_fail': 5, 'liquidity_fail': 17, 'error_fail': 15}
2026-07-12 16:55:56,659 DEBUG AlphaScanner.Service perform_fresh_scan completed: rows=10 stats_keys=['adx_fail', 'bank_nifty_change', 'bb_fail', 'breakout_fail', 'dii_net', 'error_fail', 'fakeout_trap', 'fii_net', 'liquidity_fail', 'macd_fail', 'market_bias', 'market_bias_score', 'market_breadth_50', 'market_health', 'momentum_fail', 'nifty_change', 'rs_fail', 'scanned', 'scanner_type', 'sector_sentiment', 'timeframe', 'trend_fail', 'trending_sectors', 'universe', 'universe_size', 'volume_fail']
2026-07-12 17:04:15,821 DEBUG AlphaScanner.UI.Scanner render_tab(scan_type=Breakout, universe=Nifty 500, scan_mode=Entry Scanner, timeframe=1d, use_cache=False, run_scan=True)
2026-07-12 17:04:15,823 DEBUG AlphaScanner.UI.Scanner Starting fresh scan with min_cap=0 max_cap=0 sector_map_size=500
2026-07-12 17:04:15,823 DEBUG AlphaScanner.Service perform_fresh_scan(scanner_type=Breakout, universe=Nifty 500, timeframe=1d, scan_mode=Entry Scanner, use_cache=False, vol_thresh=1.0, rsi_min=50, rsi_max=85, dist_thresh=1.5, min_mkt_cap_cr=0, max_mkt_cap_cr=0)
2026-07-12 17:04:15,824 DEBUG AlphaScanner.Service Routing to legacy breakout scanner with normalized timeframe=1d
2026-07-12 17:04:15,824 DEBUG AlphaScanner.Engine run_scanner(scanner_type=Breakout, universe=Nifty 500, timeframe=1d, use_cache=False, incremental_fetch=False, vol_thresh=1.0, rsi_range=50-85, dist_thresh=1.5, min_cap=0, max_cap=0)
2026-07-12 17:04:15,826 DEBUG AlphaScanner.Engine Resolved legacy universe 'Nifty 500' to 500 tickers
2026-07-12 17:04:16,028 DEBUG AlphaScanner.Engine Loaded benchmark close series with 495 rows
2026-07-12 17:04:16,030 DEBUG AlphaScanner.Data download_history_batch(size=10, period=2y, interval=1d, use_cache=False, head=['360ONE.NS', '3MINDIA.NS', 'ABB.NS', 'ACC.NS', 'ACMESOLAR.NS'])
2026-07-12 17:04:16,497 DEBUG AlphaScanner.Data download_history_batch split result count=10
2026-07-12 17:04:16,497 DEBUG AlphaScanner.Engine Batch download chunk 1/50 requested=10 resolved=10
2026-07-12 17:04:16,510 DEBUG AlphaScanner.Data download_history_batch(size=10, period=2y, interval=1d, use_cache=False, head=['AARTIIND.NS', 'AAVAS.NS', 'ABBOTINDIA.NS', 'ACE.NS', 'ACUTAAS.NS'])
2026-07-12 17:04:17,016 DEBUG AlphaScanner.Data download_history_batch split result count=10
2026-07-12 17:04:17,016 DEBUG AlphaScanner.Engine Batch download chunk 2/50 requested=10 resolved=10
2026-07-12 17:04:17,024 DEBUG AlphaScanner.Data download_history_batch(size=10, period=2y, interval=1d, use_cache=False, head=['ATGL.NS', 'ABCAPITAL.NS', 'ABFRL.NS', 'ABLBL.NS', 'ABREL.NS'])
2026-07-12 17:04:17,539 DEBUG AlphaScanner.Data download_history_batch split result count=10
2026-07-12 17:04:17,539 DEBUG AlphaScanner.Engine Batch download chunk 3/50 requested=10 resolved=10
2026-07-12 17:04:17,548 DEBUG AlphaScanner.Data download_history_batch(size=10, period=2y, interval=1d, use_cache=False, head=['AFFLE.NS', 'AJANTPHARM.NS', 'ALKEM.NS', 'ABDL.NS', 'ARE&M.NS'])
2026-07-12 17:04:18,100 DEBUG AlphaScanner.Data download_history_batch split result count=10
2026-07-12 17:04:18,101 DEBUG AlphaScanner.Engine Batch download chunk 4/50 requested=10 resolved=10
2026-07-12 17:04:18,110 DEBUG AlphaScanner.Data download_history_batch(size=10, period=2y, interval=1d, use_cache=False, head=['ANTHEM.NS', 'ANURAS.NS', 'APARINDS.NS', 'APOLLOHOSP.NS', 'APOLLOTYRE.NS'])
2026-07-12 17:04:18,585 DEBUG AlphaScanner.Data download_history_batch split result count=10
2026-07-12 17:04:18,586 DEBUG AlphaScanner.Engine Batch download chunk 5/50 requested=10 resolved=10
2026-07-12 17:04:18,594 DEBUG AlphaScanner.Data download_history_batch(size=10, period=2y, interval=1d, use_cache=False, head=['ASTRAL.NS', 'ATHERENERG.NS', 'ATUL.NS', 'AUROPHARMA.NS', 'AIIL.NS'])
2026-07-12 17:04:19,089 DEBUG AlphaScanner.Data download_history_batch split result count=10
2026-07-12 17:04:19,089 DEBUG AlphaScanner.Engine Batch download chunk 6/50 requested=10 resolved=10
2026-07-12 17:04:19,098 DEBUG AlphaScanner.Data download_history_batch(size=10, period=2y, interval=1d, use_cache=False, head=['BAJAJ-AUTO.NS', 'BAJFINANCE.NS', 'BAJAJFINSV.NS', 'BAJAJHLDNG.NS', 'BAJAJHFL.NS'])
2026-07-12 17:04:19,492 DEBUG AlphaScanner.Data download_history_batch split result count=10
2026-07-12 17:04:19,492 DEBUG AlphaScanner.Engine Batch download chunk 7/50 requested=10 resolved=10
2026-07-12 17:04:19,505 DEBUG AlphaScanner.Data download_history_batch(size=10, period=2y, interval=1d, use_cache=False, head=['MAHABANK.NS', 'BATAINDIA.NS', 'BAYERCROP.NS', 'BELRISE.NS', 'BERGEPAINT.NS'])
2026-07-12 17:04:20,002 DEBUG AlphaScanner.Data download_history_batch split result count=10
2026-07-12 17:04:20,002 DEBUG AlphaScanner.Engine Batch download chunk 8/50 requested=10 resolved=10
2026-07-12 17:04:20,012 DEBUG AlphaScanner.Data download_history_batch(size=10, period=2y, interval=1d, use_cache=False, head=['BHARTIARTL.NS', 'BHARTIHEXA.NS', 'BIKAJI.NS', 'GROWW.NS', 'BIOCON.NS'])
2026-07-12 17:04:20,429 DEBUG AlphaScanner.Data download_history_batch split result count=10
2026-07-12 17:04:20,429 DEBUG AlphaScanner.Engine Batch download chunk 9/50 requested=10 resolved=10
2026-07-12 17:04:20,442 DEBUG AlphaScanner.Data download_history_batch(size=10, period=2y, interval=1d, use_cache=False, head=['BOSCHLTD.NS', 'FIRSTCRY.NS', 'BRIGADE.NS', 'BRITANNIA.NS', 'MAPMYINDIA.NS'])
2026-07-12 17:04:21,078 DEBUG AlphaScanner.Data download_history_batch split result count=10
2026-07-12 17:04:21,078 DEBUG AlphaScanner.Engine Batch download chunk 10/50 requested=10 resolved=10
2026-07-12 17:04:21,089 DEBUG AlphaScanner.Data download_history_batch(size=10, period=2y, interval=1d, use_cache=False, head=['CANFINHOME.NS', 'CANBK.NS', 'CANHLIFE.NS', 'CAPLIPOINT.NS', 'CGCL.NS'])
2026-07-12 17:04:21,725 DEBUG AlphaScanner.Data download_history_batch split result count=10
2026-07-12 17:04:21,726 DEBUG AlphaScanner.Engine Batch download chunk 11/50 requested=10 resolved=10
2026-07-12 17:04:21,739 DEBUG AlphaScanner.Data download_history_batch(size=10, period=2y, interval=1d, use_cache=False, head=['CENTRALBK.NS', 'CDSL.NS', 'CHALET.NS', 'CHAMBLFERT.NS', 'CHENNPETRO.NS'])
2026-07-12 17:04:22,308 DEBUG AlphaScanner.Data download_history_batch split result count=10
2026-07-12 17:04:22,308 DEBUG AlphaScanner.Engine Batch download chunk 12/50 requested=10 resolved=10
2026-07-12 17:04:22,318 DEBUG AlphaScanner.Data download_history_batch(size=10, period=2y, interval=1d, use_cache=False, head=['CLEAN.NS', 'COALINDIA.NS', 'COCHINSHIP.NS', 'COFORGE.NS', 'COHANCE.NS'])
2026-07-12 17:04:22,680 DEBUG AlphaScanner.Data download_history_batch split result count=10
2026-07-12 17:04:22,680 DEBUG AlphaScanner.Engine Batch download chunk 13/50 requested=10 resolved=10
2026-07-12 17:04:22,688 DEBUG AlphaScanner.Data download_history_batch(size=10, period=2y, interval=1d, use_cache=False, head=['CRAFTSMAN.NS', 'CREDITACC.NS', 'CROMPTON.NS', 'CUMMINSIND.NS', 'CYIENT.NS'])
2026-07-12 17:04:23,145 DEBUG AlphaScanner.Data download_history_batch split result count=10
2026-07-12 17:04:23,145 DEBUG AlphaScanner.Engine Batch download chunk 14/50 requested=10 resolved=10
2026-07-12 17:04:23,152 DEBUG AlphaScanner.Data download_history_batch(size=10, period=2y, interval=1d, use_cache=False, head=['DATAPATTNS.NS', 'DEEPAKFERT.NS', 'DEEPAKNTR.NS', 'DELHIVERY.NS', 'DEVYANI.NS'])
2026-07-12 17:04:23,737 DEBUG AlphaScanner.Data download_history_batch split result count=10
2026-07-12 17:04:23,737 DEBUG AlphaScanner.Engine Batch download chunk 15/50 requested=10 resolved=10
2026-07-12 17:04:23,747 DEBUG AlphaScanner.Data download_history_batch(size=10, period=2y, interval=1d, use_cache=False, head=['EIHOTEL.NS', 'EICHERMOT.NS', 'ELECON.NS', 'ELGIEQUIP.NS', 'EMAMILTD.NS'])
2026-07-12 17:04:24,168 DEBUG AlphaScanner.Data download_history_batch split result count=10
2026-07-12 17:04:24,169 DEBUG AlphaScanner.Engine Batch download chunk 16/50 requested=10 resolved=10
2026-07-12 17:04:24,177 DEBUG AlphaScanner.Data download_history_batch(size=10, period=2y, interval=1d, use_cache=False, head=['ESCORTS.NS', 'ETERNAL.NS', 'EXIDEIND.NS', 'NYKAA.NS', 'FEDERALBNK.NS'])
2026-07-12 17:04:24,659 DEBUG AlphaScanner.Data download_history_batch split result count=10
2026-07-12 17:04:24,659 DEBUG AlphaScanner.Engine Batch download chunk 17/50 requested=10 resolved=10
2026-07-12 17:04:24,669 DEBUG AlphaScanner.Data download_history_batch(size=10, period=2y, interval=1d, use_cache=False, head=['FORTIS.NS', 'GAIL.NS', 'GVT&D.NS', 'GMRAIRPORT.NS', 'GABRIEL.NS'])
2026-07-12 17:04:25,111 DEBUG AlphaScanner.Data download_history_batch split result count=10
2026-07-12 17:04:25,111 DEBUG AlphaScanner.Engine Batch download chunk 18/50 requested=10 resolved=10
2026-07-12 17:04:25,121 DEBUG AlphaScanner.Data download_history_batch(size=10, period=2y, interval=1d, use_cache=False, head=['GLAXO.NS', 'GLENMARK.NS', 'MEDANTA.NS', 'GODIGIT.NS', 'GPIL.NS'])
2026-07-12 17:04:25,736 DEBUG AlphaScanner.Data download_history_batch split result count=10
2026-07-12 17:04:25,736 DEBUG AlphaScanner.Engine Batch download chunk 19/50 requested=10 resolved=10
2026-07-12 17:04:25,744 DEBUG AlphaScanner.Data download_history_batch(size=10, period=2y, interval=1d, use_cache=False, head=['GRAPHITE.NS', 'GRASIM.NS', 'GRAVITA.NS', 'GESHIP.NS', 'FLUOROCHEM.NS'])
2026-07-12 17:04:26,282 DEBUG AlphaScanner.Data download_history_batch split result count=10
2026-07-12 17:04:26,282 DEBUG AlphaScanner.Engine Batch download chunk 20/50 requested=10 resolved=10
2026-07-12 17:04:26,291 DEBUG AlphaScanner.Data download_history_batch(size=10, period=2y, interval=1d, use_cache=False, head=['HDFCAMC.NS', 'HDFCBANK.NS', 'HDFCLIFE.NS', 'HFCL.NS', 'HAVELLS.NS'])
2026-07-12 17:04:26,973 DEBUG AlphaScanner.Data download_history_batch split result count=10
2026-07-12 17:04:26,973 DEBUG AlphaScanner.Engine Batch download chunk 21/50 requested=10 resolved=10
2026-07-12 17:04:26,980 DEBUG AlphaScanner.Data download_history_batch(size=10, period=2y, interval=1d, use_cache=False, head=['HINDCOPPER.NS', 'HINDPETRO.NS', 'HINDUNILVR.NS', 'HINDZINC.NS', 'POWERINDIA.NS'])
2026-07-12 17:04:27,469 DEBUG AlphaScanner.Data download_history_batch split result count=10
2026-07-12 17:04:27,470 DEBUG AlphaScanner.Engine Batch download chunk 22/50 requested=10 resolved=10
2026-07-12 17:04:27,477 DEBUG AlphaScanner.Data download_history_batch(size=10, period=2y, interval=1d, use_cache=False, head=['ICICIBANK.NS', 'ICICIGI.NS', 'ICICIAMC.NS', 'ICICIPRULI.NS', 'IDBI.NS'])
2026-07-12 17:04:28,288 DEBUG AlphaScanner.Data download_history_batch split result count=10
2026-07-12 17:04:28,288 DEBUG AlphaScanner.Engine Batch download chunk 23/50 requested=10 resolved=10
2026-07-12 17:04:28,298 DEBUG AlphaScanner.Data download_history_batch(size=10, period=2y, interval=1d, use_cache=False, head=['ITCHOTELS.NS', 'ITC.NS', 'ITI.NS', 'INDGN.NS', 'INDIACEM.NS'])
2026-07-12 17:04:28,865 DEBUG AlphaScanner.Data download_history_batch split result count=10
2026-07-12 17:04:28,865 DEBUG AlphaScanner.Engine Batch download chunk 24/50 requested=10 resolved=10
2026-07-12 17:04:28,874 DEBUG AlphaScanner.Data download_history_batch(size=10, period=2y, interval=1d, use_cache=False, head=['IOB.NS', 'IRCTC.NS', 'IRFC.NS', 'IREDA.NS', 'IGL.NS'])
2026-07-12 17:04:29,373 DEBUG AlphaScanner.Data download_history_batch split result count=10
2026-07-12 17:04:29,373 DEBUG AlphaScanner.Engine Batch download chunk 25/50 requested=10 resolved=10
2026-07-12 17:04:29,381 DEBUG AlphaScanner.Data download_history_batch(size=10, period=2y, interval=1d, use_cache=False, head=['INTELLECT.NS', 'INDIGO.NS', 'IGIL.NS', 'IKS.NS', 'IPCALAB.NS'])
2026-07-12 17:04:30,155 DEBUG AlphaScanner.Data download_history_batch split result count=10
2026-07-12 17:04:30,155 DEBUG AlphaScanner.Engine Batch download chunk 26/50 requested=10 resolved=10
2026-07-12 17:04:30,163 DEBUG AlphaScanner.Data download_history_batch(size=10, period=2y, interval=1d, use_cache=False, head=['JSWCEMENT.NS', 'JSWDULUX.NS', 'JSWENERGY.NS', 'JSWINFRA.NS', 'JSWSTEEL.NS'])
2026-07-12 17:04:30,677 DEBUG AlphaScanner.Data download_history_batch split result count=10
2026-07-12 17:04:30,678 DEBUG AlphaScanner.Engine Batch download chunk 27/50 requested=10 resolved=10
2026-07-12 17:04:30,685 DEBUG AlphaScanner.Data download_history_batch(size=10, period=2y, interval=1d, use_cache=False, head=['JINDALSTEL.NS', 'JIOFIN.NS', 'JUBLFOOD.NS', 'JUBLINGREA.NS', 'JUBLPHARMA.NS'])
2026-07-12 17:04:31,268 DEBUG AlphaScanner.Data download_history_batch split result count=10
2026-07-12 17:04:31,268 DEBUG AlphaScanner.Engine Batch download chunk 28/50 requested=10 resolved=10
2026-07-12 17:04:31,276 DEBUG AlphaScanner.Data download_history_batch(size=10, period=2y, interval=1d, use_cache=False, head=['KAJARIACER.NS', 'KPIL.NS', 'KALYANKJIL.NS', 'KARURVYSYA.NS', 'KAYNES.NS'])
2026-07-12 17:04:31,824 DEBUG AlphaScanner.Data download_history_batch split result count=10
2026-07-12 17:04:31,824 DEBUG AlphaScanner.Engine Batch download chunk 29/50 requested=10 resolved=10
2026-07-12 17:04:31,833 DEBUG AlphaScanner.Data download_history_batch(size=10, period=2y, interval=1d, use_cache=False, head=['LTF.NS', 'LTTS.NS', 'LGEINDIA.NS', 'LICHSGFIN.NS', 'LTFOODS.NS'])
2026-07-12 17:04:32,270 DEBUG AlphaScanner.Data download_history_batch split result count=10
2026-07-12 17:04:32,271 DEBUG AlphaScanner.Engine Batch download chunk 30/50 requested=10 resolved=10
2026-07-12 17:04:32,278 DEBUG AlphaScanner.Data download_history_batch(size=10, period=2y, interval=1d, use_cache=False, head=['LEMONTREE.NS', 'LENSKART.NS', 'LICI.NS', 'LINDEINDIA.NS', 'LLOYDSME.NS'])
2026-07-12 17:04:32,796 DEBUG AlphaScanner.Data download_history_batch split result count=10
2026-07-12 17:04:32,796 DEBUG AlphaScanner.Engine Batch download chunk 31/50 requested=10 resolved=10
2026-07-12 17:04:32,806 DEBUG AlphaScanner.Data download_history_batch(size=10, period=2y, interval=1d, use_cache=False, head=['M&MFIN.NS', 'M&M.NS', 'MANAPPURAM.NS', 'MRPL.NS', 'MANKIND.NS'])
2026-07-12 17:04:33,451 DEBUG AlphaScanner.Data download_history_batch split result count=10
2026-07-12 17:04:33,452 DEBUG AlphaScanner.Engine Batch download chunk 32/50 requested=10 resolved=10
2026-07-12 17:04:33,459 DEBUG AlphaScanner.Data download_history_batch(size=10, period=2y, interval=1d, use_cache=False, head=['MEESHO.NS', 'MINDACORP.NS', 'MSUMI.NS', 'MOTILALOFS.NS', 'MPHASIS.NS'])
2026-07-12 17:04:33,975 DEBUG AlphaScanner.Data download_history_batch split result count=10
2026-07-12 17:04:33,975 DEBUG AlphaScanner.Engine Batch download chunk 33/50 requested=10 resolved=10
2026-07-12 17:04:33,982 DEBUG AlphaScanner.Data download_history_batch(size=10, period=2y, interval=1d, use_cache=False, head=['NHPC.NS', 'NLCINDIA.NS', 'NMDC.NS', 'NSLNISP.NS', 'NTPCGREEN.NS'])
2026-07-12 17:04:34,451 DEBUG AlphaScanner.Data download_history_batch split result count=10
2026-07-12 17:04:34,451 DEBUG AlphaScanner.Engine Batch download chunk 34/50 requested=10 resolved=10
2026-07-12 17:04:34,459 DEBUG AlphaScanner.Data download_history_batch(size=10, period=2y, interval=1d, use_cache=False, head=['NESTLEIND.NS', 'NETWEB.NS', 'NEULANDLAB.NS', 'NEWGEN.NS', 'NAM-INDIA.NS'])
2026-07-12 17:04:35,050 DEBUG AlphaScanner.Data download_history_batch split result count=10
2026-07-12 17:04:35,050 DEBUG AlphaScanner.Engine Batch download chunk 35/50 requested=10 resolved=10
2026-07-12 17:04:35,058 DEBUG AlphaScanner.Data download_history_batch(size=10, period=2y, interval=1d, use_cache=False, head=['OIL.NS', 'OLAELEC.NS', 'OLECTRA.NS', 'PAYTM.NS', 'ONESOURCE.NS'])
2026-07-12 17:04:35,748 DEBUG AlphaScanner.Data download_history_batch split result count=10
2026-07-12 17:04:35,748 DEBUG AlphaScanner.Engine Batch download chunk 36/50 requested=10 resolved=10
2026-07-12 17:04:35,756 DEBUG AlphaScanner.Data download_history_batch(size=10, period=2y, interval=1d, use_cache=False, head=['PNBHOUSING.NS', 'PTCIL.NS', 'PVRINOX.NS', 'PAGEIND.NS', 'PARADEEP.NS'])
2026-07-12 17:04:36,244 DEBUG AlphaScanner.Data download_history_batch split result count=10
2026-07-12 17:04:36,244 DEBUG AlphaScanner.Engine Batch download chunk 37/50 requested=10 resolved=10
2026-07-12 17:04:36,253 DEBUG AlphaScanner.Data download_history_batch(size=10, period=2y, interval=1d, use_cache=False, head=['PWL.NS', 'PIDILITIND.NS', 'PINELABS.NS', 'PIRAMALFIN.NS', 'PPLPHARMA.NS'])
2026-07-12 17:04:36,736 DEBUG AlphaScanner.Data download_history_batch split result count=10
2026-07-12 17:04:36,736 DEBUG AlphaScanner.Engine Batch download chunk 38/50 requested=10 resolved=10
2026-07-12 17:04:36,745 DEBUG AlphaScanner.Data download_history_batch(size=10, period=2y, interval=1d, use_cache=False, head=['PREMIERENE.NS', 'PRESTIGE.NS', 'PNB.NS', 'RRKABEL.NS', 'RBLBANK.NS'])
2026-07-12 17:04:37,340 DEBUG AlphaScanner.Data download_history_batch split result count=10
2026-07-12 17:04:37,340 DEBUG AlphaScanner.Engine Batch download chunk 39/50 requested=10 resolved=10
2026-07-12 17:04:37,351 DEBUG AlphaScanner.Data download_history_batch(size=10, period=2y, interval=1d, use_cache=False, head=['RAILTEL.NS', 'RAINBOW.NS', 'RKFORGE.NS', 'REDINGTON.NS', 'RELIANCE.NS'])
2026-07-12 17:04:37,716 DEBUG AlphaScanner.Data download_history_batch split result count=10
2026-07-12 17:04:37,717 DEBUG AlphaScanner.Engine Batch download chunk 40/50 requested=10 resolved=10
2026-07-12 17:04:37,726 DEBUG AlphaScanner.Data download_history_batch(size=10, period=2y, interval=1d, use_cache=False, head=['SRF.NS', 'SAGILITY.NS', 'SAILIFE.NS', 'SAMMAANCAP.NS', 'MOTHERSON.NS'])
2026-07-12 17:04:38,302 DEBUG AlphaScanner.Data download_history_batch split result count=10
2026-07-12 17:04:38,302 DEBUG AlphaScanner.Engine Batch download chunk 41/50 requested=10 resolved=10
2026-07-12 17:04:38,311 DEBUG AlphaScanner.Data download_history_batch(size=10, period=2y, interval=1d, use_cache=False, head=['SCI.NS', 'SHREECEM.NS', 'SHRIRAMFIN.NS', 'SHYAMMETL.NS', 'ENRIN.NS'])
2026-07-12 17:04:38,725 DEBUG AlphaScanner.Data download_history_batch split result count=10
2026-07-12 17:04:38,725 DEBUG AlphaScanner.Engine Batch download chunk 42/50 requested=10 resolved=10
2026-07-12 17:04:38,732 DEBUG AlphaScanner.Data download_history_batch(size=10, period=2y, interval=1d, use_cache=False, head=['SONATSOFTW.NS', 'STARHEALTH.NS', 'SBIN.NS', 'SAIL.NS', 'SUMICHEM.NS'])
2026-07-12 17:04:39,145 DEBUG AlphaScanner.Data download_history_batch split result count=10
2026-07-12 17:04:39,145 DEBUG AlphaScanner.Engine Batch download chunk 43/50 requested=10 resolved=10
2026-07-12 17:04:39,156 DEBUG AlphaScanner.Data download_history_batch(size=10, period=2y, interval=1d, use_cache=False, head=['SUZLON.NS', 'SWANCORP.NS', 'SWIGGY.NS', 'SYNGENE.NS', 'SYRMA.NS'])
2026-07-12 17:04:39,587 DEBUG AlphaScanner.Data download_history_batch split result count=10
2026-07-12 17:04:39,587 DEBUG AlphaScanner.Engine Batch download chunk 44/50 requested=10 resolved=10
2026-07-12 17:04:39,597 DEBUG AlphaScanner.Data download_history_batch(size=10, period=2y, interval=1d, use_cache=False, head=['TCS.NS', 'TATACONSUM.NS', 'TATAELXSI.NS', 'TATAINVEST.NS', 'TMCV.NS'])
2026-07-12 17:04:40,379 DEBUG AlphaScanner.Data download_history_batch split result count=10
2026-07-12 17:04:40,379 DEBUG AlphaScanner.Engine Batch download chunk 45/50 requested=10 resolved=10
2026-07-12 17:04:40,397 DEBUG AlphaScanner.Data download_history_batch(size=10, period=2y, interval=1d, use_cache=False, head=['TECHM.NS', 'TECHNOE.NS', 'TEGA.NS', 'TEJASNET.NS', 'TENNIND.NS'])
2026-07-12 17:04:40,833 DEBUG AlphaScanner.Data download_history_batch split result count=10
2026-07-12 17:04:40,833 DEBUG AlphaScanner.Engine Batch download chunk 46/50 requested=10 resolved=10
2026-07-12 17:04:40,842 DEBUG AlphaScanner.Data download_history_batch(size=10, period=2y, interval=1d, use_cache=False, head=['TITAN.NS', 'TORNTPHARM.NS', 'TORNTPOWER.NS', 'TARIL.NS', 'TRAVELFOOD.NS'])
2026-07-12 17:04:41,278 DEBUG AlphaScanner.Data download_history_batch split result count=10
2026-07-12 17:04:41,278 DEBUG AlphaScanner.Engine Batch download chunk 47/50 requested=10 resolved=10
2026-07-12 17:04:41,286 DEBUG AlphaScanner.Data download_history_batch(size=10, period=2y, interval=1d, use_cache=False, head=['UNOMINDA.NS', 'UPL.NS', 'UTIAMC.NS', 'ULTRACEMCO.NS', 'UNIONBANK.NS'])
2026-07-12 17:04:41,750 DEBUG AlphaScanner.Data download_history_batch split result count=10
2026-07-12 17:04:41,751 DEBUG AlphaScanner.Engine Batch download chunk 48/50 requested=10 resolved=10
2026-07-12 17:04:41,758 DEBUG AlphaScanner.Data download_history_batch(size=10, period=2y, interval=1d, use_cache=False, head=['VBL.NS', 'VEDL.NS', 'VIJAYA.NS', 'VMM.NS', 'IDEA.NS'])
2026-07-12 17:04:42,173 DEBUG AlphaScanner.Data download_history_batch split result count=10
2026-07-12 17:04:42,173 DEBUG AlphaScanner.Engine Batch download chunk 49/50 requested=10 resolved=10
2026-07-12 17:04:42,181 DEBUG AlphaScanner.Data download_history_batch(size=10, period=2y, interval=1d, use_cache=False, head=['WIPRO.NS', 'WOCKPHARMA.NS', 'YESBANK.NS', 'ZFCVINDIA.NS', 'ZEEL.NS'])
2026-07-12 17:04:42,665 DEBUG AlphaScanner.Data download_history_batch split result count=10
2026-07-12 17:04:42,665 DEBUG AlphaScanner.Engine Batch download chunk 50/50 requested=10 resolved=10
2026-07-12 17:04:42,790 DEBUG AlphaScanner.Engine Concatenated legacy data shape=(499, 3000)
2026-07-12 17:04:42,834 DEBUG AlphaScanner.Engine Post-align data shape=(495, 3000) benchmark_rows=495
2026-07-12 17:04:57,064 DEBUG AlphaScanner.Engine Legacy scan completed: hits=10 scanned=485 fail_counts={'trend_fail': 287, 'momentum_fail': 52, 'volume_fail': 89, 'breakout_fail': 106, 'rs_fail': 0, 'adx_fail': 5, 'liquidity_fail': 17, 'error_fail': 15}
2026-07-12 17:04:57,081 DEBUG AlphaScanner.Service perform_fresh_scan completed: rows=10 stats_keys=['adx_fail', 'bank_nifty_change', 'bb_fail', 'breakout_fail', 'dii_net', 'error_fail', 'fakeout_trap', 'fii_net', 'liquidity_fail', 'macd_fail', 'market_bias', 'market_bias_score', 'market_breadth_50', 'market_health', 'momentum_fail', 'nifty_change', 'rs_fail', 'scanned', 'scanner_type', 'sector_sentiment', 'timeframe', 'trend_fail', 'trending_sectors', 'universe', 'universe_size', 'volume_fail']
2026-07-12 17:28:44,031 DEBUG AlphaScanner.UI.Scanner render_tab(scan_type=Breakout, universe=Nifty 500, scan_mode=Entry Scanner, timeframe=1d, use_cache=False, run_scan=False)
2026-07-12 17:28:44,156 DEBUG AlphaScanner.UI.Scanner render_tab(scan_type=Breakout, universe=Nifty 500, scan_mode=Entry Scanner, timeframe=1d, use_cache=False, run_scan=False)
2026-07-12 17:29:27,420 DEBUG AlphaScanner.UI.Scanner render_tab(scan_type=Breakout, universe=Nifty 500, scan_mode=Entry Scanner, timeframe=1d, use_cache=False, run_scan=False)
2026-07-12 17:31:34,811 DEBUG AlphaScanner.UI.Scanner render_tab(scan_type=Breakout, universe=Nifty 500, scan_mode=Entry Scanner, timeframe=1d, use_cache=False, run_scan=False)
2026-07-12 17:31:34,892 DEBUG AlphaScanner.UI.Scanner render_tab(scan_type=Breakout, universe=Nifty 500, scan_mode=Entry Scanner, timeframe=1d, use_cache=False, run_scan=False)
2026-07-12 17:32:09,470 DEBUG AlphaScanner.UI.Scanner render_tab(scan_type=Modular Momentum, universe=Nifty 500, scan_mode=Entry Scanner, timeframe=1d, use_cache=False, run_scan=False)
2026-07-12 17:32:14,446 DEBUG AlphaScanner.UI.Scanner render_tab(scan_type=Modular Momentum, universe=Nifty 500, scan_mode=Entry Scanner, timeframe=1d, use_cache=False, run_scan=True)
2026-07-12 17:32:14,448 DEBUG AlphaScanner.UI.Scanner Starting fresh scan with min_cap=0 max_cap=0 sector_map_size=500
2026-07-12 17:32:14,449 DEBUG AlphaScanner.Service perform_fresh_scan(scanner_type=Modular Momentum, universe=Nifty 500, timeframe=1d, scan_mode=Entry Scanner, use_cache=False, vol_thresh=0.6, rsi_min=35, rsi_max=75, dist_thresh=5.0, min_mkt_cap_cr=0, max_mkt_cap_cr=0)
2026-07-12 17:32:14,449 DEBUG AlphaScanner.Service Routing to modular scanner with config={'universe': 'Nifty 500', 'min_candles': 300, 'interval': '1d', 'lookback_period': '2y', 'max_candidates': 15, 'min_total_score': 25.0, 'watchlist_min_score': 60.0, 'entry_min_score': 70.0, 'watchlist_trend_weight': 0.2, 'watchlist_base_weight': 0.35, 'watchlist_volume_weight': 0.2, 'watchlist_rs_weight': 0.15, 'watchlist_sector_weight': 0.1, 'entry_trend_weight': 0.2, 'entry_breakout_weight': 0.25, 'entry_volume_weight': 0.2, 'entry_rs_weight': 0.15, 'entry_sector_weight': 0.15, 'entry_risk_weight': 0.1, 'watchlist_price_above_ema200': True, 'watchlist_base_high_pct': 5.0, 'watchlist_base_range_pct': 10.0, 'watchlist_base_days_min': 10, 'watchlist_atr_contraction_pct': -15.0, 'watchlist_bbw_contraction_pct': -20.0, 'watchlist_volume_dryup_pct': -25.0, 'watchlist_rs_min': 60.0, 'watchlist_sector_strength_min': 0.0, 'entry_breakout_volume_ratio': 2.0, 'entry_rs_rank_min': 80.0, 'entry_risk_reward_min': 2.0, 'entry_extension_pct': 10.0, 'entry_atr_expansion_pct': 1.8, 'market_regime_trend_weight': 0.3, 'market_regime_breadth_weight': 0.25, 'market_regime_momentum_weight': 0.2, 'market_regime_volume_weight': 0.15, 'market_regime_volatility_weight': 0.1, 'market_regime_bullish_threshold': 75.0, 'market_regime_neutral_threshold': 55.0, 'market_regime_caution_threshold': 40.0, 'market_regime_bearish_threshold': 0.0, 'market_regime_bullish_penalty': 1.0, 'market_regime_neutral_penalty': 0.95, 'market_regime_caution_penalty': 0.85, 'market_regime_bearish_penalty': 0.7, 'market_regime_buy_min_bullish': 80.0, 'market_regime_buy_min_neutral': 85.0, 'market_regime_buy_min_caution': 90.0, 'market_regime_buy_min_bearish': 95.0, 'market_regime_nifty50_period': '2y', 'market_regime_nifty500_period': '2y', 'market_regime_breadth_min_above_ema20': 45.0, 'market_regime_breadth_min_above_ema50': 40.0, 'market_regime_breadth_min_above_ema200': 25.0, 'market_regime_atr_window': 14, 'market_regime_volume_window': 20, 'market_regime_volatility_window': 20, 'market_regime_momentum_return_cap_pct': 10.0, 'market_regime_ema_buffer_pct': 0.5, 'market_regime_distribution_day_window': 20, 'market_regime_accumulation_day_window': 20, 'market_regime_volume_trend_threshold_pct': 10.0, 'market_regime_volatility_high_threshold_pct': 15.0, 'market_regime_volatility_mid_threshold_pct': 8.0, 'market_regime_accumulation_edge_days': 2, 'market_regime_distribution_edge_days': 2, 'mtf_weekly_weight': 20.0, 'mtf_daily_weight': 50.0, 'mtf_hourly_weight': 30.0, 'mtf_weekly_max_points': 20.0, 'mtf_daily_max_points': 50.0, 'mtf_hourly_max_points': 30.0, 'mtf_strong_buy_threshold': 90.0, 'mtf_buy_threshold': 80.0, 'mtf_watch_threshold': 65.0, 'mtf_wait_threshold': 50.0, 'mtf_weekly_bullish_threshold': 14.0, 'mtf_weekly_neutral_threshold': 10.0, 'mtf_weekly_bearish_threshold': 6.0, 'mtf_daily_bullish_threshold': 35.0, 'mtf_daily_neutral_threshold': 25.0, 'mtf_hourly_bullish_threshold': 20.0, 'mtf_hourly_neutral_threshold': 12.0, 'mtf_weekly_lookback_period': '2y', 'mtf_daily_lookback_period': '1y', 'mtf_hourly_lookback_period': '60d', 'mtf_hourly_ema_fast': 20, 'mtf_hourly_ema_slow': 50, 'mtf_weekly_veto_enabled': True, 'mtf_enable_confirmation': False, 'ema_fast': 20, 'ema_medium': 50, 'ema_slow': 200, 'atr_window': 20, 'contraction_window': 20, 'volume_sma_window': 20, 'volume_contraction_lookback': 20, 'volume_multiplier': 1.6, 'relative_strength_window': 90, 'relative_strength_period_1': 30, 'relative_strength_period_2': 60, 'relative_strength_period_3': 90, 'relative_strength_min_data': 30, 'sector_lookback': 60, 'risk_atr_multiplier': 2.5, 'sector_blacklist': ['Financial Services', 'Utilities'], 'required_columns': ['Open', 'High', 'Low', 'Close', 'Volume']}
2026-07-12 17:32:14,450 INFO AlphaScanner.Scanner Starting dual-mode scanner with config {'universe': 'Nifty 500', 'min_candles': 300, 'interval': '1d', 'lookback_period': '2y', 'max_candidates': 15, 'min_total_score': 25.0, 'watchlist_min_score': 60.0, 'entry_min_score': 70.0, 'watchlist_trend_weight': 0.2, 'watchlist_base_weight': 0.35, 'watchlist_volume_weight': 0.2, 'watchlist_rs_weight': 0.15, 'watchlist_sector_weight': 0.1, 'entry_trend_weight': 0.2, 'entry_breakout_weight': 0.25, 'entry_volume_weight': 0.2, 'entry_rs_weight': 0.15, 'entry_sector_weight': 0.15, 'entry_risk_weight': 0.1, 'watchlist_price_above_ema200': True, 'watchlist_base_high_pct': 5.0, 'watchlist_base_range_pct': 10.0, 'watchlist_base_days_min': 10, 'watchlist_atr_contraction_pct': -15.0, 'watchlist_bbw_contraction_pct': -20.0, 'watchlist_volume_dryup_pct': -25.0, 'watchlist_rs_min': 60.0, 'watchlist_sector_strength_min': 0.0, 'entry_breakout_volume_ratio': 2.0, 'entry_rs_rank_min': 80.0, 'entry_risk_reward_min': 2.0, 'entry_extension_pct': 10.0, 'entry_atr_expansion_pct': 1.8, 'market_regime_trend_weight': 0.3, 'market_regime_breadth_weight': 0.25, 'market_regime_momentum_weight': 0.2, 'market_regime_volume_weight': 0.15, 'market_regime_volatility_weight': 0.1, 'market_regime_bullish_threshold': 75.0, 'market_regime_neutral_threshold': 55.0, 'market_regime_caution_threshold': 40.0, 'market_regime_bearish_threshold': 0.0, 'market_regime_bullish_penalty': 1.0, 'market_regime_neutral_penalty': 0.95, 'market_regime_caution_penalty': 0.85, 'market_regime_bearish_penalty': 0.7, 'market_regime_buy_min_bullish': 80.0, 'market_regime_buy_min_neutral': 85.0, 'market_regime_buy_min_caution': 90.0, 'market_regime_buy_min_bearish': 95.0, 'market_regime_nifty50_period': '2y', 'market_regime_nifty500_period': '2y', 'market_regime_breadth_min_above_ema20': 45.0, 'market_regime_breadth_min_above_ema50': 40.0, 'market_regime_breadth_min_above_ema200': 25.0, 'market_regime_atr_window': 14, 'market_regime_volume_window': 20, 'market_regime_volatility_window': 20, 'market_regime_momentum_return_cap_pct': 10.0, 'market_regime_ema_buffer_pct': 0.5, 'market_regime_distribution_day_window': 20, 'market_regime_accumulation_day_window': 20, 'market_regime_volume_trend_threshold_pct': 10.0, 'market_regime_volatility_high_threshold_pct': 15.0, 'market_regime_volatility_mid_threshold_pct': 8.0, 'market_regime_accumulation_edge_days': 2, 'market_regime_distribution_edge_days': 2, 'mtf_weekly_weight': 20.0, 'mtf_daily_weight': 50.0, 'mtf_hourly_weight': 30.0, 'mtf_weekly_max_points': 20.0, 'mtf_daily_max_points': 50.0, 'mtf_hourly_max_points': 30.0, 'mtf_strong_buy_threshold': 90.0, 'mtf_buy_threshold': 80.0, 'mtf_watch_threshold': 65.0, 'mtf_wait_threshold': 50.0, 'mtf_weekly_bullish_threshold': 14.0, 'mtf_weekly_neutral_threshold': 10.0, 'mtf_weekly_bearish_threshold': 6.0, 'mtf_daily_bullish_threshold': 35.0, 'mtf_daily_neutral_threshold': 25.0, 'mtf_hourly_bullish_threshold': 20.0, 'mtf_hourly_neutral_threshold': 12.0, 'mtf_weekly_lookback_period': '2y', 'mtf_daily_lookback_period': '1y', 'mtf_hourly_lookback_period': '60d', 'mtf_hourly_ema_fast': 20, 'mtf_hourly_ema_slow': 50, 'mtf_weekly_veto_enabled': True, 'mtf_enable_confirmation': False, 'ema_fast': 20, 'ema_medium': 50, 'ema_slow': 200, 'atr_window': 20, 'contraction_window': 20, 'volume_sma_window': 20, 'volume_contraction_lookback': 20, 'volume_multiplier': 1.6, 'relative_strength_window': 90, 'relative_strength_period_1': 30, 'relative_strength_period_2': 60, 'relative_strength_period_3': 90, 'relative_strength_min_data': 30, 'sector_lookback': 60, 'risk_atr_multiplier': 2.5, 'sector_blacklist': ['Financial Services', 'Utilities'], 'required_columns': ['Open', 'High', 'Low', 'Close', 'Volume']}
2026-07-12 17:32:14,451 DEBUG AlphaScanner.Scanner Dual-mode scan requested with universe=Nifty 500 interval=1d min_candles=300 use_cache=False
2026-07-12 17:32:14,456 DEBUG AlphaScanner.Data get_universe(Nifty 500) -> 500 symbols
2026-07-12 17:32:14,456 DEBUG AlphaScanner.Scanner Resolved universe size=500 head=['360ONE.NS', '3MINDIA.NS', 'ABB.NS', 'ACC.NS', 'ACMESOLAR.NS']
2026-07-12 17:32:14,458 DEBUG AlphaScanner.Data download_history_batch(size=5, period=2y, interval=1d, use_cache=False, head=['360ONE.NS', '3MINDIA.NS', 'ABB.NS', 'ACC.NS', 'ACMESOLAR.NS'])
2026-07-12 17:32:14,899 DEBUG AlphaScanner.Data download_history_batch split result count=5
2026-07-12 17:32:14,899 DEBUG AlphaScanner.Scanner Downloaded chunk 1/100 size=5 resolved=5
2026-07-12 17:32:14,958 DEBUG AlphaScanner.Scanner Chunk 1/100 complete: watchlist=1 entry=1
2026-07-12 17:32:14,959 DEBUG AlphaScanner.Data download_history_batch(size=5, period=2y, interval=1d, use_cache=False, head=['AIAENG.NS', 'APLAPOLLO.NS', 'AUBANK.NS', 'AWL.NS', 'AADHARHFC.NS'])
2026-07-12 17:32:15,205 DEBUG AlphaScanner.Data download_history_batch split result count=5
2026-07-12 17:32:15,206 DEBUG AlphaScanner.Scanner Downloaded chunk 2/100 size=5 resolved=5
2026-07-12 17:32:15,282 DEBUG AlphaScanner.Scanner Chunk 2/100 complete: watchlist=3 entry=2
2026-07-12 17:32:15,284 DEBUG AlphaScanner.Data download_history_batch(size=5, period=2y, interval=1d, use_cache=False, head=['AARTIIND.NS', 'AAVAS.NS', 'ABBOTINDIA.NS', 'ACE.NS', 'ACUTAAS.NS'])
2026-07-12 17:32:15,543 DEBUG AlphaScanner.Data download_history_batch split result count=5
2026-07-12 17:32:15,543 DEBUG AlphaScanner.Scanner Downloaded chunk 3/100 size=5 resolved=5
2026-07-12 17:32:15,623 DEBUG AlphaScanner.Scanner Chunk 3/100 complete: watchlist=7 entry=3
2026-07-12 17:32:15,624 DEBUG AlphaScanner.Data download_history_batch(size=5, period=2y, interval=1d, use_cache=False, head=['ADANIENSOL.NS', 'ADANIENT.NS', 'ADANIGREEN.NS', 'ADANIPORTS.NS', 'ADANIPOWER.NS'])
2026-07-12 17:32:15,860 DEBUG AlphaScanner.Data download_history_batch split result count=5
2026-07-12 17:32:15,860 DEBUG AlphaScanner.Scanner Downloaded chunk 4/100 size=5 resolved=5
2026-07-12 17:32:15,927 DEBUG AlphaScanner.Scanner Chunk 4/100 complete: watchlist=9 entry=4
2026-07-12 17:32:15,928 DEBUG AlphaScanner.Data download_history_batch(size=5, period=2y, interval=1d, use_cache=False, head=['ATGL.NS', 'ABCAPITAL.NS', 'ABFRL.NS', 'ABLBL.NS', 'ABREL.NS'])
2026-07-12 17:32:16,172 DEBUG AlphaScanner.Data download_history_batch split result count=5
2026-07-12 17:32:16,172 DEBUG AlphaScanner.Scanner Downloaded chunk 5/100 size=5 resolved=5
2026-07-12 17:32:16,233 DEBUG AlphaScanner.Scanner Chunk 5/100 complete: watchlist=10 entry=5
2026-07-12 17:32:16,234 DEBUG AlphaScanner.Data download_history_batch(size=5, period=2y, interval=1d, use_cache=False, head=['ABSLAMC.NS', 'CPPLUS.NS', 'AEGISLOG.NS', 'AEGISVOPAK.NS', 'AFCONS.NS'])
2026-07-12 17:32:16,567 DEBUG AlphaScanner.Data download_history_batch split result count=5
2026-07-12 17:32:16,568 DEBUG AlphaScanner.Scanner Downloaded chunk 6/100 size=5 resolved=5
2026-07-12 17:32:16,607 DEBUG AlphaScanner.Scanner Chunk 6/100 complete: watchlist=11 entry=5
2026-07-12 17:32:16,608 DEBUG AlphaScanner.Data download_history_batch(size=5, period=2y, interval=1d, use_cache=False, head=['AFFLE.NS', 'AJANTPHARM.NS', 'ALKEM.NS', 'ABDL.NS', 'ARE&M.NS'])
2026-07-12 17:32:16,954 DEBUG AlphaScanner.Data download_history_batch split result count=5
2026-07-12 17:32:16,954 DEBUG AlphaScanner.Scanner Downloaded chunk 7/100 size=5 resolved=5
2026-07-12 17:32:17,021 DEBUG AlphaScanner.Scanner Chunk 7/100 complete: watchlist=14 entry=7
2026-07-12 17:32:17,023 DEBUG AlphaScanner.Data download_history_batch(size=5, period=2y, interval=1d, use_cache=False, head=['AMBER.NS', 'AMBUJACEM.NS', 'ANANDRATHI.NS', 'ANANTRAJ.NS', 'ANGELONE.NS'])
2026-07-12 17:32:17,287 DEBUG AlphaScanner.Data download_history_batch split result count=5
2026-07-12 17:32:17,287 DEBUG AlphaScanner.Scanner Downloaded chunk 8/100 size=5 resolved=5
2026-07-12 17:32:17,357 DEBUG AlphaScanner.Scanner Chunk 8/100 complete: watchlist=17 entry=9
2026-07-12 17:32:17,358 DEBUG AlphaScanner.Data download_history_batch(size=5, period=2y, interval=1d, use_cache=False, head=['ANTHEM.NS', 'ANURAS.NS', 'APARINDS.NS', 'APOLLOHOSP.NS', 'APOLLOTYRE.NS'])
2026-07-12 17:32:17,655 DEBUG AlphaScanner.Data download_history_batch split result count=5
2026-07-12 17:32:17,655 DEBUG AlphaScanner.Scanner Downloaded chunk 9/100 size=5 resolved=5
2026-07-12 17:32:17,711 DEBUG AlphaScanner.Scanner Chunk 9/100 complete: watchlist=20 entry=9
2026-07-12 17:32:17,711 DEBUG AlphaScanner.Data download_history_batch(size=5, period=2y, interval=1d, use_cache=False, head=['APTUS.NS', 'ASAHIINDIA.NS', 'ASHOKLEY.NS', 'ASIANPAINT.NS', 'ASTERDM.NS'])
2026-07-12 17:32:18,048 DEBUG AlphaScanner.Data download_history_batch split result count=5
2026-07-12 17:32:18,049 DEBUG AlphaScanner.Scanner Downloaded chunk 10/100 size=5 resolved=5
2026-07-12 17:32:18,115 DEBUG AlphaScanner.Scanner Chunk 10/100 complete: watchlist=23 entry=10
2026-07-12 17:32:18,116 DEBUG AlphaScanner.Data download_history_batch(size=5, period=2y, interval=1d, use_cache=False, head=['ASTRAL.NS', 'ATHERENERG.NS', 'ATUL.NS', 'AUROPHARMA.NS', 'AIIL.NS'])
2026-07-12 17:32:18,468 DEBUG AlphaScanner.Data download_history_batch split result count=5
2026-07-12 17:32:18,468 DEBUG AlphaScanner.Scanner Downloaded chunk 11/100 size=5 resolved=5
2026-07-12 17:32:18,519 DEBUG AlphaScanner.Scanner Chunk 11/100 complete: watchlist=23 entry=10
2026-07-12 17:32:18,520 DEBUG AlphaScanner.Data download_history_batch(size=5, period=2y, interval=1d, use_cache=False, head=['DMART.NS', 'AXISBANK.NS', 'BEML.NS', 'BLS.NS', 'BSE.NS'])
2026-07-12 17:32:18,948 DEBUG AlphaScanner.Data download_history_batch split result count=5
2026-07-12 17:32:18,949 DEBUG AlphaScanner.Scanner Downloaded chunk 12/100 size=5 resolved=5
2026-07-12 17:32:19,012 DEBUG AlphaScanner.Scanner Chunk 12/100 complete: watchlist=24 entry=11
2026-07-12 17:32:19,013 DEBUG AlphaScanner.Data download_history_batch(size=5, period=2y, interval=1d, use_cache=False, head=['BAJAJ-AUTO.NS', 'BAJFINANCE.NS', 'BAJAJFINSV.NS', 'BAJAJHLDNG.NS', 'BAJAJHFL.NS'])
2026-07-12 17:32:19,281 DEBUG AlphaScanner.Data download_history_batch split result count=5
2026-07-12 17:32:19,281 DEBUG AlphaScanner.Scanner Downloaded chunk 13/100 size=5 resolved=5
2026-07-12 17:32:19,350 DEBUG AlphaScanner.Scanner Chunk 13/100 complete: watchlist=28 entry=11
2026-07-12 17:32:19,352 DEBUG AlphaScanner.Data download_history_batch(size=5, period=2y, interval=1d, use_cache=False, head=['BALKRISIND.NS', 'BALRAMCHIN.NS', 'BANDHANBNK.NS', 'BANKBARODA.NS', 'BANKINDIA.NS'])
2026-07-12 17:32:19,731 DEBUG AlphaScanner.Data download_history_batch split result count=5
2026-07-12 17:32:19,732 DEBUG AlphaScanner.Scanner Downloaded chunk 14/100 size=5 resolved=5
2026-07-12 17:32:19,795 DEBUG AlphaScanner.Scanner Chunk 14/100 complete: watchlist=32 entry=15
2026-07-12 17:32:19,796 DEBUG AlphaScanner.Data download_history_batch(size=5, period=2y, interval=1d, use_cache=False, head=['MAHABANK.NS', 'BATAINDIA.NS', 'BAYERCROP.NS', 'BELRISE.NS', 'BERGEPAINT.NS'])
2026-07-12 17:32:20,057 DEBUG AlphaScanner.Data download_history_batch split result count=5
2026-07-12 17:32:20,057 DEBUG AlphaScanner.Scanner Downloaded chunk 15/100 size=5 resolved=5
2026-07-12 17:32:20,109 DEBUG AlphaScanner.Scanner Chunk 15/100 complete: watchlist=32 entry=16
2026-07-12 17:32:20,110 DEBUG AlphaScanner.Data download_history_batch(size=5, period=2y, interval=1d, use_cache=False, head=['BDL.NS', 'BEL.NS', 'BHARATFORG.NS', 'BHEL.NS', 'BPCL.NS'])
2026-07-12 17:32:20,405 DEBUG AlphaScanner.Data download_history_batch split result count=5
2026-07-12 17:32:20,405 DEBUG AlphaScanner.Scanner Downloaded chunk 16/100 size=5 resolved=5
2026-07-12 17:32:20,467 DEBUG AlphaScanner.Scanner Chunk 16/100 complete: watchlist=34 entry=16
2026-07-12 17:32:20,468 DEBUG AlphaScanner.Data download_history_batch(size=5, period=2y, interval=1d, use_cache=False, head=['BHARTIARTL.NS', 'BHARTIHEXA.NS', 'BIKAJI.NS', 'GROWW.NS', 'BIOCON.NS'])
2026-07-12 17:32:20,759 DEBUG AlphaScanner.Data download_history_batch split result count=5
2026-07-12 17:32:20,759 DEBUG AlphaScanner.Scanner Downloaded chunk 17/100 size=5 resolved=5
2026-07-12 17:32:20,812 DEBUG AlphaScanner.Scanner Chunk 17/100 complete: watchlist=36 entry=17
2026-07-12 17:32:20,812 DEBUG AlphaScanner.Data download_history_batch(size=5, period=2y, interval=1d, use_cache=False, head=['BSOFT.NS', 'BLUEDART.NS', 'BLUEJET.NS', 'BLUESTARCO.NS', 'BBTC.NS'])
2026-07-12 17:32:21,132 DEBUG AlphaScanner.Data download_history_batch split result count=5
2026-07-12 17:32:21,132 DEBUG AlphaScanner.Scanner Downloaded chunk 18/100 size=5 resolved=5
2026-07-12 17:32:21,200 DEBUG AlphaScanner.Scanner Chunk 18/100 complete: watchlist=37 entry=20
2026-07-12 17:32:21,200 DEBUG AlphaScanner.Data download_history_batch(size=5, period=2y, interval=1d, use_cache=False, head=['BOSCHLTD.NS', 'FIRSTCRY.NS', 'BRIGADE.NS', 'BRITANNIA.NS', 'MAPMYINDIA.NS'])
2026-07-12 17:32:21,563 DEBUG AlphaScanner.Data download_history_batch split result count=5
2026-07-12 17:32:21,563 DEBUG AlphaScanner.Scanner Downloaded chunk 19/100 size=5 resolved=5
2026-07-12 17:32:21,628 DEBUG AlphaScanner.Scanner Chunk 19/100 complete: watchlist=38 entry=20
2026-07-12 17:32:21,629 DEBUG AlphaScanner.Data download_history_batch(size=5, period=2y, interval=1d, use_cache=False, head=['CCL.NS', 'CESC.NS', 'CGPOWER.NS', 'CIEINDIA.NS', 'CRISIL.NS'])
2026-07-12 17:32:21,973 DEBUG AlphaScanner.Data download_history_batch split result count=5
2026-07-12 17:32:21,973 DEBUG AlphaScanner.Scanner Downloaded chunk 20/100 size=5 resolved=5
2026-07-12 17:32:22,050 DEBUG AlphaScanner.Scanner Chunk 20/100 complete: watchlist=41 entry=21
2026-07-12 17:32:22,051 DEBUG AlphaScanner.Data download_history_batch(size=5, period=2y, interval=1d, use_cache=False, head=['CANFINHOME.NS', 'CANBK.NS', 'CANHLIFE.NS', 'CAPLIPOINT.NS', 'CGCL.NS'])
2026-07-12 17:32:22,394 DEBUG AlphaScanner.Data download_history_batch split result count=5
2026-07-12 17:32:22,394 DEBUG AlphaScanner.Scanner Downloaded chunk 21/100 size=5 resolved=5
2026-07-12 17:32:22,444 DEBUG AlphaScanner.Scanner Chunk 21/100 complete: watchlist=42 entry=22
2026-07-12 17:32:22,445 DEBUG AlphaScanner.Data download_history_batch(size=5, period=2y, interval=1d, use_cache=False, head=['CARBORUNIV.NS', 'CARTRADE.NS', 'CASTROLIND.NS', 'CEATLTD.NS', 'CEMPRO.NS'])
2026-07-12 17:32:22,820 DEBUG AlphaScanner.Data download_history_batch split result count=5
2026-07-12 17:32:22,820 DEBUG AlphaScanner.Scanner Downloaded chunk 22/100 size=5 resolved=5
2026-07-12 17:32:22,890 DEBUG AlphaScanner.Scanner Chunk 22/100 complete: watchlist=42 entry=22
2026-07-12 17:32:22,890 DEBUG AlphaScanner.Data download_history_batch(size=5, period=2y, interval=1d, use_cache=False, head=['CENTRALBK.NS', 'CDSL.NS', 'CHALET.NS', 'CHAMBLFERT.NS', 'CHENNPETRO.NS'])
2026-07-12 17:32:23,264 DEBUG AlphaScanner.Data download_history_batch split result count=5
2026-07-12 17:32:23,265 DEBUG AlphaScanner.Scanner Downloaded chunk 23/100 size=5 resolved=5
2026-07-12 17:32:23,336 DEBUG AlphaScanner.Scanner Chunk 23/100 complete: watchlist=44 entry=24
2026-07-12 17:32:23,337 DEBUG AlphaScanner.Data download_history_batch(size=5, period=2y, interval=1d, use_cache=False, head=['CHOICEIN.NS', 'CHOLAHLDNG.NS', 'CHOLAFIN.NS', 'CIPLA.NS', 'CUB.NS'])
2026-07-12 17:32:23,727 DEBUG AlphaScanner.Data download_history_batch split result count=5
2026-07-12 17:32:23,728 DEBUG AlphaScanner.Scanner Downloaded chunk 24/100 size=5 resolved=5
2026-07-12 17:32:23,792 DEBUG AlphaScanner.Scanner Chunk 24/100 complete: watchlist=46 entry=24
2026-07-12 17:32:23,792 DEBUG AlphaScanner.Data download_history_batch(size=5, period=2y, interval=1d, use_cache=False, head=['CLEAN.NS', 'COALINDIA.NS', 'COCHINSHIP.NS', 'COFORGE.NS', 'COHANCE.NS'])
2026-07-12 17:32:24,093 DEBUG AlphaScanner.Data download_history_batch split result count=5
2026-07-12 17:32:24,094 DEBUG AlphaScanner.Scanner Downloaded chunk 25/100 size=5 resolved=5
2026-07-12 17:32:24,162 DEBUG AlphaScanner.Scanner Chunk 25/100 complete: watchlist=47 entry=24
2026-07-12 17:32:24,164 DEBUG AlphaScanner.Data download_history_batch(size=5, period=2y, interval=1d, use_cache=False, head=['COLPAL.NS', 'CAMS.NS', 'CONCORDBIO.NS', 'CONCOR.NS', 'COROMANDEL.NS'])
2026-07-12 17:32:24,521 DEBUG AlphaScanner.Data download_history_batch split result count=5
2026-07-12 17:32:24,521 DEBUG AlphaScanner.Scanner Downloaded chunk 26/100 size=5 resolved=5
2026-07-12 17:32:24,587 DEBUG AlphaScanner.Scanner Chunk 26/100 complete: watchlist=50 entry=26
2026-07-12 17:32:24,588 DEBUG AlphaScanner.Data download_history_batch(size=5, period=2y, interval=1d, use_cache=False, head=['CRAFTSMAN.NS', 'CREDITACC.NS', 'CROMPTON.NS', 'CUMMINSIND.NS', 'CYIENT.NS'])
2026-07-12 17:32:24,938 DEBUG AlphaScanner.Data download_history_batch split result count=5
2026-07-12 17:32:24,938 DEBUG AlphaScanner.Scanner Downloaded chunk 27/100 size=5 resolved=5
2026-07-12 17:32:25,004 DEBUG AlphaScanner.Scanner Chunk 27/100 complete: watchlist=50 entry=26
2026-07-12 17:32:25,004 DEBUG AlphaScanner.Data download_history_batch(size=5, period=2y, interval=1d, use_cache=False, head=['DCMSHRIRAM.NS', 'DLF.NS', 'DOMS.NS', 'DABUR.NS', 'DALBHARAT.NS'])
2026-07-12 17:32:25,366 DEBUG AlphaScanner.Data download_history_batch split result count=5
2026-07-12 17:32:25,366 DEBUG AlphaScanner.Scanner Downloaded chunk 28/100 size=5 resolved=5
2026-07-12 17:32:25,424 DEBUG AlphaScanner.Scanner Chunk 28/100 complete: watchlist=53 entry=27
2026-07-12 17:32:25,425 DEBUG AlphaScanner.Data download_history_batch(size=5, period=2y, interval=1d, use_cache=False, head=['DATAPATTNS.NS', 'DEEPAKFERT.NS', 'DEEPAKNTR.NS', 'DELHIVERY.NS', 'DEVYANI.NS'])
2026-07-12 17:32:25,678 DEBUG AlphaScanner.Data download_history_batch split result count=5
2026-07-12 17:32:25,678 DEBUG AlphaScanner.Scanner Downloaded chunk 29/100 size=5 resolved=5
2026-07-12 17:32:25,735 DEBUG AlphaScanner.Scanner Chunk 29/100 complete: watchlist=53 entry=27
2026-07-12 17:32:25,736 DEBUG AlphaScanner.Data download_history_batch(size=5, period=2y, interval=1d, use_cache=False, head=['DIVISLAB.NS', 'DIXON.NS', 'LALPATHLAB.NS', 'DRREDDY.NS', 'EIDPARRY.NS'])
2026-07-12 17:32:25,995 DEBUG AlphaScanner.Data download_history_batch split result count=5
2026-07-12 17:32:25,996 DEBUG AlphaScanner.Scanner Downloaded chunk 30/100 size=5 resolved=5
2026-07-12 17:32:26,048 DEBUG AlphaScanner.Scanner Chunk 30/100 complete: watchlist=55 entry=27
2026-07-12 17:32:26,049 DEBUG AlphaScanner.Data download_history_batch(size=5, period=2y, interval=1d, use_cache=False, head=['EIHOTEL.NS', 'EICHERMOT.NS', 'ELECON.NS', 'ELGIEQUIP.NS', 'EMAMILTD.NS'])
2026-07-12 17:32:26,387 DEBUG AlphaScanner.Data download_history_batch split result count=5
2026-07-12 17:32:26,387 DEBUG AlphaScanner.Scanner Downloaded chunk 31/100 size=5 resolved=5
2026-07-12 17:32:26,442 DEBUG AlphaScanner.Scanner Chunk 31/100 complete: watchlist=57 entry=27
2026-07-12 17:32:26,442 DEBUG AlphaScanner.Data download_history_batch(size=5, period=2y, interval=1d, use_cache=False, head=['EMCURE.NS', 'EMMVEE.NS', 'ENDURANCE.NS', 'ENGINERSIN.NS', 'ERIS.NS'])
2026-07-12 17:32:26,788 DEBUG AlphaScanner.Data download_history_batch split result count=5
2026-07-12 17:32:26,788 DEBUG AlphaScanner.Scanner Downloaded chunk 32/100 size=5 resolved=5
2026-07-12 17:32:26,863 DEBUG AlphaScanner.Scanner Chunk 32/100 complete: watchlist=60 entry=28
2026-07-12 17:32:26,865 DEBUG AlphaScanner.Data download_history_batch(size=5, period=2y, interval=1d, use_cache=False, head=['ESCORTS.NS', 'ETERNAL.NS', 'EXIDEIND.NS', 'NYKAA.NS', 'FEDERALBNK.NS'])
2026-07-12 17:32:27,250 DEBUG AlphaScanner.Data download_history_batch split result count=5
2026-07-12 17:32:27,250 DEBUG AlphaScanner.Scanner Downloaded chunk 33/100 size=5 resolved=5
2026-07-12 17:32:27,321 DEBUG AlphaScanner.Scanner Chunk 33/100 complete: watchlist=62 entry=29
2026-07-12 17:32:27,322 DEBUG AlphaScanner.Data download_history_batch(size=5, period=2y, interval=1d, use_cache=False, head=['FACT.NS', 'FINCABLES.NS', 'FSL.NS', 'FIVESTAR.NS', 'FORCEMOT.NS'])
2026-07-12 17:32:27,632 DEBUG AlphaScanner.Data download_history_batch split result count=5
2026-07-12 17:32:27,632 DEBUG AlphaScanner.Scanner Downloaded chunk 34/100 size=5 resolved=5
2026-07-12 17:32:27,701 DEBUG AlphaScanner.Scanner Chunk 34/100 complete: watchlist=62 entry=30
2026-07-12 17:32:27,702 DEBUG AlphaScanner.Data download_history_batch(size=5, period=2y, interval=1d, use_cache=False, head=['FORTIS.NS', 'GAIL.NS', 'GVT&D.NS', 'GMRAIRPORT.NS', 'GABRIEL.NS'])
2026-07-12 17:32:28,041 DEBUG AlphaScanner.Data download_history_batch split result count=5
2026-07-12 17:32:28,041 DEBUG AlphaScanner.Scanner Downloaded chunk 35/100 size=5 resolved=5
2026-07-12 17:32:28,106 DEBUG AlphaScanner.Scanner Chunk 35/100 complete: watchlist=65 entry=31
2026-07-12 17:32:28,107 DEBUG AlphaScanner.Data download_history_batch(size=5, period=2y, interval=1d, use_cache=False, head=['GALLANTT.NS', 'GRSE.NS', 'GICRE.NS', 'GILLETTE.NS', 'GLAND.NS'])
2026-07-12 17:32:28,352 DEBUG AlphaScanner.Data download_history_batch split result count=5
2026-07-12 17:32:28,352 DEBUG AlphaScanner.Scanner Downloaded chunk 36/100 size=5 resolved=5
2026-07-12 17:32:28,414 DEBUG AlphaScanner.Scanner Chunk 36/100 complete: watchlist=66 entry=31
2026-07-12 17:32:28,415 DEBUG AlphaScanner.Data download_history_batch(size=5, period=2y, interval=1d, use_cache=False, head=['GLAXO.NS', 'GLENMARK.NS', 'MEDANTA.NS', 'GODIGIT.NS', 'GPIL.NS'])
2026-07-12 17:32:28,749 DEBUG AlphaScanner.Data download_history_batch split result count=5
2026-07-12 17:32:28,749 DEBUG AlphaScanner.Scanner Downloaded chunk 37/100 size=5 resolved=5
2026-07-12 17:32:28,814 DEBUG AlphaScanner.Scanner Chunk 37/100 complete: watchlist=68 entry=31
2026-07-12 17:32:28,815 DEBUG AlphaScanner.Data download_history_batch(size=5, period=2y, interval=1d, use_cache=False, head=['GODFRYPHLP.NS', 'GODREJCP.NS', 'GODREJIND.NS', 'GODREJPROP.NS', 'GRANULES.NS'])
2026-07-12 17:32:29,102 DEBUG AlphaScanner.Data download_history_batch split result count=5
2026-07-12 17:32:29,103 DEBUG AlphaScanner.Scanner Downloaded chunk 38/100 size=5 resolved=5
2026-07-12 17:32:29,167 DEBUG AlphaScanner.Scanner Chunk 38/100 complete: watchlist=68 entry=33
2026-07-12 17:32:29,168 DEBUG AlphaScanner.Data download_history_batch(size=5, period=2y, interval=1d, use_cache=False, head=['GRAPHITE.NS', 'GRASIM.NS', 'GRAVITA.NS', 'GESHIP.NS', 'FLUOROCHEM.NS'])
2026-07-12 17:32:29,501 DEBUG AlphaScanner.Data download_history_batch split result count=5
2026-07-12 17:32:29,502 DEBUG AlphaScanner.Scanner Downloaded chunk 39/100 size=5 resolved=5
2026-07-12 17:32:29,564 DEBUG AlphaScanner.Scanner Chunk 39/100 complete: watchlist=70 entry=35
2026-07-12 17:32:29,565 DEBUG AlphaScanner.Data download_history_batch(size=5, period=2y, interval=1d, use_cache=False, head=['GMDCLTD.NS', 'HEG.NS', 'HBLENGINE.NS', 'HCLTECH.NS', 'HDBFS.NS'])
2026-07-12 17:32:29,923 DEBUG AlphaScanner.Data download_history_batch split result count=5
2026-07-12 17:32:29,923 DEBUG AlphaScanner.Scanner Downloaded chunk 40/100 size=5 resolved=5
2026-07-12 17:32:29,979 DEBUG AlphaScanner.Scanner Chunk 40/100 complete: watchlist=71 entry=36
2026-07-12 17:32:29,980 DEBUG AlphaScanner.Data download_history_batch(size=5, period=2y, interval=1d, use_cache=False, head=['HDFCAMC.NS', 'HDFCBANK.NS', 'HDFCLIFE.NS', 'HFCL.NS', 'HAVELLS.NS'])
2026-07-12 17:32:30,328 DEBUG AlphaScanner.Data download_history_batch split result count=5
2026-07-12 17:32:30,328 DEBUG AlphaScanner.Scanner Downloaded chunk 41/100 size=5 resolved=5
2026-07-12 17:32:30,402 DEBUG AlphaScanner.Scanner Chunk 41/100 complete: watchlist=73 entry=38
2026-07-12 17:32:30,404 DEBUG AlphaScanner.Data download_history_batch(size=5, period=2y, interval=1d, use_cache=False, head=['HEROMOTOCO.NS', 'HEXT.NS', 'HSCL.NS', 'HINDALCO.NS', 'HAL.NS'])
2026-07-12 17:32:30,683 DEBUG AlphaScanner.Data download_history_batch split result count=5
2026-07-12 17:32:30,683 DEBUG AlphaScanner.Scanner Downloaded chunk 42/100 size=5 resolved=5
2026-07-12 17:32:30,747 DEBUG AlphaScanner.Scanner Chunk 42/100 complete: watchlist=75 entry=39
2026-07-12 17:32:30,748 DEBUG AlphaScanner.Data download_history_batch(size=5, period=2y, interval=1d, use_cache=False, head=['HINDCOPPER.NS', 'HINDPETRO.NS', 'HINDUNILVR.NS', 'HINDZINC.NS', 'POWERINDIA.NS'])
2026-07-12 17:32:31,116 DEBUG AlphaScanner.Data download_history_batch split result count=5
2026-07-12 17:32:31,116 DEBUG AlphaScanner.Scanner Downloaded chunk 43/100 size=5 resolved=5
2026-07-12 17:32:31,180 DEBUG AlphaScanner.Scanner Chunk 43/100 complete: watchlist=76 entry=41
2026-07-12 17:32:31,181 DEBUG AlphaScanner.Data download_history_batch(size=5, period=2y, interval=1d, use_cache=False, head=['HOMEFIRST.NS', 'HONASA.NS', 'HONAUT.NS', 'HUDCO.NS', 'HYUNDAI.NS'])
2026-07-12 17:32:31,544 DEBUG AlphaScanner.Data download_history_batch split result count=5
2026-07-12 17:32:31,544 DEBUG AlphaScanner.Scanner Downloaded chunk 44/100 size=5 resolved=5
2026-07-12 17:32:31,616 DEBUG AlphaScanner.Scanner Chunk 44/100 complete: watchlist=78 entry=41
2026-07-12 17:32:31,616 DEBUG AlphaScanner.Data download_history_batch(size=5, period=2y, interval=1d, use_cache=False, head=['ICICIBANK.NS', 'ICICIGI.NS', 'ICICIAMC.NS', 'ICICIPRULI.NS', 'IDBI.NS'])
2026-07-12 17:32:31,865 DEBUG AlphaScanner.Data download_history_batch split result count=5
2026-07-12 17:32:31,865 DEBUG AlphaScanner.Scanner Downloaded chunk 45/100 size=5 resolved=5
2026-07-12 17:32:31,919 DEBUG AlphaScanner.Scanner Chunk 45/100 complete: watchlist=81 entry=42
2026-07-12 17:32:31,919 DEBUG AlphaScanner.Data download_history_batch(size=5, period=2y, interval=1d, use_cache=False, head=['IDFCFIRSTB.NS', 'IFCI.NS', 'IIFL.NS', 'IRB.NS', 'IRCON.NS'])
2026-07-12 17:32:32,288 DEBUG AlphaScanner.Data download_history_batch split result count=5
2026-07-12 17:32:32,288 DEBUG AlphaScanner.Scanner Downloaded chunk 46/100 size=5 resolved=5
2026-07-12 17:32:32,356 DEBUG AlphaScanner.Scanner Chunk 46/100 complete: watchlist=82 entry=42
2026-07-12 17:32:32,357 DEBUG AlphaScanner.Data download_history_batch(size=5, period=2y, interval=1d, use_cache=False, head=['ITCHOTELS.NS', 'ITC.NS', 'ITI.NS', 'INDGN.NS', 'INDIACEM.NS'])
2026-07-12 17:32:32,627 DEBUG AlphaScanner.Data download_history_batch split result count=5
2026-07-12 17:32:32,627 DEBUG AlphaScanner.Scanner Downloaded chunk 47/100 size=5 resolved=5
2026-07-12 17:32:32,689 DEBUG AlphaScanner.Scanner Chunk 47/100 complete: watchlist=82 entry=43
2026-07-12 17:32:32,690 DEBUG AlphaScanner.Data download_history_batch(size=5, period=2y, interval=1d, use_cache=False, head=['INDIAMART.NS', 'INDIANB.NS', 'IEX.NS', 'INDHOTEL.NS', 'IOC.NS'])
2026-07-12 17:32:32,954 DEBUG AlphaScanner.Data download_history_batch split result count=5
2026-07-12 17:32:32,954 DEBUG AlphaScanner.Scanner Downloaded chunk 48/100 size=5 resolved=5
2026-07-12 17:32:33,028 DEBUG AlphaScanner.Scanner Chunk 48/100 complete: watchlist=83 entry=46
2026-07-12 17:32:33,029 DEBUG AlphaScanner.Data download_history_batch(size=5, period=2y, interval=1d, use_cache=False, head=['IOB.NS', 'IRCTC.NS', 'IRFC.NS', 'IREDA.NS', 'IGL.NS'])
2026-07-12 17:32:33,429 DEBUG AlphaScanner.Data download_history_batch split result count=5
2026-07-12 17:32:33,429 DEBUG AlphaScanner.Scanner Downloaded chunk 49/100 size=5 resolved=5
2026-07-12 17:32:33,494 DEBUG AlphaScanner.Scanner Chunk 49/100 complete: watchlist=85 entry=48
2026-07-12 17:32:33,495 DEBUG AlphaScanner.Data download_history_batch(size=5, period=2y, interval=1d, use_cache=False, head=['INDUSTOWER.NS', 'INDUSINDBK.NS', 'NAUKRI.NS', 'INFY.NS', 'INOXWIND.NS'])
2026-07-12 17:32:33,752 DEBUG AlphaScanner.Data download_history_batch split result count=5
2026-07-12 17:32:33,752 DEBUG AlphaScanner.Scanner Downloaded chunk 50/100 size=5 resolved=5
2026-07-12 17:32:33,817 DEBUG AlphaScanner.Scanner Chunk 50/100 complete: watchlist=85 entry=48
2026-07-12 17:32:33,818 DEBUG AlphaScanner.Data download_history_batch(size=5, period=2y, interval=1d, use_cache=False, head=['INTELLECT.NS', 'INDIGO.NS', 'IGIL.NS', 'IKS.NS', 'IPCALAB.NS'])
2026-07-12 17:32:34,097 DEBUG AlphaScanner.Data download_history_batch split result count=5
2026-07-12 17:32:34,097 DEBUG AlphaScanner.Scanner Downloaded chunk 51/100 size=5 resolved=5
2026-07-12 17:32:34,167 DEBUG AlphaScanner.Scanner Chunk 51/100 complete: watchlist=86 entry=50
2026-07-12 17:32:34,168 DEBUG AlphaScanner.Data download_history_batch(size=5, period=2y, interval=1d, use_cache=False, head=['JBCHEPHARM.NS', 'JKCEMENT.NS', 'JBMA.NS', 'JKTYRE.NS', 'JMFINANCIL.NS'])
2026-07-12 17:32:34,439 DEBUG AlphaScanner.Data download_history_batch split result count=5
2026-07-12 17:32:34,439 DEBUG AlphaScanner.Scanner Downloaded chunk 52/100 size=5 resolved=5
2026-07-12 17:32:34,503 DEBUG AlphaScanner.Scanner Chunk 52/100 complete: watchlist=89 entry=52
2026-07-12 17:32:34,504 DEBUG AlphaScanner.Data download_history_batch(size=5, period=2y, interval=1d, use_cache=False, head=['JSWCEMENT.NS', 'JSWDULUX.NS', 'JSWENERGY.NS', 'JSWINFRA.NS', 'JSWSTEEL.NS'])
2026-07-12 17:32:34,816 DEBUG AlphaScanner.Data download_history_batch split result count=5
2026-07-12 17:32:34,816 DEBUG AlphaScanner.Scanner Downloaded chunk 53/100 size=5 resolved=5
2026-07-12 17:32:34,868 DEBUG AlphaScanner.Scanner Chunk 53/100 complete: watchlist=90 entry=53
2026-07-12 17:32:34,869 DEBUG AlphaScanner.Data download_history_batch(size=5, period=2y, interval=1d, use_cache=False, head=['JAINREC.NS', 'JPPOWER.NS', 'J&KBANK.NS', 'JINDALSAW.NS', 'JSL.NS'])
2026-07-12 17:32:35,384 DEBUG AlphaScanner.Data download_history_batch split result count=5
2026-07-12 17:32:35,384 DEBUG AlphaScanner.Scanner Downloaded chunk 54/100 size=5 resolved=5
2026-07-12 17:32:35,438 DEBUG AlphaScanner.Scanner Chunk 54/100 complete: watchlist=91 entry=55
2026-07-12 17:32:35,439 DEBUG AlphaScanner.Data download_history_batch(size=5, period=2y, interval=1d, use_cache=False, head=['JINDALSTEL.NS', 'JIOFIN.NS', 'JUBLFOOD.NS', 'JUBLINGREA.NS', 'JUBLPHARMA.NS'])
2026-07-12 17:32:35,775 DEBUG AlphaScanner.Data download_history_batch split result count=5
2026-07-12 17:32:35,775 DEBUG AlphaScanner.Scanner Downloaded chunk 55/100 size=5 resolved=5
2026-07-12 17:32:35,842 DEBUG AlphaScanner.Scanner Chunk 55/100 complete: watchlist=92 entry=56
2026-07-12 17:32:35,844 DEBUG AlphaScanner.Data download_history_batch(size=5, period=2y, interval=1d, use_cache=False, head=['JWL.NS', 'JYOTICNC.NS', 'KPRMILL.NS', 'KEI.NS', 'KPITTECH.NS'])
2026-07-12 17:32:36,215 DEBUG AlphaScanner.Data download_history_batch split result count=5
2026-07-12 17:32:36,215 DEBUG AlphaScanner.Scanner Downloaded chunk 56/100 size=5 resolved=5
2026-07-12 17:32:36,279 DEBUG AlphaScanner.Scanner Chunk 56/100 complete: watchlist=92 entry=57
2026-07-12 17:32:36,280 DEBUG AlphaScanner.Data download_history_batch(size=5, period=2y, interval=1d, use_cache=False, head=['KAJARIACER.NS', 'KPIL.NS', 'KALYANKJIL.NS', 'KARURVYSYA.NS', 'KAYNES.NS'])
2026-07-12 17:32:36,529 DEBUG AlphaScanner.Data download_history_batch split result count=5
2026-07-12 17:32:36,530 DEBUG AlphaScanner.Scanner Downloaded chunk 57/100 size=5 resolved=5
2026-07-12 17:32:36,595 DEBUG AlphaScanner.Scanner Chunk 57/100 complete: watchlist=94 entry=58
2026-07-12 17:32:36,596 DEBUG AlphaScanner.Data download_history_batch(size=5, period=2y, interval=1d, use_cache=False, head=['KEC.NS', 'KFINTECH.NS', 'KIRLOSENG.NS', 'KOTAKBANK.NS', 'KIMS.NS'])
2026-07-12 17:32:36,875 DEBUG AlphaScanner.Data download_history_batch split result count=5
2026-07-12 17:32:36,876 DEBUG AlphaScanner.Scanner Downloaded chunk 58/100 size=5 resolved=5
2026-07-12 17:32:36,944 DEBUG AlphaScanner.Scanner Chunk 58/100 complete: watchlist=96 entry=59
2026-07-12 17:32:36,945 DEBUG AlphaScanner.Data download_history_batch(size=5, period=2y, interval=1d, use_cache=False, head=['LTF.NS', 'LTTS.NS', 'LGEINDIA.NS', 'LICHSGFIN.NS', 'LTFOODS.NS'])
2026-07-12 17:32:37,697 DEBUG AlphaScanner.Data download_history_batch split result count=5
2026-07-12 17:32:37,697 DEBUG AlphaScanner.Scanner Downloaded chunk 59/100 size=5 resolved=5
2026-07-12 17:32:37,752 DEBUG AlphaScanner.Scanner Chunk 59/100 complete: watchlist=98 entry=61
2026-07-12 17:32:37,752 DEBUG AlphaScanner.Data download_history_batch(size=5, period=2y, interval=1d, use_cache=False, head=['LTM.NS', 'LT.NS', 'LATENTVIEW.NS', 'LAURUSLABS.NS', 'THELEELA.NS'])
2026-07-12 17:32:37,992 DEBUG AlphaScanner.Data download_history_batch split result count=5
2026-07-12 17:32:37,992 DEBUG AlphaScanner.Scanner Downloaded chunk 60/100 size=5 resolved=5
2026-07-12 17:32:38,043 DEBUG AlphaScanner.Scanner Chunk 60/100 complete: watchlist=98 entry=62
2026-07-12 17:32:38,044 DEBUG AlphaScanner.Data download_history_batch(size=5, period=2y, interval=1d, use_cache=False, head=['LEMONTREE.NS', 'LENSKART.NS', 'LICI.NS', 'LINDEINDIA.NS', 'LLOYDSME.NS'])
2026-07-12 17:32:38,387 DEBUG AlphaScanner.Data download_history_batch split result count=5
2026-07-12 17:32:38,387 DEBUG AlphaScanner.Scanner Downloaded chunk 61/100 size=5 resolved=5
2026-07-12 17:32:38,441 DEBUG AlphaScanner.Scanner Chunk 61/100 complete: watchlist=101 entry=63
2026-07-12 17:32:38,441 DEBUG AlphaScanner.Data download_history_batch(size=5, period=2y, interval=1d, use_cache=False, head=['LODHA.NS', 'LUPIN.NS', 'MMTC.NS', 'MRF.NS', 'MGL.NS'])
2026-07-12 17:32:38,700 DEBUG AlphaScanner.Data download_history_batch split result count=5
2026-07-12 17:32:38,700 DEBUG AlphaScanner.Scanner Downloaded chunk 62/100 size=5 resolved=5
2026-07-12 17:32:38,769 DEBUG AlphaScanner.Scanner Chunk 62/100 complete: watchlist=102 entry=64
2026-07-12 17:32:38,769 DEBUG AlphaScanner.Data download_history_batch(size=5, period=2y, interval=1d, use_cache=False, head=['M&MFIN.NS', 'M&M.NS', 'MANAPPURAM.NS', 'MRPL.NS', 'MANKIND.NS'])
2026-07-12 17:32:39,020 DEBUG AlphaScanner.Data download_history_batch split result count=5
2026-07-12 17:32:39,020 DEBUG AlphaScanner.Scanner Downloaded chunk 63/100 size=5 resolved=5
2026-07-12 17:32:39,087 DEBUG AlphaScanner.Scanner Chunk 63/100 complete: watchlist=105 entry=66
2026-07-12 17:32:39,087 DEBUG AlphaScanner.Data download_history_batch(size=5, period=2y, interval=1d, use_cache=False, head=['MARICO.NS', 'MARUTI.NS', 'MFSL.NS', 'MAXHEALTH.NS', 'MAZDOCK.NS'])
2026-07-12 17:32:39,391 DEBUG AlphaScanner.Data download_history_batch split result count=5
2026-07-12 17:32:39,391 DEBUG AlphaScanner.Scanner Downloaded chunk 64/100 size=5 resolved=5
2026-07-12 17:32:39,456 DEBUG AlphaScanner.Scanner Chunk 64/100 complete: watchlist=107 entry=67
2026-07-12 17:32:39,457 DEBUG AlphaScanner.Data download_history_batch(size=5, period=2y, interval=1d, use_cache=False, head=['MEESHO.NS', 'MINDACORP.NS', 'MSUMI.NS', 'MOTILALOFS.NS', 'MPHASIS.NS'])
2026-07-12 17:32:39,732 DEBUG AlphaScanner.Data download_history_batch split result count=5
2026-07-12 17:32:39,732 DEBUG AlphaScanner.Scanner Downloaded chunk 65/100 size=5 resolved=5
2026-07-12 17:32:39,788 DEBUG AlphaScanner.Scanner Chunk 65/100 complete: watchlist=109 entry=69
2026-07-12 17:32:39,788 DEBUG AlphaScanner.Data download_history_batch(size=5, period=2y, interval=1d, use_cache=False, head=['MCX.NS', 'MUTHOOTFIN.NS', 'NATCOPHARM.NS', 'NBCC.NS', 'NCC.NS'])
2026-07-12 17:32:40,170 DEBUG AlphaScanner.Data download_history_batch split result count=5
2026-07-12 17:32:40,170 DEBUG AlphaScanner.Scanner Downloaded chunk 66/100 size=5 resolved=5
2026-07-12 17:32:40,234 DEBUG AlphaScanner.Scanner Chunk 66/100 complete: watchlist=110 entry=70
2026-07-12 17:32:40,234 DEBUG AlphaScanner.Data download_history_batch(size=5, period=2y, interval=1d, use_cache=False, head=['NHPC.NS', 'NLCINDIA.NS', 'NMDC.NS', 'NSLNISP.NS', 'NTPCGREEN.NS'])
2026-07-12 17:32:40,519 DEBUG AlphaScanner.Data download_history_batch split result count=5
2026-07-12 17:32:40,519 DEBUG AlphaScanner.Scanner Downloaded chunk 67/100 size=5 resolved=5
2026-07-12 17:32:40,586 DEBUG AlphaScanner.Scanner Chunk 67/100 complete: watchlist=111 entry=70
2026-07-12 17:32:40,586 DEBUG AlphaScanner.Data download_history_batch(size=5, period=2y, interval=1d, use_cache=False, head=['NTPC.NS', 'NH.NS', 'NATIONALUM.NS', 'NAVA.NS', 'NAVINFLUOR.NS'])
2026-07-12 17:32:40,971 DEBUG AlphaScanner.Data download_history_batch split result count=5
2026-07-12 17:32:40,971 DEBUG AlphaScanner.Scanner Downloaded chunk 68/100 size=5 resolved=5
2026-07-12 17:32:41,034 DEBUG AlphaScanner.Scanner Chunk 68/100 complete: watchlist=113 entry=70
2026-07-12 17:32:41,034 DEBUG AlphaScanner.Data download_history_batch(size=5, period=2y, interval=1d, use_cache=False, head=['NESTLEIND.NS', 'NETWEB.NS', 'NEULANDLAB.NS', 'NEWGEN.NS', 'NAM-INDIA.NS'])
2026-07-12 17:32:41,340 DEBUG AlphaScanner.Data download_history_batch split result count=5
2026-07-12 17:32:41,341 DEBUG AlphaScanner.Scanner Downloaded chunk 69/100 size=5 resolved=5
2026-07-12 17:32:41,406 DEBUG AlphaScanner.Scanner Chunk 69/100 complete: watchlist=116 entry=71
2026-07-12 17:32:41,407 DEBUG AlphaScanner.Data download_history_batch(size=5, period=2y, interval=1d, use_cache=False, head=['NIVABUPA.NS', 'NUVAMA.NS', 'NUVOCO.NS', 'OBEROIRLTY.NS', 'ONGC.NS'])
2026-07-12 17:32:41,642 DEBUG AlphaScanner.Data download_history_batch split result count=5
2026-07-12 17:32:41,642 DEBUG AlphaScanner.Scanner Downloaded chunk 70/100 size=5 resolved=5
2026-07-12 17:32:41,712 DEBUG AlphaScanner.Scanner Chunk 70/100 complete: watchlist=118 entry=72
2026-07-12 17:32:41,713 DEBUG AlphaScanner.Data download_history_batch(size=5, period=2y, interval=1d, use_cache=False, head=['OIL.NS', 'OLAELEC.NS', 'OLECTRA.NS', 'PAYTM.NS', 'ONESOURCE.NS'])
2026-07-12 17:32:42,026 DEBUG AlphaScanner.Data download_history_batch split result count=5
2026-07-12 17:32:42,027 DEBUG AlphaScanner.Scanner Downloaded chunk 71/100 size=5 resolved=5
2026-07-12 17:32:42,093 DEBUG AlphaScanner.Scanner Chunk 71/100 complete: watchlist=119 entry=73
2026-07-12 17:32:42,094 DEBUG AlphaScanner.Data download_history_batch(size=5, period=2y, interval=1d, use_cache=False, head=['OFSS.NS', 'POLICYBZR.NS', 'PCBL.NS', 'PGEL.NS', 'PIIND.NS'])
2026-07-12 17:32:42,348 DEBUG AlphaScanner.Data download_history_batch split result count=5
2026-07-12 17:32:42,349 DEBUG AlphaScanner.Scanner Downloaded chunk 72/100 size=5 resolved=5
2026-07-12 17:32:42,417 DEBUG AlphaScanner.Scanner Chunk 72/100 complete: watchlist=120 entry=74
2026-07-12 17:32:42,418 DEBUG AlphaScanner.Data download_history_batch(size=5, period=2y, interval=1d, use_cache=False, head=['PNBHOUSING.NS', 'PTCIL.NS', 'PVRINOX.NS', 'PAGEIND.NS', 'PARADEEP.NS'])
2026-07-12 17:32:42,750 DEBUG AlphaScanner.Data download_history_batch split result count=5
2026-07-12 17:32:42,750 DEBUG AlphaScanner.Scanner Downloaded chunk 73/100 size=5 resolved=5
2026-07-12 17:32:42,814 DEBUG AlphaScanner.Scanner Chunk 73/100 complete: watchlist=122 entry=75
2026-07-12 17:32:42,815 DEBUG AlphaScanner.Data download_history_batch(size=5, period=2y, interval=1d, use_cache=False, head=['PATANJALI.NS', 'PERSISTENT.NS', 'PETRONET.NS', 'PFIZER.NS', 'PHOENIXLTD.NS'])
2026-07-12 17:32:43,168 DEBUG AlphaScanner.Data download_history_batch split result count=5
2026-07-12 17:32:43,169 DEBUG AlphaScanner.Scanner Downloaded chunk 74/100 size=5 resolved=5
2026-07-12 17:32:43,236 DEBUG AlphaScanner.Scanner Chunk 74/100 complete: watchlist=123 entry=78
2026-07-12 17:32:43,236 DEBUG AlphaScanner.Data download_history_batch(size=5, period=2y, interval=1d, use_cache=False, head=['PWL.NS', 'PIDILITIND.NS', 'PINELABS.NS', 'PIRAMALFIN.NS', 'PPLPHARMA.NS'])
2026-07-12 17:32:43,456 DEBUG AlphaScanner.Data download_history_batch split result count=5
2026-07-12 17:32:43,457 DEBUG AlphaScanner.Scanner Downloaded chunk 75/100 size=5 resolved=5
2026-07-12 17:32:43,483 DEBUG AlphaScanner.Scanner Chunk 75/100 complete: watchlist=124 entry=78
2026-07-12 17:32:43,484 DEBUG AlphaScanner.Data download_history_batch(size=5, period=2y, interval=1d, use_cache=False, head=['POLYMED.NS', 'POLYCAB.NS', 'POONAWALLA.NS', 'PFC.NS', 'POWERGRID.NS'])
2026-07-12 17:32:43,755 DEBUG AlphaScanner.Data download_history_batch split result count=5
2026-07-12 17:32:43,755 DEBUG AlphaScanner.Scanner Downloaded chunk 76/100 size=5 resolved=5
2026-07-12 17:32:43,820 DEBUG AlphaScanner.Scanner Chunk 76/100 complete: watchlist=124 entry=79
2026-07-12 17:32:43,820 DEBUG AlphaScanner.Data download_history_batch(size=5, period=2y, interval=1d, use_cache=False, head=['PREMIERENE.NS', 'PRESTIGE.NS', 'PNB.NS', 'RRKABEL.NS', 'RBLBANK.NS'])
2026-07-12 17:32:44,110 DEBUG AlphaScanner.Data download_history_batch split result count=5
2026-07-12 17:32:44,110 DEBUG AlphaScanner.Scanner Downloaded chunk 77/100 size=5 resolved=5
2026-07-12 17:32:44,177 DEBUG AlphaScanner.Scanner Chunk 77/100 complete: watchlist=126 entry=82
2026-07-12 17:32:44,178 DEBUG AlphaScanner.Data download_history_batch(size=5, period=2y, interval=1d, use_cache=False, head=['RECLTD.NS', 'RHIM.NS', 'RITES.NS', 'RADICO.NS', 'RVNL.NS'])
2026-07-12 17:32:44,440 DEBUG AlphaScanner.Data download_history_batch split result count=5
2026-07-12 17:32:44,440 DEBUG AlphaScanner.Scanner Downloaded chunk 78/100 size=5 resolved=5
2026-07-12 17:32:44,502 DEBUG AlphaScanner.Scanner Chunk 78/100 complete: watchlist=127 entry=84
2026-07-12 17:32:44,503 DEBUG AlphaScanner.Data download_history_batch(size=5, period=2y, interval=1d, use_cache=False, head=['RAILTEL.NS', 'RAINBOW.NS', 'RKFORGE.NS', 'REDINGTON.NS', 'RELIANCE.NS'])
2026-07-12 17:32:44,886 DEBUG AlphaScanner.Data download_history_batch split result count=5
2026-07-12 17:32:44,886 DEBUG AlphaScanner.Scanner Downloaded chunk 79/100 size=5 resolved=5
2026-07-12 17:32:44,956 DEBUG AlphaScanner.Scanner Chunk 79/100 complete: watchlist=128 entry=85
2026-07-12 17:32:44,957 DEBUG AlphaScanner.Data download_history_batch(size=5, period=2y, interval=1d, use_cache=False, head=['RPOWER.NS', 'SBFC.NS', 'SBICARD.NS', 'SBILIFE.NS', 'SJVN.NS'])
2026-07-12 17:32:45,290 DEBUG AlphaScanner.Data download_history_batch split result count=5
2026-07-12 17:32:45,291 DEBUG AlphaScanner.Scanner Downloaded chunk 80/100 size=5 resolved=5
2026-07-12 17:32:45,358 DEBUG AlphaScanner.Scanner Chunk 80/100 complete: watchlist=130 entry=87
2026-07-12 17:32:45,359 DEBUG AlphaScanner.Data download_history_batch(size=5, period=2y, interval=1d, use_cache=False, head=['SRF.NS', 'SAGILITY.NS', 'SAILIFE.NS', 'SAMMAANCAP.NS', 'MOTHERSON.NS'])
2026-07-12 17:32:45,808 DEBUG AlphaScanner.Data download_history_batch split result count=5
2026-07-12 17:32:45,808 DEBUG AlphaScanner.Scanner Downloaded chunk 81/100 size=5 resolved=5
2026-07-12 17:32:45,874 DEBUG AlphaScanner.Scanner Chunk 81/100 complete: watchlist=133 entry=89
2026-07-12 17:32:45,874 DEBUG AlphaScanner.Data download_history_batch(size=5, period=2y, interval=1d, use_cache=False, head=['SAPPHIRE.NS', 'SARDAEN.NS', 'SAREGAMA.NS', 'SCHAEFFLER.NS', 'SCHNEIDER.NS'])
2026-07-12 17:32:46,243 DEBUG AlphaScanner.Data download_history_batch split result count=5
2026-07-12 17:32:46,243 DEBUG AlphaScanner.Scanner Downloaded chunk 82/100 size=5 resolved=5
2026-07-12 17:32:46,309 DEBUG AlphaScanner.Scanner Chunk 82/100 complete: watchlist=133 entry=89
2026-07-12 17:32:46,310 DEBUG AlphaScanner.Data download_history_batch(size=5, period=2y, interval=1d, use_cache=False, head=['SCI.NS', 'SHREECEM.NS', 'SHRIRAMFIN.NS', 'SHYAMMETL.NS', 'ENRIN.NS'])
2026-07-12 17:32:46,655 DEBUG AlphaScanner.Data download_history_batch split result count=5
2026-07-12 17:32:46,656 DEBUG AlphaScanner.Scanner Downloaded chunk 83/100 size=5 resolved=5
2026-07-12 17:32:46,710 DEBUG AlphaScanner.Scanner Chunk 83/100 complete: watchlist=136 entry=89
2026-07-12 17:32:46,711 DEBUG AlphaScanner.Data download_history_batch(size=5, period=2y, interval=1d, use_cache=False, head=['SIEMENS.NS', 'SIGNATURE.NS', 'SOBHA.NS', 'SOLARINDS.NS', 'SONACOMS.NS'])
2026-07-12 17:32:47,017 DEBUG AlphaScanner.Data download_history_batch split result count=5
2026-07-12 17:32:47,018 DEBUG AlphaScanner.Scanner Downloaded chunk 84/100 size=5 resolved=5
2026-07-12 17:32:47,082 DEBUG AlphaScanner.Scanner Chunk 84/100 complete: watchlist=138 entry=92
2026-07-12 17:32:47,082 DEBUG AlphaScanner.Data download_history_batch(size=5, period=2y, interval=1d, use_cache=False, head=['SONATSOFTW.NS', 'STARHEALTH.NS', 'SBIN.NS', 'SAIL.NS', 'SUMICHEM.NS'])
2026-07-12 17:32:47,467 DEBUG AlphaScanner.Data download_history_batch split result count=5
2026-07-12 17:32:47,467 DEBUG AlphaScanner.Scanner Downloaded chunk 85/100 size=5 resolved=5
2026-07-12 17:32:47,536 DEBUG AlphaScanner.Scanner Chunk 85/100 complete: watchlist=139 entry=93
2026-07-12 17:32:47,537 DEBUG AlphaScanner.Data download_history_batch(size=5, period=2y, interval=1d, use_cache=False, head=['SUNPHARMA.NS', 'SUNTV.NS', 'SUNDARMFIN.NS', 'SUPREMEIND.NS', 'SPLPETRO.NS'])
2026-07-12 17:32:47,910 DEBUG AlphaScanner.Data download_history_batch split result count=5
2026-07-12 17:32:47,911 DEBUG AlphaScanner.Scanner Downloaded chunk 86/100 size=5 resolved=5
2026-07-12 17:32:47,978 DEBUG AlphaScanner.Scanner Chunk 86/100 complete: watchlist=141 entry=93
2026-07-12 17:32:47,980 DEBUG AlphaScanner.Data download_history_batch(size=5, period=2y, interval=1d, use_cache=False, head=['SUZLON.NS', 'SWANCORP.NS', 'SWIGGY.NS', 'SYNGENE.NS', 'SYRMA.NS'])
2026-07-12 17:32:48,221 DEBUG AlphaScanner.Data download_history_batch split result count=5
2026-07-12 17:32:48,221 DEBUG AlphaScanner.Scanner Downloaded chunk 87/100 size=5 resolved=5
2026-07-12 17:32:48,284 DEBUG AlphaScanner.Scanner Chunk 87/100 complete: watchlist=141 entry=93
2026-07-12 17:32:48,285 DEBUG AlphaScanner.Data download_history_batch(size=5, period=2y, interval=1d, use_cache=False, head=['TBOTEK.NS', 'TVSMOTOR.NS', 'TATACAP.NS', 'TATACHEM.NS', 'TATACOMM.NS'])
2026-07-12 17:32:48,557 DEBUG AlphaScanner.Data download_history_batch split result count=5
2026-07-12 17:32:48,557 DEBUG AlphaScanner.Scanner Downloaded chunk 88/100 size=5 resolved=5
2026-07-12 17:32:48,608 DEBUG AlphaScanner.Scanner Chunk 88/100 complete: watchlist=144 entry=93
2026-07-12 17:32:48,609 DEBUG AlphaScanner.Data download_history_batch(size=5, period=2y, interval=1d, use_cache=False, head=['TCS.NS', 'TATACONSUM.NS', 'TATAELXSI.NS', 'TATAINVEST.NS', 'TMCV.NS'])
2026-07-12 17:32:48,979 DEBUG AlphaScanner.Data download_history_batch split result count=5
2026-07-12 17:32:48,979 DEBUG AlphaScanner.Scanner Downloaded chunk 89/100 size=5 resolved=5
2026-07-12 17:32:49,030 DEBUG AlphaScanner.Scanner Chunk 89/100 complete: watchlist=145 entry=95
2026-07-12 17:32:49,031 DEBUG AlphaScanner.Data download_history_batch(size=5, period=2y, interval=1d, use_cache=False, head=['TMPV.NS', 'TATAPOWER.NS', 'TATASTEEL.NS', 'TATATECH.NS', 'TTML.NS'])
2026-07-12 17:32:49,453 DEBUG AlphaScanner.Data download_history_batch split result count=5
2026-07-12 17:32:49,454 DEBUG AlphaScanner.Scanner Downloaded chunk 90/100 size=5 resolved=5
2026-07-12 17:32:49,522 DEBUG AlphaScanner.Scanner Chunk 90/100 complete: watchlist=145 entry=96
2026-07-12 17:32:49,523 DEBUG AlphaScanner.Data download_history_batch(size=5, period=2y, interval=1d, use_cache=False, head=['TECHM.NS', 'TECHNOE.NS', 'TEGA.NS', 'TEJASNET.NS', 'TENNIND.NS'])
2026-07-12 17:32:49,896 DEBUG AlphaScanner.Data download_history_batch split result count=5
2026-07-12 17:32:49,896 DEBUG AlphaScanner.Scanner Downloaded chunk 91/100 size=5 resolved=5
2026-07-12 17:32:49,947 DEBUG AlphaScanner.Scanner Chunk 91/100 complete: watchlist=146 entry=96
2026-07-12 17:32:49,948 DEBUG AlphaScanner.Data download_history_batch(size=5, period=2y, interval=1d, use_cache=False, head=['NIACL.NS', 'RAMCOCEM.NS', 'THERMAX.NS', 'TIMKEN.NS', 'TITAGARH.NS'])
2026-07-12 17:32:50,258 DEBUG AlphaScanner.Data download_history_batch split result count=5
2026-07-12 17:32:50,259 DEBUG AlphaScanner.Scanner Downloaded chunk 92/100 size=5 resolved=5
2026-07-12 17:32:50,324 DEBUG AlphaScanner.Scanner Chunk 92/100 complete: watchlist=146 entry=96
2026-07-12 17:32:50,325 DEBUG AlphaScanner.Data download_history_batch(size=5, period=2y, interval=1d, use_cache=False, head=['TITAN.NS', 'TORNTPHARM.NS', 'TORNTPOWER.NS', 'TARIL.NS', 'TRAVELFOOD.NS'])
2026-07-12 17:32:50,571 DEBUG AlphaScanner.Data download_history_batch split result count=5
2026-07-12 17:32:50,572 DEBUG AlphaScanner.Scanner Downloaded chunk 93/100 size=5 resolved=5
2026-07-12 17:32:50,621 DEBUG AlphaScanner.Scanner Chunk 93/100 complete: watchlist=148 entry=97
2026-07-12 17:32:50,622 DEBUG AlphaScanner.Data download_history_batch(size=5, period=2y, interval=1d, use_cache=False, head=['TRENT.NS', 'TRIDENT.NS', 'TRITURBINE.NS', 'TIINDIA.NS', 'UCOBANK.NS'])
2026-07-12 17:32:51,037 DEBUG AlphaScanner.Data download_history_batch split result count=5
2026-07-12 17:32:51,037 DEBUG AlphaScanner.Scanner Downloaded chunk 94/100 size=5 resolved=5
2026-07-12 17:32:51,103 DEBUG AlphaScanner.Scanner Chunk 94/100 complete: watchlist=148 entry=97
2026-07-12 17:32:51,104 DEBUG AlphaScanner.Data download_history_batch(size=5, period=2y, interval=1d, use_cache=False, head=['UNOMINDA.NS', 'UPL.NS', 'UTIAMC.NS', 'ULTRACEMCO.NS', 'UNIONBANK.NS'])
2026-07-12 17:32:51,463 DEBUG AlphaScanner.Data download_history_batch split result count=5
2026-07-12 17:32:51,463 DEBUG AlphaScanner.Scanner Downloaded chunk 95/100 size=5 resolved=5
2026-07-12 17:32:51,527 DEBUG AlphaScanner.Scanner Chunk 95/100 complete: watchlist=151 entry=100
2026-07-12 17:32:51,528 DEBUG AlphaScanner.Data download_history_batch(size=5, period=2y, interval=1d, use_cache=False, head=['UBL.NS', 'UNITDSPR.NS', 'URBANCO.NS', 'USHAMART.NS', 'VTL.NS'])
2026-07-12 17:32:51,763 DEBUG AlphaScanner.Data download_history_batch split result count=5
2026-07-12 17:32:51,763 DEBUG AlphaScanner.Scanner Downloaded chunk 96/100 size=5 resolved=5
2026-07-12 17:32:51,813 DEBUG AlphaScanner.Scanner Chunk 96/100 complete: watchlist=152 entry=100
2026-07-12 17:32:51,814 DEBUG AlphaScanner.Data download_history_batch(size=5, period=2y, interval=1d, use_cache=False, head=['VBL.NS', 'VEDL.NS', 'VIJAYA.NS', 'VMM.NS', 'IDEA.NS'])
2026-07-12 17:32:52,198 DEBUG AlphaScanner.Data download_history_batch split result count=5
2026-07-12 17:32:52,198 DEBUG AlphaScanner.Scanner Downloaded chunk 97/100 size=5 resolved=5
2026-07-12 17:32:52,261 DEBUG AlphaScanner.Scanner Chunk 97/100 complete: watchlist=153 entry=100
2026-07-12 17:32:52,262 DEBUG AlphaScanner.Data download_history_batch(size=5, period=2y, interval=1d, use_cache=False, head=['VOLTAS.NS', 'WAAREEENER.NS', 'WELCORP.NS', 'WELSPUNLIV.NS', 'WHIRLPOOL.NS'])
2026-07-12 17:32:52,524 DEBUG AlphaScanner.Data download_history_batch split result count=5
2026-07-12 17:32:52,524 DEBUG AlphaScanner.Scanner Downloaded chunk 98/100 size=5 resolved=5
2026-07-12 17:32:52,589 DEBUG AlphaScanner.Scanner Chunk 98/100 complete: watchlist=153 entry=100
2026-07-12 17:32:52,590 DEBUG AlphaScanner.Data download_history_batch(size=5, period=2y, interval=1d, use_cache=False, head=['WIPRO.NS', 'WOCKPHARMA.NS', 'YESBANK.NS', 'ZFCVINDIA.NS', 'ZEEL.NS'])
2026-07-12 17:32:52,844 DEBUG AlphaScanner.Data download_history_batch split result count=5
2026-07-12 17:32:52,844 DEBUG AlphaScanner.Scanner Downloaded chunk 99/100 size=5 resolved=5
2026-07-12 17:32:52,912 DEBUG AlphaScanner.Scanner Chunk 99/100 complete: watchlist=153 entry=100
2026-07-12 17:32:52,913 DEBUG AlphaScanner.Data download_history_batch(size=5, period=2y, interval=1d, use_cache=False, head=['ZENTEC.NS', 'ZENSARTECH.NS', 'ZYDUSLIFE.NS', 'ZYDUSWELL.NS', 'ECLERX.NS'])
2026-07-12 17:32:53,193 DEBUG AlphaScanner.Data download_history_batch split result count=5
2026-07-12 17:32:53,194 DEBUG AlphaScanner.Scanner Downloaded chunk 100/100 size=5 resolved=5
2026-07-12 17:32:53,261 DEBUG AlphaScanner.Scanner Chunk 100/100 complete: watchlist=154 entry=100
2026-07-12 17:32:53,265 DEBUG AlphaScanner.Scanner Dual-mode scan finished: watchlist_rows=154 entry_rows=100
2026-07-12 17:32:53,292 INFO AlphaScanner.Scanner Watchlist candidates: 154 | Entry candidates: 100
2026-07-12 17:35:14,327 DEBUG AlphaScanner.UI.Scanner render_tab(scan_type=Modular Momentum, universe=Nifty 500, scan_mode=Entry Scanner, timeframe=1d, use_cache=False, run_scan=False)
2026-07-12 17:35:14,431 DEBUG AlphaScanner.UI.Scanner render_tab(scan_type=Modular Momentum, universe=Nifty 500, scan_mode=Entry Scanner, timeframe=1d, use_cache=False, run_scan=False)
2026-07-12 17:35:27,502 DEBUG AlphaScanner.UI.Scanner render_tab(scan_type=Modular Momentum, universe=Nifty 500, scan_mode=Entry Scanner, timeframe=1d, use_cache=False, run_scan=False)
2026-07-12 17:35:27,598 DEBUG AlphaScanner.UI.Scanner render_tab(scan_type=Modular Momentum, universe=Nifty 500, scan_mode=Entry Scanner, timeframe=1d, use_cache=False, run_scan=False)
2026-07-12 17:36:04,936 DEBUG AlphaScanner.UI.Scanner render_tab(scan_type=Modular Momentum, universe=Nifty 500, scan_mode=Entry Scanner, timeframe=1d, use_cache=False, run_scan=False)
2026-07-12 17:36:05,041 DEBUG AlphaScanner.UI.Scanner render_tab(scan_type=Modular Momentum, universe=Nifty 500, scan_mode=Entry Scanner, timeframe=1d, use_cache=False, run_scan=False)
2026-07-12 17:37:05,993 DEBUG AlphaScanner.UI.Scanner render_tab(scan_type=Modular Momentum, universe=Nifty 500, scan_mode=Entry Scanner, timeframe=1d, use_cache=False, run_scan=False)
2026-07-12 17:37:06,087 DEBUG AlphaScanner.UI.Scanner render_tab(scan_type=Modular Momentum, universe=Nifty 500, scan_mode=Entry Scanner, timeframe=1d, use_cache=False, run_scan=False)
