2026-07-26 14:28:26,380 DEBUG AlphaScanner.UI.Scanner render_tab(scan_type=Breakout, universe=Nifty 500, scan_mode=Entry Scanner, timeframe=1d, use_cache=False, run_scan=False)
2026-07-26 14:28:53,955 DEBUG AlphaScanner.UI.Scanner render_tab(scan_type=Breakout, universe=Nifty 500, scan_mode=Entry Scanner, timeframe=1d, use_cache=False, run_scan=True)
2026-07-26 14:28:54,659 DEBUG AlphaScanner.UI.Scanner Starting fresh scan with min_cap=0 max_cap=0 sector_map_size=500
2026-07-26 14:28:54,659 DEBUG AlphaScanner.Service perform_fresh_scan(scanner_type=Breakout, universe=Nifty 500, timeframe=1d, scan_mode=Entry Scanner, use_cache=False, vol_thresh=1.0, rsi_min=50, rsi_max=85, dist_thresh=1.5, min_mkt_cap_cr=0, max_mkt_cap_cr=0)
2026-07-26 14:28:54,660 DEBUG AlphaScanner.Service Routing to legacy breakout scanner with normalized timeframe=1d
2026-07-26 14:28:54,661 DEBUG AlphaScanner.Engine run_scanner(scanner_type=Breakout, universe=Nifty 500, timeframe=1d, use_cache=False, incremental_fetch=False, vol_thresh=1.0, rsi_range=50-85, dist_thresh=1.5, min_cap=0, max_cap=0)
2026-07-26 14:28:54,664 WARNING AlphaScanner.Engine Using cached Nifty 500 universe because NSE data is unavailable.
2026-07-26 14:28:54,665 DEBUG AlphaScanner.Engine Resolved legacy universe 'Nifty 500' to 500 tickers
2026-07-26 14:28:54,851 DEBUG AlphaScanner.Engine Loaded benchmark close series with 496 rows
2026-07-26 14:28:54,852 DEBUG AlphaScanner.Data download_history_batch(size=500, period=2y, interval=1d, use_cache=False, head=['360ONE.NS', '3MINDIA.NS', 'AADHARHFC.NS', 'AARTIIND.NS', 'AAVAS.NS'])
2026-07-26 14:29:15,957 DEBUG AlphaScanner.Data download_history_batch result count=500
2026-07-26 14:29:16,681 DEBUG AlphaScanner.Engine Concatenated legacy data shape=(500, 3000)
2026-07-26 14:29:16,799 DEBUG AlphaScanner.Engine Post-align data shape=(496, 3000) benchmark_rows=496
2026-07-26 14:29:29,759 DEBUG AlphaScanner.Engine Legacy scan completed: hits=0 scanned=486 fail_counts={'trend_fail': 321, 'momentum_fail': 74, 'volume_fail': 52, 'breakout_fail': 69, 'rs_fail': 0, 'adx_fail': 4, 'liquidity_fail': 18, 'error_fail': 14}
2026-07-26 14:29:29,780 DEBUG AlphaScanner.Service perform_fresh_scan completed: rows=0 stats_keys=['adx_fail', 'bank_nifty_change', 'bb_fail', 'breakout_fail', 'dii_net', 'error_fail', 'fakeout_trap', 'fii_net', 'liquidity_fail', 'macd_fail', 'market_bias', 'market_bias_score', 'market_breadth_50', 'market_health', 'momentum_fail', 'nifty_change', 'rs_fail', 'scanned', 'scanner_type', 'sector_sentiment', 'timeframe', 'trend_fail', 'trending_sectors', 'universe', 'universe_size', 'volume_fail']
2026-07-26 14:30:05,311 DEBUG AlphaScanner.UI.Scanner render_tab(scan_type=Breakout, universe=Total Market (Cap Focused), scan_mode=Entry Scanner, timeframe=1d, use_cache=False, run_scan=False)
2026-07-26 14:30:08,919 DEBUG AlphaScanner.UI.Scanner render_tab(scan_type=Breakout, universe=Total Market (Cap Focused), scan_mode=Entry Scanner, timeframe=1d, use_cache=False, run_scan=True)
2026-07-26 14:30:09,818 DEBUG AlphaScanner.UI.Scanner Starting fresh scan with min_cap=500 max_cap=20000 sector_map_size=751
2026-07-26 14:30:09,818 DEBUG AlphaScanner.Service perform_fresh_scan(scanner_type=Breakout, universe=Total Market (Cap Focused), timeframe=1d, scan_mode=Entry Scanner, use_cache=False, vol_thresh=1.0, rsi_min=50, rsi_max=85, dist_thresh=1.5, min_mkt_cap_cr=500, max_mkt_cap_cr=20000)
2026-07-26 14:30:09,818 DEBUG AlphaScanner.Service Routing to legacy breakout scanner with normalized timeframe=1d
2026-07-26 14:30:09,819 DEBUG AlphaScanner.Engine run_scanner(scanner_type=Breakout, universe=Total Market (Cap Focused), timeframe=1d, use_cache=False, incremental_fetch=False, vol_thresh=1.0, rsi_range=50-85, dist_thresh=1.5, min_cap=500, max_cap=20000)
2026-07-26 14:30:09,821 WARNING AlphaScanner.Engine Using cached Nifty Total Market universe because NSE data is unavailable.
2026-07-26 14:30:09,821 DEBUG AlphaScanner.Engine Resolved legacy universe 'Total Market (Cap Focused)' to 3 tickers
2026-07-26 14:30:09,822 INFO AlphaScanner.Engine Prefiltering universe of 3 tickers by market cap (Min: 500 Cr, Max: 20000 Cr)...
2026-07-26 14:30:09,826 INFO AlphaScanner.Engine Prefetching missing metadata for 3 tickers...
2026-07-26 14:30:12,963 INFO AlphaScanner.Engine Market cap pre-filter reduced universe from 3 to 0 tickers.
2026-07-26 14:30:13,102 DEBUG AlphaScanner.Engine Loaded benchmark close series with 496 rows
2026-07-26 14:30:13,109 DEBUG AlphaScanner.Engine Metadata cache is up to date. Skipping prefetch.
2026-07-26 14:30:13,113 DEBUG AlphaScanner.Engine Metadata cache primed with 0 entries
2026-07-26 14:30:13,114 ERROR AlphaScanner.Engine No ticker data could be downloaded.
2026-07-26 14:30:13,116 DEBUG AlphaScanner.Service perform_fresh_scan completed: rows=0 stats_keys=['adx_fail', 'bank_nifty_change', 'bb_fail', 'breakout_fail', 'dii_net', 'error_fail', 'fakeout_trap', 'fii_net', 'liquidity_fail', 'macd_fail', 'market_bias', 'market_bias_score', 'market_breadth_50', 'market_health', 'momentum_fail', 'nifty_change', 'rs_fail', 'scanned', 'scanner_type', 'sector_sentiment', 'timeframe', 'trend_fail', 'trending_sectors', 'universe', 'universe_size', 'volume_fail']
2026-07-26 14:35:24,590 DEBUG AlphaScanner.UI.Scanner render_tab(scan_type=Breakout, universe=Nifty 500, scan_mode=Entry Scanner, timeframe=1d, use_cache=False, run_scan=False)
2026-07-26 14:35:31,621 DEBUG AlphaScanner.UI.Scanner render_tab(scan_type=Breakout, universe=Nifty 500, scan_mode=Entry Scanner, timeframe=1d, use_cache=False, run_scan=True)
2026-07-26 14:35:32,058 DEBUG AlphaScanner.UI.Scanner Starting fresh scan with min_cap=0 max_cap=0 sector_map_size=500
2026-07-26 14:35:32,058 DEBUG AlphaScanner.Service perform_fresh_scan(scanner_type=Breakout, universe=Nifty 500, timeframe=1d, scan_mode=Entry Scanner, use_cache=False, vol_thresh=1.0, rsi_min=50, rsi_max=85, dist_thresh=1.5, min_mkt_cap_cr=0, max_mkt_cap_cr=0)
2026-07-26 14:35:32,059 DEBUG AlphaScanner.Service Routing to legacy breakout scanner with normalized timeframe=1d
2026-07-26 14:35:32,059 DEBUG AlphaScanner.Engine run_scanner(scanner_type=Breakout, universe=Nifty 500, timeframe=1d, use_cache=False, incremental_fetch=False, vol_thresh=1.0, rsi_range=50-85, dist_thresh=1.5, min_cap=0, max_cap=0)
2026-07-26 14:35:32,063 WARNING AlphaScanner.Engine Using cached Nifty 500 universe because NSE data is unavailable.
2026-07-26 14:35:32,063 DEBUG AlphaScanner.Engine Resolved legacy universe 'Nifty 500' to 500 tickers
2026-07-26 14:35:32,408 DEBUG AlphaScanner.Engine Loaded benchmark close series with 496 rows
2026-07-26 14:35:32,411 DEBUG AlphaScanner.Data download_history_batch(size=500, period=2y, interval=1d, use_cache=False, head=['360ONE.NS', '3MINDIA.NS', 'AADHARHFC.NS', 'AARTIIND.NS', 'AAVAS.NS'])
2026-07-26 14:37:03,316 DEBUG AlphaScanner.Data download_history_batch result count=500
2026-07-26 14:37:03,845 DEBUG AlphaScanner.Engine Concatenated legacy data shape=(500, 3000)
2026-07-26 14:37:03,882 DEBUG AlphaScanner.Engine Post-align data shape=(496, 3000) benchmark_rows=496
2026-07-26 14:37:13,932 DEBUG AlphaScanner.Engine Legacy scan completed: hits=0 scanned=486 fail_counts={'trend_fail': 321, 'momentum_fail': 74, 'volume_fail': 52, 'breakout_fail': 69, 'rs_fail': 0, 'adx_fail': 4, 'liquidity_fail': 18, 'error_fail': 14}
2026-07-26 14:37:13,954 DEBUG AlphaScanner.Service perform_fresh_scan completed: rows=0 stats_keys=['adx_fail', 'bank_nifty_change', 'bb_fail', 'breakout_fail', 'dii_net', 'error_fail', 'fakeout_trap', 'fii_net', 'liquidity_fail', 'macd_fail', 'market_bias', 'market_bias_score', 'market_breadth_50', 'market_health', 'momentum_fail', 'nifty_change', 'rs_fail', 'scanned', 'scanner_type', 'sector_sentiment', 'timeframe', 'trend_fail', 'trending_sectors', 'universe', 'universe_size', 'volume_fail']
2026-07-26 14:38:43,963 DEBUG AlphaScanner.UI.Scanner render_tab(scan_type=Pre-Breakout, universe=Nifty 500, scan_mode=Entry Scanner, timeframe=1d, use_cache=False, run_scan=False)
2026-07-26 14:38:46,016 DEBUG AlphaScanner.UI.Scanner render_tab(scan_type=Pre-Breakout, universe=Nifty 500, scan_mode=Entry Scanner, timeframe=1d, use_cache=False, run_scan=True)
2026-07-26 14:38:46,018 DEBUG AlphaScanner.UI.Scanner Starting fresh scan with min_cap=0 max_cap=0 sector_map_size=500
2026-07-26 14:38:46,018 DEBUG AlphaScanner.Service perform_fresh_scan(scanner_type=Pre-Breakout, universe=Nifty 500, timeframe=1d, scan_mode=Entry Scanner, use_cache=False, vol_thresh=0.6, rsi_min=35, rsi_max=70, dist_thresh=5.0, min_mkt_cap_cr=0, max_mkt_cap_cr=0)
2026-07-26 14:38:46,019 DEBUG AlphaScanner.Service Routing to legacy breakout scanner with normalized timeframe=1d
2026-07-26 14:38:46,020 DEBUG AlphaScanner.Engine run_scanner(scanner_type=Pre-Breakout, universe=Nifty 500, timeframe=1d, use_cache=False, incremental_fetch=False, vol_thresh=0.6, rsi_range=35-70, dist_thresh=5.0, min_cap=0, max_cap=0)
2026-07-26 14:38:46,025 WARNING AlphaScanner.Engine Using cached Nifty 500 universe because NSE data is unavailable.
2026-07-26 14:38:46,025 DEBUG AlphaScanner.Engine Resolved legacy universe 'Nifty 500' to 500 tickers
2026-07-26 14:38:46,194 DEBUG AlphaScanner.Engine Loaded benchmark close series with 246 rows
2026-07-26 14:38:46,195 DEBUG AlphaScanner.Data download_history_batch(size=500, period=1y, interval=1d, use_cache=False, head=['360ONE.NS', '3MINDIA.NS', 'AADHARHFC.NS', 'AARTIIND.NS', 'AAVAS.NS'])
2026-07-26 14:40:10,853 DEBUG AlphaScanner.Data download_history_batch result count=500
2026-07-26 14:40:11,310 DEBUG AlphaScanner.Engine Concatenated legacy data shape=(250, 3000)
2026-07-26 14:40:11,346 DEBUG AlphaScanner.Engine Post-align data shape=(246, 3000) benchmark_rows=246
2026-07-26 14:40:24,417 DEBUG AlphaScanner.Engine Legacy scan completed: hits=47 scanned=486 fail_counts={'trend_fail': 301, 'momentum_fail': 26, 'volume_fail': 0, 'breakout_fail': 77, 'rs_fail': 0, 'adx_fail': 2, 'liquidity_fail': 18, 'error_fail': 14}
2026-07-26 14:40:24,447 DEBUG AlphaScanner.Service perform_fresh_scan completed: rows=47 stats_keys=['adx_fail', 'bank_nifty_change', 'bb_fail', 'breakout_fail', 'dii_net', 'error_fail', 'fakeout_trap', 'fii_net', 'liquidity_fail', 'macd_fail', 'market_bias', 'market_bias_score', 'market_breadth_50', 'market_health', 'momentum_fail', 'nifty_change', 'rs_fail', 'scanned', 'scanner_type', 'sector_sentiment', 'timeframe', 'trend_fail', 'trending_sectors', 'universe', 'universe_size', 'volume_fail']
2026-07-26 14:40:48,561 DEBUG AlphaScanner.UI.Scanner render_tab(scan_type=Pre-Breakout, universe=Nifty 500, scan_mode=Entry Scanner, timeframe=1d, use_cache=False, run_scan=True)
2026-07-26 14:40:48,563 DEBUG AlphaScanner.UI.Scanner Starting fresh scan with min_cap=0 max_cap=0 sector_map_size=500
2026-07-26 14:40:48,563 DEBUG AlphaScanner.Service perform_fresh_scan(scanner_type=Pre-Breakout, universe=Nifty 500, timeframe=1d, scan_mode=Entry Scanner, use_cache=False, vol_thresh=0.6, rsi_min=35, rsi_max=70, dist_thresh=5.0, min_mkt_cap_cr=0, max_mkt_cap_cr=0)
2026-07-26 14:40:48,564 DEBUG AlphaScanner.Service Routing to legacy breakout scanner with normalized timeframe=1d
2026-07-26 14:40:48,564 DEBUG AlphaScanner.Engine run_scanner(scanner_type=Pre-Breakout, universe=Nifty 500, timeframe=1d, use_cache=False, incremental_fetch=False, vol_thresh=0.6, rsi_range=35-70, dist_thresh=5.0, min_cap=0, max_cap=0)
2026-07-26 14:40:48,568 WARNING AlphaScanner.Engine Using cached Nifty 500 universe because NSE data is unavailable.
2026-07-26 14:40:48,568 DEBUG AlphaScanner.Engine Resolved legacy universe 'Nifty 500' to 500 tickers
2026-07-26 14:40:48,698 DEBUG AlphaScanner.Engine Loaded benchmark close series with 246 rows
2026-07-26 14:40:48,700 DEBUG AlphaScanner.Data download_history_batch(size=500, period=1y, interval=1d, use_cache=False, head=['360ONE.NS', '3MINDIA.NS', 'AADHARHFC.NS', 'AARTIIND.NS', 'AAVAS.NS'])
2026-07-26 14:41:43,682 DEBUG AlphaScanner Transient NSE fetch failure for https://archives.nseindia.com/content/indices/ind_nifty500list.csv on attempt 1/3: HTTPSConnectionPool(host='www.nseindia.com', port=443): Max retries exceeded with url: / (Caused by NameResolutionError("<urllib3.connection.HTTPSConnection object at 0x7f882c34c790>: Failed to resolve 'www.nseindia.com' ([Errno -2] Name or service not known)"))
2026-07-26 14:41:44,687 DEBUG AlphaScanner Transient NSE fetch failure for https://archives.nseindia.com/content/indices/ind_nifty500list.csv on attempt 2/3: HTTPSConnectionPool(host='www.nseindia.com', port=443): Max retries exceeded with url: / (Caused by NameResolutionError("<urllib3.connection.HTTPSConnection object at 0x7f882c34c6a0>: Failed to resolve 'www.nseindia.com' ([Errno -2] Name or service not known)"))
2026-07-26 14:41:46,692 WARNING AlphaScanner Failed to fetch NSE CSV from https://archives.nseindia.com/content/indices/ind_nifty500list.csv after 3 attempts: HTTPSConnectionPool(host='www.nseindia.com', port=443): Max retries exceeded with url: / (Caused by NameResolutionError("<urllib3.connection.HTTPSConnection object at 0x7f882c34c280>: Failed to resolve 'www.nseindia.com' ([Errno -2] Name or service not known)"))
2026-07-26 14:42:11,659 DEBUG AlphaScanner.Data download_history_batch result count=500
2026-07-26 14:42:12,292 DEBUG AlphaScanner.Engine Concatenated legacy data shape=(250, 3000)
2026-07-26 14:42:12,336 DEBUG AlphaScanner.Engine Post-align data shape=(246, 3000) benchmark_rows=246
2026-07-26 14:42:17,021 WARNING AlphaScanner Failed to resolve NSE host while fetching https://archives.nseindia.com/content/indices/ind_nifty500list.csv: HTTPSConnectionPool(host='www.nseindia.com', port=443): Max retries exceeded with url: / (Caused by NameResolutionError("<urllib3.connection.HTTPSConnection object at 0x7f12f895b5e0>: Failed to resolve 'www.nseindia.com' ([Errno -2] Name or service not known)"))
2026-07-26 14:42:26,400 DEBUG AlphaScanner.Engine Legacy scan completed: hits=47 scanned=486 fail_counts={'trend_fail': 301, 'momentum_fail': 26, 'volume_fail': 0, 'breakout_fail': 77, 'rs_fail': 0, 'adx_fail': 2, 'liquidity_fail': 18, 'error_fail': 14}
2026-07-26 14:42:26,425 DEBUG AlphaScanner.Service perform_fresh_scan completed: rows=47 stats_keys=['adx_fail', 'bank_nifty_change', 'bb_fail', 'breakout_fail', 'dii_net', 'error_fail', 'fakeout_trap', 'fii_net', 'liquidity_fail', 'macd_fail', 'market_bias', 'market_bias_score', 'market_breadth_50', 'market_health', 'momentum_fail', 'nifty_change', 'rs_fail', 'scanned', 'scanner_type', 'sector_sentiment', 'timeframe', 'trend_fail', 'trending_sectors', 'universe', 'universe_size', 'volume_fail']
2026-07-26 14:45:03,087 DEBUG AlphaScanner.UI.Scanner render_tab(scan_type=Pre-Breakout, universe=Total Market (Cap Focused), scan_mode=Entry Scanner, timeframe=1d, use_cache=False, run_scan=False)
2026-07-26 14:45:07,730 DEBUG AlphaScanner.UI.Scanner render_tab(scan_type=Pre-Breakout, universe=Total Market (Cap Focused), scan_mode=Entry Scanner, timeframe=1d, use_cache=False, run_scan=True)
2026-07-26 14:45:08,841 DEBUG AlphaScanner.UI.Scanner Starting fresh scan with min_cap=500 max_cap=20000 sector_map_size=751
2026-07-26 14:45:08,841 DEBUG AlphaScanner.Service perform_fresh_scan(scanner_type=Pre-Breakout, universe=Total Market (Cap Focused), timeframe=1d, scan_mode=Entry Scanner, use_cache=False, vol_thresh=0.6, rsi_min=35, rsi_max=70, dist_thresh=5.0, min_mkt_cap_cr=500, max_mkt_cap_cr=20000)
2026-07-26 14:45:08,841 DEBUG AlphaScanner.Service Routing to legacy breakout scanner with normalized timeframe=1d
2026-07-26 14:45:08,842 DEBUG AlphaScanner.Engine run_scanner(scanner_type=Pre-Breakout, universe=Total Market (Cap Focused), timeframe=1d, use_cache=False, incremental_fetch=False, vol_thresh=0.6, rsi_range=35-70, dist_thresh=5.0, min_cap=500, max_cap=20000)
2026-07-26 14:45:08,845 WARNING AlphaScanner.Engine Using cached Nifty Total Market universe because NSE data is unavailable.
2026-07-26 14:45:08,845 DEBUG AlphaScanner.Engine Resolved legacy universe 'Total Market (Cap Focused)' to 3 tickers
2026-07-26 14:45:08,845 INFO AlphaScanner.Engine Prefiltering universe of 3 tickers by market cap (Min: 500 Cr, Max: 20000 Cr)...
2026-07-26 14:45:08,849 DEBUG AlphaScanner.Engine Metadata cache is up to date. Skipping prefetch.
2026-07-26 14:45:08,853 INFO AlphaScanner.Engine Market cap pre-filter reduced universe from 3 to 0 tickers.
2026-07-26 14:45:08,998 DEBUG AlphaScanner.Engine Loaded benchmark close series with 246 rows
2026-07-26 14:45:09,006 DEBUG AlphaScanner.Engine Metadata cache is up to date. Skipping prefetch.
2026-07-26 14:45:09,010 DEBUG AlphaScanner.Engine Metadata cache primed with 0 entries
2026-07-26 14:45:09,012 ERROR AlphaScanner.Engine No ticker data could be downloaded.
2026-07-26 14:45:09,014 DEBUG AlphaScanner.Service perform_fresh_scan completed: rows=0 stats_keys=['adx_fail', 'bank_nifty_change', 'bb_fail', 'breakout_fail', 'dii_net', 'error_fail', 'fakeout_trap', 'fii_net', 'liquidity_fail', 'macd_fail', 'market_bias', 'market_bias_score', 'market_breadth_50', 'market_health', 'momentum_fail', 'nifty_change', 'rs_fail', 'scanned', 'scanner_type', 'sector_sentiment', 'timeframe', 'trend_fail', 'trending_sectors', 'universe', 'universe_size', 'volume_fail']
2026-07-26 14:47:15,410 DEBUG AlphaScanner.UI.Scanner render_tab(scan_type=Modular Momentum, universe=Total Market (Cap Focused), scan_mode=Entry Scanner, timeframe=1d, use_cache=False, run_scan=False)
2026-07-26 14:47:24,418 DEBUG AlphaScanner.UI.Scanner render_tab(scan_type=Modular Momentum, universe=Total Market (Cap Focused), scan_mode=Entry Scanner, timeframe=1d, use_cache=False, run_scan=True)
2026-07-26 14:47:24,420 DEBUG AlphaScanner.UI.Scanner Starting fresh scan with min_cap=500 max_cap=20000 sector_map_size=751
2026-07-26 14:47:24,420 DEBUG AlphaScanner.Service perform_fresh_scan(scanner_type=Modular Momentum, universe=Total Market (Cap Focused), timeframe=1d, scan_mode=Entry Scanner, use_cache=False, vol_thresh=0.6, rsi_min=35, rsi_max=75, dist_thresh=5.0, min_mkt_cap_cr=500, max_mkt_cap_cr=20000)
2026-07-26 14:47:24,421 DEBUG AlphaScanner.Service Routing to modular scanner with config={'universe': 'Total Market (Cap Focused)', 'min_candles': 300, 'interval': '1d', 'lookback_period': '2y', 'max_candidates': 15, 'min_total_score': 25.0, 'watchlist_min_score': 60.0, 'entry_min_score': 70.0, 'scan_max_workers': 8, 'scan_download_threads': 10, 'scan_download_chunk_size': 25, 'diagnostics_enabled': False, 'diagnostics_persist': True, 'diagnostics_top_rules': 3, 'watchlist_setup_weight': 0.6, 'watchlist_transition_weight': 0.4, 'entry_setup_weight': 0.3, 'entry_transition_weight': 0.3, 'entry_trigger_weight': 0.4, 'watchlist_price_above_ema200': True, 'watchlist_base_high_pct': 5.0, 'watchlist_base_range_pct': 10.0, 'watchlist_base_days_min': 10, 'watchlist_atr_contraction_pct': -15.0, 'watchlist_bbw_contraction_pct': -20.0, 'watchlist_volume_dryup_pct': -25.0, 'watchlist_rs_min': 60.0, 'watchlist_sector_strength_min': 0.0, 'entry_breakout_volume_ratio': 2.0, 'entry_rs_rank_min': 80.0, 'entry_risk_reward_min': 2.0, 'entry_extension_pct': 10.0, 'entry_atr_expansion_pct': 1.8, 'quality_filter_enabled': True, 'quality_min_avg_volume': 0.0, 'quality_min_avg_turnover': 0.0, 'quality_min_market_cap_cr': 500, 'quality_max_market_cap_cr': 20000, 'quality_market_cap_mode': 'Custom', 'quality_market_cap_custom_symbols': [], 'quality_min_relative_strength': 0.0, 'quality_min_sector_strength': 0.0, 'quality_require_price_above_ema200': False, 'quality_require_ema_alignment': False, 'quality_require_trend_template': False, 'quality_require_higher_highs': False, 'quality_require_higher_lows': False, 'quality_market_bearish_multiplier': 1.25, 'quality_market_bullish_multiplier': 1.0, 'quality_market_neutral_multiplier': 1.0, 'quality_market_caution_multiplier': 1.1, 'setup_engine_enabled': True, 'setup_min_base_quality_score': 60.0, 'setup_min_base_weeks': 8, 'setup_max_base_depth_pct': 18.0, 'setup_max_base_duration_weeks': 24, 'setup_max_distance_to_high_pct': 8.0, 'setup_volume_long_window': 50, 'setup_volume_short_window': 20, 'setup_min_compression_score': 40.0, 'setup_min_volume_score': 35.0, 'setup_min_resistance_score': 35.0, 'setup_min_structure_score': 40.0, 'setup_min_risk_score': 35.0, 'setup_weight_base': 0.2, 'setup_weight_compression': 0.2, 'setup_weight_volume': 0.15, 'setup_weight_resistance': 0.2, 'setup_weight_structure': 0.15, 'setup_weight_risk': 0.1, 'setup_professional_threshold': 90.0, 'setup_excellent_threshold': 80.0, 'setup_good_threshold': 70.0, 'setup_average_threshold': 55.0, 'transition_engine_enabled': True, 'transition_history_window': 10, 'transition_min_setup_velocity_score': 55.0, 'transition_min_rs_acceleration_score': 55.0, 'transition_min_volume_transition_score': 55.0, 'transition_min_compression_evolution_score': 55.0, 'transition_min_resistance_pressure_score': 50.0, 'transition_min_price_acceptance_score': 50.0, 'transition_min_opportunity_velocity_score': 60.0, 'transition_weight_setup_velocity': 0.18, 'transition_weight_rs_acceleration': 0.14, 'transition_weight_volume_transition': 0.18, 'transition_weight_compression_evolution': 0.14, 'transition_weight_resistance_pressure': 0.12, 'transition_weight_price_acceptance': 0.1, 'transition_weight_opportunity_velocity': 0.14, 'transition_professional_threshold': 90.0, 'transition_strong_threshold': 80.0, 'transition_building_threshold': 70.0, 'transition_watch_threshold': 55.0, 'trigger_engine_enabled': True, 'trigger_enable_pocket_pivot': True, 'trigger_enable_relative_volume': True, 'trigger_enable_breakout_confirmation': True, 'trigger_enable_closing_strength': True, 'trigger_enable_rs_confirmation': True, 'trigger_enable_volume_confirmation': True, 'trigger_enable_intraday_confirmation': False, 'trigger_min_setup_score': 80.0, 'trigger_min_transition_score': 80.0, 'trigger_min_trigger_score': 75.0, 'trigger_pocket_pivot_volume_ratio': 1.5, 'trigger_pocket_pivot_close_location_min': 0.7, 'trigger_relative_volume_5d_min': 1.2, 'trigger_relative_volume_10d_min': 1.1, 'trigger_relative_volume_20d_min': 1.0, 'trigger_breakout_buffer_pct': 0.25, 'trigger_breakout_volume_ratio_min': 1.8, 'trigger_close_location_min': 0.8, 'trigger_close_strength_min': 0.75, 'trigger_rs_proxy_min': 105.0, 'trigger_rs_transition_min': 55.0, 'trigger_volume_transition_min': 60.0, 'trigger_intraday_vwap_hold_min': 0.0, 'trigger_intraday_rvol_min': 1.2, 'trigger_intraday_high_hold_min': 0.95, 'trigger_buy_now_top_percentile': 2.0, 'trigger_early_buy_top_percentile': 5.0, 'trigger_watch_top_percentile': 10.0, 'trigger_early_buy_soft_miss_max': 1, 'trigger_calibration_mode': False, 'market_regime_trend_weight': 0.3, 'market_regime_breadth_weight': 0.25, 'market_regime_momentum_weight': 0.2, 'market_regime_volume_weight': 0.15, 'market_regime_volatility_weight': 0.1, 'market_regime_bullish_threshold': 75.0, 'market_regime_neutral_threshold': 55.0, 'market_regime_caution_threshold': 40.0, 'market_regime_bearish_threshold': 0.0, 'market_regime_bullish_penalty': 1.0, 'market_regime_neutral_penalty': 0.95, 'market_regime_caution_penalty': 0.85, 'market_regime_bearish_penalty': 0.7, 'market_regime_buy_min_bullish': 80.0, 'market_regime_buy_min_neutral': 85.0, 'market_regime_buy_min_caution': 90.0, 'market_regime_buy_min_bearish': 95.0, 'market_regime_nifty50_period': '2y', 'market_regime_nifty500_period': '2y', 'market_regime_breadth_min_above_ema20': 45.0, 'market_regime_breadth_min_above_ema50': 40.0, 'market_regime_breadth_min_above_ema200': 25.0, 'market_regime_atr_window': 14, 'market_regime_volume_window': 20, 'market_regime_volatility_window': 20, 'market_regime_momentum_return_cap_pct': 10.0, 'market_regime_ema_buffer_pct': 0.5, 'market_regime_distribution_day_window': 20, 'market_regime_accumulation_day_window': 20, 'market_regime_volume_trend_threshold_pct': 10.0, 'market_regime_volatility_high_threshold_pct': 15.0, 'market_regime_volatility_mid_threshold_pct': 8.0, 'market_regime_accumulation_edge_days': 2, 'market_regime_distribution_edge_days': 2, 'mtf_weekly_weight': 20.0, 'mtf_daily_weight': 50.0, 'mtf_hourly_weight': 30.0, 'mtf_weekly_max_points': 20.0, 'mtf_daily_max_points': 50.0, 'mtf_hourly_max_points': 30.0, 'mtf_strong_buy_threshold': 90.0, 'mtf_buy_threshold': 80.0, 'mtf_watch_threshold': 65.0, 'mtf_wait_threshold': 50.0, 'mtf_weekly_bullish_threshold': 14.0, 'mtf_weekly_neutral_threshold': 10.0, 'mtf_weekly_bearish_threshold': 6.0, 'mtf_daily_bullish_threshold': 35.0, 'mtf_daily_neutral_threshold': 25.0, 'mtf_hourly_bullish_threshold': 20.0, 'mtf_hourly_neutral_threshold': 12.0, 'mtf_weekly_lookback_period': '2y', 'mtf_daily_lookback_period': '1y', 'mtf_hourly_lookback_period': '60d', 'mtf_hourly_ema_fast': 20, 'mtf_hourly_ema_slow': 50, 'mtf_weekly_veto_enabled': True, 'mtf_enable_confirmation': False, 'ema_fast': 20, 'ema_medium': 50, 'ema_slow': 200, 'atr_window': 20, 'contraction_window': 20, 'volume_sma_window': 20, 'volume_contraction_lookback': 20, 'volume_multiplier': 1.6, 'relative_strength_window': 90, 'relative_strength_period_1': 30, 'relative_strength_period_2': 60, 'relative_strength_period_3': 90, 'relative_strength_min_data': 30, 'sector_lookback': 60, 'risk_atr_multiplier': 2.5, 'sector_blacklist': ['Financial Services', 'Utilities'], 'required_columns': ['Open', 'High', 'Low', 'Close', 'Volume']}
2026-07-26 14:47:24,422 INFO AlphaScanner.Scanner Starting dual-mode scanner with config {'universe': 'Total Market (Cap Focused)', 'min_candles': 300, 'interval': '1d', 'lookback_period': '2y', 'max_candidates': 15, 'min_total_score': 25.0, 'watchlist_min_score': 60.0, 'entry_min_score': 70.0, 'scan_max_workers': 8, 'scan_download_threads': 10, 'scan_download_chunk_size': 25, 'diagnostics_enabled': False, 'diagnostics_persist': True, 'diagnostics_top_rules': 3, 'watchlist_setup_weight': 0.6, 'watchlist_transition_weight': 0.4, 'entry_setup_weight': 0.3, 'entry_transition_weight': 0.3, 'entry_trigger_weight': 0.4, 'watchlist_price_above_ema200': True, 'watchlist_base_high_pct': 5.0, 'watchlist_base_range_pct': 10.0, 'watchlist_base_days_min': 10, 'watchlist_atr_contraction_pct': -15.0, 'watchlist_bbw_contraction_pct': -20.0, 'watchlist_volume_dryup_pct': -25.0, 'watchlist_rs_min': 60.0, 'watchlist_sector_strength_min': 0.0, 'entry_breakout_volume_ratio': 2.0, 'entry_rs_rank_min': 80.0, 'entry_risk_reward_min': 2.0, 'entry_extension_pct': 10.0, 'entry_atr_expansion_pct': 1.8, 'quality_filter_enabled': True, 'quality_min_avg_volume': 0.0, 'quality_min_avg_turnover': 0.0, 'quality_min_market_cap_cr': 500, 'quality_max_market_cap_cr': 20000, 'quality_market_cap_mode': 'Custom', 'quality_market_cap_custom_symbols': [], 'quality_min_relative_strength': 0.0, 'quality_min_sector_strength': 0.0, 'quality_require_price_above_ema200': False, 'quality_require_ema_alignment': False, 'quality_require_trend_template': False, 'quality_require_higher_highs': False, 'quality_require_higher_lows': False, 'quality_market_bearish_multiplier': 1.25, 'quality_market_bullish_multiplier': 1.0, 'quality_market_neutral_multiplier': 1.0, 'quality_market_caution_multiplier': 1.1, 'setup_engine_enabled': True, 'setup_min_base_quality_score': 60.0, 'setup_min_base_weeks': 8, 'setup_max_base_depth_pct': 18.0, 'setup_max_base_duration_weeks': 24, 'setup_max_distance_to_high_pct': 8.0, 'setup_volume_long_window': 50, 'setup_volume_short_window': 20, 'setup_min_compression_score': 40.0, 'setup_min_volume_score': 35.0, 'setup_min_resistance_score': 35.0, 'setup_min_structure_score': 40.0, 'setup_min_risk_score': 35.0, 'setup_weight_base': 0.2, 'setup_weight_compression': 0.2, 'setup_weight_volume': 0.15, 'setup_weight_resistance': 0.2, 'setup_weight_structure': 0.15, 'setup_weight_risk': 0.1, 'setup_professional_threshold': 90.0, 'setup_excellent_threshold': 80.0, 'setup_good_threshold': 70.0, 'setup_average_threshold': 55.0, 'transition_engine_enabled': True, 'transition_history_window': 10, 'transition_min_setup_velocity_score': 55.0, 'transition_min_rs_acceleration_score': 55.0, 'transition_min_volume_transition_score': 55.0, 'transition_min_compression_evolution_score': 55.0, 'transition_min_resistance_pressure_score': 50.0, 'transition_min_price_acceptance_score': 50.0, 'transition_min_opportunity_velocity_score': 60.0, 'transition_weight_setup_velocity': 0.18, 'transition_weight_rs_acceleration': 0.14, 'transition_weight_volume_transition': 0.18, 'transition_weight_compression_evolution': 0.14, 'transition_weight_resistance_pressure': 0.12, 'transition_weight_price_acceptance': 0.1, 'transition_weight_opportunity_velocity': 0.14, 'transition_professional_threshold': 90.0, 'transition_strong_threshold': 80.0, 'transition_building_threshold': 70.0, 'transition_watch_threshold': 55.0, 'trigger_engine_enabled': True, 'trigger_enable_pocket_pivot': True, 'trigger_enable_relative_volume': True, 'trigger_enable_breakout_confirmation': True, 'trigger_enable_closing_strength': True, 'trigger_enable_rs_confirmation': True, 'trigger_enable_volume_confirmation': True, 'trigger_enable_intraday_confirmation': False, 'trigger_min_setup_score': 80.0, 'trigger_min_transition_score': 80.0, 'trigger_min_trigger_score': 75.0, 'trigger_pocket_pivot_volume_ratio': 1.5, 'trigger_pocket_pivot_close_location_min': 0.7, 'trigger_relative_volume_5d_min': 1.2, 'trigger_relative_volume_10d_min': 1.1, 'trigger_relative_volume_20d_min': 1.0, 'trigger_breakout_buffer_pct': 0.25, 'trigger_breakout_volume_ratio_min': 1.8, 'trigger_close_location_min': 0.8, 'trigger_close_strength_min': 0.75, 'trigger_rs_proxy_min': 105.0, 'trigger_rs_transition_min': 55.0, 'trigger_volume_transition_min': 60.0, 'trigger_intraday_vwap_hold_min': 0.0, 'trigger_intraday_rvol_min': 1.2, 'trigger_intraday_high_hold_min': 0.95, 'trigger_buy_now_top_percentile': 2.0, 'trigger_early_buy_top_percentile': 5.0, 'trigger_watch_top_percentile': 10.0, 'trigger_early_buy_soft_miss_max': 1, 'trigger_calibration_mode': False, 'market_regime_trend_weight': 0.3, 'market_regime_breadth_weight': 0.25, 'market_regime_momentum_weight': 0.2, 'market_regime_volume_weight': 0.15, 'market_regime_volatility_weight': 0.1, 'market_regime_bullish_threshold': 75.0, 'market_regime_neutral_threshold': 55.0, 'market_regime_caution_threshold': 40.0, 'market_regime_bearish_threshold': 0.0, 'market_regime_bullish_penalty': 1.0, 'market_regime_neutral_penalty': 0.95, 'market_regime_caution_penalty': 0.85, 'market_regime_bearish_penalty': 0.7, 'market_regime_buy_min_bullish': 80.0, 'market_regime_buy_min_neutral': 85.0, 'market_regime_buy_min_caution': 90.0, 'market_regime_buy_min_bearish': 95.0, 'market_regime_nifty50_period': '2y', 'market_regime_nifty500_period': '2y', 'market_regime_breadth_min_above_ema20': 45.0, 'market_regime_breadth_min_above_ema50': 40.0, 'market_regime_breadth_min_above_ema200': 25.0, 'market_regime_atr_window': 14, 'market_regime_volume_window': 20, 'market_regime_volatility_window': 20, 'market_regime_momentum_return_cap_pct': 10.0, 'market_regime_ema_buffer_pct': 0.5, 'market_regime_distribution_day_window': 20, 'market_regime_accumulation_day_window': 20, 'market_regime_volume_trend_threshold_pct': 10.0, 'market_regime_volatility_high_threshold_pct': 15.0, 'market_regime_volatility_mid_threshold_pct': 8.0, 'market_regime_accumulation_edge_days': 2, 'market_regime_distribution_edge_days': 2, 'mtf_weekly_weight': 20.0, 'mtf_daily_weight': 50.0, 'mtf_hourly_weight': 30.0, 'mtf_weekly_max_points': 20.0, 'mtf_daily_max_points': 50.0, 'mtf_hourly_max_points': 30.0, 'mtf_strong_buy_threshold': 90.0, 'mtf_buy_threshold': 80.0, 'mtf_watch_threshold': 65.0, 'mtf_wait_threshold': 50.0, 'mtf_weekly_bullish_threshold': 14.0, 'mtf_weekly_neutral_threshold': 10.0, 'mtf_weekly_bearish_threshold': 6.0, 'mtf_daily_bullish_threshold': 35.0, 'mtf_daily_neutral_threshold': 25.0, 'mtf_hourly_bullish_threshold': 20.0, 'mtf_hourly_neutral_threshold': 12.0, 'mtf_weekly_lookback_period': '2y', 'mtf_daily_lookback_period': '1y', 'mtf_hourly_lookback_period': '60d', 'mtf_hourly_ema_fast': 20, 'mtf_hourly_ema_slow': 50, 'mtf_weekly_veto_enabled': True, 'mtf_enable_confirmation': False, 'ema_fast': 20, 'ema_medium': 50, 'ema_slow': 200, 'atr_window': 20, 'contraction_window': 20, 'volume_sma_window': 20, 'volume_contraction_lookback': 20, 'volume_multiplier': 1.6, 'relative_strength_window': 90, 'relative_strength_period_1': 30, 'relative_strength_period_2': 60, 'relative_strength_period_3': 90, 'relative_strength_min_data': 30, 'sector_lookback': 60, 'risk_atr_multiplier': 2.5, 'sector_blacklist': ['Financial Services', 'Utilities'], 'required_columns': ['Open', 'High', 'Low', 'Close', 'Volume']}
2026-07-26 14:47:24,423 DEBUG AlphaScanner.Scanner Dual-mode scan requested with universe=Total Market (Cap Focused) interval=1d min_candles=300 use_cache=False
2026-07-26 14:47:24,427 WARNING AlphaScanner.Engine Using cached Nifty Total Market universe because NSE data is unavailable.
2026-07-26 14:47:24,427 DEBUG AlphaScanner.Data get_universe(Total Market (Cap Focused)) -> 3 symbols
2026-07-26 14:47:24,428 DEBUG AlphaScanner.Scanner Resolved universe size=3 head=['AAA.NS', 'BBB.NS', 'CCC.NS']
2026-07-26 14:47:24,428 INFO AlphaScanner.Scanner Prefiltering universe of 3 tickers by market cap (Min: 500 Cr, Max: 20000 Cr)...
2026-07-26 14:47:24,432 DEBUG AlphaScanner.Engine Metadata cache is up to date. Skipping prefetch.
2026-07-26 14:47:24,438 INFO AlphaScanner.Scanner Market cap pre-filter reduced universe from 3 to 0 tickers.
2026-07-26 14:47:24,440 INFO AlphaScanner.Scanner Downloading history for 0 tickers...
2026-07-26 14:47:24,441 INFO AlphaScanner.Scanner Downloaded history for 0 tickers.
2026-07-26 14:47:24,442 INFO AlphaScanner.Scanner Processing 0 tickers...
2026-07-26 14:47:24,443 DEBUG AlphaScanner.Scanner Dual-mode scan finished: watchlist_rows=0 entry_rows=0
2026-07-26 14:47:24,445 INFO AlphaScanner.Scanner Watchlist candidates: 0 | Entry candidates: 0
2026-07-26 14:48:18,407 DEBUG AlphaScanner.UI.Scanner render_tab(scan_type=Breakout, universe=Nifty 500, scan_mode=Entry Scanner, timeframe=1d, use_cache=False, run_scan=False)
2026-07-26 14:48:23,550 DEBUG AlphaScanner.UI.Scanner render_tab(scan_type=Breakout, universe=Nifty 500, scan_mode=Entry Scanner, timeframe=1d, use_cache=False, run_scan=True)
2026-07-26 14:48:24,458 DEBUG AlphaScanner.UI.Scanner Starting fresh scan with min_cap=0 max_cap=0 sector_map_size=500
2026-07-26 14:48:24,459 DEBUG AlphaScanner.Service perform_fresh_scan(scanner_type=Breakout, universe=Nifty 500, timeframe=1d, scan_mode=Entry Scanner, use_cache=False, vol_thresh=1.0, rsi_min=50, rsi_max=85, dist_thresh=1.5, min_mkt_cap_cr=0, max_mkt_cap_cr=0)
2026-07-26 14:48:24,460 DEBUG AlphaScanner.Service Routing to legacy breakout scanner with normalized timeframe=1d
2026-07-26 14:48:24,460 DEBUG AlphaScanner.Engine run_scanner(scanner_type=Breakout, universe=Nifty 500, timeframe=1d, use_cache=False, incremental_fetch=False, vol_thresh=1.0, rsi_range=50-85, dist_thresh=1.5, min_cap=0, max_cap=0)
2026-07-26 14:48:24,464 WARNING AlphaScanner.Engine Using cached Nifty 500 universe because NSE data is unavailable.
2026-07-26 14:48:24,464 DEBUG AlphaScanner.Engine Resolved legacy universe 'Nifty 500' to 500 tickers
2026-07-26 14:48:24,464 INFO AlphaScanner.Engine Universe resolution finished in 0.00s for Nifty 500
2026-07-26 14:48:24,612 DEBUG AlphaScanner.Engine Loaded benchmark close series with 496 rows
2026-07-26 14:48:24,612 INFO AlphaScanner.Engine Benchmark download finished in 0.15s
2026-07-26 14:48:24,613 DEBUG AlphaScanner.Data download_history_batch(size=500, period=2y, interval=1d, use_cache=False, head=['360ONE.NS', '3MINDIA.NS', 'AADHARHFC.NS', 'AARTIIND.NS', 'AAVAS.NS'])
2026-07-26 14:49:58,218 DEBUG AlphaScanner.Data download_history_batch result count=500
2026-07-26 14:49:58,218 INFO AlphaScanner.Engine Batch history download finished in 93.61s for 500 tickers
2026-07-26 14:49:58,648 DEBUG AlphaScanner.Engine Legacy scan reached evaluation phase after 94.19s
2026-07-26 14:49:58,854 DEBUG AlphaScanner.Engine Concatenated legacy data shape=(500, 3000)
2026-07-26 14:49:58,901 DEBUG AlphaScanner.Engine Post-align data shape=(496, 3000) benchmark_rows=496
2026-07-26 14:50:12,848 DEBUG AlphaScanner.Engine Legacy scan completed: hits=0 scanned=486 fail_counts={'trend_fail': 321, 'momentum_fail': 74, 'volume_fail': 52, 'breakout_fail': 69, 'rs_fail': 0, 'adx_fail': 4, 'liquidity_fail': 18, 'error_fail': 14}
2026-07-26 14:50:12,849 INFO AlphaScanner.Engine Legacy scan total elapsed 108.39s for universe=Nifty 500 timeframe=1d
2026-07-26 14:50:12,884 INFO AlphaScanner.Service Legacy scan finished in 108.42s for universe=Nifty 500 interval=1d scanner_type=Breakout
2026-07-26 14:50:12,886 DEBUG AlphaScanner.Service perform_fresh_scan completed: rows=0 stats_keys=['adx_fail', 'bank_nifty_change', 'bb_fail', 'breakout_fail', 'dii_net', 'error_fail', 'fakeout_trap', 'fii_net', 'liquidity_fail', 'macd_fail', 'market_bias', 'market_bias_score', 'market_breadth_50', 'market_health', 'momentum_fail', 'nifty_change', 'rs_fail', 'scanned', 'scanner_type', 'sector_sentiment', 'timeframe', 'trend_fail', 'trending_sectors', 'universe', 'universe_size', 'volume_fail']
2026-07-26 14:50:12,888 DEBUG AlphaScanner.Service perform_fresh_scan total elapsed=108.43s
2026-07-26 15:34:42,388 DEBUG AlphaScanner.UI.Scanner render_tab(scan_type=Breakout, universe=Nifty 500, scan_mode=Entry Scanner, timeframe=1d, use_cache=False, run_scan=False)
2026-07-26 15:34:47,680 DEBUG AlphaScanner.UI.Scanner render_tab(scan_type=Breakout, universe=Nifty 500, scan_mode=Entry Scanner, timeframe=1d, use_cache=False, run_scan=True)
2026-07-26 15:34:47,683 DEBUG AlphaScanner.UI.Scanner Starting fresh scan with min_cap=0 max_cap=0 sector_map_size=500
2026-07-26 15:34:47,683 DEBUG AlphaScanner.Service perform_fresh_scan(scanner_type=Breakout, universe=Nifty 500, timeframe=1d, scan_mode=Entry Scanner, use_cache=False, vol_thresh=1.0, rsi_min=50, rsi_max=85, dist_thresh=1.5, min_mkt_cap_cr=0, max_mkt_cap_cr=0)
2026-07-26 15:34:47,684 DEBUG AlphaScanner.Service Routing to legacy breakout scanner with normalized timeframe=1d
2026-07-26 15:34:47,684 DEBUG AlphaScanner.Engine run_scanner(scanner_type=Breakout, universe=Nifty 500, timeframe=1d, use_cache=False, incremental_fetch=False, vol_thresh=1.0, rsi_range=50-85, dist_thresh=1.5, min_cap=0, max_cap=0)
2026-07-26 15:34:47,694 DEBUG AlphaScanner.Engine Resolved legacy universe 'Nifty 500' to 500 tickers
2026-07-26 15:34:47,694 INFO AlphaScanner.Engine Universe resolution finished in 0.01s for Nifty 500
2026-07-26 15:34:47,854 DEBUG AlphaScanner.Engine Loaded benchmark close series with 496 rows
2026-07-26 15:34:47,854 INFO AlphaScanner.Engine Benchmark download finished in 0.16s
2026-07-26 15:34:47,856 DEBUG AlphaScanner.Data download_history_batch(size=500, period=2y, interval=1d, use_cache=False, head=['360ONE.NS', '3MINDIA.NS', 'AADHARHFC.NS', 'AARTIIND.NS', 'AAVAS.NS'])
2026-07-26 15:36:22,428 DEBUG AlphaScanner.Data download_history_batch result count=500
2026-07-26 15:36:22,428 INFO AlphaScanner.Engine Batch history download finished in 94.57s for 500 tickers
2026-07-26 15:36:22,832 DEBUG AlphaScanner.Engine Legacy scan reached evaluation phase after 95.15s
2026-07-26 15:36:23,106 DEBUG AlphaScanner.Engine Concatenated legacy data shape=(500, 3000)
2026-07-26 15:36:23,153 DEBUG AlphaScanner.Engine Post-align data shape=(496, 3000) benchmark_rows=496
2026-07-26 15:36:34,741 DEBUG AlphaScanner.Engine Legacy scan completed: hits=0 scanned=486 fail_counts={'trend_fail': 321, 'momentum_fail': 74, 'volume_fail': 52, 'breakout_fail': 69, 'rs_fail': 0, 'adx_fail': 4, 'liquidity_fail': 18, 'error_fail': 14}
2026-07-26 15:36:34,741 INFO AlphaScanner.Engine Legacy scan total elapsed 107.06s for universe=Nifty 500 timeframe=1d
2026-07-26 15:36:34,767 INFO AlphaScanner.Service Legacy scan finished in 107.08s for universe=Nifty 500 interval=1d scanner_type=Breakout
2026-07-26 15:36:34,769 DEBUG AlphaScanner.Service perform_fresh_scan completed: rows=0 stats_keys=['adx_fail', 'bank_nifty_change', 'bb_fail', 'breakout_fail', 'dii_net', 'error_fail', 'fakeout_trap', 'fii_net', 'liquidity_fail', 'macd_fail', 'market_bias', 'market_bias_score', 'market_breadth_50', 'market_health', 'momentum_fail', 'nifty_change', 'rs_fail', 'scanned', 'scanner_type', 'sector_sentiment', 'timeframe', 'trend_fail', 'trending_sectors', 'universe', 'universe_size', 'volume_fail']
2026-07-26 15:36:34,769 DEBUG AlphaScanner.Service perform_fresh_scan total elapsed=107.09s
2026-07-26 15:39:57,748 DEBUG AlphaScanner.UI.Scanner render_tab(scan_type=Breakout, universe=Nifty 500, scan_mode=Entry Scanner, timeframe=1d, use_cache=False, run_scan=False)
2026-07-26 15:40:03,360 DEBUG AlphaScanner.UI.Scanner render_tab(scan_type=Breakout, universe=Nifty 500, scan_mode=Entry Scanner, timeframe=1d, use_cache=False, run_scan=True)
2026-07-26 15:40:03,364 DEBUG AlphaScanner.UI.Scanner Starting fresh scan with min_cap=0 max_cap=0 sector_map_size=500
2026-07-26 15:40:03,365 DEBUG AlphaScanner.Service perform_fresh_scan(scanner_type=Breakout, universe=Nifty 500, timeframe=1d, scan_mode=Entry Scanner, use_cache=False, vol_thresh=1.0, rsi_min=50, rsi_max=85, dist_thresh=1.5, min_mkt_cap_cr=0, max_mkt_cap_cr=0)
2026-07-26 15:40:03,367 DEBUG AlphaScanner.Service Routing to legacy breakout scanner with normalized timeframe=1d
2026-07-26 15:40:03,367 DEBUG AlphaScanner.Engine run_scanner(scanner_type=Breakout, universe=Nifty 500, timeframe=1d, use_cache=False, incremental_fetch=False, vol_thresh=1.0, rsi_range=50-85, dist_thresh=1.5, min_cap=0, max_cap=0)
2026-07-26 15:40:03,374 DEBUG AlphaScanner.Engine Resolved legacy universe 'Nifty 500' to 500 tickers
2026-07-26 15:40:03,374 INFO AlphaScanner.Engine Universe resolution finished in 0.01s for Nifty 500
2026-07-26 15:40:03,538 DEBUG AlphaScanner.Engine Loaded benchmark close series with 496 rows
2026-07-26 15:40:03,538 INFO AlphaScanner.Engine Benchmark download finished in 0.16s
2026-07-26 15:40:03,539 DEBUG AlphaScanner.Data download_history_batch(size=500, period=2y, interval=1d, use_cache=False, head=['360ONE.NS', '3MINDIA.NS', 'AADHARHFC.NS', 'AARTIIND.NS', 'AAVAS.NS'])
2026-07-26 15:41:35,625 DEBUG AlphaScanner.Data download_history_batch result count=500
2026-07-26 15:41:35,625 INFO AlphaScanner.Engine Batch history download finished in 92.09s for 500 tickers
2026-07-26 15:41:36,166 DEBUG AlphaScanner.Engine Legacy scan reached evaluation phase after 92.80s
2026-07-26 15:41:36,427 DEBUG AlphaScanner.Engine Concatenated legacy data shape=(500, 3000)
2026-07-26 15:41:36,486 DEBUG AlphaScanner.Engine Post-align data shape=(496, 3000) benchmark_rows=496
2026-07-26 15:41:47,965 DEBUG AlphaScanner.Engine Legacy scan completed: hits=0 scanned=486 fail_counts={'trend_fail': 321, 'momentum_fail': 74, 'volume_fail': 52, 'breakout_fail': 69, 'rs_fail': 0, 'adx_fail': 4, 'liquidity_fail': 18, 'error_fail': 14}
2026-07-26 15:41:47,966 INFO AlphaScanner.Engine Legacy scan total elapsed 104.60s for universe=Nifty 500 timeframe=1d
2026-07-26 15:41:47,994 INFO AlphaScanner.Service Legacy scan finished in 104.63s for universe=Nifty 500 interval=1d scanner_type=Breakout
2026-07-26 15:41:47,996 DEBUG AlphaScanner.Service perform_fresh_scan completed: rows=0 stats_keys=['adx_fail', 'bank_nifty_change', 'bb_fail', 'breakout_fail', 'dii_net', 'error_fail', 'fakeout_trap', 'fii_net', 'liquidity_fail', 'macd_fail', 'market_bias', 'market_bias_score', 'market_breadth_50', 'market_health', 'momentum_fail', 'nifty_change', 'rs_fail', 'scanned', 'scanner_type', 'sector_sentiment', 'timeframe', 'trend_fail', 'trending_sectors', 'universe', 'universe_size', 'volume_fail']
2026-07-26 15:41:47,996 DEBUG AlphaScanner.Service perform_fresh_scan total elapsed=104.63s
2026-07-26 15:45:02,983 DEBUG AlphaScanner.UI.Scanner render_tab(scan_type=Breakout, universe=Nifty 500, scan_mode=Entry Scanner, timeframe=1d, use_cache=False, run_scan=False)
2026-07-26 15:45:06,843 DEBUG AlphaScanner.UI.Scanner render_tab(scan_type=Breakout, universe=Nifty 500, scan_mode=Entry Scanner, timeframe=1d, use_cache=False, run_scan=True)
2026-07-26 15:45:06,847 DEBUG AlphaScanner.UI.Scanner Starting fresh scan with min_cap=0 max_cap=0 sector_map_size=500
2026-07-26 15:45:06,847 DEBUG AlphaScanner.Service perform_fresh_scan(scanner_type=Breakout, universe=Nifty 500, timeframe=1d, scan_mode=Entry Scanner, use_cache=False, vol_thresh=1.0, rsi_min=50, rsi_max=85, dist_thresh=1.5, min_mkt_cap_cr=0, max_mkt_cap_cr=0)
2026-07-26 15:45:06,848 DEBUG AlphaScanner.Service Routing to legacy breakout scanner with normalized timeframe=1d
2026-07-26 15:45:06,848 DEBUG AlphaScanner.Engine run_scanner(scanner_type=Breakout, universe=Nifty 500, timeframe=1d, use_cache=False, incremental_fetch=False, vol_thresh=1.0, rsi_range=50-85, dist_thresh=1.5, min_cap=0, max_cap=0)
2026-07-26 15:45:06,859 DEBUG AlphaScanner.Engine Resolved legacy universe 'Nifty 500' to 500 tickers
2026-07-26 15:45:06,860 INFO AlphaScanner.Engine Universe resolution finished in 0.01s for Nifty 500
2026-07-26 15:45:07,371 DEBUG AlphaScanner.Engine Loaded benchmark close series with 496 rows
2026-07-26 15:45:07,371 INFO AlphaScanner.Engine Benchmark download finished in 0.22s
2026-07-26 15:45:07,372 DEBUG AlphaScanner.Data download_history_batch(size=500, period=2y, interval=1d, use_cache=False, head=['360ONE.NS', '3MINDIA.NS', 'AADHARHFC.NS', 'AARTIIND.NS', 'AAVAS.NS'])
2026-07-26 15:45:08,701 INFO AlphaScanner.Data download_history_batch satisfied entirely from disk cache for 500 tickers.
2026-07-26 15:45:08,701 INFO AlphaScanner.Engine Batch history download finished in 1.33s for 500 tickers
2026-07-26 15:45:09,179 DEBUG AlphaScanner.Engine Legacy scan reached evaluation phase after 2.33s
2026-07-26 15:45:09,326 DEBUG AlphaScanner.Engine Concatenated legacy data shape=(499, 3000)
2026-07-26 15:45:09,372 DEBUG AlphaScanner.Engine Post-align data shape=(472, 3000) benchmark_rows=472
2026-07-26 15:45:19,875 DEBUG AlphaScanner.Engine Legacy scan completed: hits=13 scanned=485 fail_counts={'trend_fail': 288, 'momentum_fail': 24, 'volume_fail': 72, 'breakout_fail': 106, 'rs_fail': 0, 'adx_fail': 27, 'liquidity_fail': 19, 'error_fail': 15}
2026-07-26 15:45:19,876 INFO AlphaScanner.Engine Legacy scan total elapsed 13.03s for universe=Nifty 500 timeframe=1d
2026-07-26 15:45:19,900 INFO AlphaScanner.Service Legacy scan finished in 13.05s for universe=Nifty 500 interval=1d scanner_type=Breakout
2026-07-26 15:45:19,901 DEBUG AlphaScanner.Service perform_fresh_scan completed: rows=13 stats_keys=['adx_fail', 'bank_nifty_change', 'bb_fail', 'breakout_fail', 'dii_net', 'error_fail', 'fakeout_trap', 'fii_net', 'liquidity_fail', 'macd_fail', 'market_bias', 'market_bias_score', 'market_breadth_50', 'market_health', 'momentum_fail', 'nifty_change', 'rs_fail', 'scanned', 'scanner_type', 'sector_sentiment', 'timeframe', 'trend_fail', 'trending_sectors', 'universe', 'universe_size', 'volume_fail']
2026-07-26 15:45:19,902 DEBUG AlphaScanner.Service perform_fresh_scan total elapsed=13.05s
2026-07-26 15:53:27,751 DEBUG AlphaScanner.UI.Scanner render_tab(scan_type=Breakout, universe=Nifty 500, scan_mode=Entry Scanner, timeframe=1d, use_cache=False, run_scan=False)
2026-07-26 15:53:35,633 DEBUG AlphaScanner.UI.Scanner render_tab(scan_type=Breakout, universe=Nifty 500, scan_mode=Entry Scanner, timeframe=1d, use_cache=False, run_scan=True)
2026-07-26 15:53:35,637 DEBUG AlphaScanner.UI.Scanner Starting fresh scan with min_cap=0 max_cap=0 sector_map_size=500
2026-07-26 15:53:35,638 DEBUG AlphaScanner.Service perform_fresh_scan(scanner_type=Breakout, universe=Nifty 500, timeframe=1d, scan_mode=Entry Scanner, use_cache=False, vol_thresh=1.0, rsi_min=50, rsi_max=85, dist_thresh=1.5, min_mkt_cap_cr=0, max_mkt_cap_cr=0)
2026-07-26 15:53:35,642 DEBUG AlphaScanner.Service Routing to legacy breakout scanner with normalized timeframe=1d
2026-07-26 15:53:35,642 DEBUG AlphaScanner.Engine run_scanner(scanner_type=Breakout, universe=Nifty 500, timeframe=1d, use_cache=False, incremental_fetch=False, vol_thresh=1.0, rsi_range=50-85, dist_thresh=1.5, min_cap=0, max_cap=0)
2026-07-26 15:53:35,645 DEBUG AlphaScanner.Engine Resolved legacy universe 'Nifty 500' to 500 tickers
2026-07-26 15:53:35,646 INFO AlphaScanner.Engine Universe resolution finished in 0.00s for Nifty 500
2026-07-26 15:53:35,798 DEBUG AlphaScanner.Engine Loaded benchmark close series with 496 rows
2026-07-26 15:53:35,798 INFO AlphaScanner.Engine Benchmark download finished in 0.15s
2026-07-26 15:53:35,800 DEBUG AlphaScanner.Data download_history_batch(size=500, period=2y, interval=1d, use_cache=False, head=['360ONE.NS', '3MINDIA.NS', 'AADHARHFC.NS', 'AARTIIND.NS', 'AAVAS.NS'])
2026-07-26 15:55:12,812 DEBUG AlphaScanner.Data download_history_batch result count=500
2026-07-26 15:55:12,812 INFO AlphaScanner.Engine Batch history download finished in 97.01s for 500 tickers
2026-07-26 15:55:13,221 DEBUG AlphaScanner.Engine Legacy scan reached evaluation phase after 97.58s
2026-07-26 15:55:13,446 DEBUG AlphaScanner.Engine Concatenated legacy data shape=(500, 3000)
2026-07-26 15:55:13,496 DEBUG AlphaScanner.Engine Post-align data shape=(496, 3000) benchmark_rows=496
2026-07-26 15:55:25,407 DEBUG AlphaScanner.Engine Legacy scan completed: hits=0 scanned=486 fail_counts={'trend_fail': 321, 'momentum_fail': 74, 'volume_fail': 52, 'breakout_fail': 69, 'rs_fail': 0, 'adx_fail': 4, 'liquidity_fail': 18, 'error_fail': 14}
2026-07-26 15:55:25,408 INFO AlphaScanner.Engine Legacy scan total elapsed 109.77s for universe=Nifty 500 timeframe=1d
2026-07-26 15:55:25,445 INFO AlphaScanner.Service Legacy scan finished in 109.80s for universe=Nifty 500 interval=1d scanner_type=Breakout
2026-07-26 15:55:25,447 DEBUG AlphaScanner.Service perform_fresh_scan completed: rows=0 stats_keys=['adx_fail', 'bank_nifty_change', 'bb_fail', 'breakout_fail', 'dii_net', 'error_fail', 'fakeout_trap', 'fii_net', 'liquidity_fail', 'macd_fail', 'market_bias', 'market_bias_score', 'market_breadth_50', 'market_health', 'momentum_fail', 'nifty_change', 'rs_fail', 'scanned', 'scanner_type', 'sector_sentiment', 'timeframe', 'trend_fail', 'trending_sectors', 'universe', 'universe_size', 'volume_fail']
2026-07-26 15:55:25,447 DEBUG AlphaScanner.Service perform_fresh_scan total elapsed=109.81s
2026-07-26 22:45:44,047 DEBUG AlphaScanner.UI.Scanner render_tab(scan_type=Breakout, universe=Nifty 500, scan_mode=Entry Scanner, timeframe=1d, use_cache=False, run_scan=False)
2026-07-26 22:45:49,119 DEBUG AlphaScanner.UI.Scanner render_tab(scan_type=Pre-Breakout, universe=Nifty 500, scan_mode=Entry Scanner, timeframe=1d, use_cache=False, run_scan=False)
2026-07-26 22:45:54,310 DEBUG AlphaScanner.UI.Scanner render_tab(scan_type=Pre-Breakout, universe=Nifty 500, scan_mode=Entry Scanner, timeframe=1d, use_cache=False, run_scan=True)
2026-07-26 22:45:54,313 DEBUG AlphaScanner.UI.Scanner Starting fresh scan with min_cap=0 max_cap=0 sector_map_size=500
2026-07-26 22:45:54,313 DEBUG AlphaScanner.Service perform_fresh_scan(scanner_type=Pre-Breakout, universe=Nifty 500, timeframe=1d, scan_mode=Entry Scanner, use_cache=False, vol_thresh=0.6, rsi_min=35, rsi_max=70, dist_thresh=5.0, min_mkt_cap_cr=0, max_mkt_cap_cr=0)
2026-07-26 22:45:54,314 DEBUG AlphaScanner.Service Routing to legacy breakout scanner with normalized timeframe=1d
2026-07-26 22:45:54,314 DEBUG AlphaScanner.Engine run_scanner(scanner_type=Pre-Breakout, universe=Nifty 500, timeframe=1d, use_cache=False, incremental_fetch=False, vol_thresh=0.6, rsi_range=35-70, dist_thresh=5.0, min_cap=0, max_cap=0)
2026-07-26 22:45:54,324 DEBUG AlphaScanner.Engine Resolved legacy universe 'Nifty 500' to 500 tickers
2026-07-26 22:45:54,324 INFO AlphaScanner.Engine Universe resolution finished in 0.01s for Nifty 500
2026-07-26 22:45:54,422 DEBUG AlphaScanner.Engine Loaded benchmark close series with 246 rows
2026-07-26 22:45:54,422 INFO AlphaScanner.Engine Benchmark download finished in 0.10s
2026-07-26 22:45:54,423 DEBUG AlphaScanner.Data download_history_batch(size=500, period=1y, interval=1d, use_cache=False, head=['360ONE.NS', '3MINDIA.NS', 'AADHARHFC.NS', 'AARTIIND.NS', 'AAVAS.NS'])
2026-07-26 22:45:54,424 INFO AlphaScanner.Data download_history_batch fetching 50 live chunks with 10 workers (chunk_size=10).
2026-07-26 22:46:00,001 DEBUG AlphaScanner.Data No data for ticker GROWW.NS in batch result.
2026-07-26 22:46:00,010 DEBUG AlphaScanner.Data No data for ticker GRSE.NS in batch result.
2026-07-26 22:46:00,029 DEBUG AlphaScanner.Data No data for ticker GVT&D.NS in batch result.
2026-07-26 22:46:00,029 DEBUG AlphaScanner.Data No data for ticker HAL.NS in batch result.
2026-07-26 22:46:00,030 DEBUG AlphaScanner.Data No data for ticker HAVELLS.NS in batch result.
2026-07-26 22:46:00,039 DEBUG AlphaScanner.Data No data for ticker HCLTECH.NS in batch result.
2026-07-26 22:46:00,046 DEBUG AlphaScanner.Data No data for ticker HDBFS.NS in batch result.
2026-07-26 22:46:00,047 DEBUG AlphaScanner.Data No data for ticker HDFCAMC.NS in batch result.
2026-07-26 22:46:00,048 DEBUG AlphaScanner.Data No data for ticker HDFCBANK.NS in batch result.
2026-07-26 22:46:00,051 DEBUG AlphaScanner.Data No data for ticker CENTRALBK.NS in batch result.
2026-07-26 22:46:00,143 DEBUG AlphaScanner.Data No data for ticker CHOLAHLDNG.NS in batch result.
2026-07-26 22:46:00,332 DEBUG AlphaScanner.Data No data for ticker DLF.NS in batch result.
2026-07-26 22:46:00,333 DEBUG AlphaScanner.Data No data for ticker DMART.NS in batch result.
2026-07-26 22:46:00,334 DEBUG AlphaScanner.Data No data for ticker DOMS.NS in batch result.
2026-07-26 22:46:00,338 DEBUG AlphaScanner.Data No data for ticker DRREDDY.NS in batch result.
2026-07-26 22:46:00,339 DEBUG AlphaScanner.Data No data for ticker ECLERX.NS in batch result.
2026-07-26 22:46:00,340 DEBUG AlphaScanner.Data No data for ticker EICHERMOT.NS in batch result.
2026-07-26 22:46:00,340 DEBUG AlphaScanner.Data No data for ticker EIDPARRY.NS in batch result.
2026-07-26 22:46:00,341 DEBUG AlphaScanner.Data No data for ticker EIHOTEL.NS in batch result.
2026-07-26 22:46:00,344 DEBUG AlphaScanner.Data No data for ticker ELGIEQUIP.NS in batch result.
2026-07-26 22:46:00,344 DEBUG AlphaScanner.Data No data for ticker GODFRYPHLP.NS in batch result.
2026-07-26 22:46:00,347 DEBUG AlphaScanner.Data No data for ticker GODREJCP.NS in batch result.
2026-07-26 22:46:00,348 DEBUG AlphaScanner.Data No data for ticker GODREJIND.NS in batch result.
2026-07-26 22:46:00,350 DEBUG AlphaScanner.Data No data for ticker GODREJPROP.NS in batch result.
2026-07-26 22:46:00,357 DEBUG AlphaScanner.Data No data for ticker GPIL.NS in batch result.
2026-07-26 22:46:00,360 DEBUG AlphaScanner.Data No data for ticker GRANULES.NS in batch result.
2026-07-26 22:46:00,367 DEBUG AlphaScanner.Data No data for ticker GRAPHITE.NS in batch result.
2026-07-26 22:46:00,369 DEBUG AlphaScanner.Data No data for ticker GRASIM.NS in batch result.
2026-07-26 22:46:00,369 DEBUG AlphaScanner.Data No data for ticker GRAVITA.NS in batch result.
2026-07-26 22:46:02,436 DEBUG AlphaScanner.Data No data for ticker IOB.NS in batch result.
2026-07-26 22:46:02,442 DEBUG AlphaScanner.Data No data for ticker IPCALAB.NS in batch result.
2026-07-26 22:46:02,443 DEBUG AlphaScanner.Data No data for ticker IRB.NS in batch result.
2026-07-26 22:46:02,443 DEBUG AlphaScanner.Data No data for ticker IRCON.NS in batch result.
2026-07-26 22:46:02,444 DEBUG AlphaScanner.Data No data for ticker IRCTC.NS in batch result.
2026-07-26 22:46:02,445 DEBUG AlphaScanner.Data No data for ticker IREDA.NS in batch result.
2026-07-26 22:46:02,446 DEBUG AlphaScanner.Data No data for ticker IRFC.NS in batch result.
2026-07-26 22:46:02,446 DEBUG AlphaScanner.Data No data for ticker ITC.NS in batch result.
2026-07-26 22:46:02,447 DEBUG AlphaScanner.Data No data for ticker ITCHOTELS.NS in batch result.
2026-07-26 22:46:02,553 DEBUG AlphaScanner.Data No data for ticker INDHOTEL.NS in batch result.
2026-07-26 22:46:02,567 DEBUG AlphaScanner.Data No data for ticker INDIAMART.NS in batch result.
2026-07-26 22:46:02,572 DEBUG AlphaScanner.Data No data for ticker INDIANB.NS in batch result.
2026-07-26 22:46:02,572 DEBUG AlphaScanner.Data No data for ticker INDIGO.NS in batch result.
2026-07-26 22:46:02,577 DEBUG AlphaScanner.Data No data for ticker INDUSINDBK.NS in batch result.
2026-07-26 22:46:02,579 DEBUG AlphaScanner.Data No data for ticker INDUSTOWER.NS in batch result.
2026-07-26 22:46:02,586 DEBUG AlphaScanner.Data No data for ticker INFY.NS in batch result.
2026-07-26 22:46:02,587 DEBUG AlphaScanner.Data No data for ticker INOXWIND.NS in batch result.
2026-07-26 22:46:02,587 DEBUG AlphaScanner.Data No data for ticker INTELLECT.NS in batch result.
2026-07-26 22:46:02,597 DEBUG AlphaScanner.Data No data for ticker HDFCLIFE.NS in batch result.
2026-07-26 22:46:02,597 DEBUG AlphaScanner.Data No data for ticker HEG.NS in batch result.
2026-07-26 22:46:02,604 DEBUG AlphaScanner.Data No data for ticker HEROMOTOCO.NS in batch result.
2026-07-26 22:46:02,606 DEBUG AlphaScanner.Data No data for ticker HEXT.NS in batch result.
2026-07-26 22:46:02,620 DEBUG AlphaScanner.Data No data for ticker HFCL.NS in batch result.
2026-07-26 22:46:02,620 DEBUG AlphaScanner.Data No data for ticker HINDALCO.NS in batch result.
2026-07-26 22:46:02,620 DEBUG AlphaScanner.Data No data for ticker HINDCOPPER.NS in batch result.
2026-07-26 22:46:02,634 DEBUG AlphaScanner.Data No data for ticker HINDPETRO.NS in batch result.
2026-07-26 22:46:02,640 DEBUG AlphaScanner.Data No data for ticker HINDZINC.NS in batch result.
2026-07-26 22:46:02,647 DEBUG AlphaScanner.Data No data for ticker KIRLOSENG.NS in batch result.
2026-07-26 22:46:02,647 DEBUG AlphaScanner.Data No data for ticker KOTAKBANK.NS in batch result.
2026-07-26 22:46:02,653 DEBUG AlphaScanner.Data No data for ticker KPIL.NS in batch result.
2026-07-26 22:46:02,665 DEBUG AlphaScanner.Data No data for ticker KPITTECH.NS in batch result.
2026-07-26 22:46:02,678 DEBUG AlphaScanner.Data No data for ticker KPRMILL.NS in batch result.
2026-07-26 22:46:02,688 DEBUG AlphaScanner.Data No data for ticker LATENTVIEW.NS in batch result.
2026-07-26 22:46:02,693 DEBUG AlphaScanner.Data No data for ticker LAURUSLABS.NS in batch result.
2026-07-26 22:46:02,694 DEBUG AlphaScanner.Data No data for ticker LEMONTREE.NS in batch result.
2026-07-26 22:46:02,695 DEBUG AlphaScanner.Data No data for ticker LENSKART.NS in batch result.
2026-07-26 22:46:02,826 DEBUG AlphaScanner.Data No data for ticker ITI.NS in batch result.
2026-07-26 22:46:02,839 DEBUG AlphaScanner.Data No data for ticker J&KBANK.NS in batch result.
2026-07-26 22:46:02,843 DEBUG AlphaScanner.Data No data for ticker JBMA.NS in batch result.
2026-07-26 22:46:02,843 DEBUG AlphaScanner.Data No data for ticker JINDALSAW.NS in batch result.
2026-07-26 22:46:02,844 DEBUG AlphaScanner.Data No data for ticker JINDALSTEL.NS in batch result.
2026-07-26 22:46:02,845 DEBUG AlphaScanner.Data No data for ticker JIOFIN.NS in batch result.
2026-07-26 22:46:02,845 DEBUG AlphaScanner.Data No data for ticker JKCEMENT.NS in batch result.
2026-07-26 22:46:02,847 DEBUG AlphaScanner.Data No data for ticker JKTYRE.NS in batch result.
2026-07-26 22:46:02,847 DEBUG AlphaScanner.Data No data for ticker JMFINANCIL.NS in batch result.
2026-07-26 22:46:02,848 DEBUG AlphaScanner.Data No data for ticker LGEINDIA.NS in batch result.
2026-07-26 22:46:02,848 DEBUG AlphaScanner.Data No data for ticker LICHSGFIN.NS in batch result.
2026-07-26 22:46:02,848 DEBUG AlphaScanner.Data No data for ticker LICI.NS in batch result.
2026-07-26 22:46:02,854 DEBUG AlphaScanner.Data No data for ticker LINDEINDIA.NS in batch result.
2026-07-26 22:46:02,854 DEBUG AlphaScanner.Data No data for ticker LLOYDSME.NS in batch result.
2026-07-26 22:46:02,855 DEBUG AlphaScanner.Data No data for ticker LODHA.NS in batch result.
2026-07-26 22:46:02,858 DEBUG AlphaScanner.Data No data for ticker LTF.NS in batch result.
2026-07-26 22:46:02,858 DEBUG AlphaScanner.Data No data for ticker LTFOODS.NS in batch result.
2026-07-26 22:46:02,859 DEBUG AlphaScanner.Data No data for ticker LTM.NS in batch result.
2026-07-26 22:46:03,117 DEBUG AlphaScanner.Data No data for ticker HOMEFIRST.NS in batch result.
2026-07-26 22:46:03,118 DEBUG AlphaScanner.Data No data for ticker HONASA.NS in batch result.
2026-07-26 22:46:03,123 DEBUG AlphaScanner.Data No data for ticker HSCL.NS in batch result.
2026-07-26 22:46:03,125 DEBUG AlphaScanner.Data No data for ticker HUDCO.NS in batch result.
2026-07-26 22:46:03,125 DEBUG AlphaScanner.Data No data for ticker HYUNDAI.NS in batch result.
2026-07-26 22:46:03,126 DEBUG AlphaScanner.Data No data for ticker ICICIAMC.NS in batch result.
2026-07-26 22:46:03,126 DEBUG AlphaScanner.Data No data for ticker ICICIBANK.NS in batch result.
2026-07-26 22:46:03,131 DEBUG AlphaScanner.Data No data for ticker ICICIGI.NS in batch result.
2026-07-26 22:46:03,131 DEBUG AlphaScanner.Data No data for ticker ICICIPRULI.NS in batch result.
2026-07-26 22:46:04,487 DEBUG AlphaScanner.Data No data for ticker MAZDOCK.NS in batch result.
2026-07-26 22:46:04,491 DEBUG AlphaScanner.Data No data for ticker MEDANTA.NS in batch result.
2026-07-26 22:46:04,625 DEBUG AlphaScanner.Data No data for ticker OBEROIRLTY.NS in batch result.
2026-07-26 22:46:04,633 DEBUG AlphaScanner.Data No data for ticker OFSS.NS in batch result.
2026-07-26 22:46:04,637 DEBUG AlphaScanner.Data No data for ticker OIL.NS in batch result.
2026-07-26 22:46:04,685 DEBUG AlphaScanner.Data No data for ticker OLECTRA.NS in batch result.
2026-07-26 22:46:04,686 DEBUG AlphaScanner.Data No data for ticker ONESOURCE.NS in batch result.
2026-07-26 22:46:04,687 DEBUG AlphaScanner.Data No data for ticker ONGC.NS in batch result.
2026-07-26 22:46:04,687 DEBUG AlphaScanner.Data No data for ticker PAGEIND.NS in batch result.
2026-07-26 22:46:04,688 DEBUG AlphaScanner.Data No data for ticker PARADEEP.NS in batch result.
2026-07-26 22:46:04,688 DEBUG AlphaScanner.Data No data for ticker PATANJALI.NS in batch result.
2026-07-26 22:46:04,689 DEBUG AlphaScanner.Data No data for ticker NIACL.NS in batch result.
2026-07-26 22:46:04,689 DEBUG AlphaScanner.Data No data for ticker NIVABUPA.NS in batch result.
2026-07-26 22:46:04,690 DEBUG AlphaScanner.Data No data for ticker NLCINDIA.NS in batch result.
2026-07-26 22:46:04,693 DEBUG AlphaScanner.Data No data for ticker NMDC.NS in batch result.
2026-07-26 22:46:04,693 DEBUG AlphaScanner.Data No data for ticker NSLNISP.NS in batch result.
2026-07-26 22:46:04,694 DEBUG AlphaScanner.Data No data for ticker NTPC.NS in batch result.
2026-07-26 22:46:04,695 DEBUG AlphaScanner.Data No data for ticker NTPCGREEN.NS in batch result.
2026-07-26 22:46:04,695 DEBUG AlphaScanner.Data No data for ticker NUVAMA.NS in batch result.
2026-07-26 22:46:04,703 DEBUG AlphaScanner.Data No data for ticker NYKAA.NS in batch result.
2026-07-26 22:46:04,708 DEBUG AlphaScanner.Data No data for ticker MOTILALOFS.NS in batch result.
2026-07-26 22:46:04,709 DEBUG AlphaScanner.Data No data for ticker MPHASIS.NS in batch result.
2026-07-26 22:46:04,709 DEBUG AlphaScanner.Data No data for ticker MRF.NS in batch result.
2026-07-26 22:46:04,709 DEBUG AlphaScanner.Data No data for ticker MRPL.NS in batch result.
2026-07-26 22:46:04,710 DEBUG AlphaScanner.Data No data for ticker MSUMI.NS in batch result.
2026-07-26 22:46:04,710 DEBUG AlphaScanner.Data No data for ticker MUTHOOTFIN.NS in batch result.
2026-07-26 22:46:04,710 DEBUG AlphaScanner.Data No data for ticker NAM-INDIA.NS in batch result.
2026-07-26 22:46:04,713 DEBUG AlphaScanner.Data No data for ticker NATIONALUM.NS in batch result.
2026-07-26 22:46:04,714 DEBUG AlphaScanner.Data No data for ticker NAUKRI.NS in batch result.
2026-07-26 22:46:04,779 DEBUG AlphaScanner.Data No data for ticker PIIND.NS in batch result.
2026-07-26 22:46:04,780 DEBUG AlphaScanner.Data No data for ticker PINELABS.NS in batch result.
2026-07-26 22:46:04,781 DEBUG AlphaScanner.Data No data for ticker PIRAMALFIN.NS in batch result.
2026-07-26 22:46:04,781 DEBUG AlphaScanner.Data No data for ticker PNB.NS in batch result.
2026-07-26 22:46:04,781 DEBUG AlphaScanner.Data No data for ticker PNBHOUSING.NS in batch result.
2026-07-26 22:46:04,788 DEBUG AlphaScanner.Data No data for ticker POLYCAB.NS in batch result.
2026-07-26 22:46:04,789 DEBUG AlphaScanner.Data No data for ticker POLYMED.NS in batch result.
2026-07-26 22:46:04,798 DEBUG AlphaScanner.Data No data for ticker POONAWALLA.NS in batch result.
2026-07-26 22:46:04,816 DEBUG AlphaScanner.Data No data for ticker POWERGRID.NS in batch result.
2026-07-26 22:46:04,901 DEBUG AlphaScanner.Data No data for ticker NAVA.NS in batch result.
2026-07-26 22:46:04,906 DEBUG AlphaScanner.Data No data for ticker NAVINFLUOR.NS in batch result.
2026-07-26 22:46:04,906 DEBUG AlphaScanner.Data No data for ticker NBCC.NS in batch result.
2026-07-26 22:46:04,912 DEBUG AlphaScanner.Data No data for ticker NESTLEIND.NS in batch result.
2026-07-26 22:46:04,912 DEBUG AlphaScanner.Data No data for ticker NETWEB.NS in batch result.
2026-07-26 22:46:04,912 DEBUG AlphaScanner.Data No data for ticker NEULANDLAB.NS in batch result.
2026-07-26 22:46:04,912 DEBUG AlphaScanner.Data No data for ticker NEWGEN.NS in batch result.
2026-07-26 22:46:04,921 DEBUG AlphaScanner.Data No data for ticker NH.NS in batch result.
2026-07-26 22:46:04,931 DEBUG AlphaScanner.Data No data for ticker NHPC.NS in batch result.
2026-07-26 22:46:04,932 DEBUG AlphaScanner.Data No data for ticker PAYTM.NS in batch result.
2026-07-26 22:46:04,938 DEBUG AlphaScanner.Data No data for ticker PERSISTENT.NS in batch result.
2026-07-26 22:46:04,938 DEBUG AlphaScanner.Data No data for ticker PETRONET.NS in batch result.
2026-07-26 22:46:04,952 DEBUG AlphaScanner.Data No data for ticker PFC.NS in batch result.
2026-07-26 22:46:04,953 DEBUG AlphaScanner.Data No data for ticker PFIZER.NS in batch result.
2026-07-26 22:46:04,959 DEBUG AlphaScanner.Data No data for ticker PFOCUS.NS in batch result.
2026-07-26 22:46:04,959 DEBUG AlphaScanner.Data No data for ticker PGEL.NS in batch result.
2026-07-26 22:46:04,960 DEBUG AlphaScanner.Data No data for ticker PHOENIXLTD.NS in batch result.
2026-07-26 22:46:04,960 DEBUG AlphaScanner.Data No data for ticker PIDILITIND.NS in batch result.
2026-07-26 22:46:05,021 DEBUG AlphaScanner.Data No data for ticker LTTS.NS in batch result.
2026-07-26 22:46:05,022 DEBUG AlphaScanner.Data No data for ticker LUPIN.NS in batch result.
2026-07-26 22:46:05,022 DEBUG AlphaScanner.Data No data for ticker M&M.NS in batch result.
2026-07-26 22:46:05,022 DEBUG AlphaScanner.Data No data for ticker M&MFIN.NS in batch result.
2026-07-26 22:46:05,022 DEBUG AlphaScanner.Data No data for ticker MAHABANK.NS in batch result.
2026-07-26 22:46:05,023 DEBUG AlphaScanner.Data No data for ticker MANAPPURAM.NS in batch result.
2026-07-26 22:46:05,026 DEBUG AlphaScanner.Data No data for ticker MAPMYINDIA.NS in batch result.
2026-07-26 22:46:05,027 DEBUG AlphaScanner.Data No data for ticker MARICO.NS in batch result.
2026-07-26 22:46:05,027 DEBUG AlphaScanner.Data No data for ticker MARUTI.NS in batch result.
2026-07-26 22:46:05,121 DEBUG AlphaScanner.Data No data for ticker PPLPHARMA.NS in batch result.
2026-07-26 22:46:05,122 DEBUG AlphaScanner.Data No data for ticker PREMIERENE.NS in batch result.
2026-07-26 22:46:05,123 DEBUG AlphaScanner.Data No data for ticker PRESTIGE.NS in batch result.
2026-07-26 22:46:05,123 DEBUG AlphaScanner.Data No data for ticker PTCIL.NS in batch result.
2026-07-26 22:46:05,123 DEBUG AlphaScanner.Data No data for ticker PVRINOX.NS in batch result.
2026-07-26 22:46:05,124 DEBUG AlphaScanner.Data No data for ticker PWL.NS in batch result.
2026-07-26 22:46:05,124 DEBUG AlphaScanner.Data No data for ticker RADICO.NS in batch result.
2026-07-26 22:46:05,128 DEBUG AlphaScanner.Data No data for ticker RAILTEL.NS in batch result.
2026-07-26 22:46:05,141 DEBUG AlphaScanner.Data No data for ticker RAINBOW.NS in batch result.
2026-07-26 22:46:05,238 DEBUG AlphaScanner.Data No data for ticker RAMCOCEM.NS in batch result.
2026-07-26 22:46:05,248 DEBUG AlphaScanner.Data No data for ticker RBLBANK.NS in batch result.
2026-07-26 22:46:05,255 DEBUG AlphaScanner.Data No data for ticker REDINGTON.NS in batch result.
2026-07-26 22:46:05,255 DEBUG AlphaScanner.Data No data for ticker RELIANCE.NS in batch result.
2026-07-26 22:46:05,255 DEBUG AlphaScanner.Data No data for ticker RHIM.NS in batch result.
2026-07-26 22:46:05,256 DEBUG AlphaScanner.Data No data for ticker RITES.NS in batch result.
2026-07-26 22:46:05,256 DEBUG AlphaScanner.Data No data for ticker RKFORGE.NS in batch result.
2026-07-26 22:46:05,257 DEBUG AlphaScanner.Data No data for ticker RPOWER.NS in batch result.
2026-07-26 22:46:05,257 DEBUG AlphaScanner.Data No data for ticker RRKABEL.NS in batch result.
2026-07-26 22:46:08,409 DEBUG AlphaScanner.Data No data for ticker RVNL.NS in batch result.
2026-07-26 22:46:08,409 DEBUG AlphaScanner.Data No data for ticker SAGILITY.NS in batch result.
2026-07-26 22:46:08,417 DEBUG AlphaScanner.Data No data for ticker SAPPHIRE.NS in batch result.
2026-07-26 22:46:08,620 DEBUG AlphaScanner.Data No data for ticker SBILIFE.NS in batch result.
2026-07-26 22:46:08,645 DEBUG AlphaScanner.Data No data for ticker SCHAEFFLER.NS in batch result.
2026-07-26 22:46:08,666 DEBUG AlphaScanner.Data No data for ticker SUNPHARMA.NS in batch result.
2026-07-26 22:46:08,678 DEBUG AlphaScanner.Data No data for ticker SWIGGY.NS in batch result.
2026-07-26 22:46:08,872 ERROR AlphaScanner.Data Critical error during batch download chunk size=10: dictionary changed size during iteration
2026-07-26 22:46:08,910 DEBUG AlphaScanner.Data Batch download chunk returned no data for 10 tickers.
2026-07-26 22:46:08,963 DEBUG AlphaScanner.Data No data for ticker SJVN.NS in batch result.
2026-07-26 22:46:08,973 DEBUG AlphaScanner.Data No data for ticker SONACOMS.NS in batch result.
2026-07-26 22:46:09,004 DEBUG AlphaScanner.Data No data for ticker TITAN.NS in batch result.
2026-07-26 22:46:09,061 DEBUG AlphaScanner.Data No data for ticker TIMKEN.NS in batch result.
2026-07-26 22:46:09,676 DEBUG AlphaScanner.Data download_history_batch result count=304
2026-07-26 22:46:09,684 INFO AlphaScanner.Engine Batch history download finished in 15.26s for 500 tickers
2026-07-26 22:46:09,775 DEBUG AlphaScanner.Data download_history(ticker=CENTRALBK.NS, period=1y, interval=1d, use_cache=False)
2026-07-26 22:46:10,022 DEBUG AlphaScanner.Data download_history success for CENTRALBK.NS rows=250 cols=['adj close', 'Close', 'High', 'Low', 'Open', 'Volume']
2026-07-26 22:46:10,034 DEBUG AlphaScanner.Data download_history(ticker=CHOLAHLDNG.NS, period=1y, interval=1d, use_cache=False)
2026-07-26 22:46:10,218 DEBUG AlphaScanner.Data download_history success for CHOLAHLDNG.NS rows=250 cols=['adj close', 'Close', 'High', 'Low', 'Open', 'Volume']
2026-07-26 22:46:10,246 DEBUG AlphaScanner.Data download_history(ticker=DLF.NS, period=1y, interval=1d, use_cache=False)
2026-07-26 22:46:10,407 DEBUG AlphaScanner.Data download_history success for DLF.NS rows=250 cols=['adj close', 'Close', 'High', 'Low', 'Open', 'Volume']
2026-07-26 22:46:10,410 DEBUG AlphaScanner.Data download_history(ticker=DMART.NS, period=1y, interval=1d, use_cache=False)
2026-07-26 22:46:10,550 DEBUG AlphaScanner.Data download_history success for DMART.NS rows=250 cols=['adj close', 'Close', 'High', 'Low', 'Open', 'Volume']
2026-07-26 22:46:10,552 DEBUG AlphaScanner.Data download_history(ticker=DOMS.NS, period=1y, interval=1d, use_cache=False)
2026-07-26 22:46:10,704 DEBUG AlphaScanner.Data download_history success for DOMS.NS rows=249 cols=['adj close', 'Close', 'High', 'Low', 'Open', 'Volume']
2026-07-26 22:46:10,706 DEBUG AlphaScanner.Data download_history(ticker=DRREDDY.NS, period=1y, interval=1d, use_cache=False)
2026-07-26 22:46:10,867 DEBUG AlphaScanner.Data download_history success for DRREDDY.NS rows=250 cols=['adj close', 'Close', 'High', 'Low', 'Open', 'Volume']
2026-07-26 22:46:10,869 DEBUG AlphaScanner.Data download_history(ticker=ECLERX.NS, period=1y, interval=1d, use_cache=False)
2026-07-26 22:46:11,041 DEBUG AlphaScanner.Data download_history success for ECLERX.NS rows=250 cols=['adj close', 'Close', 'High', 'Low', 'Open', 'Volume']
2026-07-26 22:46:11,043 DEBUG AlphaScanner.Data download_history(ticker=EICHERMOT.NS, period=1y, interval=1d, use_cache=False)
2026-07-26 22:46:11,191 DEBUG AlphaScanner.Data download_history success for EICHERMOT.NS rows=250 cols=['adj close', 'Close', 'High', 'Low', 'Open', 'Volume']
2026-07-26 22:46:11,193 DEBUG AlphaScanner.Data download_history(ticker=EIDPARRY.NS, period=1y, interval=1d, use_cache=False)
2026-07-26 22:46:11,350 DEBUG AlphaScanner.Data download_history success for EIDPARRY.NS rows=249 cols=['adj close', 'Close', 'High', 'Low', 'Open', 'Volume']
2026-07-26 22:46:11,353 DEBUG AlphaScanner.Data download_history(ticker=EIHOTEL.NS, period=1y, interval=1d, use_cache=False)
2026-07-26 22:46:11,543 DEBUG AlphaScanner.Data download_history success for EIHOTEL.NS rows=250 cols=['adj close', 'Close', 'High', 'Low', 'Open', 'Volume']
2026-07-26 22:46:11,546 DEBUG AlphaScanner.Data download_history(ticker=ELGIEQUIP.NS, period=1y, interval=1d, use_cache=False)
2026-07-26 22:46:11,717 DEBUG AlphaScanner.Data download_history success for ELGIEQUIP.NS rows=250 cols=['adj close', 'Close', 'High', 'Low', 'Open', 'Volume']
2026-07-26 22:46:11,745 DEBUG AlphaScanner.Data download_history(ticker=GODFRYPHLP.NS, period=1y, interval=1d, use_cache=False)
2026-07-26 22:46:11,906 DEBUG AlphaScanner.Data download_history success for GODFRYPHLP.NS rows=250 cols=['adj close', 'Close', 'High', 'Low', 'Open', 'Volume']
2026-07-26 22:46:11,908 DEBUG AlphaScanner.Data download_history(ticker=GODREJCP.NS, period=1y, interval=1d, use_cache=False)
2026-07-26 22:46:12,082 DEBUG AlphaScanner.Data download_history success for GODREJCP.NS rows=250 cols=['adj close', 'Close', 'High', 'Low', 'Open', 'Volume']
2026-07-26 22:46:12,085 DEBUG AlphaScanner.Data download_history(ticker=GODREJIND.NS, period=1y, interval=1d, use_cache=False)
2026-07-26 22:46:12,230 DEBUG AlphaScanner.Data download_history success for GODREJIND.NS rows=250 cols=['adj close', 'Close', 'High', 'Low', 'Open', 'Volume']
2026-07-26 22:46:12,233 DEBUG AlphaScanner.Data download_history(ticker=GODREJPROP.NS, period=1y, interval=1d, use_cache=False)
2026-07-26 22:46:12,542 DEBUG AlphaScanner.Data download_history success for GODREJPROP.NS rows=250 cols=['adj close', 'Close', 'High', 'Low', 'Open', 'Volume']
2026-07-26 22:46:12,544 DEBUG AlphaScanner.Data download_history(ticker=GPIL.NS, period=1y, interval=1d, use_cache=False)
2026-07-26 22:46:12,705 DEBUG AlphaScanner.Data download_history success for GPIL.NS rows=250 cols=['adj close', 'Close', 'High', 'Low', 'Open', 'Volume']
2026-07-26 22:46:12,707 DEBUG AlphaScanner.Data download_history(ticker=GRANULES.NS, period=1y, interval=1d, use_cache=False)
2026-07-26 22:46:12,878 DEBUG AlphaScanner.Data download_history success for GRANULES.NS rows=249 cols=['adj close', 'Close', 'High', 'Low', 'Open', 'Volume']
2026-07-26 22:46:12,881 DEBUG AlphaScanner.Data download_history(ticker=GRAPHITE.NS, period=1y, interval=1d, use_cache=False)
2026-07-26 22:46:13,063 DEBUG AlphaScanner.Data download_history success for GRAPHITE.NS rows=250 cols=['adj close', 'Close', 'High', 'Low', 'Open', 'Volume']
2026-07-26 22:46:13,066 DEBUG AlphaScanner.Data download_history(ticker=GRASIM.NS, period=1y, interval=1d, use_cache=False)
2026-07-26 22:46:13,237 DEBUG AlphaScanner.Data download_history success for GRASIM.NS rows=250 cols=['adj close', 'Close', 'High', 'Low', 'Open', 'Volume']
2026-07-26 22:46:13,239 DEBUG AlphaScanner.Data download_history(ticker=GRAVITA.NS, period=1y, interval=1d, use_cache=False)
2026-07-26 22:46:13,404 DEBUG AlphaScanner.Data download_history success for GRAVITA.NS rows=250 cols=['adj close', 'Close', 'High', 'Low', 'Open', 'Volume']
2026-07-26 22:46:13,406 DEBUG AlphaScanner.Data download_history(ticker=GROWW.NS, period=1y, interval=1d, use_cache=False)
2026-07-26 22:46:13,535 DEBUG AlphaScanner.Data download_history success for GROWW.NS rows=176 cols=['adj close', 'Close', 'High', 'Low', 'Open', 'Volume']
2026-07-26 22:46:13,537 DEBUG AlphaScanner.Data download_history(ticker=GRSE.NS, period=1y, interval=1d, use_cache=False)
2026-07-26 22:46:13,686 DEBUG AlphaScanner.Data download_history success for GRSE.NS rows=250 cols=['adj close', 'Close', 'High', 'Low', 'Open', 'Volume']
2026-07-26 22:46:13,689 DEBUG AlphaScanner.Data download_history(ticker=GVT&D.NS, period=1y, interval=1d, use_cache=False)
2026-07-26 22:46:14,003 DEBUG AlphaScanner.Data download_history success for GVT&D.NS rows=250 cols=['adj close', 'Close', 'High', 'Low', 'Open', 'Volume']
2026-07-26 22:46:14,006 DEBUG AlphaScanner.Data download_history(ticker=HAL.NS, period=1y, interval=1d, use_cache=False)
2026-07-26 22:46:14,128 DEBUG AlphaScanner.Data download_history success for HAL.NS rows=250 cols=['adj close', 'Close', 'High', 'Low', 'Open', 'Volume']
2026-07-26 22:46:14,131 DEBUG AlphaScanner.Data download_history(ticker=HAVELLS.NS, period=1y, interval=1d, use_cache=False)
2026-07-26 22:46:14,289 DEBUG AlphaScanner.Data download_history success for HAVELLS.NS rows=250 cols=['adj close', 'Close', 'High', 'Low', 'Open', 'Volume']
2026-07-26 22:46:14,292 DEBUG AlphaScanner.Data download_history(ticker=HCLTECH.NS, period=1y, interval=1d, use_cache=False)
2026-07-26 22:46:14,441 DEBUG AlphaScanner.Data download_history success for HCLTECH.NS rows=250 cols=['adj close', 'Close', 'High', 'Low', 'Open', 'Volume']
2026-07-26 22:46:14,443 DEBUG AlphaScanner.Data download_history(ticker=HDBFS.NS, period=1y, interval=1d, use_cache=False)
2026-07-26 22:46:14,567 DEBUG AlphaScanner.Data download_history success for HDBFS.NS rows=250 cols=['adj close', 'Close', 'High', 'Low', 'Open', 'Volume']
2026-07-26 22:46:14,569 DEBUG AlphaScanner.Data download_history(ticker=HDFCAMC.NS, period=1y, interval=1d, use_cache=False)
2026-07-26 22:46:14,710 DEBUG AlphaScanner.Data download_history success for HDFCAMC.NS rows=250 cols=['adj close', 'Close', 'High', 'Low', 'Open', 'Volume']
2026-07-26 22:46:14,712 DEBUG AlphaScanner.Data download_history(ticker=HDFCBANK.NS, period=1y, interval=1d, use_cache=False)
2026-07-26 22:46:14,865 DEBUG AlphaScanner.Data download_history success for HDFCBANK.NS rows=250 cols=['adj close', 'Close', 'High', 'Low', 'Open', 'Volume']
2026-07-26 22:46:14,868 DEBUG AlphaScanner.Data download_history(ticker=HDFCLIFE.NS, period=1y, interval=1d, use_cache=False)
2026-07-26 22:46:15,004 DEBUG AlphaScanner.Data download_history success for HDFCLIFE.NS rows=250 cols=['adj close', 'Close', 'High', 'Low', 'Open', 'Volume']
2026-07-26 22:46:15,007 DEBUG AlphaScanner.Data download_history(ticker=HEG.NS, period=1y, interval=1d, use_cache=False)
2026-07-26 22:46:15,171 DEBUG AlphaScanner.Data download_history success for HEG.NS rows=250 cols=['adj close', 'Close', 'High', 'Low', 'Open', 'Volume']
2026-07-26 22:46:15,174 DEBUG AlphaScanner.Data download_history(ticker=HEROMOTOCO.NS, period=1y, interval=1d, use_cache=False)
2026-07-26 22:46:15,318 DEBUG AlphaScanner.Data download_history success for HEROMOTOCO.NS rows=250 cols=['adj close', 'Close', 'High', 'Low', 'Open', 'Volume']
2026-07-26 22:46:15,320 DEBUG AlphaScanner.Data download_history(ticker=HEXT.NS, period=1y, interval=1d, use_cache=False)
2026-07-26 22:46:15,595 DEBUG AlphaScanner.Data download_history success for HEXT.NS rows=249 cols=['adj close', 'Close', 'High', 'Low', 'Open', 'Volume']
2026-07-26 22:46:15,598 DEBUG AlphaScanner.Data download_history(ticker=HFCL.NS, period=1y, interval=1d, use_cache=False)
2026-07-26 22:46:15,735 DEBUG AlphaScanner.Data download_history success for HFCL.NS rows=250 cols=['adj close', 'Close', 'High', 'Low', 'Open', 'Volume']
2026-07-26 22:46:15,737 DEBUG AlphaScanner.Data download_history(ticker=HINDALCO.NS, period=1y, interval=1d, use_cache=False)
2026-07-26 22:46:16,002 DEBUG AlphaScanner.Data download_history success for HINDALCO.NS rows=250 cols=['adj close', 'Close', 'High', 'Low', 'Open', 'Volume']
2026-07-26 22:46:16,004 DEBUG AlphaScanner.Data download_history(ticker=HINDCOPPER.NS, period=1y, interval=1d, use_cache=False)
2026-07-26 22:46:16,156 DEBUG AlphaScanner.Data download_history success for HINDCOPPER.NS rows=250 cols=['adj close', 'Close', 'High', 'Low', 'Open', 'Volume']
2026-07-26 22:46:16,159 DEBUG AlphaScanner.Data download_history(ticker=HINDPETRO.NS, period=1y, interval=1d, use_cache=False)
2026-07-26 22:46:16,320 DEBUG AlphaScanner.Data download_history success for HINDPETRO.NS rows=250 cols=['adj close', 'Close', 'High', 'Low', 'Open', 'Volume']
2026-07-26 22:46:16,323 DEBUG AlphaScanner.Data download_history(ticker=HINDZINC.NS, period=1y, interval=1d, use_cache=False)
2026-07-26 22:46:16,498 DEBUG AlphaScanner.Data download_history success for HINDZINC.NS rows=250 cols=['adj close', 'Close', 'High', 'Low', 'Open', 'Volume']
2026-07-26 22:46:16,501 DEBUG AlphaScanner.Data download_history(ticker=HOMEFIRST.NS, period=1y, interval=1d, use_cache=False)
2026-07-26 22:46:16,623 DEBUG AlphaScanner.Data download_history success for HOMEFIRST.NS rows=249 cols=['adj close', 'Close', 'High', 'Low', 'Open', 'Volume']
2026-07-26 22:46:16,625 DEBUG AlphaScanner.Data download_history(ticker=HONASA.NS, period=1y, interval=1d, use_cache=False)
2026-07-26 22:46:16,783 DEBUG AlphaScanner.Data download_history success for HONASA.NS rows=249 cols=['adj close', 'Close', 'High', 'Low', 'Open', 'Volume']
2026-07-26 22:46:16,786 DEBUG AlphaScanner.Data download_history(ticker=HSCL.NS, period=1y, interval=1d, use_cache=False)
2026-07-26 22:46:16,958 DEBUG AlphaScanner.Data download_history success for HSCL.NS rows=250 cols=['adj close', 'Close', 'High', 'Low', 'Open', 'Volume']
2026-07-26 22:46:16,960 DEBUG AlphaScanner.Data download_history(ticker=HUDCO.NS, period=1y, interval=1d, use_cache=False)
2026-07-26 22:46:17,107 DEBUG AlphaScanner.Data download_history success for HUDCO.NS rows=250 cols=['adj close', 'Close', 'High', 'Low', 'Open', 'Volume']
2026-07-26 22:46:17,109 DEBUG AlphaScanner.Data download_history(ticker=HYUNDAI.NS, period=1y, interval=1d, use_cache=False)
2026-07-26 22:46:17,259 DEBUG AlphaScanner.Data download_history success for HYUNDAI.NS rows=250 cols=['adj close', 'Close', 'High', 'Low', 'Open', 'Volume']
2026-07-26 22:46:17,261 DEBUG AlphaScanner.Data download_history(ticker=ICICIAMC.NS, period=1y, interval=1d, use_cache=False)
2026-07-26 22:46:17,406 DEBUG AlphaScanner.Data download_history success for ICICIAMC.NS rows=149 cols=['adj close', 'Close', 'High', 'Low', 'Open', 'Volume']
2026-07-26 22:46:17,408 DEBUG AlphaScanner.Data download_history(ticker=ICICIBANK.NS, period=1y, interval=1d, use_cache=False)
2026-07-26 22:46:17,586 DEBUG AlphaScanner.Data download_history success for ICICIBANK.NS rows=250 cols=['adj close', 'Close', 'High', 'Low', 'Open', 'Volume']
2026-07-26 22:46:17,588 DEBUG AlphaScanner.Data download_history(ticker=ICICIGI.NS, period=1y, interval=1d, use_cache=False)
2026-07-26 22:46:17,759 DEBUG AlphaScanner.Data download_history success for ICICIGI.NS rows=250 cols=['adj close', 'Close', 'High', 'Low', 'Open', 'Volume']
2026-07-26 22:46:17,764 DEBUG AlphaScanner.Data download_history(ticker=ICICIPRULI.NS, period=1y, interval=1d, use_cache=False)
2026-07-26 22:46:17,903 DEBUG AlphaScanner.Data download_history success for ICICIPRULI.NS rows=250 cols=['adj close', 'Close', 'High', 'Low', 'Open', 'Volume']
2026-07-26 22:46:17,919 DEBUG AlphaScanner.Data download_history(ticker=INDHOTEL.NS, period=1y, interval=1d, use_cache=False)
2026-07-26 22:46:18,064 DEBUG AlphaScanner.Data download_history success for INDHOTEL.NS rows=250 cols=['adj close', 'Close', 'High', 'Low', 'Open', 'Volume']
2026-07-26 22:46:18,068 DEBUG AlphaScanner.Data download_history(ticker=INDIAMART.NS, period=1y, interval=1d, use_cache=False)
2026-07-26 22:46:18,232 DEBUG AlphaScanner.Data download_history success for INDIAMART.NS rows=250 cols=['adj close', 'Close', 'High', 'Low', 'Open', 'Volume']
2026-07-26 22:46:18,235 DEBUG AlphaScanner.Data download_history(ticker=INDIANB.NS, period=1y, interval=1d, use_cache=False)
2026-07-26 22:46:18,397 DEBUG AlphaScanner.Data download_history success for INDIANB.NS rows=250 cols=['adj close', 'Close', 'High', 'Low', 'Open', 'Volume']
2026-07-26 22:46:18,400 DEBUG AlphaScanner.Data download_history(ticker=INDIGO.NS, period=1y, interval=1d, use_cache=False)
2026-07-26 22:46:18,586 DEBUG AlphaScanner.Data download_history success for INDIGO.NS rows=249 cols=['adj close', 'Close', 'High', 'Low', 'Open', 'Volume']
2026-07-26 22:46:18,592 DEBUG AlphaScanner.Data download_history(ticker=INDUSINDBK.NS, period=1y, interval=1d, use_cache=False)
2026-07-26 22:46:18,817 DEBUG AlphaScanner.Data download_history success for INDUSINDBK.NS rows=250 cols=['adj close', 'Close', 'High', 'Low', 'Open', 'Volume']
2026-07-26 22:46:18,822 DEBUG AlphaScanner.Data download_history(ticker=INDUSTOWER.NS, period=1y, interval=1d, use_cache=False)
2026-07-26 22:46:18,971 DEBUG AlphaScanner.Data download_history success for INDUSTOWER.NS rows=250 cols=['adj close', 'Close', 'High', 'Low', 'Open', 'Volume']
2026-07-26 22:46:18,973 DEBUG AlphaScanner.Data download_history(ticker=INFY.NS, period=1y, interval=1d, use_cache=False)
2026-07-26 22:46:19,137 DEBUG AlphaScanner.Data download_history success for INFY.NS rows=250 cols=['adj close', 'Close', 'High', 'Low', 'Open', 'Volume']
2026-07-26 22:46:19,139 DEBUG AlphaScanner.Data download_history(ticker=INOXWIND.NS, period=1y, interval=1d, use_cache=False)
2026-07-26 22:46:19,265 DEBUG AlphaScanner.Data download_history success for INOXWIND.NS rows=250 cols=['adj close', 'Close', 'High', 'Low', 'Open', 'Volume']
2026-07-26 22:46:19,268 DEBUG AlphaScanner.Data download_history(ticker=INTELLECT.NS, period=1y, interval=1d, use_cache=False)
2026-07-26 22:46:19,393 DEBUG AlphaScanner.Data download_history success for INTELLECT.NS rows=250 cols=['adj close', 'Close', 'High', 'Low', 'Open', 'Volume']
2026-07-26 22:46:19,397 DEBUG AlphaScanner.Data download_history(ticker=IOB.NS, period=1y, interval=1d, use_cache=False)
2026-07-26 22:46:19,525 DEBUG AlphaScanner.Data download_history success for IOB.NS rows=250 cols=['adj close', 'Close', 'High', 'Low', 'Open', 'Volume']
2026-07-26 22:46:19,529 DEBUG AlphaScanner.Data download_history(ticker=IPCALAB.NS, period=1y, interval=1d, use_cache=False)
2026-07-26 22:46:19,707 DEBUG AlphaScanner.Data download_history success for IPCALAB.NS rows=249 cols=['adj close', 'Close', 'High', 'Low', 'Open', 'Volume']
2026-07-26 22:46:19,709 DEBUG AlphaScanner.Data download_history(ticker=IRB.NS, period=1y, interval=1d, use_cache=False)
2026-07-26 22:46:19,853 DEBUG AlphaScanner.Data download_history success for IRB.NS rows=250 cols=['adj close', 'Close', 'High', 'Low', 'Open', 'Volume']
2026-07-26 22:46:19,855 DEBUG AlphaScanner.Data download_history(ticker=IRCON.NS, period=1y, interval=1d, use_cache=False)
2026-07-26 22:46:19,987 DEBUG AlphaScanner.Data download_history success for IRCON.NS rows=250 cols=['adj close', 'Close', 'High', 'Low', 'Open', 'Volume']
2026-07-26 22:46:19,989 DEBUG AlphaScanner.Data download_history(ticker=IRCTC.NS, period=1y, interval=1d, use_cache=False)
2026-07-26 22:46:20,134 DEBUG AlphaScanner.Data download_history success for IRCTC.NS rows=250 cols=['adj close', 'Close', 'High', 'Low', 'Open', 'Volume']
2026-07-26 22:46:20,136 DEBUG AlphaScanner.Data download_history(ticker=IREDA.NS, period=1y, interval=1d, use_cache=False)
2026-07-26 22:46:20,269 DEBUG AlphaScanner.Data download_history success for IREDA.NS rows=250 cols=['adj close', 'Close', 'High', 'Low', 'Open', 'Volume']
2026-07-26 22:46:20,272 DEBUG AlphaScanner.Data download_history(ticker=IRFC.NS, period=1y, interval=1d, use_cache=False)
2026-07-26 22:46:20,414 DEBUG AlphaScanner.Data download_history success for IRFC.NS rows=250 cols=['adj close', 'Close', 'High', 'Low', 'Open', 'Volume']
2026-07-26 22:46:20,417 DEBUG AlphaScanner.Data download_history(ticker=ITC.NS, period=1y, interval=1d, use_cache=False)
2026-07-26 22:46:20,626 DEBUG AlphaScanner.Data download_history success for ITC.NS rows=250 cols=['adj close', 'Close', 'High', 'Low', 'Open', 'Volume']
2026-07-26 22:46:20,631 DEBUG AlphaScanner.Data download_history(ticker=ITCHOTELS.NS, period=1y, interval=1d, use_cache=False)
2026-07-26 22:46:20,753 DEBUG AlphaScanner.Data download_history success for ITCHOTELS.NS rows=250 cols=['adj close', 'Close', 'High', 'Low', 'Open', 'Volume']
2026-07-26 22:46:20,755 DEBUG AlphaScanner.Data download_history(ticker=ITI.NS, period=1y, interval=1d, use_cache=False)
2026-07-26 22:46:20,883 DEBUG AlphaScanner.Data download_history success for ITI.NS rows=250 cols=['adj close', 'Close', 'High', 'Low', 'Open', 'Volume']
2026-07-26 22:46:20,886 DEBUG AlphaScanner.Data download_history(ticker=J&KBANK.NS, period=1y, interval=1d, use_cache=False)
2026-07-26 22:46:21,042 DEBUG AlphaScanner.Data download_history success for J&KBANK.NS rows=250 cols=['adj close', 'Close', 'High', 'Low', 'Open', 'Volume']
2026-07-26 22:46:21,048 DEBUG AlphaScanner.Data download_history(ticker=JBMA.NS, period=1y, interval=1d, use_cache=False)
2026-07-26 22:46:21,209 DEBUG AlphaScanner.Data download_history success for JBMA.NS rows=250 cols=['adj close', 'Close', 'High', 'Low', 'Open', 'Volume']
2026-07-26 22:46:21,214 DEBUG AlphaScanner.Data download_history(ticker=JINDALSAW.NS, period=1y, interval=1d, use_cache=False)
2026-07-26 22:46:21,505 DEBUG AlphaScanner.Data download_history success for JINDALSAW.NS rows=250 cols=['adj close', 'Close', 'High', 'Low', 'Open', 'Volume']
2026-07-26 22:46:21,508 DEBUG AlphaScanner.Data download_history(ticker=JINDALSTEL.NS, period=1y, interval=1d, use_cache=False)
2026-07-26 22:46:21,698 DEBUG AlphaScanner.Data download_history success for JINDALSTEL.NS rows=250 cols=['adj close', 'Close', 'High', 'Low', 'Open', 'Volume']
2026-07-26 22:46:21,700 DEBUG AlphaScanner.Data download_history(ticker=JIOFIN.NS, period=1y, interval=1d, use_cache=False)
2026-07-26 22:46:21,832 DEBUG AlphaScanner.Data download_history success for JIOFIN.NS rows=250 cols=['adj close', 'Close', 'High', 'Low', 'Open', 'Volume']
2026-07-26 22:46:21,835 DEBUG AlphaScanner.Data download_history(ticker=JKCEMENT.NS, period=1y, interval=1d, use_cache=False)
2026-07-26 22:46:22,151 DEBUG AlphaScanner.Data download_history success for JKCEMENT.NS rows=250 cols=['adj close', 'Close', 'High', 'Low', 'Open', 'Volume']
2026-07-26 22:46:22,153 DEBUG AlphaScanner.Data download_history(ticker=JKTYRE.NS, period=1y, interval=1d, use_cache=False)
2026-07-26 22:46:22,333 DEBUG AlphaScanner.Data download_history success for JKTYRE.NS rows=250 cols=['adj close', 'Close', 'High', 'Low', 'Open', 'Volume']
2026-07-26 22:46:22,336 DEBUG AlphaScanner.Data download_history(ticker=JMFINANCIL.NS, period=1y, interval=1d, use_cache=False)
2026-07-26 22:46:22,536 DEBUG AlphaScanner.Data download_history success for JMFINANCIL.NS rows=250 cols=['adj close', 'Close', 'High', 'Low', 'Open', 'Volume']
2026-07-26 22:46:22,558 DEBUG AlphaScanner.Data download_history(ticker=KIRLOSENG.NS, period=1y, interval=1d, use_cache=False)
2026-07-26 22:46:22,698 DEBUG AlphaScanner.Data download_history success for KIRLOSENG.NS rows=249 cols=['adj close', 'Close', 'High', 'Low', 'Open', 'Volume']
2026-07-26 22:46:22,700 DEBUG AlphaScanner.Data download_history(ticker=KOTAKBANK.NS, period=1y, interval=1d, use_cache=False)
2026-07-26 22:46:22,974 DEBUG AlphaScanner.Data download_history success for KOTAKBANK.NS rows=250 cols=['adj close', 'Close', 'High', 'Low', 'Open', 'Volume']
2026-07-26 22:46:22,976 DEBUG AlphaScanner.Data download_history(ticker=KPIL.NS, period=1y, interval=1d, use_cache=False)
2026-07-26 22:46:23,133 DEBUG AlphaScanner.Data download_history success for KPIL.NS rows=249 cols=['adj close', 'Close', 'High', 'Low', 'Open', 'Volume']
2026-07-26 22:46:23,135 DEBUG AlphaScanner.Data download_history(ticker=KPITTECH.NS, period=1y, interval=1d, use_cache=False)
2026-07-26 22:46:23,268 DEBUG AlphaScanner.Data download_history success for KPITTECH.NS rows=250 cols=['adj close', 'Close', 'High', 'Low', 'Open', 'Volume']
2026-07-26 22:46:23,270 DEBUG AlphaScanner.Data download_history(ticker=KPRMILL.NS, period=1y, interval=1d, use_cache=False)
2026-07-26 22:46:23,418 DEBUG AlphaScanner.Data download_history success for KPRMILL.NS rows=250 cols=['adj close', 'Close', 'High', 'Low', 'Open', 'Volume']
2026-07-26 22:46:23,421 DEBUG AlphaScanner.Data download_history(ticker=LATENTVIEW.NS, period=1y, interval=1d, use_cache=False)
2026-07-26 22:46:23,586 DEBUG AlphaScanner.Data download_history success for LATENTVIEW.NS rows=250 cols=['adj close', 'Close', 'High', 'Low', 'Open', 'Volume']
2026-07-26 22:46:23,589 DEBUG AlphaScanner.Data download_history(ticker=LAURUSLABS.NS, period=1y, interval=1d, use_cache=False)
2026-07-26 22:46:23,792 DEBUG AlphaScanner.Data download_history success for LAURUSLABS.NS rows=250 cols=['adj close', 'Close', 'High', 'Low', 'Open', 'Volume']
2026-07-26 22:46:23,796 DEBUG AlphaScanner.Data download_history(ticker=LEMONTREE.NS, period=1y, interval=1d, use_cache=False)
2026-07-26 22:46:24,029 DEBUG AlphaScanner.Data download_history success for LEMONTREE.NS rows=250 cols=['adj close', 'Close', 'High', 'Low', 'Open', 'Volume']
2026-07-26 22:46:24,037 DEBUG AlphaScanner.Data download_history(ticker=LENSKART.NS, period=1y, interval=1d, use_cache=False)
2026-07-26 22:46:24,220 DEBUG AlphaScanner.Data download_history success for LENSKART.NS rows=178 cols=['adj close', 'Close', 'High', 'Low', 'Open', 'Volume']
2026-07-26 22:46:24,227 DEBUG AlphaScanner.Data download_history(ticker=LGEINDIA.NS, period=1y, interval=1d, use_cache=False)
2026-07-26 22:46:24,443 DEBUG AlphaScanner.Data download_history success for LGEINDIA.NS rows=195 cols=['adj close', 'Close', 'High', 'Low', 'Open', 'Volume']
2026-07-26 22:46:24,451 DEBUG AlphaScanner.Data download_history(ticker=LICHSGFIN.NS, period=1y, interval=1d, use_cache=False)
2026-07-26 22:46:24,664 DEBUG AlphaScanner.Data download_history success for LICHSGFIN.NS rows=250 cols=['adj close', 'Close', 'High', 'Low', 'Open', 'Volume']
2026-07-26 22:46:24,670 DEBUG AlphaScanner.Data download_history(ticker=LICI.NS, period=1y, interval=1d, use_cache=False)
2026-07-26 22:46:25,074 DEBUG AlphaScanner.Data download_history success for LICI.NS rows=250 cols=['adj close', 'Close', 'High', 'Low', 'Open', 'Volume']
2026-07-26 22:46:25,078 DEBUG AlphaScanner.Data download_history(ticker=LINDEINDIA.NS, period=1y, interval=1d, use_cache=False)
2026-07-26 22:46:25,336 DEBUG AlphaScanner.Data download_history success for LINDEINDIA.NS rows=249 cols=['adj close', 'Close', 'High', 'Low', 'Open', 'Volume']
2026-07-26 22:46:25,340 DEBUG AlphaScanner.Data download_history(ticker=LLOYDSME.NS, period=1y, interval=1d, use_cache=False)
2026-07-26 22:46:25,556 DEBUG AlphaScanner.Data download_history success for LLOYDSME.NS rows=250 cols=['adj close', 'Close', 'High', 'Low', 'Open', 'Volume']
2026-07-26 22:46:25,559 DEBUG AlphaScanner.Data download_history(ticker=LODHA.NS, period=1y, interval=1d, use_cache=False)
2026-07-26 22:46:25,789 DEBUG AlphaScanner.Data download_history success for LODHA.NS rows=250 cols=['adj close', 'Close', 'High', 'Low', 'Open', 'Volume']
2026-07-26 22:46:25,792 DEBUG AlphaScanner.Data download_history(ticker=LTF.NS, period=1y, interval=1d, use_cache=False)
2026-07-26 22:46:25,960 DEBUG AlphaScanner.Data download_history success for LTF.NS rows=250 cols=['adj close', 'Close', 'High', 'Low', 'Open', 'Volume']
2026-07-26 22:46:25,963 DEBUG AlphaScanner.Data download_history(ticker=LTFOODS.NS, period=1y, interval=1d, use_cache=False)
2026-07-26 22:46:26,139 DEBUG AlphaScanner.Data download_history success for LTFOODS.NS rows=250 cols=['adj close', 'Close', 'High', 'Low', 'Open', 'Volume']
2026-07-26 22:46:26,142 DEBUG AlphaScanner.Data download_history(ticker=LTM.NS, period=1y, interval=1d, use_cache=False)
2026-07-26 22:46:26,307 DEBUG AlphaScanner.Data download_history success for LTM.NS rows=250 cols=['adj close', 'Close', 'High', 'Low', 'Open', 'Volume']
2026-07-26 22:46:26,309 DEBUG AlphaScanner.Data download_history(ticker=LTTS.NS, period=1y, interval=1d, use_cache=False)
2026-07-26 22:46:26,539 DEBUG AlphaScanner.Data download_history success for LTTS.NS rows=250 cols=['adj close', 'Close', 'High', 'Low', 'Open', 'Volume']
2026-07-26 22:46:26,541 DEBUG AlphaScanner.Data download_history(ticker=LUPIN.NS, period=1y, interval=1d, use_cache=False)
2026-07-26 22:46:26,736 DEBUG AlphaScanner.Data download_history success for LUPIN.NS rows=250 cols=['adj close', 'Close', 'High', 'Low', 'Open', 'Volume']
2026-07-26 22:46:26,738 DEBUG AlphaScanner.Data download_history(ticker=M&M.NS, period=1y, interval=1d, use_cache=False)
2026-07-26 22:46:26,903 DEBUG AlphaScanner.Data download_history success for M&M.NS rows=250 cols=['adj close', 'Close', 'High', 'Low', 'Open', 'Volume']
2026-07-26 22:46:26,905 DEBUG AlphaScanner.Data download_history(ticker=M&MFIN.NS, period=1y, interval=1d, use_cache=False)
2026-07-26 22:46:27,055 DEBUG AlphaScanner.Data download_history success for M&MFIN.NS rows=250 cols=['adj close', 'Close', 'High', 'Low', 'Open', 'Volume']
2026-07-26 22:46:27,057 DEBUG AlphaScanner.Data download_history(ticker=MAHABANK.NS, period=1y, interval=1d, use_cache=False)
2026-07-26 22:46:27,213 DEBUG AlphaScanner.Data download_history success for MAHABANK.NS rows=250 cols=['adj close', 'Close', 'High', 'Low', 'Open', 'Volume']
2026-07-26 22:46:27,215 DEBUG AlphaScanner.Data download_history(ticker=MANAPPURAM.NS, period=1y, interval=1d, use_cache=False)
2026-07-26 22:46:27,374 DEBUG AlphaScanner.Data download_history success for MANAPPURAM.NS rows=250 cols=['adj close', 'Close', 'High', 'Low', 'Open', 'Volume']
2026-07-26 22:46:27,380 DEBUG AlphaScanner.Data download_history(ticker=MAPMYINDIA.NS, period=1y, interval=1d, use_cache=False)
2026-07-26 22:46:27,535 DEBUG AlphaScanner.Data download_history success for MAPMYINDIA.NS rows=249 cols=['adj close', 'Close', 'High', 'Low', 'Open', 'Volume']
2026-07-26 22:46:27,536 DEBUG AlphaScanner.Data download_history(ticker=MARICO.NS, period=1y, interval=1d, use_cache=False)
2026-07-26 22:46:27,703 DEBUG AlphaScanner.Data download_history success for MARICO.NS rows=250 cols=['adj close', 'Close', 'High', 'Low', 'Open', 'Volume']
2026-07-26 22:46:27,705 DEBUG AlphaScanner.Data download_history(ticker=MARUTI.NS, period=1y, interval=1d, use_cache=False)
2026-07-26 22:46:27,851 DEBUG AlphaScanner.Data download_history success for MARUTI.NS rows=250 cols=['adj close', 'Close', 'High', 'Low', 'Open', 'Volume']
2026-07-26 22:46:27,854 DEBUG AlphaScanner.Data download_history(ticker=MAZDOCK.NS, period=1y, interval=1d, use_cache=False)
2026-07-26 22:46:28,024 DEBUG AlphaScanner.Data download_history success for MAZDOCK.NS rows=250 cols=['adj close', 'Close', 'High', 'Low', 'Open', 'Volume']
2026-07-26 22:46:28,029 DEBUG AlphaScanner.Data download_history(ticker=MEDANTA.NS, period=1y, interval=1d, use_cache=False)
2026-07-26 22:46:28,155 DEBUG AlphaScanner.Data download_history success for MEDANTA.NS rows=249 cols=['adj close', 'Close', 'High', 'Low', 'Open', 'Volume']
2026-07-26 22:46:28,165 DEBUG AlphaScanner.Data download_history(ticker=MOTILALOFS.NS, period=1y, interval=1d, use_cache=False)
2026-07-26 22:46:28,321 DEBUG AlphaScanner.Data download_history success for MOTILALOFS.NS rows=250 cols=['adj close', 'Close', 'High', 'Low', 'Open', 'Volume']
2026-07-26 22:46:28,323 DEBUG AlphaScanner.Data download_history(ticker=MPHASIS.NS, period=1y, interval=1d, use_cache=False)
2026-07-26 22:46:28,493 DEBUG AlphaScanner.Data download_history success for MPHASIS.NS rows=250 cols=['adj close', 'Close', 'High', 'Low', 'Open', 'Volume']
2026-07-26 22:46:28,496 DEBUG AlphaScanner.Data download_history(ticker=MRF.NS, period=1y, interval=1d, use_cache=False)
2026-07-26 22:46:28,642 DEBUG AlphaScanner.Data download_history success for MRF.NS rows=249 cols=['adj close', 'Close', 'High', 'Low', 'Open', 'Volume']
2026-07-26 22:46:28,646 DEBUG AlphaScanner.Data download_history(ticker=MRPL.NS, period=1y, interval=1d, use_cache=False)
2026-07-26 22:46:28,799 DEBUG AlphaScanner.Data download_history success for MRPL.NS rows=250 cols=['adj close', 'Close', 'High', 'Low', 'Open', 'Volume']
2026-07-26 22:46:28,801 DEBUG AlphaScanner.Data download_history(ticker=MSUMI.NS, period=1y, interval=1d, use_cache=False)
2026-07-26 22:46:28,970 DEBUG AlphaScanner.Data download_history success for MSUMI.NS rows=250 cols=['adj close', 'Close', 'High', 'Low', 'Open', 'Volume']
2026-07-26 22:46:28,972 DEBUG AlphaScanner.Data download_history(ticker=MUTHOOTFIN.NS, period=1y, interval=1d, use_cache=False)
2026-07-26 22:46:29,131 DEBUG AlphaScanner.Data download_history success for MUTHOOTFIN.NS rows=250 cols=['adj close', 'Close', 'High', 'Low', 'Open', 'Volume']
2026-07-26 22:46:29,133 DEBUG AlphaScanner.Data download_history(ticker=NAM-INDIA.NS, period=1y, interval=1d, use_cache=False)
2026-07-26 22:46:29,274 DEBUG AlphaScanner.Data download_history success for NAM-INDIA.NS rows=250 cols=['adj close', 'Close', 'High', 'Low', 'Open', 'Volume']
2026-07-26 22:46:29,279 DEBUG AlphaScanner.Data download_history(ticker=NATIONALUM.NS, period=1y, interval=1d, use_cache=False)
2026-07-26 22:46:29,478 DEBUG AlphaScanner.Data download_history success for NATIONALUM.NS rows=250 cols=['adj close', 'Close', 'High', 'Low', 'Open', 'Volume']
2026-07-26 22:46:29,481 DEBUG AlphaScanner.Data download_history(ticker=NAUKRI.NS, period=1y, interval=1d, use_cache=False)
2026-07-26 22:46:29,648 DEBUG AlphaScanner.Data download_history success for NAUKRI.NS rows=250 cols=['adj close', 'Close', 'High', 'Low', 'Open', 'Volume']
2026-07-26 22:46:29,651 DEBUG AlphaScanner.Data download_history(ticker=NAVA.NS, period=1y, interval=1d, use_cache=False)
2026-07-26 22:46:29,829 DEBUG AlphaScanner.Data download_history success for NAVA.NS rows=250 cols=['adj close', 'Close', 'High', 'Low', 'Open', 'Volume']
2026-07-26 22:46:29,832 DEBUG AlphaScanner.Data download_history(ticker=NAVINFLUOR.NS, period=1y, interval=1d, use_cache=False)
2026-07-26 22:46:30,021 DEBUG AlphaScanner.Data download_history success for NAVINFLUOR.NS rows=249 cols=['adj close', 'Close', 'High', 'Low', 'Open', 'Volume']
2026-07-26 22:46:30,024 DEBUG AlphaScanner.Data download_history(ticker=NBCC.NS, period=1y, interval=1d, use_cache=False)
2026-07-26 22:46:30,252 DEBUG AlphaScanner.Data download_history success for NBCC.NS rows=250 cols=['adj close', 'Close', 'High', 'Low', 'Open', 'Volume']
2026-07-26 22:46:30,259 DEBUG AlphaScanner.Data download_history(ticker=NESTLEIND.NS, period=1y, interval=1d, use_cache=False)
2026-07-26 22:46:30,452 DEBUG AlphaScanner.Data download_history success for NESTLEIND.NS rows=250 cols=['adj close', 'Close', 'High', 'Low', 'Open', 'Volume']
2026-07-26 22:46:30,455 DEBUG AlphaScanner.Data download_history(ticker=NETWEB.NS, period=1y, interval=1d, use_cache=False)
2026-07-26 22:46:30,600 DEBUG AlphaScanner.Data download_history success for NETWEB.NS rows=250 cols=['adj close', 'Close', 'High', 'Low', 'Open', 'Volume']
2026-07-26 22:46:30,602 DEBUG AlphaScanner.Data download_history(ticker=NEULANDLAB.NS, period=1y, interval=1d, use_cache=False)
2026-07-26 22:46:30,783 DEBUG AlphaScanner.Data download_history success for NEULANDLAB.NS rows=250 cols=['adj close', 'Close', 'High', 'Low', 'Open', 'Volume']
2026-07-26 22:46:30,785 DEBUG AlphaScanner.Data download_history(ticker=NEWGEN.NS, period=1y, interval=1d, use_cache=False)
2026-07-26 22:46:31,117 DEBUG AlphaScanner.Data download_history success for NEWGEN.NS rows=250 cols=['adj close', 'Close', 'High', 'Low', 'Open', 'Volume']
2026-07-26 22:46:31,119 DEBUG AlphaScanner.Data download_history(ticker=NH.NS, period=1y, interval=1d, use_cache=False)
2026-07-26 22:46:31,401 DEBUG AlphaScanner.Data download_history success for NH.NS rows=250 cols=['adj close', 'Close', 'High', 'Low', 'Open', 'Volume']
2026-07-26 22:46:31,403 DEBUG AlphaScanner.Data download_history(ticker=NHPC.NS, period=1y, interval=1d, use_cache=False)
2026-07-26 22:46:31,580 DEBUG AlphaScanner.Data download_history success for NHPC.NS rows=250 cols=['adj close', 'Close', 'High', 'Low', 'Open', 'Volume']
2026-07-26 22:46:31,582 DEBUG AlphaScanner.Data download_history(ticker=NIACL.NS, period=1y, interval=1d, use_cache=False)
2026-07-26 22:46:31,716 DEBUG AlphaScanner.Data download_history success for NIACL.NS rows=250 cols=['adj close', 'Close', 'High', 'Low', 'Open', 'Volume']
2026-07-26 22:46:31,718 DEBUG AlphaScanner.Data download_history(ticker=NIVABUPA.NS, period=1y, interval=1d, use_cache=False)
2026-07-26 22:46:31,955 DEBUG AlphaScanner.Data download_history success for NIVABUPA.NS rows=249 cols=['adj close', 'Close', 'High', 'Low', 'Open', 'Volume']
2026-07-26 22:46:31,962 DEBUG AlphaScanner.Data download_history(ticker=NLCINDIA.NS, period=1y, interval=1d, use_cache=False)
2026-07-26 22:46:32,163 DEBUG AlphaScanner.Data download_history success for NLCINDIA.NS rows=250 cols=['adj close', 'Close', 'High', 'Low', 'Open', 'Volume']
2026-07-26 22:46:32,167 DEBUG AlphaScanner.Data download_history(ticker=NMDC.NS, period=1y, interval=1d, use_cache=False)
2026-07-26 22:46:32,350 DEBUG AlphaScanner.Data download_history success for NMDC.NS rows=250 cols=['adj close', 'Close', 'High', 'Low', 'Open', 'Volume']
2026-07-26 22:46:32,353 DEBUG AlphaScanner.Data download_history(ticker=NSLNISP.NS, period=1y, interval=1d, use_cache=False)
2026-07-26 22:46:32,820 DEBUG AlphaScanner.Data download_history success for NSLNISP.NS rows=250 cols=['adj close', 'Close', 'High', 'Low', 'Open', 'Volume']
2026-07-26 22:46:32,822 DEBUG AlphaScanner.Data download_history(ticker=NTPC.NS, period=1y, interval=1d, use_cache=False)
2026-07-26 22:46:32,976 DEBUG AlphaScanner.Data download_history success for NTPC.NS rows=250 cols=['adj close', 'Close', 'High', 'Low', 'Open', 'Volume']
2026-07-26 22:46:32,978 DEBUG AlphaScanner.Data download_history(ticker=NTPCGREEN.NS, period=1y, interval=1d, use_cache=False)
2026-07-26 22:46:33,120 DEBUG AlphaScanner.Data download_history success for NTPCGREEN.NS rows=250 cols=['adj close', 'Close', 'High', 'Low', 'Open', 'Volume']
2026-07-26 22:46:33,123 DEBUG AlphaScanner.Data download_history(ticker=NUVAMA.NS, period=1y, interval=1d, use_cache=False)
2026-07-26 22:46:33,271 DEBUG AlphaScanner.Data download_history success for NUVAMA.NS rows=250 cols=['adj close', 'Close', 'High', 'Low', 'Open', 'Volume']
2026-07-26 22:46:33,275 DEBUG AlphaScanner.Data download_history(ticker=NYKAA.NS, period=1y, interval=1d, use_cache=False)
2026-07-26 22:46:33,535 DEBUG AlphaScanner.Data download_history success for NYKAA.NS rows=250 cols=['adj close', 'Close', 'High', 'Low', 'Open', 'Volume']
2026-07-26 22:46:33,537 DEBUG AlphaScanner.Data download_history(ticker=OBEROIRLTY.NS, period=1y, interval=1d, use_cache=False)
2026-07-26 22:46:33,855 DEBUG AlphaScanner.Data download_history success for OBEROIRLTY.NS rows=249 cols=['adj close', 'Close', 'High', 'Low', 'Open', 'Volume']
2026-07-26 22:46:33,860 DEBUG AlphaScanner.Data download_history(ticker=OFSS.NS, period=1y, interval=1d, use_cache=False)
2026-07-26 22:46:34,036 DEBUG AlphaScanner.Data download_history success for OFSS.NS rows=250 cols=['adj close', 'Close', 'High', 'Low', 'Open', 'Volume']
2026-07-26 22:46:34,038 DEBUG AlphaScanner.Data download_history(ticker=OIL.NS, period=1y, interval=1d, use_cache=False)
2026-07-26 22:46:34,221 DEBUG AlphaScanner.Data download_history success for OIL.NS rows=250 cols=['adj close', 'Close', 'High', 'Low', 'Open', 'Volume']
2026-07-26 22:46:34,228 DEBUG AlphaScanner.Data download_history(ticker=OLECTRA.NS, period=1y, interval=1d, use_cache=False)
2026-07-26 22:46:34,438 DEBUG AlphaScanner.Data download_history success for OLECTRA.NS rows=250 cols=['adj close', 'Close', 'High', 'Low', 'Open', 'Volume']
2026-07-26 22:46:34,444 DEBUG AlphaScanner.Data download_history(ticker=ONESOURCE.NS, period=1y, interval=1d, use_cache=False)
2026-07-26 22:46:34,780 DEBUG AlphaScanner.Data download_history success for ONESOURCE.NS rows=250 cols=['adj close', 'Close', 'High', 'Low', 'Open', 'Volume']
2026-07-26 22:46:34,784 DEBUG AlphaScanner.Data download_history(ticker=ONGC.NS, period=1y, interval=1d, use_cache=False)
2026-07-26 22:46:35,085 DEBUG AlphaScanner.Data download_history success for ONGC.NS rows=250 cols=['adj close', 'Close', 'High', 'Low', 'Open', 'Volume']
2026-07-26 22:46:35,087 DEBUG AlphaScanner.Data download_history(ticker=PAGEIND.NS, period=1y, interval=1d, use_cache=False)
2026-07-26 22:46:35,335 DEBUG AlphaScanner.Data download_history success for PAGEIND.NS rows=248 cols=['adj close', 'Close', 'High', 'Low', 'Open', 'Volume']
2026-07-26 22:46:35,338 DEBUG AlphaScanner.Data download_history(ticker=PARADEEP.NS, period=1y, interval=1d, use_cache=False)
2026-07-26 22:46:35,517 DEBUG AlphaScanner.Data download_history success for PARADEEP.NS rows=250 cols=['adj close', 'Close', 'High', 'Low', 'Open', 'Volume']
2026-07-26 22:46:35,522 DEBUG AlphaScanner.Data download_history(ticker=PATANJALI.NS, period=1y, interval=1d, use_cache=False)
2026-07-26 22:46:35,711 DEBUG AlphaScanner.Data download_history success for PATANJALI.NS rows=250 cols=['adj close', 'Close', 'High', 'Low', 'Open', 'Volume']
2026-07-26 22:46:35,713 DEBUG AlphaScanner.Data download_history(ticker=PAYTM.NS, period=1y, interval=1d, use_cache=False)
2026-07-26 22:46:35,851 DEBUG AlphaScanner.Data download_history success for PAYTM.NS rows=250 cols=['adj close', 'Close', 'High', 'Low', 'Open', 'Volume']
2026-07-26 22:46:35,854 DEBUG AlphaScanner.Data download_history(ticker=PERSISTENT.NS, period=1y, interval=1d, use_cache=False)
2026-07-26 22:46:36,078 DEBUG AlphaScanner.Data download_history success for PERSISTENT.NS rows=250 cols=['adj close', 'Close', 'High', 'Low', 'Open', 'Volume']
2026-07-26 22:46:36,081 DEBUG AlphaScanner.Data download_history(ticker=PETRONET.NS, period=1y, interval=1d, use_cache=False)
2026-07-26 22:46:36,242 DEBUG AlphaScanner.Data download_history success for PETRONET.NS rows=250 cols=['adj close', 'Close', 'High', 'Low', 'Open', 'Volume']
2026-07-26 22:46:36,244 DEBUG AlphaScanner.Data download_history(ticker=PFC.NS, period=1y, interval=1d, use_cache=False)
2026-07-26 22:46:36,451 DEBUG AlphaScanner.Data download_history success for PFC.NS rows=250 cols=['adj close', 'Close', 'High', 'Low', 'Open', 'Volume']
2026-07-26 22:46:36,455 DEBUG AlphaScanner.Data download_history(ticker=PFIZER.NS, period=1y, interval=1d, use_cache=False)
2026-07-26 22:46:36,646 DEBUG AlphaScanner.Data download_history success for PFIZER.NS rows=249 cols=['adj close', 'Close', 'High', 'Low', 'Open', 'Volume']
2026-07-26 22:46:36,650 DEBUG AlphaScanner.Data download_history(ticker=PFOCUS.NS, period=1y, interval=1d, use_cache=False)
2026-07-26 22:46:36,916 DEBUG AlphaScanner.Data download_history success for PFOCUS.NS rows=249 cols=['adj close', 'Close', 'High', 'Low', 'Open', 'Volume']
2026-07-26 22:46:36,919 DEBUG AlphaScanner.Data download_history(ticker=PGEL.NS, period=1y, interval=1d, use_cache=False)
2026-07-26 22:46:37,059 DEBUG AlphaScanner.Data download_history success for PGEL.NS rows=250 cols=['adj close', 'Close', 'High', 'Low', 'Open', 'Volume']
2026-07-26 22:46:37,064 DEBUG AlphaScanner.Data download_history(ticker=PHOENIXLTD.NS, period=1y, interval=1d, use_cache=False)
2026-07-26 22:46:37,229 DEBUG AlphaScanner.Data download_history success for PHOENIXLTD.NS rows=248 cols=['adj close', 'Close', 'High', 'Low', 'Open', 'Volume']
2026-07-26 22:46:37,232 DEBUG AlphaScanner.Data download_history(ticker=PIDILITIND.NS, period=1y, interval=1d, use_cache=False)
2026-07-26 22:46:37,508 DEBUG AlphaScanner.Data download_history success for PIDILITIND.NS rows=250 cols=['adj close', 'Close', 'High', 'Low', 'Open', 'Volume']
2026-07-26 22:46:37,512 DEBUG AlphaScanner.Data download_history(ticker=PIIND.NS, period=1y, interval=1d, use_cache=False)
2026-07-26 22:46:37,703 DEBUG AlphaScanner.Data download_history success for PIIND.NS rows=250 cols=['adj close', 'Close', 'High', 'Low', 'Open', 'Volume']
2026-07-26 22:46:37,710 DEBUG AlphaScanner.Data download_history(ticker=PINELABS.NS, period=1y, interval=1d, use_cache=False)
2026-07-26 22:46:37,874 DEBUG AlphaScanner.Data download_history success for PINELABS.NS rows=174 cols=['adj close', 'Close', 'High', 'Low', 'Open', 'Volume']
2026-07-26 22:46:37,880 DEBUG AlphaScanner.Data download_history(ticker=PIRAMALFIN.NS, period=1y, interval=1d, use_cache=False)
2026-07-26 22:46:38,052 DEBUG AlphaScanner.Data download_history success for PIRAMALFIN.NS rows=179 cols=['adj close', 'Close', 'High', 'Low', 'Open', 'Volume']
2026-07-26 22:46:38,057 DEBUG AlphaScanner.Data download_history(ticker=PNB.NS, period=1y, interval=1d, use_cache=False)
2026-07-26 22:46:38,281 DEBUG AlphaScanner.Data download_history success for PNB.NS rows=250 cols=['adj close', 'Close', 'High', 'Low', 'Open', 'Volume']
2026-07-26 22:46:38,287 DEBUG AlphaScanner.Data download_history(ticker=PNBHOUSING.NS, period=1y, interval=1d, use_cache=False)
2026-07-26 22:46:38,496 DEBUG AlphaScanner.Data download_history success for PNBHOUSING.NS rows=250 cols=['adj close', 'Close', 'High', 'Low', 'Open', 'Volume']
2026-07-26 22:46:38,503 DEBUG AlphaScanner.Data download_history(ticker=POLYCAB.NS, period=1y, interval=1d, use_cache=False)
2026-07-26 22:46:38,677 DEBUG AlphaScanner.Data download_history success for POLYCAB.NS rows=250 cols=['adj close', 'Close', 'High', 'Low', 'Open', 'Volume']
2026-07-26 22:46:38,681 DEBUG AlphaScanner.Data download_history(ticker=POLYMED.NS, period=1y, interval=1d, use_cache=False)
2026-07-26 22:46:38,834 DEBUG AlphaScanner.Data download_history success for POLYMED.NS rows=250 cols=['adj close', 'Close', 'High', 'Low', 'Open', 'Volume']
2026-07-26 22:46:38,835 DEBUG AlphaScanner.Data download_history(ticker=POONAWALLA.NS, period=1y, interval=1d, use_cache=False)
2026-07-26 22:46:38,989 DEBUG AlphaScanner.Data download_history success for POONAWALLA.NS rows=250 cols=['adj close', 'Close', 'High', 'Low', 'Open', 'Volume']
2026-07-26 22:46:38,992 DEBUG AlphaScanner.Data download_history(ticker=POWERGRID.NS, period=1y, interval=1d, use_cache=False)
2026-07-26 22:46:39,128 DEBUG AlphaScanner.Data download_history success for POWERGRID.NS rows=250 cols=['adj close', 'Close', 'High', 'Low', 'Open', 'Volume']
2026-07-26 22:46:39,131 DEBUG AlphaScanner.Data download_history(ticker=PPLPHARMA.NS, period=1y, interval=1d, use_cache=False)
2026-07-26 22:46:39,247 DEBUG AlphaScanner.Data download_history success for PPLPHARMA.NS rows=250 cols=['adj close', 'Close', 'High', 'Low', 'Open', 'Volume']
2026-07-26 22:46:39,249 DEBUG AlphaScanner.Data download_history(ticker=PREMIERENE.NS, period=1y, interval=1d, use_cache=False)
2026-07-26 22:46:39,375 DEBUG AlphaScanner.Data download_history success for PREMIERENE.NS rows=250 cols=['adj close', 'Close', 'High', 'Low', 'Open', 'Volume']
2026-07-26 22:46:39,378 DEBUG AlphaScanner.Data download_history(ticker=PRESTIGE.NS, period=1y, interval=1d, use_cache=False)
2026-07-26 22:46:39,517 DEBUG AlphaScanner.Data download_history success for PRESTIGE.NS rows=250 cols=['adj close', 'Close', 'High', 'Low', 'Open', 'Volume']
2026-07-26 22:46:39,520 DEBUG AlphaScanner.Data download_history(ticker=PTCIL.NS, period=1y, interval=1d, use_cache=False)
2026-07-26 22:46:39,761 DEBUG AlphaScanner.Data download_history success for PTCIL.NS rows=249 cols=['adj close', 'Close', 'High', 'Low', 'Open', 'Volume']
2026-07-26 22:46:39,763 DEBUG AlphaScanner.Data download_history(ticker=PVRINOX.NS, period=1y, interval=1d, use_cache=False)
2026-07-26 22:46:39,919 DEBUG AlphaScanner.Data download_history success for PVRINOX.NS rows=250 cols=['adj close', 'Close', 'High', 'Low', 'Open', 'Volume']
2026-07-26 22:46:39,922 DEBUG AlphaScanner.Data download_history(ticker=PWL.NS, period=1y, interval=1d, use_cache=False)
2026-07-26 22:46:40,035 DEBUG AlphaScanner.Data download_history success for PWL.NS rows=172 cols=['adj close', 'Close', 'High', 'Low', 'Open', 'Volume']
2026-07-26 22:46:40,039 DEBUG AlphaScanner.Data download_history(ticker=RADICO.NS, period=1y, interval=1d, use_cache=False)
2026-07-26 22:46:40,201 DEBUG AlphaScanner.Data download_history success for RADICO.NS rows=249 cols=['adj close', 'Close', 'High', 'Low', 'Open', 'Volume']
2026-07-26 22:46:40,203 DEBUG AlphaScanner.Data download_history(ticker=RAILTEL.NS, period=1y, interval=1d, use_cache=False)
2026-07-26 22:46:40,345 DEBUG AlphaScanner.Data download_history success for RAILTEL.NS rows=250 cols=['adj close', 'Close', 'High', 'Low', 'Open', 'Volume']
2026-07-26 22:46:40,347 DEBUG AlphaScanner.Data download_history(ticker=RAINBOW.NS, period=1y, interval=1d, use_cache=False)
2026-07-26 22:46:40,601 DEBUG AlphaScanner.Data download_history success for RAINBOW.NS rows=249 cols=['adj close', 'Close', 'High', 'Low', 'Open', 'Volume']
2026-07-26 22:46:40,605 DEBUG AlphaScanner.Data download_history(ticker=RAMCOCEM.NS, period=1y, interval=1d, use_cache=False)
2026-07-26 22:46:40,766 DEBUG AlphaScanner.Data download_history success for RAMCOCEM.NS rows=249 cols=['adj close', 'Close', 'High', 'Low', 'Open', 'Volume']
2026-07-26 22:46:40,767 DEBUG AlphaScanner.Data download_history(ticker=RBLBANK.NS, period=1y, interval=1d, use_cache=False)
2026-07-26 22:46:40,901 DEBUG AlphaScanner.Data download_history success for RBLBANK.NS rows=250 cols=['adj close', 'Close', 'High', 'Low', 'Open', 'Volume']
2026-07-26 22:46:40,906 DEBUG AlphaScanner.Data download_history(ticker=REDINGTON.NS, period=1y, interval=1d, use_cache=False)
2026-07-26 22:46:41,060 DEBUG AlphaScanner.Data download_history success for REDINGTON.NS rows=250 cols=['adj close', 'Close', 'High', 'Low', 'Open', 'Volume']
2026-07-26 22:46:41,062 DEBUG AlphaScanner.Data download_history(ticker=RELIANCE.NS, period=1y, interval=1d, use_cache=False)
2026-07-26 22:46:41,217 DEBUG AlphaScanner.Data download_history success for RELIANCE.NS rows=250 cols=['adj close', 'Close', 'High', 'Low', 'Open', 'Volume']
2026-07-26 22:46:41,218 DEBUG AlphaScanner.Data download_history(ticker=RHIM.NS, period=1y, interval=1d, use_cache=False)
2026-07-26 22:46:41,742 DEBUG AlphaScanner.Data download_history success for RHIM.NS rows=249 cols=['adj close', 'Close', 'High', 'Low', 'Open', 'Volume']
2026-07-26 22:46:41,746 DEBUG AlphaScanner.Data download_history(ticker=RITES.NS, period=1y, interval=1d, use_cache=False)
2026-07-26 22:46:41,935 DEBUG AlphaScanner.Data download_history success for RITES.NS rows=250 cols=['adj close', 'Close', 'High', 'Low', 'Open', 'Volume']
2026-07-26 22:46:41,944 DEBUG AlphaScanner.Data download_history(ticker=RKFORGE.NS, period=1y, interval=1d, use_cache=False)
2026-07-26 22:46:42,137 DEBUG AlphaScanner.Data download_history success for RKFORGE.NS rows=250 cols=['adj close', 'Close', 'High', 'Low', 'Open', 'Volume']
2026-07-26 22:46:42,142 DEBUG AlphaScanner.Data download_history(ticker=RPOWER.NS, period=1y, interval=1d, use_cache=False)
2026-07-26 22:46:42,288 DEBUG AlphaScanner.Data download_history success for RPOWER.NS rows=250 cols=['adj close', 'Close', 'High', 'Low', 'Open', 'Volume']
2026-07-26 22:46:42,291 DEBUG AlphaScanner.Data download_history(ticker=RRKABEL.NS, period=1y, interval=1d, use_cache=False)
2026-07-26 22:46:42,452 DEBUG AlphaScanner.Data download_history success for RRKABEL.NS rows=250 cols=['adj close', 'Close', 'High', 'Low', 'Open', 'Volume']
2026-07-26 22:46:42,455 DEBUG AlphaScanner.Data download_history(ticker=RVNL.NS, period=1y, interval=1d, use_cache=False)
2026-07-26 22:46:42,603 DEBUG AlphaScanner.Data download_history success for RVNL.NS rows=250 cols=['adj close', 'Close', 'High', 'Low', 'Open', 'Volume']
2026-07-26 22:46:42,606 DEBUG AlphaScanner.Data download_history(ticker=SAGILITY.NS, period=1y, interval=1d, use_cache=False)
2026-07-26 22:46:42,982 DEBUG AlphaScanner.Data download_history success for SAGILITY.NS rows=250 cols=['adj close', 'Close', 'High', 'Low', 'Open', 'Volume']
2026-07-26 22:46:42,992 DEBUG AlphaScanner.Data download_history(ticker=SAPPHIRE.NS, period=1y, interval=1d, use_cache=False)
2026-07-26 22:46:43,146 DEBUG AlphaScanner.Data download_history success for SAPPHIRE.NS rows=250 cols=['adj close', 'Close', 'High', 'Low', 'Open', 'Volume']
2026-07-26 22:46:43,155 DEBUG AlphaScanner.Data download_history(ticker=SBILIFE.NS, period=1y, interval=1d, use_cache=False)
2026-07-26 22:46:43,330 DEBUG AlphaScanner.Data download_history success for SBILIFE.NS rows=250 cols=['adj close', 'Close', 'High', 'Low', 'Open', 'Volume']
2026-07-26 22:46:43,334 DEBUG AlphaScanner.Data download_history(ticker=SCHAEFFLER.NS, period=1y, interval=1d, use_cache=False)
2026-07-26 22:46:43,659 DEBUG AlphaScanner.Data download_history success for SCHAEFFLER.NS rows=250 cols=['adj close', 'Close', 'High', 'Low', 'Open', 'Volume']
2026-07-26 22:46:43,670 DEBUG AlphaScanner.Data download_history(ticker=SJVN.NS, period=1y, interval=1d, use_cache=False)
2026-07-26 22:46:43,875 DEBUG AlphaScanner.Data download_history success for SJVN.NS rows=250 cols=['adj close', 'Close', 'High', 'Low', 'Open', 'Volume']
2026-07-26 22:46:43,889 DEBUG AlphaScanner.Data download_history(ticker=SONACOMS.NS, period=1y, interval=1d, use_cache=False)
2026-07-26 22:46:44,094 DEBUG AlphaScanner.Data download_history success for SONACOMS.NS rows=250 cols=['adj close', 'Close', 'High', 'Low', 'Open', 'Volume']
2026-07-26 22:46:44,105 DEBUG AlphaScanner.Data download_history(ticker=SUNPHARMA.NS, period=1y, interval=1d, use_cache=False)
2026-07-26 22:46:44,430 DEBUG AlphaScanner.Data download_history success for SUNPHARMA.NS rows=250 cols=['adj close', 'Close', 'High', 'Low', 'Open', 'Volume']
2026-07-26 22:46:44,447 DEBUG AlphaScanner.Data download_history(ticker=SWIGGY.NS, period=1y, interval=1d, use_cache=False)
2026-07-26 22:46:44,618 DEBUG AlphaScanner.Data download_history success for SWIGGY.NS rows=250 cols=['adj close', 'Close', 'High', 'Low', 'Open', 'Volume']
2026-07-26 22:46:44,645 DEBUG AlphaScanner.Data download_history(ticker=TATACHEM.NS, period=1y, interval=1d, use_cache=False)
2026-07-26 22:46:44,813 DEBUG AlphaScanner.Data download_history success for TATACHEM.NS rows=250 cols=['adj close', 'Close', 'High', 'Low', 'Open', 'Volume']
2026-07-26 22:46:44,816 DEBUG AlphaScanner.Data download_history(ticker=TATACOMM.NS, period=1y, interval=1d, use_cache=False)
2026-07-26 22:46:45,194 DEBUG AlphaScanner.Data download_history success for TATACOMM.NS rows=250 cols=['adj close', 'Close', 'High', 'Low', 'Open', 'Volume']
2026-07-26 22:46:45,196 DEBUG AlphaScanner.Data download_history(ticker=TATACONSUM.NS, period=1y, interval=1d, use_cache=False)
2026-07-26 22:46:45,494 DEBUG AlphaScanner.Data download_history success for TATACONSUM.NS rows=250 cols=['adj close', 'Close', 'High', 'Low', 'Open', 'Volume']
2026-07-26 22:46:45,496 DEBUG AlphaScanner.Data download_history(ticker=TATAELXSI.NS, period=1y, interval=1d, use_cache=False)
2026-07-26 22:46:45,644 DEBUG AlphaScanner.Data download_history success for TATAELXSI.NS rows=250 cols=['adj close', 'Close', 'High', 'Low', 'Open', 'Volume']
2026-07-26 22:46:45,647 DEBUG AlphaScanner.Data download_history(ticker=TATAINVEST.NS, period=1y, interval=1d, use_cache=False)
2026-07-26 22:46:45,812 DEBUG AlphaScanner.Data download_history success for TATAINVEST.NS rows=250 cols=['adj close', 'Close', 'High', 'Low', 'Open', 'Volume']
2026-07-26 22:46:45,814 DEBUG AlphaScanner.Data download_history(ticker=TATAPOWER.NS, period=1y, interval=1d, use_cache=False)
2026-07-26 22:46:45,981 DEBUG AlphaScanner.Data download_history success for TATAPOWER.NS rows=250 cols=['adj close', 'Close', 'High', 'Low', 'Open', 'Volume']
2026-07-26 22:46:45,982 DEBUG AlphaScanner.Data download_history(ticker=TATASTEEL.NS, period=1y, interval=1d, use_cache=False)
2026-07-26 22:46:46,134 DEBUG AlphaScanner.Data download_history success for TATASTEEL.NS rows=250 cols=['adj close', 'Close', 'High', 'Low', 'Open', 'Volume']
2026-07-26 22:46:46,137 DEBUG AlphaScanner.Data download_history(ticker=TATATECH.NS, period=1y, interval=1d, use_cache=False)
2026-07-26 22:46:46,257 DEBUG AlphaScanner.Data download_history success for TATATECH.NS rows=250 cols=['adj close', 'Close', 'High', 'Low', 'Open', 'Volume']
2026-07-26 22:46:46,259 DEBUG AlphaScanner.Data download_history(ticker=TBOTEK.NS, period=1y, interval=1d, use_cache=False)
2026-07-26 22:46:46,369 DEBUG AlphaScanner.Data download_history success for TBOTEK.NS rows=250 cols=['adj close', 'Close', 'High', 'Low', 'Open', 'Volume']
2026-07-26 22:46:46,372 DEBUG AlphaScanner.Data download_history(ticker=TCS.NS, period=1y, interval=1d, use_cache=False)
2026-07-26 22:46:46,530 DEBUG AlphaScanner.Data download_history success for TCS.NS rows=250 cols=['adj close', 'Close', 'High', 'Low', 'Open', 'Volume']
2026-07-26 22:46:46,540 DEBUG AlphaScanner.Data download_history(ticker=TIMKEN.NS, period=1y, interval=1d, use_cache=False)
2026-07-26 22:46:46,707 DEBUG AlphaScanner.Data download_history success for TIMKEN.NS rows=249 cols=['adj close', 'Close', 'High', 'Low', 'Open', 'Volume']
2026-07-26 22:46:46,710 DEBUG AlphaScanner.Data download_history(ticker=TITAN.NS, period=1y, interval=1d, use_cache=False)
2026-07-26 22:46:47,071 DEBUG AlphaScanner.Data download_history success for TITAN.NS rows=250 cols=['adj close', 'Close', 'High', 'Low', 'Open', 'Volume']
2026-07-26 22:46:47,112 DEBUG AlphaScanner.Engine Legacy scan reached evaluation phase after 52.80s
2026-07-26 22:46:47,249 DEBUG AlphaScanner.Engine Concatenated legacy data shape=(250, 3000)
2026-07-26 22:46:47,303 DEBUG AlphaScanner.Engine Post-align data shape=(246, 3000) benchmark_rows=246
2026-07-26 22:47:04,720 DEBUG AlphaScanner.Engine Legacy scan completed: hits=47 scanned=486 fail_counts={'trend_fail': 301, 'momentum_fail': 26, 'volume_fail': 0, 'breakout_fail': 77, 'rs_fail': 0, 'adx_fail': 2, 'liquidity_fail': 18, 'error_fail': 14}
2026-07-26 22:47:04,859 INFO AlphaScanner.Engine Legacy scan total elapsed 70.55s for universe=Nifty 500 timeframe=1d
2026-07-26 22:47:04,903 INFO AlphaScanner.Service Legacy scan finished in 70.59s for universe=Nifty 500 interval=1d scanner_type=Pre-Breakout
2026-07-26 22:47:04,904 DEBUG AlphaScanner.Service perform_fresh_scan completed: rows=47 stats_keys=['adx_fail', 'bank_nifty_change', 'bb_fail', 'breakout_fail', 'dii_net', 'error_fail', 'fakeout_trap', 'fii_net', 'liquidity_fail', 'macd_fail', 'market_bias', 'market_bias_score', 'market_breadth_50', 'market_health', 'momentum_fail', 'nifty_change', 'rs_fail', 'scanned', 'scanner_type', 'sector_sentiment', 'timeframe', 'trend_fail', 'trending_sectors', 'universe', 'universe_size', 'volume_fail']
2026-07-26 22:47:04,904 DEBUG AlphaScanner.Service perform_fresh_scan total elapsed=70.59s
2026-07-26 22:47:23,922 DEBUG AlphaScanner.UI.Scanner render_tab(scan_type=Breakout, universe=Nifty 500, scan_mode=Entry Scanner, timeframe=1d, use_cache=False, run_scan=False)
2026-07-26 22:47:28,164 DEBUG AlphaScanner.UI.Scanner render_tab(scan_type=Pre-Breakout, universe=Nifty 500, scan_mode=Entry Scanner, timeframe=1d, use_cache=False, run_scan=False)
2026-07-26 22:47:31,967 DEBUG AlphaScanner.UI.Scanner render_tab(scan_type=Pre-Breakout, universe=Nifty 500, scan_mode=Entry Scanner, timeframe=1d, use_cache=False, run_scan=True)
2026-07-26 22:47:31,970 DEBUG AlphaScanner.UI.Scanner Starting fresh scan with min_cap=0 max_cap=0 sector_map_size=500
2026-07-26 22:47:31,970 DEBUG AlphaScanner.Service perform_fresh_scan(scanner_type=Pre-Breakout, universe=Nifty 500, timeframe=1d, scan_mode=Entry Scanner, use_cache=False, vol_thresh=0.6, rsi_min=35, rsi_max=70, dist_thresh=5.0, min_mkt_cap_cr=0, max_mkt_cap_cr=0)
2026-07-26 22:47:31,971 DEBUG AlphaScanner.Service Routing to legacy breakout scanner with normalized timeframe=1d
2026-07-26 22:47:31,971 DEBUG AlphaScanner.Engine run_scanner(scanner_type=Pre-Breakout, universe=Nifty 500, timeframe=1d, use_cache=False, incremental_fetch=False, vol_thresh=0.6, rsi_range=35-70, dist_thresh=5.0, min_cap=0, max_cap=0)
2026-07-26 22:47:31,982 DEBUG AlphaScanner.Engine Resolved legacy universe 'Nifty 500' to 500 tickers
2026-07-26 22:47:31,982 INFO AlphaScanner.Engine Universe resolution finished in 0.01s for Nifty 500
2026-07-26 22:47:32,100 DEBUG AlphaScanner.Engine Loaded benchmark close series with 246 rows
2026-07-26 22:47:32,100 INFO AlphaScanner.Engine Benchmark download finished in 0.12s
2026-07-26 22:47:32,101 DEBUG AlphaScanner.Data download_history_batch(size=500, period=1y, interval=1d, use_cache=False, head=['360ONE.NS', '3MINDIA.NS', 'AADHARHFC.NS', 'AARTIIND.NS', 'AAVAS.NS'])
2026-07-26 22:47:32,101 INFO AlphaScanner.Data download_history_batch fetching 63 live chunks with 10 workers (chunk_size=8).
2026-07-26 22:47:33,862 DEBUG AlphaScanner.Data No data for ticker BERGEPAINT.NS in batch result.
2026-07-26 22:47:33,862 DEBUG AlphaScanner.Data No data for ticker BHARATFORG.NS in batch result.
2026-07-26 22:47:33,862 DEBUG AlphaScanner.Data No data for ticker BHARTIARTL.NS in batch result.
2026-07-26 22:47:33,862 DEBUG AlphaScanner.Data No data for ticker BHARTIHEXA.NS in batch result.
2026-07-26 22:47:33,866 DEBUG AlphaScanner.Data No data for ticker BIKAJI.NS in batch result.
2026-07-26 22:47:33,868 DEBUG AlphaScanner.Data No data for ticker BIOCON.NS in batch result.
2026-07-26 22:47:33,868 DEBUG AlphaScanner.Data No data for ticker BLS.NS in batch result.
2026-07-26 22:47:33,944 DEBUG AlphaScanner.Data No data for ticker BATAINDIA.NS in batch result.
2026-07-26 22:47:33,944 DEBUG AlphaScanner.Data No data for ticker BAYERCROP.NS in batch result.
2026-07-26 22:47:33,947 DEBUG AlphaScanner.Data No data for ticker BBTC.NS in batch result.
2026-07-26 22:47:33,949 DEBUG AlphaScanner.Data No data for ticker BDL.NS in batch result.
2026-07-26 22:47:33,964 DEBUG AlphaScanner.Data No data for ticker BEL.NS in batch result.
2026-07-26 22:47:33,975 DEBUG AlphaScanner.Data No data for ticker BELRISE.NS in batch result.
2026-07-26 22:47:33,975 DEBUG AlphaScanner.Data No data for ticker BEML.NS in batch result.
2026-07-26 22:47:34,009 DEBUG AlphaScanner.Data No data for ticker BAJAJFINSV.NS in batch result.
2026-07-26 22:47:34,019 DEBUG AlphaScanner.Data No data for ticker BAJAJHFL.NS in batch result.
2026-07-26 22:47:34,023 DEBUG AlphaScanner.Data No data for ticker BAJFINANCE.NS in batch result.
2026-07-26 22:47:34,031 DEBUG AlphaScanner.Data No data for ticker BALKRISIND.NS in batch result.
2026-07-26 22:47:34,032 DEBUG AlphaScanner.Data No data for ticker BALRAMCHIN.NS in batch result.
2026-07-26 22:47:34,033 DEBUG AlphaScanner.Data No data for ticker BANDHANBNK.NS in batch result.
2026-07-26 22:47:34,033 DEBUG AlphaScanner.Data No data for ticker BANKBARODA.NS in batch result.
2026-07-26 22:47:34,034 DEBUG AlphaScanner.Data No data for ticker AFCONS.NS in batch result.
2026-07-26 22:47:34,034 DEBUG AlphaScanner.Data No data for ticker AFFLE.NS in batch result.
2026-07-26 22:47:34,036 DEBUG AlphaScanner.Data No data for ticker AIAENG.NS in batch result.
2026-07-26 22:47:34,036 DEBUG AlphaScanner.Data No data for ticker AIIL.NS in batch result.
2026-07-26 22:47:34,041 DEBUG AlphaScanner.Data No data for ticker ALKEM.NS in batch result.
2026-07-26 22:47:34,042 DEBUG AlphaScanner.Data No data for ticker AMBER.NS in batch result.
2026-07-26 22:47:34,050 DEBUG AlphaScanner.Data No data for ticker AMBUJACEM.NS in batch result.
2026-07-26 22:47:34,113 DEBUG AlphaScanner.Data No data for ticker APOLLOTYRE.NS in batch result.
2026-07-26 22:47:34,117 DEBUG AlphaScanner.Data No data for ticker ARE&M.NS in batch result.
2026-07-26 22:47:34,117 DEBUG AlphaScanner.Data No data for ticker ASAHIINDIA.NS in batch result.
2026-07-26 22:47:34,121 DEBUG AlphaScanner.Data No data for ticker ASHOKLEY.NS in batch result.
2026-07-26 22:47:34,130 DEBUG AlphaScanner.Data No data for ticker ASIANPAINT.NS in batch result.
2026-07-26 22:47:34,133 DEBUG AlphaScanner.Data No data for ticker ASTERDM.NS in batch result.
2026-07-26 22:47:34,133 DEBUG AlphaScanner.Data No data for ticker ASTRAL.NS in batch result.
2026-07-26 22:47:35,484 DEBUG AlphaScanner.Data No data for ticker COHANCE.NS in batch result.
2026-07-26 22:47:35,531 DEBUG AlphaScanner.Data No data for ticker CHENNPETRO.NS in batch result.
2026-07-26 22:47:35,600 DEBUG AlphaScanner.Data No data for ticker CARBORUNIV.NS in batch result.
2026-07-26 22:47:35,630 DEBUG AlphaScanner.Data No data for ticker BRITANNIA.NS in batch result.
2026-07-26 22:47:35,745 DEBUG AlphaScanner.Data No data for ticker CRISIL.NS in batch result.
2026-07-26 22:47:35,816 DEBUG AlphaScanner.Data No data for ticker CEATLTD.NS in batch result.
2026-07-26 22:47:35,833 DEBUG AlphaScanner.Data No data for ticker CYIENT.NS in batch result.
2026-07-26 22:47:35,833 DEBUG AlphaScanner.Data No data for ticker DABUR.NS in batch result.
2026-07-26 22:47:35,838 DEBUG AlphaScanner.Data No data for ticker DALBHARAT.NS in batch result.
2026-07-26 22:47:35,839 DEBUG AlphaScanner.Data No data for ticker DATAPATTNS.NS in batch result.
2026-07-26 22:47:35,839 DEBUG AlphaScanner.Data No data for ticker DCMSHRIRAM.NS in batch result.
2026-07-26 22:47:35,839 DEBUG AlphaScanner.Data No data for ticker DEEPAKFERT.NS in batch result.
2026-07-26 22:47:35,840 DEBUG AlphaScanner.Data No data for ticker DEEPAKNTR.NS in batch result.
2026-07-26 22:47:35,947 DEBUG AlphaScanner.Data No data for ticker ECLERX.NS in batch result.
2026-07-26 22:47:35,947 DEBUG AlphaScanner.Data No data for ticker EICHERMOT.NS in batch result.
2026-07-26 22:47:35,950 DEBUG AlphaScanner.Data No data for ticker EIDPARRY.NS in batch result.
2026-07-26 22:47:35,953 DEBUG AlphaScanner.Data No data for ticker ELECON.NS in batch result.
2026-07-26 22:47:35,954 DEBUG AlphaScanner.Data No data for ticker ELGIEQUIP.NS in batch result.
2026-07-26 22:47:35,954 DEBUG AlphaScanner.Data No data for ticker EMAMILTD.NS in batch result.
2026-07-26 22:47:35,955 DEBUG AlphaScanner.Data No data for ticker EMCURE.NS in batch result.
2026-07-26 22:47:37,132 DEBUG AlphaScanner.Data No data for ticker GMRAIRPORT.NS in batch result.
2026-07-26 22:47:37,216 DEBUG AlphaScanner.Data No data for ticker IFCI.NS in batch result.
2026-07-26 22:47:37,216 DEBUG AlphaScanner.Data No data for ticker IGIL.NS in batch result.
2026-07-26 22:47:37,220 DEBUG AlphaScanner.Data No data for ticker IIFL.NS in batch result.
2026-07-26 22:47:37,221 DEBUG AlphaScanner.Data No data for ticker IKS.NS in batch result.
2026-07-26 22:47:37,223 DEBUG AlphaScanner.Data No data for ticker INDGN.NS in batch result.
2026-07-26 22:47:37,224 DEBUG AlphaScanner.Data No data for ticker INDHOTEL.NS in batch result.
2026-07-26 22:47:37,224 DEBUG AlphaScanner.Data No data for ticker INDIACEM.NS in batch result.
2026-07-26 22:47:37,235 DEBUG AlphaScanner.Data No data for ticker ICICIAMC.NS in batch result.
2026-07-26 22:47:37,235 DEBUG AlphaScanner.Data No data for ticker ICICIBANK.NS in batch result.
2026-07-26 22:47:37,235 DEBUG AlphaScanner.Data No data for ticker ICICIGI.NS in batch result.
2026-07-26 22:47:37,236 DEBUG AlphaScanner.Data No data for ticker ICICIPRULI.NS in batch result.
2026-07-26 22:47:37,236 DEBUG AlphaScanner.Data No data for ticker IDBI.NS in batch result.
2026-07-26 22:47:37,236 DEBUG AlphaScanner.Data No data for ticker IDEA.NS in batch result.
2026-07-26 22:47:37,239 DEBUG AlphaScanner.Data No data for ticker IEX.NS in batch result.
2026-07-26 22:47:37,548 DEBUG AlphaScanner.Data No data for ticker HEG.NS in batch result.
2026-07-26 22:47:37,554 DEBUG AlphaScanner.Data No data for ticker HEROMOTOCO.NS in batch result.
2026-07-26 22:47:37,561 DEBUG AlphaScanner.Data No data for ticker HEXT.NS in batch result.
2026-07-26 22:47:37,561 DEBUG AlphaScanner.Data No data for ticker HFCL.NS in batch result.
2026-07-26 22:47:37,563 DEBUG AlphaScanner.Data No data for ticker HINDALCO.NS in batch result.
2026-07-26 22:47:37,563 DEBUG AlphaScanner.Data No data for ticker HINDCOPPER.NS in batch result.
2026-07-26 22:47:37,564 DEBUG AlphaScanner.Data No data for ticker HINDPETRO.NS in batch result.
2026-07-26 22:47:37,585 DEBUG AlphaScanner.Data No data for ticker GVT&D.NS in batch result.
2026-07-26 22:47:37,585 DEBUG AlphaScanner.Data No data for ticker HAL.NS in batch result.
2026-07-26 22:47:37,585 DEBUG AlphaScanner.Data No data for ticker HAVELLS.NS in batch result.
2026-07-26 22:47:37,593 DEBUG AlphaScanner.Data No data for ticker HCLTECH.NS in batch result.
2026-07-26 22:47:37,594 DEBUG AlphaScanner.Data No data for ticker HDBFS.NS in batch result.
2026-07-26 22:47:37,594 DEBUG AlphaScanner.Data No data for ticker HDFCAMC.NS in batch result.
2026-07-26 22:47:37,594 DEBUG AlphaScanner.Data No data for ticker HDFCBANK.NS in batch result.
2026-07-26 22:47:37,594 DEBUG AlphaScanner.Data No data for ticker GODREJPROP.NS in batch result.
2026-07-26 22:47:37,595 DEBUG AlphaScanner.Data No data for ticker GPIL.NS in batch result.
2026-07-26 22:47:37,595 DEBUG AlphaScanner.Data No data for ticker GRANULES.NS in batch result.
2026-07-26 22:47:37,596 DEBUG AlphaScanner.Data No data for ticker GRAPHITE.NS in batch result.
2026-07-26 22:47:37,599 DEBUG AlphaScanner.Data No data for ticker GRAVITA.NS in batch result.
2026-07-26 22:47:37,599 DEBUG AlphaScanner.Data No data for ticker GROWW.NS in batch result.
2026-07-26 22:47:37,599 DEBUG AlphaScanner.Data No data for ticker GRSE.NS in batch result.
2026-07-26 22:47:37,599 DEBUG AlphaScanner.Data No data for ticker FSL.NS in batch result.
2026-07-26 22:47:37,602 DEBUG AlphaScanner.Data No data for ticker GABRIEL.NS in batch result.
2026-07-26 22:47:37,606 DEBUG AlphaScanner.Data No data for ticker GALLANTT.NS in batch result.
2026-07-26 22:47:37,607 DEBUG AlphaScanner.Data No data for ticker GESHIP.NS in batch result.
2026-07-26 22:47:37,608 DEBUG AlphaScanner.Data No data for ticker GICRE.NS in batch result.
2026-07-26 22:47:37,608 DEBUG AlphaScanner.Data No data for ticker GILLETTE.NS in batch result.
2026-07-26 22:47:37,608 DEBUG AlphaScanner.Data No data for ticker GLAND.NS in batch result.
2026-07-26 22:47:37,701 DEBUG AlphaScanner.Data No data for ticker FACT.NS in batch result.
2026-07-26 22:47:37,702 DEBUG AlphaScanner.Data No data for ticker FEDERALBNK.NS in batch result.
2026-07-26 22:47:37,702 DEBUG AlphaScanner.Data No data for ticker FINCABLES.NS in batch result.
2026-07-26 22:47:37,702 DEBUG AlphaScanner.Data No data for ticker FIRSTCRY.NS in batch result.
2026-07-26 22:47:37,702 DEBUG AlphaScanner.Data No data for ticker FIVESTAR.NS in batch result.
2026-07-26 22:47:37,705 DEBUG AlphaScanner.Data No data for ticker FORCEMOT.NS in batch result.
2026-07-26 22:47:37,705 DEBUG AlphaScanner.Data No data for ticker FORTIS.NS in batch result.
2026-07-26 22:47:37,711 DEBUG AlphaScanner.Data No data for ticker HINDUNILVR.NS in batch result.
2026-07-26 22:47:37,711 DEBUG AlphaScanner.Data No data for ticker HINDZINC.NS in batch result.
2026-07-26 22:47:37,715 DEBUG AlphaScanner.Data No data for ticker HONASA.NS in batch result.
2026-07-26 22:47:37,715 DEBUG AlphaScanner.Data No data for ticker HONAUT.NS in batch result.
2026-07-26 22:47:37,715 DEBUG AlphaScanner.Data No data for ticker HSCL.NS in batch result.
2026-07-26 22:47:37,715 DEBUG AlphaScanner.Data No data for ticker HUDCO.NS in batch result.
2026-07-26 22:47:37,715 DEBUG AlphaScanner.Data No data for ticker HYUNDAI.NS in batch result.
2026-07-26 22:47:38,731 DEBUG AlphaScanner.Data No data for ticker EMMVEE.NS in batch result.
2026-07-26 22:47:38,731 DEBUG AlphaScanner.Data No data for ticker ENDURANCE.NS in batch result.
2026-07-26 22:47:38,746 DEBUG AlphaScanner.Data No data for ticker EXIDEIND.NS in batch result.
2026-07-26 22:47:38,798 DEBUG AlphaScanner.Data No data for ticker JIOFIN.NS in batch result.
2026-07-26 22:47:38,800 DEBUG AlphaScanner.Data No data for ticker JKCEMENT.NS in batch result.
2026-07-26 22:47:38,814 DEBUG AlphaScanner.Data No data for ticker JKTYRE.NS in batch result.
2026-07-26 22:47:38,815 DEBUG AlphaScanner.Data No data for ticker JMFINANCIL.NS in batch result.
2026-07-26 22:47:38,819 DEBUG AlphaScanner.Data No data for ticker JSL.NS in batch result.
2026-07-26 22:47:38,819 DEBUG AlphaScanner.Data No data for ticker JSWCEMENT.NS in batch result.
2026-07-26 22:47:38,819 DEBUG AlphaScanner.Data No data for ticker JSWDULUX.NS in batch result.
2026-07-26 22:47:38,822 DEBUG AlphaScanner.Data No data for ticker JSWINFRA.NS in batch result.
2026-07-26 22:47:38,823 DEBUG AlphaScanner.Data No data for ticker JSWSTEEL.NS in batch result.
2026-07-26 22:47:38,823 DEBUG AlphaScanner.Data No data for ticker JUBLFOOD.NS in batch result.
2026-07-26 22:47:38,823 DEBUG AlphaScanner.Data No data for ticker JUBLINGREA.NS in batch result.
2026-07-26 22:47:38,824 DEBUG AlphaScanner.Data No data for ticker JUBLPHARMA.NS in batch result.
2026-07-26 22:47:38,824 DEBUG AlphaScanner.Data No data for ticker JWL.NS in batch result.
2026-07-26 22:47:38,824 DEBUG AlphaScanner.Data No data for ticker JYOTICNC.NS in batch result.
2026-07-26 22:47:38,871 DEBUG AlphaScanner.Data No data for ticker KIRLOSENG.NS in batch result.
2026-07-26 22:47:38,871 DEBUG AlphaScanner.Data No data for ticker KOTAKBANK.NS in batch result.
2026-07-26 22:47:38,872 DEBUG AlphaScanner.Data No data for ticker KPIL.NS in batch result.
2026-07-26 22:47:38,872 DEBUG AlphaScanner.Data No data for ticker KPITTECH.NS in batch result.
2026-07-26 22:47:38,875 DEBUG AlphaScanner.Data No data for ticker LALPATHLAB.NS in batch result.
2026-07-26 22:47:38,875 DEBUG AlphaScanner.Data No data for ticker LATENTVIEW.NS in batch result.
2026-07-26 22:47:38,876 DEBUG AlphaScanner.Data No data for ticker LAURUSLABS.NS in batch result.
2026-07-26 22:47:38,876 DEBUG AlphaScanner.Data No data for ticker LEMONTREE.NS in batch result.
2026-07-26 22:47:38,876 DEBUG AlphaScanner.Data No data for ticker LENSKART.NS in batch result.
2026-07-26 22:47:38,876 DEBUG AlphaScanner.Data No data for ticker LGEINDIA.NS in batch result.
2026-07-26 22:47:38,877 DEBUG AlphaScanner.Data No data for ticker LICHSGFIN.NS in batch result.
2026-07-26 22:47:38,878 DEBUG AlphaScanner.Data No data for ticker LICI.NS in batch result.
2026-07-26 22:47:38,878 DEBUG AlphaScanner.Data No data for ticker LINDEINDIA.NS in batch result.
2026-07-26 22:47:38,878 DEBUG AlphaScanner.Data No data for ticker LLOYDSME.NS in batch result.
2026-07-26 22:47:38,933 DEBUG AlphaScanner.Data No data for ticker ITC.NS in batch result.
2026-07-26 22:47:38,933 DEBUG AlphaScanner.Data No data for ticker ITCHOTELS.NS in batch result.
2026-07-26 22:47:38,939 DEBUG AlphaScanner.Data No data for ticker ITI.NS in batch result.
2026-07-26 22:47:38,940 DEBUG AlphaScanner.Data No data for ticker J&KBANK.NS in batch result.
2026-07-26 22:47:38,955 DEBUG AlphaScanner.Data No data for ticker JBMA.NS in batch result.
2026-07-26 22:47:38,955 DEBUG AlphaScanner.Data No data for ticker JINDALSAW.NS in batch result.
2026-07-26 22:47:38,956 DEBUG AlphaScanner.Data No data for ticker JINDALSTEL.NS in batch result.
2026-07-26 22:47:39,023 DEBUG AlphaScanner.Data No data for ticker INDIAMART.NS in batch result.
2026-07-26 22:47:39,023 DEBUG AlphaScanner.Data No data for ticker INDIANB.NS in batch result.
2026-07-26 22:47:39,024 DEBUG AlphaScanner.Data No data for ticker INDIGO.NS in batch result.
2026-07-26 22:47:39,024 DEBUG AlphaScanner.Data No data for ticker INDUSINDBK.NS in batch result.
2026-07-26 22:47:39,024 DEBUG AlphaScanner.Data No data for ticker INDUSTOWER.NS in batch result.
2026-07-26 22:47:39,024 DEBUG AlphaScanner.Data No data for ticker INFY.NS in batch result.
2026-07-26 22:47:39,027 DEBUG AlphaScanner.Data No data for ticker INTELLECT.NS in batch result.
2026-07-26 22:47:39,136 DEBUG AlphaScanner.Data No data for ticker IOB.NS in batch result.
2026-07-26 22:47:39,147 DEBUG AlphaScanner.Data No data for ticker IOC.NS in batch result.
2026-07-26 22:47:39,150 DEBUG AlphaScanner.Data No data for ticker IPCALAB.NS in batch result.
2026-07-26 22:47:39,164 DEBUG AlphaScanner.Data No data for ticker IRCON.NS in batch result.
2026-07-26 22:47:39,164 DEBUG AlphaScanner.Data No data for ticker IRCTC.NS in batch result.
2026-07-26 22:47:39,164 DEBUG AlphaScanner.Data No data for ticker IREDA.NS in batch result.
2026-07-26 22:47:39,164 DEBUG AlphaScanner.Data No data for ticker IRFC.NS in batch result.
2026-07-26 22:47:39,276 DEBUG AlphaScanner.Data No data for ticker LT.NS in batch result.
2026-07-26 22:47:39,276 DEBUG AlphaScanner.Data No data for ticker LTF.NS in batch result.
2026-07-26 22:47:39,277 DEBUG AlphaScanner.Data No data for ticker LTFOODS.NS in batch result.
2026-07-26 22:47:39,278 DEBUG AlphaScanner.Data No data for ticker LTM.NS in batch result.
2026-07-26 22:47:39,283 DEBUG AlphaScanner.Data No data for ticker LUPIN.NS in batch result.
2026-07-26 22:47:39,285 DEBUG AlphaScanner.Data No data for ticker M&M.NS in batch result.
2026-07-26 22:47:39,285 DEBUG AlphaScanner.Data No data for ticker M&MFIN.NS in batch result.
2026-07-26 22:47:39,290 DEBUG AlphaScanner.Data No data for ticker KALYANKJIL.NS in batch result.
2026-07-26 22:47:39,290 DEBUG AlphaScanner.Data No data for ticker KARURVYSYA.NS in batch result.
2026-07-26 22:47:39,291 DEBUG AlphaScanner.Data No data for ticker KAYNES.NS in batch result.
2026-07-26 22:47:39,291 DEBUG AlphaScanner.Data No data for ticker KEC.NS in batch result.
2026-07-26 22:47:39,292 DEBUG AlphaScanner.Data No data for ticker KEI.NS in batch result.
2026-07-26 22:47:39,292 DEBUG AlphaScanner.Data No data for ticker KFINTECH.NS in batch result.
2026-07-26 22:47:39,292 DEBUG AlphaScanner.Data No data for ticker KIMS.NS in batch result.
2026-07-26 22:47:40,279 DEBUG AlphaScanner.Data No data for ticker MEDANTA.NS in batch result.
2026-07-26 22:47:40,310 DEBUG AlphaScanner.Data No data for ticker MFSL.NS in batch result.
2026-07-26 22:47:40,380 DEBUG AlphaScanner.Data No data for ticker NSLNISP.NS in batch result.
2026-07-26 22:47:40,381 DEBUG AlphaScanner.Data No data for ticker NTPC.NS in batch result.
2026-07-26 22:47:40,381 DEBUG AlphaScanner.Data No data for ticker NTPCGREEN.NS in batch result.
2026-07-26 22:47:40,389 DEBUG AlphaScanner.Data No data for ticker NUVOCO.NS in batch result.
2026-07-26 22:47:40,401 DEBUG AlphaScanner.Data No data for ticker NYKAA.NS in batch result.
2026-07-26 22:47:40,405 DEBUG AlphaScanner.Data No data for ticker OBEROIRLTY.NS in batch result.
2026-07-26 22:47:40,405 DEBUG AlphaScanner.Data No data for ticker OFSS.NS in batch result.
2026-07-26 22:47:40,408 DEBUG AlphaScanner.Data No data for ticker MANAPPURAM.NS in batch result.
2026-07-26 22:47:40,418 DEBUG AlphaScanner.Data No data for ticker MARUTI.NS in batch result.
2026-07-26 22:47:40,428 DEBUG AlphaScanner.Data No data for ticker NEULANDLAB.NS in batch result.
2026-07-26 22:47:40,428 DEBUG AlphaScanner.Data No data for ticker NEWGEN.NS in batch result.
2026-07-26 22:47:40,428 DEBUG AlphaScanner.Data No data for ticker NH.NS in batch result.
2026-07-26 22:47:40,428 DEBUG AlphaScanner.Data No data for ticker NHPC.NS in batch result.
2026-07-26 22:47:40,432 DEBUG AlphaScanner.Data No data for ticker NIVABUPA.NS in batch result.
2026-07-26 22:47:40,432 DEBUG AlphaScanner.Data No data for ticker NLCINDIA.NS in batch result.
2026-07-26 22:47:40,432 DEBUG AlphaScanner.Data No data for ticker NMDC.NS in batch result.
2026-07-26 22:47:40,447 DEBUG AlphaScanner.Data No data for ticker MOTILALOFS.NS in batch result.
2026-07-26 22:47:40,467 DEBUG AlphaScanner.Data No data for ticker MSUMI.NS in batch result.
2026-07-26 22:47:40,482 DEBUG AlphaScanner.Data No data for ticker NATIONALUM.NS in batch result.
2026-07-26 22:47:40,483 DEBUG AlphaScanner.Data No data for ticker NAUKRI.NS in batch result.
2026-07-26 22:47:40,486 DEBUG AlphaScanner.Data No data for ticker NAVINFLUOR.NS in batch result.
2026-07-26 22:47:40,486 DEBUG AlphaScanner.Data No data for ticker NBCC.NS in batch result.
2026-07-26 22:47:40,487 DEBUG AlphaScanner.Data No data for ticker NCC.NS in batch result.
2026-07-26 22:47:40,487 DEBUG AlphaScanner.Data No data for ticker NESTLEIND.NS in batch result.
2026-07-26 22:47:40,487 DEBUG AlphaScanner.Data No data for ticker NETWEB.NS in batch result.
2026-07-26 22:47:40,540 DEBUG AlphaScanner.Data No data for ticker OIL.NS in batch result.
2026-07-26 22:47:40,541 DEBUG AlphaScanner.Data No data for ticker OLAELEC.NS in batch result.
2026-07-26 22:47:40,545 DEBUG AlphaScanner.Data No data for ticker OLECTRA.NS in batch result.
2026-07-26 22:47:40,548 DEBUG AlphaScanner.Data No data for ticker ONGC.NS in batch result.
2026-07-26 22:47:40,549 DEBUG AlphaScanner.Data No data for ticker PAGEIND.NS in batch result.
2026-07-26 22:47:40,549 DEBUG AlphaScanner.Data No data for ticker PARADEEP.NS in batch result.
2026-07-26 22:47:40,549 DEBUG AlphaScanner.Data No data for ticker PATANJALI.NS in batch result.
2026-07-26 22:47:40,643 DEBUG AlphaScanner.Data No data for ticker POLYCAB.NS in batch result.
2026-07-26 22:47:40,652 DEBUG AlphaScanner.Data No data for ticker POONAWALLA.NS in batch result.
2026-07-26 22:47:40,654 DEBUG AlphaScanner.Data No data for ticker POWERGRID.NS in batch result.
2026-07-26 22:47:40,655 DEBUG AlphaScanner.Data No data for ticker POWERINDIA.NS in batch result.
2026-07-26 22:47:40,656 DEBUG AlphaScanner.Data No data for ticker PPLPHARMA.NS in batch result.
2026-07-26 22:47:40,656 DEBUG AlphaScanner.Data No data for ticker PREMIERENE.NS in batch result.
2026-07-26 22:47:40,656 DEBUG AlphaScanner.Data No data for ticker PRESTIGE.NS in batch result.
2026-07-26 22:47:40,708 DEBUG AlphaScanner.Data No data for ticker PIDILITIND.NS in batch result.
2026-07-26 22:47:40,708 DEBUG AlphaScanner.Data No data for ticker PIIND.NS in batch result.
2026-07-26 22:47:40,708 DEBUG AlphaScanner.Data No data for ticker PINELABS.NS in batch result.
2026-07-26 22:47:40,708 DEBUG AlphaScanner.Data No data for ticker PIRAMALFIN.NS in batch result.
2026-07-26 22:47:40,708 DEBUG AlphaScanner.Data No data for ticker PNB.NS in batch result.
2026-07-26 22:47:40,708 DEBUG AlphaScanner.Data No data for ticker PNBHOUSING.NS in batch result.
2026-07-26 22:47:40,708 DEBUG AlphaScanner.Data No data for ticker POLICYBZR.NS in batch result.
2026-07-26 22:47:40,845 DEBUG AlphaScanner.Data No data for ticker PAYTM.NS in batch result.
2026-07-26 22:47:40,846 DEBUG AlphaScanner.Data No data for ticker PCBL.NS in batch result.
2026-07-26 22:47:40,847 DEBUG AlphaScanner.Data No data for ticker PERSISTENT.NS in batch result.
2026-07-26 22:47:40,847 DEBUG AlphaScanner.Data No data for ticker PETRONET.NS in batch result.
2026-07-26 22:47:40,851 DEBUG AlphaScanner.Data No data for ticker PFIZER.NS in batch result.
2026-07-26 22:47:40,851 DEBUG AlphaScanner.Data No data for ticker PFOCUS.NS in batch result.
2026-07-26 22:47:40,851 DEBUG AlphaScanner.Data No data for ticker PGEL.NS in batch result.
2026-07-26 22:47:41,689 DEBUG AlphaScanner.Data No data for ticker SBIN.NS in batch result.
2026-07-26 22:47:41,695 DEBUG AlphaScanner.Data No data for ticker SHREECEM.NS in batch result.
2026-07-26 22:47:41,775 DEBUG AlphaScanner.Data No data for ticker SHRIRAMFIN.NS in batch result.
2026-07-26 22:47:41,845 DEBUG AlphaScanner.Data No data for ticker SOBHA.NS in batch result.
2026-07-26 22:47:41,854 DEBUG AlphaScanner.Data No data for ticker SUPREMEIND.NS in batch result.
2026-07-26 22:47:41,854 DEBUG AlphaScanner.Data No data for ticker SUZLON.NS in batch result.
2026-07-26 22:47:41,854 DEBUG AlphaScanner.Data No data for ticker SWANCORP.NS in batch result.
2026-07-26 22:47:41,855 DEBUG AlphaScanner.Data No data for ticker SWIGGY.NS in batch result.
2026-07-26 22:47:41,857 DEBUG AlphaScanner.Data No data for ticker SYRMA.NS in batch result.
2026-07-26 22:47:41,857 DEBUG AlphaScanner.Data No data for ticker TARIL.NS in batch result.
2026-07-26 22:47:41,857 DEBUG AlphaScanner.Data No data for ticker TATACAP.NS in batch result.
2026-07-26 22:47:41,879 DEBUG AlphaScanner.Data No data for ticker RECLTD.NS in batch result.
2026-07-26 22:47:41,880 DEBUG AlphaScanner.Data No data for ticker REDINGTON.NS in batch result.
2026-07-26 22:47:41,882 DEBUG AlphaScanner.Data No data for ticker RELIANCE.NS in batch result.
2026-07-26 22:47:41,888 DEBUG AlphaScanner.Data No data for ticker RITES.NS in batch result.
2026-07-26 22:47:41,889 DEBUG AlphaScanner.Data No data for ticker RKFORGE.NS in batch result.
2026-07-26 22:47:41,889 DEBUG AlphaScanner.Data No data for ticker RPOWER.NS in batch result.
2026-07-26 22:47:41,890 DEBUG AlphaScanner.Data No data for ticker RRKABEL.NS in batch result.
2026-07-26 22:47:41,899 DEBUG AlphaScanner.Data No data for ticker RADICO.NS in batch result.
2026-07-26 22:47:41,906 DEBUG AlphaScanner.Data No data for ticker RAMCOCEM.NS in batch result.
2026-07-26 22:47:41,907 DEBUG AlphaScanner.Data No data for ticker RBLBANK.NS in batch result.
2026-07-26 22:47:41,939 DEBUG AlphaScanner.Data No data for ticker RVNL.NS in batch result.
2026-07-26 22:47:41,941 DEBUG AlphaScanner.Data No data for ticker SAGILITY.NS in batch result.
2026-07-26 22:47:41,953 DEBUG AlphaScanner.Data No data for ticker SAIL.NS in batch result.
2026-07-26 22:47:41,953 DEBUG AlphaScanner.Data No data for ticker SAILIFE.NS in batch result.
2026-07-26 22:47:41,953 DEBUG AlphaScanner.Data No data for ticker SAMMAANCAP.NS in batch result.
2026-07-26 22:47:41,953 DEBUG AlphaScanner.Data No data for ticker SAPPHIRE.NS in batch result.
2026-07-26 22:47:41,954 DEBUG AlphaScanner.Data No data for ticker SARDAEN.NS in batch result.
2026-07-26 22:47:42,144 DEBUG AlphaScanner.Data No data for ticker SONATSOFTW.NS in batch result.
2026-07-26 22:47:42,155 DEBUG AlphaScanner.Data No data for ticker SPLPETRO.NS in batch result.
2026-07-26 22:47:42,155 DEBUG AlphaScanner.Data No data for ticker SRF.NS in batch result.
2026-07-26 22:47:42,156 DEBUG AlphaScanner.Data No data for ticker STARHEALTH.NS in batch result.
2026-07-26 22:47:42,157 DEBUG AlphaScanner.Data No data for ticker SUMICHEM.NS in batch result.
2026-07-26 22:47:42,157 DEBUG AlphaScanner.Data No data for ticker SUNDARMFIN.NS in batch result.
2026-07-26 22:47:42,160 DEBUG AlphaScanner.Data No data for ticker SUNTV.NS in batch result.
2026-07-26 22:47:42,160 DEBUG AlphaScanner.Data No data for ticker TBOTEK.NS in batch result.
2026-07-26 22:47:42,160 DEBUG AlphaScanner.Data No data for ticker TCS.NS in batch result.
2026-07-26 22:47:42,160 DEBUG AlphaScanner.Data No data for ticker TECHM.NS in batch result.
2026-07-26 22:47:42,160 DEBUG AlphaScanner.Data No data for ticker TECHNOE.NS in batch result.
2026-07-26 22:47:42,163 DEBUG AlphaScanner.Data No data for ticker TEJASNET.NS in batch result.
2026-07-26 22:47:42,163 DEBUG AlphaScanner.Data No data for ticker TENNIND.NS in batch result.
2026-07-26 22:47:42,187 DEBUG AlphaScanner.Data No data for ticker TATACHEM.NS in batch result.
2026-07-26 22:47:42,189 DEBUG AlphaScanner.Data No data for ticker TATACONSUM.NS in batch result.
2026-07-26 22:47:42,189 DEBUG AlphaScanner.Data No data for ticker TATAELXSI.NS in batch result.
2026-07-26 22:47:42,190 DEBUG AlphaScanner.Data No data for ticker TATAPOWER.NS in batch result.
2026-07-26 22:47:42,191 DEBUG AlphaScanner.Data No data for ticker TATASTEEL.NS in batch result.
2026-07-26 22:47:42,191 DEBUG AlphaScanner.Data No data for ticker TATATECH.NS in batch result.
2026-07-26 22:47:42,432 DEBUG AlphaScanner.Data No data for ticker THERMAX.NS in batch result.
2026-07-26 22:47:42,432 DEBUG AlphaScanner.Data No data for ticker TIINDIA.NS in batch result.
2026-07-26 22:47:42,432 DEBUG AlphaScanner.Data No data for ticker TIMKEN.NS in batch result.
2026-07-26 22:47:42,433 DEBUG AlphaScanner.Data No data for ticker TITAGARH.NS in batch result.
2026-07-26 22:47:42,435 DEBUG AlphaScanner.Data No data for ticker TMCV.NS in batch result.
2026-07-26 22:47:43,434 DEBUG AlphaScanner.Data download_history_batch result count=215
2026-07-26 22:47:43,438 INFO AlphaScanner.Engine Batch history download finished in 11.34s for 500 tickers
2026-07-26 22:47:43,458 DEBUG AlphaScanner.Data download_history(ticker=AFCONS.NS, period=1y, interval=1d, use_cache=False)
2026-07-26 22:47:43,769 DEBUG AlphaScanner.Data download_history success for AFCONS.NS rows=250 cols=['adj close', 'Close', 'High', 'Low', 'Open', 'Volume']
2026-07-26 22:47:43,772 DEBUG AlphaScanner.Data download_history(ticker=AFFLE.NS, period=1y, interval=1d, use_cache=False)
2026-07-26 22:47:44,023 DEBUG AlphaScanner.Data download_history success for AFFLE.NS rows=250 cols=['adj close', 'Close', 'High', 'Low', 'Open', 'Volume']
2026-07-26 22:47:44,026 DEBUG AlphaScanner.Data download_history(ticker=AIAENG.NS, period=1y, interval=1d, use_cache=False)
2026-07-26 22:47:44,426 DEBUG AlphaScanner.Data download_history success for AIAENG.NS rows=248 cols=['adj close', 'Close', 'High', 'Low', 'Open', 'Volume']
2026-07-26 22:47:44,428 DEBUG AlphaScanner.Data download_history(ticker=AIIL.NS, period=1y, interval=1d, use_cache=False)
2026-07-26 22:47:44,630 DEBUG AlphaScanner.Data download_history success for AIIL.NS rows=250 cols=['adj close', 'Close', 'High', 'Low', 'Open', 'Volume']
2026-07-26 22:47:44,633 DEBUG AlphaScanner.Data download_history(ticker=ALKEM.NS, period=1y, interval=1d, use_cache=False)
2026-07-26 22:47:44,838 DEBUG AlphaScanner.Data download_history success for ALKEM.NS rows=249 cols=['adj close', 'Close', 'High', 'Low', 'Open', 'Volume']
2026-07-26 22:47:44,841 DEBUG AlphaScanner.Data download_history(ticker=AMBER.NS, period=1y, interval=1d, use_cache=False)
2026-07-26 22:47:45,095 DEBUG AlphaScanner.Data download_history success for AMBER.NS rows=250 cols=['adj close', 'Close', 'High', 'Low', 'Open', 'Volume']
2026-07-26 22:47:45,098 DEBUG AlphaScanner.Data download_history(ticker=AMBUJACEM.NS, period=1y, interval=1d, use_cache=False)
2026-07-26 22:47:45,452 DEBUG AlphaScanner.Data download_history success for AMBUJACEM.NS rows=250 cols=['adj close', 'Close', 'High', 'Low', 'Open', 'Volume']
2026-07-26 22:47:45,461 DEBUG AlphaScanner.Data download_history(ticker=APOLLOTYRE.NS, period=1y, interval=1d, use_cache=False)
2026-07-26 22:47:45,648 DEBUG AlphaScanner.Data download_history success for APOLLOTYRE.NS rows=250 cols=['adj close', 'Close', 'High', 'Low', 'Open', 'Volume']
2026-07-26 22:47:45,652 DEBUG AlphaScanner.Data download_history(ticker=ARE&M.NS, period=1y, interval=1d, use_cache=False)
2026-07-26 22:47:45,824 DEBUG AlphaScanner.Data download_history success for ARE&M.NS rows=250 cols=['adj close', 'Close', 'High', 'Low', 'Open', 'Volume']
2026-07-26 22:47:45,826 DEBUG AlphaScanner.Data download_history(ticker=ASAHIINDIA.NS, period=1y, interval=1d, use_cache=False)
2026-07-26 22:47:45,965 DEBUG AlphaScanner.Data download_history success for ASAHIINDIA.NS rows=250 cols=['adj close', 'Close', 'High', 'Low', 'Open', 'Volume']
2026-07-26 22:47:45,968 DEBUG AlphaScanner.Data download_history(ticker=ASHOKLEY.NS, period=1y, interval=1d, use_cache=False)
2026-07-26 22:47:46,260 DEBUG AlphaScanner.Data download_history success for ASHOKLEY.NS rows=250 cols=['adj close', 'Close', 'High', 'Low', 'Open', 'Volume']
2026-07-26 22:47:46,262 DEBUG AlphaScanner.Data download_history(ticker=ASIANPAINT.NS, period=1y, interval=1d, use_cache=False)
2026-07-26 22:47:46,443 DEBUG AlphaScanner.Data download_history success for ASIANPAINT.NS rows=250 cols=['adj close', 'Close', 'High', 'Low', 'Open', 'Volume']
2026-07-26 22:47:46,445 DEBUG AlphaScanner.Data download_history(ticker=ASTERDM.NS, period=1y, interval=1d, use_cache=False)
2026-07-26 22:47:46,602 DEBUG AlphaScanner.Data download_history success for ASTERDM.NS rows=250 cols=['adj close', 'Close', 'High', 'Low', 'Open', 'Volume']
2026-07-26 22:47:46,604 DEBUG AlphaScanner.Data download_history(ticker=ASTRAL.NS, period=1y, interval=1d, use_cache=False)
2026-07-26 22:47:46,769 DEBUG AlphaScanner.Data download_history success for ASTRAL.NS rows=250 cols=['adj close', 'Close', 'High', 'Low', 'Open', 'Volume']
2026-07-26 22:47:46,778 DEBUG AlphaScanner.Data download_history(ticker=BAJAJFINSV.NS, period=1y, interval=1d, use_cache=False)
2026-07-26 22:47:46,934 DEBUG AlphaScanner.Data download_history success for BAJAJFINSV.NS rows=250 cols=['adj close', 'Close', 'High', 'Low', 'Open', 'Volume']
2026-07-26 22:47:46,937 DEBUG AlphaScanner.Data download_history(ticker=BAJAJHFL.NS, period=1y, interval=1d, use_cache=False)
2026-07-26 22:47:47,094 DEBUG AlphaScanner.Data download_history success for BAJAJHFL.NS rows=250 cols=['adj close', 'Close', 'High', 'Low', 'Open', 'Volume']
2026-07-26 22:47:47,098 DEBUG AlphaScanner.Data download_history(ticker=BAJFINANCE.NS, period=1y, interval=1d, use_cache=False)
2026-07-26 22:47:47,272 DEBUG AlphaScanner.Data download_history success for BAJFINANCE.NS rows=250 cols=['adj close', 'Close', 'High', 'Low', 'Open', 'Volume']
2026-07-26 22:47:47,274 DEBUG AlphaScanner.Data download_history(ticker=BALKRISIND.NS, period=1y, interval=1d, use_cache=False)
2026-07-26 22:47:47,447 DEBUG AlphaScanner.Data download_history success for BALKRISIND.NS rows=249 cols=['adj close', 'Close', 'High', 'Low', 'Open', 'Volume']
2026-07-26 22:47:47,449 DEBUG AlphaScanner.Data download_history(ticker=BALRAMCHIN.NS, period=1y, interval=1d, use_cache=False)
2026-07-26 22:47:47,620 DEBUG AlphaScanner.Data download_history success for BALRAMCHIN.NS rows=250 cols=['adj close', 'Close', 'High', 'Low', 'Open', 'Volume']
2026-07-26 22:47:47,623 DEBUG AlphaScanner.Data download_history(ticker=BANDHANBNK.NS, period=1y, interval=1d, use_cache=False)
2026-07-26 22:47:47,769 DEBUG AlphaScanner.Data download_history success for BANDHANBNK.NS rows=250 cols=['adj close', 'Close', 'High', 'Low', 'Open', 'Volume']
2026-07-26 22:47:47,772 DEBUG AlphaScanner.Data download_history(ticker=BANKBARODA.NS, period=1y, interval=1d, use_cache=False)
2026-07-26 22:47:47,945 DEBUG AlphaScanner.Data download_history success for BANKBARODA.NS rows=250 cols=['adj close', 'Close', 'High', 'Low', 'Open', 'Volume']
2026-07-26 22:47:47,948 DEBUG AlphaScanner.Data download_history(ticker=BATAINDIA.NS, period=1y, interval=1d, use_cache=False)
2026-07-26 22:47:48,110 DEBUG AlphaScanner.Data download_history success for BATAINDIA.NS rows=250 cols=['adj close', 'Close', 'High', 'Low', 'Open', 'Volume']
2026-07-26 22:47:48,113 DEBUG AlphaScanner.Data download_history(ticker=BAYERCROP.NS, period=1y, interval=1d, use_cache=False)
2026-07-26 22:47:48,380 DEBUG AlphaScanner.Data download_history success for BAYERCROP.NS rows=250 cols=['adj close', 'Close', 'High', 'Low', 'Open', 'Volume']
2026-07-26 22:47:48,383 DEBUG AlphaScanner.Data download_history(ticker=BBTC.NS, period=1y, interval=1d, use_cache=False)
2026-07-26 22:47:48,671 DEBUG AlphaScanner.Data download_history success for BBTC.NS rows=250 cols=['adj close', 'Close', 'High', 'Low', 'Open', 'Volume']
2026-07-26 22:47:48,674 DEBUG AlphaScanner.Data download_history(ticker=BDL.NS, period=1y, interval=1d, use_cache=False)
2026-07-26 22:47:48,825 DEBUG AlphaScanner.Data download_history success for BDL.NS rows=250 cols=['adj close', 'Close', 'High', 'Low', 'Open', 'Volume']
2026-07-26 22:47:48,827 DEBUG AlphaScanner.Data download_history(ticker=BEL.NS, period=1y, interval=1d, use_cache=False)
2026-07-26 22:47:49,001 DEBUG AlphaScanner.Data download_history success for BEL.NS rows=250 cols=['adj close', 'Close', 'High', 'Low', 'Open', 'Volume']
2026-07-26 22:47:49,004 DEBUG AlphaScanner.Data download_history(ticker=BELRISE.NS, period=1y, interval=1d, use_cache=False)
2026-07-26 22:47:49,148 DEBUG AlphaScanner.Data download_history success for BELRISE.NS rows=250 cols=['adj close', 'Close', 'High', 'Low', 'Open', 'Volume']
2026-07-26 22:47:49,152 DEBUG AlphaScanner.Data download_history(ticker=BEML.NS, period=1y, interval=1d, use_cache=False)
2026-07-26 22:47:49,322 DEBUG AlphaScanner.Data download_history success for BEML.NS rows=250 cols=['adj close', 'Close', 'High', 'Low', 'Open', 'Volume']
2026-07-26 22:47:49,324 DEBUG AlphaScanner.Data download_history(ticker=BERGEPAINT.NS, period=1y, interval=1d, use_cache=False)
2026-07-26 22:47:49,491 DEBUG AlphaScanner.Data download_history success for BERGEPAINT.NS rows=250 cols=['adj close', 'Close', 'High', 'Low', 'Open', 'Volume']
2026-07-26 22:47:49,494 DEBUG AlphaScanner.Data download_history(ticker=BHARATFORG.NS, period=1y, interval=1d, use_cache=False)
2026-07-26 22:47:49,671 DEBUG AlphaScanner.Data download_history success for BHARATFORG.NS rows=249 cols=['adj close', 'Close', 'High', 'Low', 'Open', 'Volume']
2026-07-26 22:47:49,673 DEBUG AlphaScanner.Data download_history(ticker=BHARTIARTL.NS, period=1y, interval=1d, use_cache=False)
2026-07-26 22:47:49,837 DEBUG AlphaScanner.Data download_history success for BHARTIARTL.NS rows=250 cols=['adj close', 'Close', 'High', 'Low', 'Open', 'Volume']
2026-07-26 22:47:49,840 DEBUG AlphaScanner.Data download_history(ticker=BHARTIHEXA.NS, period=1y, interval=1d, use_cache=False)
2026-07-26 22:47:49,987 DEBUG AlphaScanner.Data download_history success for BHARTIHEXA.NS rows=250 cols=['adj close', 'Close', 'High', 'Low', 'Open', 'Volume']
2026-07-26 22:47:49,990 DEBUG AlphaScanner.Data download_history(ticker=BIKAJI.NS, period=1y, interval=1d, use_cache=False)
2026-07-26 22:47:50,144 DEBUG AlphaScanner.Data download_history success for BIKAJI.NS rows=249 cols=['adj close', 'Close', 'High', 'Low', 'Open', 'Volume']
2026-07-26 22:47:50,146 DEBUG AlphaScanner.Data download_history(ticker=BIOCON.NS, period=1y, interval=1d, use_cache=False)
2026-07-26 22:47:50,356 DEBUG AlphaScanner.Data download_history success for BIOCON.NS rows=250 cols=['adj close', 'Close', 'High', 'Low', 'Open', 'Volume']
2026-07-26 22:47:50,358 DEBUG AlphaScanner.Data download_history(ticker=BLS.NS, period=1y, interval=1d, use_cache=False)
2026-07-26 22:47:50,522 DEBUG AlphaScanner.Data download_history success for BLS.NS rows=250 cols=['adj close', 'Close', 'High', 'Low', 'Open', 'Volume']
2026-07-26 22:47:50,530 DEBUG AlphaScanner.Data download_history(ticker=BRITANNIA.NS, period=1y, interval=1d, use_cache=False)
2026-07-26 22:47:50,701 DEBUG AlphaScanner.Data download_history success for BRITANNIA.NS rows=250 cols=['adj close', 'Close', 'High', 'Low', 'Open', 'Volume']
2026-07-26 22:47:50,710 DEBUG AlphaScanner.Data download_history(ticker=CARBORUNIV.NS, period=1y, interval=1d, use_cache=False)
2026-07-26 22:47:50,874 DEBUG AlphaScanner.Data download_history success for CARBORUNIV.NS rows=249 cols=['adj close', 'Close', 'High', 'Low', 'Open', 'Volume']
2026-07-26 22:47:50,881 DEBUG AlphaScanner.Data download_history(ticker=CEATLTD.NS, period=1y, interval=1d, use_cache=False)
2026-07-26 22:47:51,039 DEBUG AlphaScanner.Data download_history success for CEATLTD.NS rows=250 cols=['adj close', 'Close', 'High', 'Low', 'Open', 'Volume']
2026-07-26 22:47:51,048 DEBUG AlphaScanner.Data download_history(ticker=CHENNPETRO.NS, period=1y, interval=1d, use_cache=False)
2026-07-26 22:47:51,218 DEBUG AlphaScanner.Data download_history success for CHENNPETRO.NS rows=250 cols=['adj close', 'Close', 'High', 'Low', 'Open', 'Volume']
2026-07-26 22:47:51,228 DEBUG AlphaScanner.Data download_history(ticker=COHANCE.NS, period=1y, interval=1d, use_cache=False)
2026-07-26 22:47:51,344 DEBUG AlphaScanner.Data download_history success for COHANCE.NS rows=250 cols=['adj close', 'Close', 'High', 'Low', 'Open', 'Volume']
2026-07-26 22:47:51,352 DEBUG AlphaScanner.Data download_history(ticker=CRISIL.NS, period=1y, interval=1d, use_cache=False)
2026-07-26 22:47:51,644 DEBUG AlphaScanner.Data download_history success for CRISIL.NS rows=250 cols=['adj close', 'Close', 'High', 'Low', 'Open', 'Volume']
2026-07-26 22:47:51,648 DEBUG AlphaScanner.Data download_history(ticker=CYIENT.NS, period=1y, interval=1d, use_cache=False)
2026-07-26 22:47:51,792 DEBUG AlphaScanner.Data download_history success for CYIENT.NS rows=250 cols=['adj close', 'Close', 'High', 'Low', 'Open', 'Volume']
2026-07-26 22:47:51,794 DEBUG AlphaScanner.Data download_history(ticker=DABUR.NS, period=1y, interval=1d, use_cache=False)
2026-07-26 22:47:51,934 DEBUG AlphaScanner.Data download_history success for DABUR.NS rows=250 cols=['adj close', 'Close', 'High', 'Low', 'Open', 'Volume']
2026-07-26 22:47:51,936 DEBUG AlphaScanner.Data download_history(ticker=DALBHARAT.NS, period=1y, interval=1d, use_cache=False)
2026-07-26 22:47:52,071 DEBUG AlphaScanner.Data download_history success for DALBHARAT.NS rows=249 cols=['adj close', 'Close', 'High', 'Low', 'Open', 'Volume']
2026-07-26 22:47:52,073 DEBUG AlphaScanner.Data download_history(ticker=DATAPATTNS.NS, period=1y, interval=1d, use_cache=False)
2026-07-26 22:47:52,360 DEBUG AlphaScanner.Data download_history success for DATAPATTNS.NS rows=250 cols=['adj close', 'Close', 'High', 'Low', 'Open', 'Volume']
2026-07-26 22:47:52,362 DEBUG AlphaScanner.Data download_history(ticker=DCMSHRIRAM.NS, period=1y, interval=1d, use_cache=False)
2026-07-26 22:47:52,612 DEBUG AlphaScanner.Data download_history success for DCMSHRIRAM.NS rows=249 cols=['adj close', 'Close', 'High', 'Low', 'Open', 'Volume']
2026-07-26 22:47:52,615 DEBUG AlphaScanner.Data download_history(ticker=DEEPAKFERT.NS, period=1y, interval=1d, use_cache=False)
2026-07-26 22:47:52,759 DEBUG AlphaScanner.Data download_history success for DEEPAKFERT.NS rows=250 cols=['adj close', 'Close', 'High', 'Low', 'Open', 'Volume']
2026-07-26 22:47:52,761 DEBUG AlphaScanner.Data download_history(ticker=DEEPAKNTR.NS, period=1y, interval=1d, use_cache=False)
2026-07-26 22:47:52,901 DEBUG AlphaScanner.Data download_history success for DEEPAKNTR.NS rows=249 cols=['adj close', 'Close', 'High', 'Low', 'Open', 'Volume']
2026-07-26 22:47:52,909 DEBUG AlphaScanner.Data download_history(ticker=ECLERX.NS, period=1y, interval=1d, use_cache=False)
2026-07-26 22:47:53,042 DEBUG AlphaScanner.Data download_history success for ECLERX.NS rows=250 cols=['adj close', 'Close', 'High', 'Low', 'Open', 'Volume']
2026-07-26 22:47:53,044 DEBUG AlphaScanner.Data download_history(ticker=EICHERMOT.NS, period=1y, interval=1d, use_cache=False)
2026-07-26 22:47:53,183 DEBUG AlphaScanner.Data download_history success for EICHERMOT.NS rows=250 cols=['adj close', 'Close', 'High', 'Low', 'Open', 'Volume']
2026-07-26 22:47:53,185 DEBUG AlphaScanner.Data download_history(ticker=EIDPARRY.NS, period=1y, interval=1d, use_cache=False)
2026-07-26 22:47:53,321 DEBUG AlphaScanner.Data download_history success for EIDPARRY.NS rows=249 cols=['adj close', 'Close', 'High', 'Low', 'Open', 'Volume']
2026-07-26 22:47:53,323 DEBUG AlphaScanner.Data download_history(ticker=ELECON.NS, period=1y, interval=1d, use_cache=False)
2026-07-26 22:47:53,462 DEBUG AlphaScanner.Data download_history success for ELECON.NS rows=250 cols=['adj close', 'Close', 'High', 'Low', 'Open', 'Volume']
2026-07-26 22:47:53,465 DEBUG AlphaScanner.Data download_history(ticker=ELGIEQUIP.NS, period=1y, interval=1d, use_cache=False)
2026-07-26 22:47:53,657 DEBUG AlphaScanner.Data download_history success for ELGIEQUIP.NS rows=250 cols=['adj close', 'Close', 'High', 'Low', 'Open', 'Volume']
2026-07-26 22:47:53,659 DEBUG AlphaScanner.Data download_history(ticker=EMAMILTD.NS, period=1y, interval=1d, use_cache=False)
2026-07-26 22:47:53,837 DEBUG AlphaScanner.Data download_history success for EMAMILTD.NS rows=250 cols=['adj close', 'Close', 'High', 'Low', 'Open', 'Volume']
2026-07-26 22:47:53,839 DEBUG AlphaScanner.Data download_history(ticker=EMCURE.NS, period=1y, interval=1d, use_cache=False)
2026-07-26 22:47:53,985 DEBUG AlphaScanner.Data download_history success for EMCURE.NS rows=250 cols=['adj close', 'Close', 'High', 'Low', 'Open', 'Volume']
2026-07-26 22:47:53,987 DEBUG AlphaScanner.Data download_history(ticker=EMMVEE.NS, period=1y, interval=1d, use_cache=False)
2026-07-26 22:47:54,129 DEBUG AlphaScanner.Data download_history success for EMMVEE.NS rows=172 cols=['adj close', 'Close', 'High', 'Low', 'Open', 'Volume']
2026-07-26 22:47:54,133 DEBUG AlphaScanner.Data download_history(ticker=ENDURANCE.NS, period=1y, interval=1d, use_cache=False)
2026-07-26 22:47:54,287 DEBUG AlphaScanner.Data download_history success for ENDURANCE.NS rows=250 cols=['adj close', 'Close', 'High', 'Low', 'Open', 'Volume']
2026-07-26 22:47:54,295 DEBUG AlphaScanner.Data download_history(ticker=EXIDEIND.NS, period=1y, interval=1d, use_cache=False)
2026-07-26 22:47:54,576 DEBUG AlphaScanner.Data download_history success for EXIDEIND.NS rows=250 cols=['adj close', 'Close', 'High', 'Low', 'Open', 'Volume']
2026-07-26 22:47:54,578 DEBUG AlphaScanner.Data download_history(ticker=FACT.NS, period=1y, interval=1d, use_cache=False)
2026-07-26 22:47:54,753 DEBUG AlphaScanner.Data download_history success for FACT.NS rows=250 cols=['adj close', 'Close', 'High', 'Low', 'Open', 'Volume']
2026-07-26 22:47:54,756 DEBUG AlphaScanner.Data download_history(ticker=FEDERALBNK.NS, period=1y, interval=1d, use_cache=False)
2026-07-26 22:47:55,061 DEBUG AlphaScanner.Data download_history success for FEDERALBNK.NS rows=250 cols=['adj close', 'Close', 'High', 'Low', 'Open', 'Volume']
2026-07-26 22:47:55,065 DEBUG AlphaScanner.Data download_history(ticker=FINCABLES.NS, period=1y, interval=1d, use_cache=False)
2026-07-26 22:47:55,239 DEBUG AlphaScanner.Data download_history success for FINCABLES.NS rows=250 cols=['adj close', 'Close', 'High', 'Low', 'Open', 'Volume']
2026-07-26 22:47:55,241 DEBUG AlphaScanner.Data download_history(ticker=FIRSTCRY.NS, period=1y, interval=1d, use_cache=False)
2026-07-26 22:47:55,377 DEBUG AlphaScanner.Data download_history success for FIRSTCRY.NS rows=250 cols=['adj close', 'Close', 'High', 'Low', 'Open', 'Volume']
2026-07-26 22:47:55,381 DEBUG AlphaScanner.Data download_history(ticker=FIVESTAR.NS, period=1y, interval=1d, use_cache=False)
2026-07-26 22:47:55,543 DEBUG AlphaScanner.Data download_history success for FIVESTAR.NS rows=249 cols=['adj close', 'Close', 'High', 'Low', 'Open', 'Volume']
2026-07-26 22:47:55,546 DEBUG AlphaScanner.Data download_history(ticker=FORCEMOT.NS, period=1y, interval=1d, use_cache=False)
2026-07-26 22:47:55,704 DEBUG AlphaScanner.Data download_history success for FORCEMOT.NS rows=250 cols=['adj close', 'Close', 'High', 'Low', 'Open', 'Volume']
2026-07-26 22:47:55,706 DEBUG AlphaScanner.Data download_history(ticker=FORTIS.NS, period=1y, interval=1d, use_cache=False)
2026-07-26 22:47:55,856 DEBUG AlphaScanner.Data download_history success for FORTIS.NS rows=250 cols=['adj close', 'Close', 'High', 'Low', 'Open', 'Volume']
2026-07-26 22:47:55,858 DEBUG AlphaScanner.Data download_history(ticker=FSL.NS, period=1y, interval=1d, use_cache=False)
2026-07-26 22:47:56,018 DEBUG AlphaScanner.Data download_history success for FSL.NS rows=250 cols=['adj close', 'Close', 'High', 'Low', 'Open', 'Volume']
2026-07-26 22:47:56,021 DEBUG AlphaScanner.Data download_history(ticker=GABRIEL.NS, period=1y, interval=1d, use_cache=False)
2026-07-26 22:47:56,187 DEBUG AlphaScanner.Data download_history success for GABRIEL.NS rows=250 cols=['adj close', 'Close', 'High', 'Low', 'Open', 'Volume']
2026-07-26 22:47:56,190 DEBUG AlphaScanner.Data download_history(ticker=GALLANTT.NS, period=1y, interval=1d, use_cache=False)
2026-07-26 22:47:56,340 DEBUG AlphaScanner.Data download_history success for GALLANTT.NS rows=249 cols=['adj close', 'Close', 'High', 'Low', 'Open', 'Volume']
2026-07-26 22:47:56,342 DEBUG AlphaScanner.Data download_history(ticker=GESHIP.NS, period=1y, interval=1d, use_cache=False)
2026-07-26 22:47:56,611 DEBUG AlphaScanner.Data download_history success for GESHIP.NS rows=250 cols=['adj close', 'Close', 'High', 'Low', 'Open', 'Volume']
2026-07-26 22:47:56,614 DEBUG AlphaScanner.Data download_history(ticker=GICRE.NS, period=1y, interval=1d, use_cache=False)
2026-07-26 22:47:56,784 DEBUG AlphaScanner.Data download_history success for GICRE.NS rows=250 cols=['adj close', 'Close', 'High', 'Low', 'Open', 'Volume']
2026-07-26 22:47:56,787 DEBUG AlphaScanner.Data download_history(ticker=GILLETTE.NS, period=1y, interval=1d, use_cache=False)
2026-07-26 22:47:56,959 DEBUG AlphaScanner.Data download_history success for GILLETTE.NS rows=250 cols=['adj close', 'Close', 'High', 'Low', 'Open', 'Volume']
2026-07-26 22:47:56,962 DEBUG AlphaScanner.Data download_history(ticker=GLAND.NS, period=1y, interval=1d, use_cache=False)
2026-07-26 22:47:57,109 DEBUG AlphaScanner.Data download_history success for GLAND.NS rows=249 cols=['adj close', 'Close', 'High', 'Low', 'Open', 'Volume']
2026-07-26 22:47:57,114 DEBUG AlphaScanner.Data download_history(ticker=GMRAIRPORT.NS, period=1y, interval=1d, use_cache=False)
2026-07-26 22:47:57,255 DEBUG AlphaScanner.Data download_history success for GMRAIRPORT.NS rows=250 cols=['adj close', 'Close', 'High', 'Low', 'Open', 'Volume']
2026-07-26 22:47:57,261 DEBUG AlphaScanner.Data download_history(ticker=GODREJPROP.NS, period=1y, interval=1d, use_cache=False)
2026-07-26 22:47:57,413 DEBUG AlphaScanner.Data download_history success for GODREJPROP.NS rows=250 cols=['adj close', 'Close', 'High', 'Low', 'Open', 'Volume']
2026-07-26 22:47:57,416 DEBUG AlphaScanner.Data download_history(ticker=GPIL.NS, period=1y, interval=1d, use_cache=False)
2026-07-26 22:47:57,577 DEBUG AlphaScanner.Data download_history success for GPIL.NS rows=250 cols=['adj close', 'Close', 'High', 'Low', 'Open', 'Volume']
2026-07-26 22:47:57,580 DEBUG AlphaScanner.Data download_history(ticker=GRANULES.NS, period=1y, interval=1d, use_cache=False)
2026-07-26 22:47:57,753 DEBUG AlphaScanner.Data download_history success for GRANULES.NS rows=249 cols=['adj close', 'Close', 'High', 'Low', 'Open', 'Volume']
2026-07-26 22:47:57,755 DEBUG AlphaScanner.Data download_history(ticker=GRAPHITE.NS, period=1y, interval=1d, use_cache=False)
2026-07-26 22:47:57,921 DEBUG AlphaScanner.Data download_history success for GRAPHITE.NS rows=250 cols=['adj close', 'Close', 'High', 'Low', 'Open', 'Volume']
2026-07-26 22:47:57,924 DEBUG AlphaScanner.Data download_history(ticker=GRAVITA.NS, period=1y, interval=1d, use_cache=False)
2026-07-26 22:47:58,221 DEBUG AlphaScanner.Data download_history success for GRAVITA.NS rows=250 cols=['adj close', 'Close', 'High', 'Low', 'Open', 'Volume']
2026-07-26 22:47:58,224 DEBUG AlphaScanner.Data download_history(ticker=GROWW.NS, period=1y, interval=1d, use_cache=False)
2026-07-26 22:47:58,409 DEBUG AlphaScanner.Data download_history success for GROWW.NS rows=176 cols=['adj close', 'Close', 'High', 'Low', 'Open', 'Volume']
2026-07-26 22:47:58,411 DEBUG AlphaScanner.Data download_history(ticker=GRSE.NS, period=1y, interval=1d, use_cache=False)
2026-07-26 22:47:58,547 DEBUG AlphaScanner.Data download_history success for GRSE.NS rows=250 cols=['adj close', 'Close', 'High', 'Low', 'Open', 'Volume']
2026-07-26 22:47:58,550 DEBUG AlphaScanner.Data download_history(ticker=GVT&D.NS, period=1y, interval=1d, use_cache=False)
2026-07-26 22:47:58,753 DEBUG AlphaScanner.Data download_history success for GVT&D.NS rows=250 cols=['adj close', 'Close', 'High', 'Low', 'Open', 'Volume']
2026-07-26 22:47:58,760 DEBUG AlphaScanner.Data download_history(ticker=HAL.NS, period=1y, interval=1d, use_cache=False)
2026-07-26 22:47:58,904 DEBUG AlphaScanner.Data download_history success for HAL.NS rows=250 cols=['adj close', 'Close', 'High', 'Low', 'Open', 'Volume']
2026-07-26 22:47:58,907 DEBUG AlphaScanner.Data download_history(ticker=HAVELLS.NS, period=1y, interval=1d, use_cache=False)
2026-07-26 22:47:59,096 DEBUG AlphaScanner.Data download_history success for HAVELLS.NS rows=250 cols=['adj close', 'Close', 'High', 'Low', 'Open', 'Volume']
2026-07-26 22:47:59,104 DEBUG AlphaScanner.Data download_history(ticker=HCLTECH.NS, period=1y, interval=1d, use_cache=False)
2026-07-26 22:47:59,301 DEBUG AlphaScanner.Data download_history success for HCLTECH.NS rows=250 cols=['adj close', 'Close', 'High', 'Low', 'Open', 'Volume']
2026-07-26 22:47:59,303 DEBUG AlphaScanner.Data download_history(ticker=HDBFS.NS, period=1y, interval=1d, use_cache=False)
2026-07-26 22:47:59,460 DEBUG AlphaScanner.Data download_history success for HDBFS.NS rows=250 cols=['adj close', 'Close', 'High', 'Low', 'Open', 'Volume']
2026-07-26 22:47:59,463 DEBUG AlphaScanner.Data download_history(ticker=HDFCAMC.NS, period=1y, interval=1d, use_cache=False)
2026-07-26 22:47:59,615 DEBUG AlphaScanner.Data download_history success for HDFCAMC.NS rows=250 cols=['adj close', 'Close', 'High', 'Low', 'Open', 'Volume']
2026-07-26 22:47:59,617 DEBUG AlphaScanner.Data download_history(ticker=HDFCBANK.NS, period=1y, interval=1d, use_cache=False)
2026-07-26 22:47:59,795 DEBUG AlphaScanner.Data download_history success for HDFCBANK.NS rows=250 cols=['adj close', 'Close', 'High', 'Low', 'Open', 'Volume']
2026-07-26 22:47:59,798 DEBUG AlphaScanner.Data download_history(ticker=HEG.NS, period=1y, interval=1d, use_cache=False)
2026-07-26 22:47:59,985 DEBUG AlphaScanner.Data download_history success for HEG.NS rows=250 cols=['adj close', 'Close', 'High', 'Low', 'Open', 'Volume']
2026-07-26 22:47:59,988 DEBUG AlphaScanner.Data download_history(ticker=HEROMOTOCO.NS, period=1y, interval=1d, use_cache=False)
2026-07-26 22:48:00,164 DEBUG AlphaScanner.Data download_history success for HEROMOTOCO.NS rows=250 cols=['adj close', 'Close', 'High', 'Low', 'Open', 'Volume']
2026-07-26 22:48:00,167 DEBUG AlphaScanner.Data download_history(ticker=HEXT.NS, period=1y, interval=1d, use_cache=False)
2026-07-26 22:48:00,320 DEBUG AlphaScanner.Data download_history success for HEXT.NS rows=249 cols=['adj close', 'Close', 'High', 'Low', 'Open', 'Volume']
2026-07-26 22:48:00,322 DEBUG AlphaScanner.Data download_history(ticker=HFCL.NS, period=1y, interval=1d, use_cache=False)
2026-07-26 22:48:00,579 DEBUG AlphaScanner.Data download_history success for HFCL.NS rows=250 cols=['adj close', 'Close', 'High', 'Low', 'Open', 'Volume']
2026-07-26 22:48:00,582 DEBUG AlphaScanner.Data download_history(ticker=HINDALCO.NS, period=1y, interval=1d, use_cache=False)
2026-07-26 22:48:00,757 DEBUG AlphaScanner.Data download_history success for HINDALCO.NS rows=250 cols=['adj close', 'Close', 'High', 'Low', 'Open', 'Volume']
2026-07-26 22:48:00,760 DEBUG AlphaScanner.Data download_history(ticker=HINDCOPPER.NS, period=1y, interval=1d, use_cache=False)
2026-07-26 22:48:00,921 DEBUG AlphaScanner.Data download_history success for HINDCOPPER.NS rows=250 cols=['adj close', 'Close', 'High', 'Low', 'Open', 'Volume']
2026-07-26 22:48:00,923 DEBUG AlphaScanner.Data download_history(ticker=HINDPETRO.NS, period=1y, interval=1d, use_cache=False)
2026-07-26 22:48:01,094 DEBUG AlphaScanner.Data download_history success for HINDPETRO.NS rows=250 cols=['adj close', 'Close', 'High', 'Low', 'Open', 'Volume']
2026-07-26 22:48:01,097 DEBUG AlphaScanner.Data download_history(ticker=HINDUNILVR.NS, period=1y, interval=1d, use_cache=False)
2026-07-26 22:48:01,251 DEBUG AlphaScanner.Data download_history success for HINDUNILVR.NS rows=250 cols=['adj close', 'Close', 'High', 'Low', 'Open', 'Volume']
2026-07-26 22:48:01,253 DEBUG AlphaScanner.Data download_history(ticker=HINDZINC.NS, period=1y, interval=1d, use_cache=False)
2026-07-26 22:48:01,608 DEBUG AlphaScanner.Data download_history success for HINDZINC.NS rows=250 cols=['adj close', 'Close', 'High', 'Low', 'Open', 'Volume']
2026-07-26 22:48:01,612 DEBUG AlphaScanner.Data download_history(ticker=HONASA.NS, period=1y, interval=1d, use_cache=False)
2026-07-26 22:48:01,755 DEBUG AlphaScanner.Data download_history success for HONASA.NS rows=249 cols=['adj close', 'Close', 'High', 'Low', 'Open', 'Volume']
2026-07-26 22:48:01,758 DEBUG AlphaScanner.Data download_history(ticker=HONAUT.NS, period=1y, interval=1d, use_cache=False)
2026-07-26 22:48:02,021 DEBUG AlphaScanner.Data download_history success for HONAUT.NS rows=248 cols=['adj close', 'Close', 'High', 'Low', 'Open', 'Volume']
2026-07-26 22:48:02,023 DEBUG AlphaScanner.Data download_history(ticker=HSCL.NS, period=1y, interval=1d, use_cache=False)
2026-07-26 22:48:02,188 DEBUG AlphaScanner.Data download_history success for HSCL.NS rows=250 cols=['adj close', 'Close', 'High', 'Low', 'Open', 'Volume']
2026-07-26 22:48:02,191 DEBUG AlphaScanner.Data download_history(ticker=HUDCO.NS, period=1y, interval=1d, use_cache=False)
2026-07-26 22:48:02,427 DEBUG AlphaScanner.Data download_history success for HUDCO.NS rows=250 cols=['adj close', 'Close', 'High', 'Low', 'Open', 'Volume']
2026-07-26 22:48:02,430 DEBUG AlphaScanner.Data download_history(ticker=HYUNDAI.NS, period=1y, interval=1d, use_cache=False)
2026-07-26 22:48:02,577 DEBUG AlphaScanner.Data download_history success for HYUNDAI.NS rows=250 cols=['adj close', 'Close', 'High', 'Low', 'Open', 'Volume']
2026-07-26 22:48:02,579 DEBUG AlphaScanner.Data download_history(ticker=ICICIAMC.NS, period=1y, interval=1d, use_cache=False)
2026-07-26 22:48:02,936 DEBUG AlphaScanner.Data download_history success for ICICIAMC.NS rows=149 cols=['adj close', 'Close', 'High', 'Low', 'Open', 'Volume']
2026-07-26 22:48:02,938 DEBUG AlphaScanner.Data download_history(ticker=ICICIBANK.NS, period=1y, interval=1d, use_cache=False)
2026-07-26 22:48:03,106 DEBUG AlphaScanner.Data download_history success for ICICIBANK.NS rows=250 cols=['adj close', 'Close', 'High', 'Low', 'Open', 'Volume']
2026-07-26 22:48:03,108 DEBUG AlphaScanner.Data download_history(ticker=ICICIGI.NS, period=1y, interval=1d, use_cache=False)
2026-07-26 22:48:03,262 DEBUG AlphaScanner.Data download_history success for ICICIGI.NS rows=250 cols=['adj close', 'Close', 'High', 'Low', 'Open', 'Volume']
2026-07-26 22:48:03,264 DEBUG AlphaScanner.Data download_history(ticker=ICICIPRULI.NS, period=1y, interval=1d, use_cache=False)
2026-07-26 22:48:03,424 DEBUG AlphaScanner.Data download_history success for ICICIPRULI.NS rows=250 cols=['adj close', 'Close', 'High', 'Low', 'Open', 'Volume']
2026-07-26 22:48:03,427 DEBUG AlphaScanner.Data download_history(ticker=IDBI.NS, period=1y, interval=1d, use_cache=False)
2026-07-26 22:48:03,597 DEBUG AlphaScanner.Data download_history success for IDBI.NS rows=250 cols=['adj close', 'Close', 'High', 'Low', 'Open', 'Volume']
2026-07-26 22:48:03,600 DEBUG AlphaScanner.Data download_history(ticker=IDEA.NS, period=1y, interval=1d, use_cache=False)
2026-07-26 22:48:03,740 DEBUG AlphaScanner.Data download_history success for IDEA.NS rows=250 cols=['adj close', 'Close', 'High', 'Low', 'Open', 'Volume']
2026-07-26 22:48:03,743 DEBUG AlphaScanner.Data download_history(ticker=IEX.NS, period=1y, interval=1d, use_cache=False)
2026-07-26 22:48:03,894 DEBUG AlphaScanner.Data download_history success for IEX.NS rows=250 cols=['adj close', 'Close', 'High', 'Low', 'Open', 'Volume']
2026-07-26 22:48:03,896 DEBUG AlphaScanner.Data download_history(ticker=IFCI.NS, period=1y, interval=1d, use_cache=False)
2026-07-26 22:48:04,059 DEBUG AlphaScanner.Data download_history success for IFCI.NS rows=250 cols=['adj close', 'Close', 'High', 'Low', 'Open', 'Volume']
2026-07-26 22:48:04,063 DEBUG AlphaScanner.Data download_history(ticker=IGIL.NS, period=1y, interval=1d, use_cache=False)
2026-07-26 22:48:04,371 DEBUG AlphaScanner.Data download_history success for IGIL.NS rows=250 cols=['adj close', 'Close', 'High', 'Low', 'Open', 'Volume']
2026-07-26 22:48:04,374 DEBUG AlphaScanner.Data download_history(ticker=IIFL.NS, period=1y, interval=1d, use_cache=False)
2026-07-26 22:48:04,537 DEBUG AlphaScanner.Data download_history success for IIFL.NS rows=250 cols=['adj close', 'Close', 'High', 'Low', 'Open', 'Volume']
2026-07-26 22:48:04,539 DEBUG AlphaScanner.Data download_history(ticker=IKS.NS, period=1y, interval=1d, use_cache=False)
2026-07-26 22:48:04,679 DEBUG AlphaScanner.Data download_history success for IKS.NS rows=249 cols=['adj close', 'Close', 'High', 'Low', 'Open', 'Volume']
2026-07-26 22:48:04,682 DEBUG AlphaScanner.Data download_history(ticker=INDGN.NS, period=1y, interval=1d, use_cache=False)
2026-07-26 22:48:04,824 DEBUG AlphaScanner.Data download_history success for INDGN.NS rows=250 cols=['adj close', 'Close', 'High', 'Low', 'Open', 'Volume']
2026-07-26 22:48:04,827 DEBUG AlphaScanner.Data download_history(ticker=INDHOTEL.NS, period=1y, interval=1d, use_cache=False)
2026-07-26 22:48:05,004 DEBUG AlphaScanner.Data download_history success for INDHOTEL.NS rows=250 cols=['adj close', 'Close', 'High', 'Low', 'Open', 'Volume']
2026-07-26 22:48:05,005 DEBUG AlphaScanner.Data download_history(ticker=INDIACEM.NS, period=1y, interval=1d, use_cache=False)
2026-07-26 22:48:05,290 DEBUG AlphaScanner.Data download_history success for INDIACEM.NS rows=250 cols=['adj close', 'Close', 'High', 'Low', 'Open', 'Volume']
2026-07-26 22:48:05,293 DEBUG AlphaScanner.Data download_history(ticker=INDIAMART.NS, period=1y, interval=1d, use_cache=False)
2026-07-26 22:48:05,580 DEBUG AlphaScanner.Data download_history success for INDIAMART.NS rows=250 cols=['adj close', 'Close', 'High', 'Low', 'Open', 'Volume']
2026-07-26 22:48:05,581 DEBUG AlphaScanner.Data download_history(ticker=INDIANB.NS, period=1y, interval=1d, use_cache=False)
2026-07-26 22:48:05,750 DEBUG AlphaScanner.Data download_history success for INDIANB.NS rows=250 cols=['adj close', 'Close', 'High', 'Low', 'Open', 'Volume']
2026-07-26 22:48:05,752 DEBUG AlphaScanner.Data download_history(ticker=INDIGO.NS, period=1y, interval=1d, use_cache=False)
2026-07-26 22:48:06,012 DEBUG AlphaScanner.Data download_history success for INDIGO.NS rows=249 cols=['adj close', 'Close', 'High', 'Low', 'Open', 'Volume']
2026-07-26 22:48:06,015 DEBUG AlphaScanner.Data download_history(ticker=INDUSINDBK.NS, period=1y, interval=1d, use_cache=False)
2026-07-26 22:48:06,186 DEBUG AlphaScanner.Data download_history success for INDUSINDBK.NS rows=250 cols=['adj close', 'Close', 'High', 'Low', 'Open', 'Volume']
2026-07-26 22:48:06,188 DEBUG AlphaScanner.Data download_history(ticker=INDUSTOWER.NS, period=1y, interval=1d, use_cache=False)
2026-07-26 22:48:06,333 DEBUG AlphaScanner.Data download_history success for INDUSTOWER.NS rows=250 cols=['adj close', 'Close', 'High', 'Low', 'Open', 'Volume']
2026-07-26 22:48:06,335 DEBUG AlphaScanner.Data download_history(ticker=INFY.NS, period=1y, interval=1d, use_cache=False)
2026-07-26 22:48:06,620 DEBUG AlphaScanner.Data download_history success for INFY.NS rows=250 cols=['adj close', 'Close', 'High', 'Low', 'Open', 'Volume']
2026-07-26 22:48:06,624 DEBUG AlphaScanner.Data download_history(ticker=INTELLECT.NS, period=1y, interval=1d, use_cache=False)
2026-07-26 22:48:06,789 DEBUG AlphaScanner.Data download_history success for INTELLECT.NS rows=250 cols=['adj close', 'Close', 'High', 'Low', 'Open', 'Volume']
2026-07-26 22:48:06,791 DEBUG AlphaScanner.Data download_history(ticker=IOB.NS, period=1y, interval=1d, use_cache=False)
2026-07-26 22:48:06,952 DEBUG AlphaScanner.Data download_history success for IOB.NS rows=250 cols=['adj close', 'Close', 'High', 'Low', 'Open', 'Volume']
2026-07-26 22:48:06,954 DEBUG AlphaScanner.Data download_history(ticker=IOC.NS, period=1y, interval=1d, use_cache=False)
2026-07-26 22:48:07,139 DEBUG AlphaScanner.Data download_history success for IOC.NS rows=250 cols=['adj close', 'Close', 'High', 'Low', 'Open', 'Volume']
2026-07-26 22:48:07,141 DEBUG AlphaScanner.Data download_history(ticker=IPCALAB.NS, period=1y, interval=1d, use_cache=False)
2026-07-26 22:48:07,324 DEBUG AlphaScanner.Data download_history success for IPCALAB.NS rows=249 cols=['adj close', 'Close', 'High', 'Low', 'Open', 'Volume']
2026-07-26 22:48:07,328 DEBUG AlphaScanner.Data download_history(ticker=IRCON.NS, period=1y, interval=1d, use_cache=False)
2026-07-26 22:48:07,573 DEBUG AlphaScanner.Data download_history success for IRCON.NS rows=250 cols=['adj close', 'Close', 'High', 'Low', 'Open', 'Volume']
2026-07-26 22:48:07,576 DEBUG AlphaScanner.Data download_history(ticker=IRCTC.NS, period=1y, interval=1d, use_cache=False)
2026-07-26 22:48:07,730 DEBUG AlphaScanner.Data download_history success for IRCTC.NS rows=250 cols=['adj close', 'Close', 'High', 'Low', 'Open', 'Volume']
2026-07-26 22:48:07,732 DEBUG AlphaScanner.Data download_history(ticker=IREDA.NS, period=1y, interval=1d, use_cache=False)
2026-07-26 22:48:08,018 DEBUG AlphaScanner.Data download_history success for IREDA.NS rows=250 cols=['adj close', 'Close', 'High', 'Low', 'Open', 'Volume']
2026-07-26 22:48:08,020 DEBUG AlphaScanner.Data download_history(ticker=IRFC.NS, period=1y, interval=1d, use_cache=False)
2026-07-26 22:48:08,186 DEBUG AlphaScanner.Data download_history success for IRFC.NS rows=250 cols=['adj close', 'Close', 'High', 'Low', 'Open', 'Volume']
2026-07-26 22:48:08,189 DEBUG AlphaScanner.Data download_history(ticker=ITC.NS, period=1y, interval=1d, use_cache=False)
2026-07-26 22:48:08,364 DEBUG AlphaScanner.Data download_history success for ITC.NS rows=250 cols=['adj close', 'Close', 'High', 'Low', 'Open', 'Volume']
2026-07-26 22:48:08,366 DEBUG AlphaScanner.Data download_history(ticker=ITCHOTELS.NS, period=1y, interval=1d, use_cache=False)
2026-07-26 22:48:08,518 DEBUG AlphaScanner.Data download_history success for ITCHOTELS.NS rows=250 cols=['adj close', 'Close', 'High', 'Low', 'Open', 'Volume']
2026-07-26 22:48:08,520 DEBUG AlphaScanner.Data download_history(ticker=ITI.NS, period=1y, interval=1d, use_cache=False)
2026-07-26 22:48:08,656 DEBUG AlphaScanner.Data download_history success for ITI.NS rows=250 cols=['adj close', 'Close', 'High', 'Low', 'Open', 'Volume']
2026-07-26 22:48:08,660 DEBUG AlphaScanner.Data download_history(ticker=J&KBANK.NS, period=1y, interval=1d, use_cache=False)
2026-07-26 22:48:08,801 DEBUG AlphaScanner.Data download_history success for J&KBANK.NS rows=250 cols=['adj close', 'Close', 'High', 'Low', 'Open', 'Volume']
2026-07-26 22:48:08,804 DEBUG AlphaScanner.Data download_history(ticker=JBMA.NS, period=1y, interval=1d, use_cache=False)
2026-07-26 22:48:09,013 DEBUG AlphaScanner.Data download_history success for JBMA.NS rows=250 cols=['adj close', 'Close', 'High', 'Low', 'Open', 'Volume']
2026-07-26 22:48:09,015 DEBUG AlphaScanner.Data download_history(ticker=JINDALSAW.NS, period=1y, interval=1d, use_cache=False)
2026-07-26 22:48:09,161 DEBUG AlphaScanner.Data download_history success for JINDALSAW.NS rows=250 cols=['adj close', 'Close', 'High', 'Low', 'Open', 'Volume']
2026-07-26 22:48:09,164 DEBUG AlphaScanner.Data download_history(ticker=JINDALSTEL.NS, period=1y, interval=1d, use_cache=False)
2026-07-26 22:48:09,306 DEBUG AlphaScanner.Data download_history success for JINDALSTEL.NS rows=250 cols=['adj close', 'Close', 'High', 'Low', 'Open', 'Volume']
2026-07-26 22:48:09,308 DEBUG AlphaScanner.Data download_history(ticker=JIOFIN.NS, period=1y, interval=1d, use_cache=False)
2026-07-26 22:48:09,426 DEBUG AlphaScanner.Data download_history success for JIOFIN.NS rows=250 cols=['adj close', 'Close', 'High', 'Low', 'Open', 'Volume']
2026-07-26 22:48:09,428 DEBUG AlphaScanner.Data download_history(ticker=JKCEMENT.NS, period=1y, interval=1d, use_cache=False)
2026-07-26 22:48:09,564 DEBUG AlphaScanner.Data download_history success for JKCEMENT.NS rows=250 cols=['adj close', 'Close', 'High', 'Low', 'Open', 'Volume']
2026-07-26 22:48:09,565 DEBUG AlphaScanner.Data download_history(ticker=JKTYRE.NS, period=1y, interval=1d, use_cache=False)
2026-07-26 22:48:09,874 DEBUG AlphaScanner.Data download_history success for JKTYRE.NS rows=250 cols=['adj close', 'Close', 'High', 'Low', 'Open', 'Volume']
2026-07-26 22:48:09,876 DEBUG AlphaScanner.Data download_history(ticker=JMFINANCIL.NS, period=1y, interval=1d, use_cache=False)
2026-07-26 22:48:10,023 DEBUG AlphaScanner.Data download_history success for JMFINANCIL.NS rows=250 cols=['adj close', 'Close', 'High', 'Low', 'Open', 'Volume']
2026-07-26 22:48:10,026 DEBUG AlphaScanner.Data download_history(ticker=JSL.NS, period=1y, interval=1d, use_cache=False)
2026-07-26 22:48:10,181 DEBUG AlphaScanner.Data download_history success for JSL.NS rows=250 cols=['adj close', 'Close', 'High', 'Low', 'Open', 'Volume']
2026-07-26 22:48:10,183 DEBUG AlphaScanner.Data download_history(ticker=JSWCEMENT.NS, period=1y, interval=1d, use_cache=False)
2026-07-26 22:48:10,301 DEBUG AlphaScanner.Data download_history success for JSWCEMENT.NS rows=235 cols=['adj close', 'Close', 'High', 'Low', 'Open', 'Volume']
2026-07-26 22:48:10,303 DEBUG AlphaScanner.Data download_history(ticker=JSWDULUX.NS, period=1y, interval=1d, use_cache=False)
2026-07-26 22:48:10,440 DEBUG AlphaScanner.Data download_history success for JSWDULUX.NS rows=250 cols=['adj close', 'Close', 'High', 'Low', 'Open', 'Volume']
2026-07-26 22:48:10,443 DEBUG AlphaScanner.Data download_history(ticker=JSWINFRA.NS, period=1y, interval=1d, use_cache=False)
2026-07-26 22:48:10,567 DEBUG AlphaScanner.Data download_history success for JSWINFRA.NS rows=250 cols=['adj close', 'Close', 'High', 'Low', 'Open', 'Volume']
2026-07-26 22:48:10,569 DEBUG AlphaScanner.Data download_history(ticker=JSWSTEEL.NS, period=1y, interval=1d, use_cache=False)
2026-07-26 22:48:10,711 DEBUG AlphaScanner.Data download_history success for JSWSTEEL.NS rows=250 cols=['adj close', 'Close', 'High', 'Low', 'Open', 'Volume']
2026-07-26 22:48:10,713 DEBUG AlphaScanner.Data download_history(ticker=JUBLFOOD.NS, period=1y, interval=1d, use_cache=False)
2026-07-26 22:48:10,854 DEBUG AlphaScanner.Data download_history success for JUBLFOOD.NS rows=250 cols=['adj close', 'Close', 'High', 'Low', 'Open', 'Volume']
2026-07-26 22:48:10,856 DEBUG AlphaScanner.Data download_history(ticker=JUBLINGREA.NS, period=1y, interval=1d, use_cache=False)
2026-07-26 22:48:10,994 DEBUG AlphaScanner.Data download_history success for JUBLINGREA.NS rows=250 cols=['adj close', 'Close', 'High', 'Low', 'Open', 'Volume']
2026-07-26 22:48:10,995 DEBUG AlphaScanner.Data download_history(ticker=JUBLPHARMA.NS, period=1y, interval=1d, use_cache=False)
2026-07-26 22:48:11,183 DEBUG AlphaScanner.Data download_history success for JUBLPHARMA.NS rows=249 cols=['adj close', 'Close', 'High', 'Low', 'Open', 'Volume']
2026-07-26 22:48:11,185 DEBUG AlphaScanner.Data download_history(ticker=JWL.NS, period=1y, interval=1d, use_cache=False)
2026-07-26 22:48:11,335 DEBUG AlphaScanner.Data download_history success for JWL.NS rows=250 cols=['adj close', 'Close', 'High', 'Low', 'Open', 'Volume']
2026-07-26 22:48:11,338 DEBUG AlphaScanner.Data download_history(ticker=JYOTICNC.NS, period=1y, interval=1d, use_cache=False)
2026-07-26 22:48:11,638 DEBUG AlphaScanner.Data download_history success for JYOTICNC.NS rows=250 cols=['adj close', 'Close', 'High', 'Low', 'Open', 'Volume']
2026-07-26 22:48:11,642 DEBUG AlphaScanner.Data download_history(ticker=KALYANKJIL.NS, period=1y, interval=1d, use_cache=False)
2026-07-26 22:48:11,794 DEBUG AlphaScanner.Data download_history success for KALYANKJIL.NS rows=250 cols=['adj close', 'Close', 'High', 'Low', 'Open', 'Volume']
2026-07-26 22:48:11,797 DEBUG AlphaScanner.Data download_history(ticker=KARURVYSYA.NS, period=1y, interval=1d, use_cache=False)
2026-07-26 22:48:12,001 DEBUG AlphaScanner.Data download_history success for KARURVYSYA.NS rows=250 cols=['adj close', 'Close', 'High', 'Low', 'Open', 'Volume']
2026-07-26 22:48:12,003 DEBUG AlphaScanner.Data download_history(ticker=KAYNES.NS, period=1y, interval=1d, use_cache=False)
2026-07-26 22:48:12,149 DEBUG AlphaScanner.Data download_history success for KAYNES.NS rows=250 cols=['adj close', 'Close', 'High', 'Low', 'Open', 'Volume']
2026-07-26 22:48:12,152 DEBUG AlphaScanner.Data download_history(ticker=KEC.NS, period=1y, interval=1d, use_cache=False)
2026-07-26 22:48:12,320 DEBUG AlphaScanner.Data download_history success for KEC.NS rows=250 cols=['adj close', 'Close', 'High', 'Low', 'Open', 'Volume']
2026-07-26 22:48:12,322 DEBUG AlphaScanner.Data download_history(ticker=KEI.NS, period=1y, interval=1d, use_cache=False)
2026-07-26 22:48:12,492 DEBUG AlphaScanner.Data download_history success for KEI.NS rows=250 cols=['adj close', 'Close', 'High', 'Low', 'Open', 'Volume']
2026-07-26 22:48:12,494 DEBUG AlphaScanner.Data download_history(ticker=KFINTECH.NS, period=1y, interval=1d, use_cache=False)
2026-07-26 22:48:12,641 DEBUG AlphaScanner.Data download_history success for KFINTECH.NS rows=250 cols=['adj close', 'Close', 'High', 'Low', 'Open', 'Volume']
2026-07-26 22:48:12,644 DEBUG AlphaScanner.Data download_history(ticker=KIMS.NS, period=1y, interval=1d, use_cache=False)
2026-07-26 22:48:12,969 DEBUG AlphaScanner.Data download_history success for KIMS.NS rows=250 cols=['adj close', 'Close', 'High', 'Low', 'Open', 'Volume']
2026-07-26 22:48:12,971 DEBUG AlphaScanner.Data download_history(ticker=KIRLOSENG.NS, period=1y, interval=1d, use_cache=False)
2026-07-26 22:48:13,132 DEBUG AlphaScanner.Data download_history success for KIRLOSENG.NS rows=249 cols=['adj close', 'Close', 'High', 'Low', 'Open', 'Volume']
2026-07-26 22:48:13,134 DEBUG AlphaScanner.Data download_history(ticker=KOTAKBANK.NS, period=1y, interval=1d, use_cache=False)
2026-07-26 22:48:13,321 DEBUG AlphaScanner.Data download_history success for KOTAKBANK.NS rows=250 cols=['adj close', 'Close', 'High', 'Low', 'Open', 'Volume']
2026-07-26 22:48:13,323 DEBUG AlphaScanner.Data download_history(ticker=KPIL.NS, period=1y, interval=1d, use_cache=False)
2026-07-26 22:48:13,501 DEBUG AlphaScanner.Data download_history success for KPIL.NS rows=249 cols=['adj close', 'Close', 'High', 'Low', 'Open', 'Volume']
2026-07-26 22:48:13,503 DEBUG AlphaScanner.Data download_history(ticker=KPITTECH.NS, period=1y, interval=1d, use_cache=False)
2026-07-26 22:48:13,663 DEBUG AlphaScanner.Data download_history success for KPITTECH.NS rows=250 cols=['adj close', 'Close', 'High', 'Low', 'Open', 'Volume']
2026-07-26 22:48:13,666 DEBUG AlphaScanner.Data download_history(ticker=LALPATHLAB.NS, period=1y, interval=1d, use_cache=False)
2026-07-26 22:48:14,013 DEBUG AlphaScanner.Data download_history success for LALPATHLAB.NS rows=250 cols=['adj close', 'Close', 'High', 'Low', 'Open', 'Volume']
2026-07-26 22:48:14,015 DEBUG AlphaScanner.Data download_history(ticker=LATENTVIEW.NS, period=1y, interval=1d, use_cache=False)
2026-07-26 22:48:14,162 DEBUG AlphaScanner.Data download_history success for LATENTVIEW.NS rows=250 cols=['adj close', 'Close', 'High', 'Low', 'Open', 'Volume']
2026-07-26 22:48:14,165 DEBUG AlphaScanner.Data download_history(ticker=LAURUSLABS.NS, period=1y, interval=1d, use_cache=False)
2026-07-26 22:48:14,326 DEBUG AlphaScanner.Data download_history success for LAURUSLABS.NS rows=250 cols=['adj close', 'Close', 'High', 'Low', 'Open', 'Volume']
2026-07-26 22:48:14,329 DEBUG AlphaScanner.Data download_history(ticker=LEMONTREE.NS, period=1y, interval=1d, use_cache=False)
2026-07-26 22:48:14,470 DEBUG AlphaScanner.Data download_history success for LEMONTREE.NS rows=250 cols=['adj close', 'Close', 'High', 'Low', 'Open', 'Volume']
2026-07-26 22:48:14,473 DEBUG AlphaScanner.Data download_history(ticker=LENSKART.NS, period=1y, interval=1d, use_cache=False)
2026-07-26 22:48:14,611 DEBUG AlphaScanner.Data download_history success for LENSKART.NS rows=178 cols=['adj close', 'Close', 'High', 'Low', 'Open', 'Volume']
2026-07-26 22:48:14,613 DEBUG AlphaScanner.Data download_history(ticker=LGEINDIA.NS, period=1y, interval=1d, use_cache=False)
2026-07-26 22:48:14,912 DEBUG AlphaScanner.Data download_history success for LGEINDIA.NS rows=195 cols=['adj close', 'Close', 'High', 'Low', 'Open', 'Volume']
2026-07-26 22:48:14,915 DEBUG AlphaScanner.Data download_history(ticker=LICHSGFIN.NS, period=1y, interval=1d, use_cache=False)
2026-07-26 22:48:15,197 DEBUG AlphaScanner.Data download_history success for LICHSGFIN.NS rows=250 cols=['adj close', 'Close', 'High', 'Low', 'Open', 'Volume']
2026-07-26 22:48:15,199 DEBUG AlphaScanner.Data download_history(ticker=LICI.NS, period=1y, interval=1d, use_cache=False)
2026-07-26 22:48:15,324 DEBUG AlphaScanner.Data download_history success for LICI.NS rows=250 cols=['adj close', 'Close', 'High', 'Low', 'Open', 'Volume']
2026-07-26 22:48:15,327 DEBUG AlphaScanner.Data download_history(ticker=LINDEINDIA.NS, period=1y, interval=1d, use_cache=False)
2026-07-26 22:48:15,561 DEBUG AlphaScanner.Data download_history success for LINDEINDIA.NS rows=249 cols=['adj close', 'Close', 'High', 'Low', 'Open', 'Volume']
2026-07-26 22:48:15,563 DEBUG AlphaScanner.Data download_history(ticker=LLOYDSME.NS, period=1y, interval=1d, use_cache=False)
2026-07-26 22:48:15,754 DEBUG AlphaScanner.Data download_history success for LLOYDSME.NS rows=250 cols=['adj close', 'Close', 'High', 'Low', 'Open', 'Volume']
2026-07-26 22:48:15,759 DEBUG AlphaScanner.Data download_history(ticker=LT.NS, period=1y, interval=1d, use_cache=False)
2026-07-26 22:48:16,028 DEBUG AlphaScanner.Data download_history success for LT.NS rows=250 cols=['adj close', 'Close', 'High', 'Low', 'Open', 'Volume']
2026-07-26 22:48:16,030 DEBUG AlphaScanner.Data download_history(ticker=LTF.NS, period=1y, interval=1d, use_cache=False)
2026-07-26 22:48:16,192 DEBUG AlphaScanner.Data download_history success for LTF.NS rows=250 cols=['adj close', 'Close', 'High', 'Low', 'Open', 'Volume']
2026-07-26 22:48:16,194 DEBUG AlphaScanner.Data download_history(ticker=LTFOODS.NS, period=1y, interval=1d, use_cache=False)
2026-07-26 22:48:16,581 DEBUG AlphaScanner.Data download_history success for LTFOODS.NS rows=250 cols=['adj close', 'Close', 'High', 'Low', 'Open', 'Volume']
2026-07-26 22:48:16,583 DEBUG AlphaScanner.Data download_history(ticker=LTM.NS, period=1y, interval=1d, use_cache=False)
2026-07-26 22:48:16,786 DEBUG AlphaScanner.Data download_history success for LTM.NS rows=250 cols=['adj close', 'Close', 'High', 'Low', 'Open', 'Volume']
2026-07-26 22:48:16,789 DEBUG AlphaScanner.Data download_history(ticker=LUPIN.NS, period=1y, interval=1d, use_cache=False)
2026-07-26 22:48:17,065 DEBUG AlphaScanner.Data download_history success for LUPIN.NS rows=250 cols=['adj close', 'Close', 'High', 'Low', 'Open', 'Volume']
2026-07-26 22:48:17,067 DEBUG AlphaScanner.Data download_history(ticker=M&M.NS, period=1y, interval=1d, use_cache=False)
2026-07-26 22:48:17,377 DEBUG AlphaScanner.Data download_history success for M&M.NS rows=250 cols=['adj close', 'Close', 'High', 'Low', 'Open', 'Volume']
2026-07-26 22:48:17,379 DEBUG AlphaScanner.Data download_history(ticker=M&MFIN.NS, period=1y, interval=1d, use_cache=False)
2026-07-26 22:48:17,661 DEBUG AlphaScanner.Data download_history success for M&MFIN.NS rows=250 cols=['adj close', 'Close', 'High', 'Low', 'Open', 'Volume']
2026-07-26 22:48:17,664 DEBUG AlphaScanner.Data download_history(ticker=MANAPPURAM.NS, period=1y, interval=1d, use_cache=False)
2026-07-26 22:48:18,016 DEBUG AlphaScanner.Data download_history success for MANAPPURAM.NS rows=250 cols=['adj close', 'Close', 'High', 'Low', 'Open', 'Volume']
2026-07-26 22:48:18,020 DEBUG AlphaScanner.Data download_history(ticker=MARUTI.NS, period=1y, interval=1d, use_cache=False)
2026-07-26 22:48:18,196 DEBUG AlphaScanner.Data download_history success for MARUTI.NS rows=250 cols=['adj close', 'Close', 'High', 'Low', 'Open', 'Volume']
2026-07-26 22:48:18,201 DEBUG AlphaScanner.Data download_history(ticker=MEDANTA.NS, period=1y, interval=1d, use_cache=False)
2026-07-26 22:48:18,352 DEBUG AlphaScanner.Data download_history success for MEDANTA.NS rows=249 cols=['adj close', 'Close', 'High', 'Low', 'Open', 'Volume']
2026-07-26 22:48:18,356 DEBUG AlphaScanner.Data download_history(ticker=MFSL.NS, period=1y, interval=1d, use_cache=False)
2026-07-26 22:48:18,513 DEBUG AlphaScanner.Data download_history success for MFSL.NS rows=250 cols=['adj close', 'Close', 'High', 'Low', 'Open', 'Volume']
2026-07-26 22:48:18,520 DEBUG AlphaScanner.Data download_history(ticker=MOTILALOFS.NS, period=1y, interval=1d, use_cache=False)
2026-07-26 22:48:18,692 DEBUG AlphaScanner.Data download_history success for MOTILALOFS.NS rows=250 cols=['adj close', 'Close', 'High', 'Low', 'Open', 'Volume']
2026-07-26 22:48:18,697 DEBUG AlphaScanner.Data download_history(ticker=MSUMI.NS, period=1y, interval=1d, use_cache=False)
2026-07-26 22:48:18,847 DEBUG AlphaScanner.Data download_history success for MSUMI.NS rows=250 cols=['adj close', 'Close', 'High', 'Low', 'Open', 'Volume']
2026-07-26 22:48:18,852 DEBUG AlphaScanner.Data download_history(ticker=NATIONALUM.NS, period=1y, interval=1d, use_cache=False)
2026-07-26 22:48:19,019 DEBUG AlphaScanner.Data download_history success for NATIONALUM.NS rows=250 cols=['adj close', 'Close', 'High', 'Low', 'Open', 'Volume']
2026-07-26 22:48:19,021 DEBUG AlphaScanner.Data download_history(ticker=NAUKRI.NS, period=1y, interval=1d, use_cache=False)
2026-07-26 22:48:19,183 DEBUG AlphaScanner.Data download_history success for NAUKRI.NS rows=250 cols=['adj close', 'Close', 'High', 'Low', 'Open', 'Volume']
2026-07-26 22:48:19,186 DEBUG AlphaScanner.Data download_history(ticker=NAVINFLUOR.NS, period=1y, interval=1d, use_cache=False)
2026-07-26 22:48:19,356 DEBUG AlphaScanner.Data download_history success for NAVINFLUOR.NS rows=249 cols=['adj close', 'Close', 'High', 'Low', 'Open', 'Volume']
2026-07-26 22:48:19,359 DEBUG AlphaScanner.Data download_history(ticker=NBCC.NS, period=1y, interval=1d, use_cache=False)
2026-07-26 22:48:19,520 DEBUG AlphaScanner.Data download_history success for NBCC.NS rows=250 cols=['adj close', 'Close', 'High', 'Low', 'Open', 'Volume']
2026-07-26 22:48:19,525 DEBUG AlphaScanner.Data download_history(ticker=NCC.NS, period=1y, interval=1d, use_cache=False)
2026-07-26 22:48:19,668 DEBUG AlphaScanner.Data download_history success for NCC.NS rows=250 cols=['adj close', 'Close', 'High', 'Low', 'Open', 'Volume']
2026-07-26 22:48:19,669 DEBUG AlphaScanner.Data download_history(ticker=NESTLEIND.NS, period=1y, interval=1d, use_cache=False)
2026-07-26 22:48:19,826 DEBUG AlphaScanner.Data download_history success for NESTLEIND.NS rows=250 cols=['adj close', 'Close', 'High', 'Low', 'Open', 'Volume']
2026-07-26 22:48:19,828 DEBUG AlphaScanner.Data download_history(ticker=NETWEB.NS, period=1y, interval=1d, use_cache=False)
2026-07-26 22:48:19,975 DEBUG AlphaScanner.Data download_history success for NETWEB.NS rows=250 cols=['adj close', 'Close', 'High', 'Low', 'Open', 'Volume']
2026-07-26 22:48:19,977 DEBUG AlphaScanner.Data download_history(ticker=NEULANDLAB.NS, period=1y, interval=1d, use_cache=False)
2026-07-26 22:48:20,120 DEBUG AlphaScanner.Data download_history success for NEULANDLAB.NS rows=250 cols=['adj close', 'Close', 'High', 'Low', 'Open', 'Volume']
2026-07-26 22:48:20,123 DEBUG AlphaScanner.Data download_history(ticker=NEWGEN.NS, period=1y, interval=1d, use_cache=False)
2026-07-26 22:48:20,280 DEBUG AlphaScanner.Data download_history success for NEWGEN.NS rows=250 cols=['adj close', 'Close', 'High', 'Low', 'Open', 'Volume']
2026-07-26 22:48:20,282 DEBUG AlphaScanner.Data download_history(ticker=NH.NS, period=1y, interval=1d, use_cache=False)
2026-07-26 22:48:20,435 DEBUG AlphaScanner.Data download_history success for NH.NS rows=250 cols=['adj close', 'Close', 'High', 'Low', 'Open', 'Volume']
2026-07-26 22:48:20,438 DEBUG AlphaScanner.Data download_history(ticker=NHPC.NS, period=1y, interval=1d, use_cache=False)
2026-07-26 22:48:20,598 DEBUG AlphaScanner.Data download_history success for NHPC.NS rows=250 cols=['adj close', 'Close', 'High', 'Low', 'Open', 'Volume']
2026-07-26 22:48:20,601 DEBUG AlphaScanner.Data download_history(ticker=NIVABUPA.NS, period=1y, interval=1d, use_cache=False)
2026-07-26 22:48:20,746 DEBUG AlphaScanner.Data download_history success for NIVABUPA.NS rows=249 cols=['adj close', 'Close', 'High', 'Low', 'Open', 'Volume']
2026-07-26 22:48:20,749 DEBUG AlphaScanner.Data download_history(ticker=NLCINDIA.NS, period=1y, interval=1d, use_cache=False)
2026-07-26 22:48:20,929 DEBUG AlphaScanner.Data download_history success for NLCINDIA.NS rows=250 cols=['adj close', 'Close', 'High', 'Low', 'Open', 'Volume']
2026-07-26 22:48:20,931 DEBUG AlphaScanner.Data download_history(ticker=NMDC.NS, period=1y, interval=1d, use_cache=False)
2026-07-26 22:48:21,089 DEBUG AlphaScanner.Data download_history success for NMDC.NS rows=250 cols=['adj close', 'Close', 'High', 'Low', 'Open', 'Volume']
2026-07-26 22:48:21,092 DEBUG AlphaScanner.Data download_history(ticker=NSLNISP.NS, period=1y, interval=1d, use_cache=False)
2026-07-26 22:48:21,236 DEBUG AlphaScanner.Data download_history success for NSLNISP.NS rows=250 cols=['adj close', 'Close', 'High', 'Low', 'Open', 'Volume']
2026-07-26 22:48:21,239 DEBUG AlphaScanner.Data download_history(ticker=NTPC.NS, period=1y, interval=1d, use_cache=False)
2026-07-26 22:48:21,399 DEBUG AlphaScanner.Data download_history success for NTPC.NS rows=250 cols=['adj close', 'Close', 'High', 'Low', 'Open', 'Volume']
2026-07-26 22:48:21,401 DEBUG AlphaScanner.Data download_history(ticker=NTPCGREEN.NS, period=1y, interval=1d, use_cache=False)
2026-07-26 22:48:21,539 DEBUG AlphaScanner.Data download_history success for NTPCGREEN.NS rows=250 cols=['adj close', 'Close', 'High', 'Low', 'Open', 'Volume']
2026-07-26 22:48:21,543 DEBUG AlphaScanner.Data download_history(ticker=NUVOCO.NS, period=1y, interval=1d, use_cache=False)
2026-07-26 22:48:21,683 DEBUG AlphaScanner.Data download_history success for NUVOCO.NS rows=250 cols=['adj close', 'Close', 'High', 'Low', 'Open', 'Volume']
2026-07-26 22:48:21,686 DEBUG AlphaScanner.Data download_history(ticker=NYKAA.NS, period=1y, interval=1d, use_cache=False)
2026-07-26 22:48:21,821 DEBUG AlphaScanner.Data download_history success for NYKAA.NS rows=250 cols=['adj close', 'Close', 'High', 'Low', 'Open', 'Volume']
2026-07-26 22:48:21,824 DEBUG AlphaScanner.Data download_history(ticker=OBEROIRLTY.NS, period=1y, interval=1d, use_cache=False)
2026-07-26 22:48:21,995 DEBUG AlphaScanner.Data download_history success for OBEROIRLTY.NS rows=249 cols=['adj close', 'Close', 'High', 'Low', 'Open', 'Volume']
2026-07-26 22:48:21,997 DEBUG AlphaScanner.Data download_history(ticker=OFSS.NS, period=1y, interval=1d, use_cache=False)
2026-07-26 22:48:22,162 DEBUG AlphaScanner.Data download_history success for OFSS.NS rows=250 cols=['adj close', 'Close', 'High', 'Low', 'Open', 'Volume']
2026-07-26 22:48:22,164 DEBUG AlphaScanner.Data download_history(ticker=OIL.NS, period=1y, interval=1d, use_cache=False)
2026-07-26 22:48:22,443 DEBUG AlphaScanner.Data download_history success for OIL.NS rows=250 cols=['adj close', 'Close', 'High', 'Low', 'Open', 'Volume']
2026-07-26 22:48:22,445 DEBUG AlphaScanner.Data download_history(ticker=OLAELEC.NS, period=1y, interval=1d, use_cache=False)
2026-07-26 22:48:22,592 DEBUG AlphaScanner.Data download_history success for OLAELEC.NS rows=250 cols=['adj close', 'Close', 'High', 'Low', 'Open', 'Volume']
2026-07-26 22:48:22,595 DEBUG AlphaScanner.Data download_history(ticker=OLECTRA.NS, period=1y, interval=1d, use_cache=False)
2026-07-26 22:48:22,777 DEBUG AlphaScanner.Data download_history success for OLECTRA.NS rows=250 cols=['adj close', 'Close', 'High', 'Low', 'Open', 'Volume']
2026-07-26 22:48:22,780 DEBUG AlphaScanner.Data download_history(ticker=ONGC.NS, period=1y, interval=1d, use_cache=False)
2026-07-26 22:48:23,012 DEBUG AlphaScanner.Data download_history success for ONGC.NS rows=250 cols=['adj close', 'Close', 'High', 'Low', 'Open', 'Volume']
2026-07-26 22:48:23,014 DEBUG AlphaScanner.Data download_history(ticker=PAGEIND.NS, period=1y, interval=1d, use_cache=False)
2026-07-26 22:48:23,177 DEBUG AlphaScanner.Data download_history success for PAGEIND.NS rows=248 cols=['adj close', 'Close', 'High', 'Low', 'Open', 'Volume']
2026-07-26 22:48:23,179 DEBUG AlphaScanner.Data download_history(ticker=PARADEEP.NS, period=1y, interval=1d, use_cache=False)
2026-07-26 22:48:23,325 DEBUG AlphaScanner.Data download_history success for PARADEEP.NS rows=250 cols=['adj close', 'Close', 'High', 'Low', 'Open', 'Volume']
2026-07-26 22:48:23,327 DEBUG AlphaScanner.Data download_history(ticker=PATANJALI.NS, period=1y, interval=1d, use_cache=False)
2026-07-26 22:48:23,509 DEBUG AlphaScanner.Data download_history success for PATANJALI.NS rows=250 cols=['adj close', 'Close', 'High', 'Low', 'Open', 'Volume']
2026-07-26 22:48:23,511 DEBUG AlphaScanner.Data download_history(ticker=PAYTM.NS, period=1y, interval=1d, use_cache=False)
2026-07-26 22:48:23,650 DEBUG AlphaScanner.Data download_history success for PAYTM.NS rows=250 cols=['adj close', 'Close', 'High', 'Low', 'Open', 'Volume']
2026-07-26 22:48:23,652 DEBUG AlphaScanner.Data download_history(ticker=PCBL.NS, period=1y, interval=1d, use_cache=False)
2026-07-26 22:48:23,828 DEBUG AlphaScanner.Data download_history success for PCBL.NS rows=250 cols=['adj close', 'Close', 'High', 'Low', 'Open', 'Volume']
2026-07-26 22:48:23,830 DEBUG AlphaScanner.Data download_history(ticker=PERSISTENT.NS, period=1y, interval=1d, use_cache=False)
2026-07-26 22:48:23,995 DEBUG AlphaScanner.Data download_history success for PERSISTENT.NS rows=250 cols=['adj close', 'Close', 'High', 'Low', 'Open', 'Volume']
2026-07-26 22:48:23,997 DEBUG AlphaScanner.Data download_history(ticker=PETRONET.NS, period=1y, interval=1d, use_cache=False)
2026-07-26 22:48:24,164 DEBUG AlphaScanner.Data download_history success for PETRONET.NS rows=250 cols=['adj close', 'Close', 'High', 'Low', 'Open', 'Volume']
2026-07-26 22:48:24,167 DEBUG AlphaScanner.Data download_history(ticker=PFIZER.NS, period=1y, interval=1d, use_cache=False)
2026-07-26 22:48:24,348 DEBUG AlphaScanner.Data download_history success for PFIZER.NS rows=249 cols=['adj close', 'Close', 'High', 'Low', 'Open', 'Volume']
2026-07-26 22:48:24,350 DEBUG AlphaScanner.Data download_history(ticker=PFOCUS.NS, period=1y, interval=1d, use_cache=False)
2026-07-26 22:48:24,493 DEBUG AlphaScanner.Data download_history success for PFOCUS.NS rows=249 cols=['adj close', 'Close', 'High', 'Low', 'Open', 'Volume']
2026-07-26 22:48:24,496 DEBUG AlphaScanner.Data download_history(ticker=PGEL.NS, period=1y, interval=1d, use_cache=False)
2026-07-26 22:48:24,642 DEBUG AlphaScanner.Data download_history success for PGEL.NS rows=250 cols=['adj close', 'Close', 'High', 'Low', 'Open', 'Volume']
2026-07-26 22:48:24,645 DEBUG AlphaScanner.Data download_history(ticker=PIDILITIND.NS, period=1y, interval=1d, use_cache=False)
2026-07-26 22:48:24,820 DEBUG AlphaScanner.Data download_history success for PIDILITIND.NS rows=250 cols=['adj close', 'Close', 'High', 'Low', 'Open', 'Volume']
2026-07-26 22:48:24,823 DEBUG AlphaScanner.Data download_history(ticker=PIIND.NS, period=1y, interval=1d, use_cache=False)
2026-07-26 22:48:25,094 DEBUG AlphaScanner.Data download_history success for PIIND.NS rows=250 cols=['adj close', 'Close', 'High', 'Low', 'Open', 'Volume']
2026-07-26 22:48:25,097 DEBUG AlphaScanner.Data download_history(ticker=PINELABS.NS, period=1y, interval=1d, use_cache=False)
2026-07-26 22:48:25,242 DEBUG AlphaScanner.Data download_history success for PINELABS.NS rows=174 cols=['adj close', 'Close', 'High', 'Low', 'Open', 'Volume']
2026-07-26 22:48:25,244 DEBUG AlphaScanner.Data download_history(ticker=PIRAMALFIN.NS, period=1y, interval=1d, use_cache=False)
2026-07-26 22:48:25,387 DEBUG AlphaScanner.Data download_history success for PIRAMALFIN.NS rows=179 cols=['adj close', 'Close', 'High', 'Low', 'Open', 'Volume']
2026-07-26 22:48:25,390 DEBUG AlphaScanner.Data download_history(ticker=PNB.NS, period=1y, interval=1d, use_cache=False)
2026-07-26 22:48:25,562 DEBUG AlphaScanner.Data download_history success for PNB.NS rows=250 cols=['adj close', 'Close', 'High', 'Low', 'Open', 'Volume']
2026-07-26 22:48:25,564 DEBUG AlphaScanner.Data download_history(ticker=PNBHOUSING.NS, period=1y, interval=1d, use_cache=False)
2026-07-26 22:48:25,858 DEBUG AlphaScanner.Data download_history success for PNBHOUSING.NS rows=250 cols=['adj close', 'Close', 'High', 'Low', 'Open', 'Volume']
2026-07-26 22:48:25,860 DEBUG AlphaScanner.Data download_history(ticker=POLICYBZR.NS, period=1y, interval=1d, use_cache=False)
2026-07-26 22:48:26,004 DEBUG AlphaScanner.Data download_history success for POLICYBZR.NS rows=249 cols=['adj close', 'Close', 'High', 'Low', 'Open', 'Volume']
2026-07-26 22:48:26,007 DEBUG AlphaScanner.Data download_history(ticker=POLYCAB.NS, period=1y, interval=1d, use_cache=False)
2026-07-26 22:48:26,176 DEBUG AlphaScanner.Data download_history success for POLYCAB.NS rows=250 cols=['adj close', 'Close', 'High', 'Low', 'Open', 'Volume']
2026-07-26 22:48:26,180 DEBUG AlphaScanner.Data download_history(ticker=POONAWALLA.NS, period=1y, interval=1d, use_cache=False)
2026-07-26 22:48:26,326 DEBUG AlphaScanner.Data download_history success for POONAWALLA.NS rows=250 cols=['adj close', 'Close', 'High', 'Low', 'Open', 'Volume']
2026-07-26 22:48:26,328 DEBUG AlphaScanner.Data download_history(ticker=POWERGRID.NS, period=1y, interval=1d, use_cache=False)
2026-07-26 22:48:26,465 DEBUG AlphaScanner.Data download_history success for POWERGRID.NS rows=250 cols=['adj close', 'Close', 'High', 'Low', 'Open', 'Volume']
2026-07-26 22:48:26,467 DEBUG AlphaScanner.Data download_history(ticker=POWERINDIA.NS, period=1y, interval=1d, use_cache=False)
2026-07-26 22:48:26,589 DEBUG AlphaScanner.Data download_history success for POWERINDIA.NS rows=250 cols=['adj close', 'Close', 'High', 'Low', 'Open', 'Volume']
2026-07-26 22:48:26,591 DEBUG AlphaScanner.Data download_history(ticker=PPLPHARMA.NS, period=1y, interval=1d, use_cache=False)
2026-07-26 22:48:26,866 DEBUG AlphaScanner.Data download_history success for PPLPHARMA.NS rows=250 cols=['adj close', 'Close', 'High', 'Low', 'Open', 'Volume']
2026-07-26 22:48:26,868 DEBUG AlphaScanner.Data download_history(ticker=PREMIERENE.NS, period=1y, interval=1d, use_cache=False)
2026-07-26 22:48:26,989 DEBUG AlphaScanner.Data download_history success for PREMIERENE.NS rows=250 cols=['adj close', 'Close', 'High', 'Low', 'Open', 'Volume']
2026-07-26 22:48:26,991 DEBUG AlphaScanner.Data download_history(ticker=PRESTIGE.NS, period=1y, interval=1d, use_cache=False)
2026-07-26 22:48:27,130 DEBUG AlphaScanner.Data download_history success for PRESTIGE.NS rows=250 cols=['adj close', 'Close', 'High', 'Low', 'Open', 'Volume']
2026-07-26 22:48:27,133 DEBUG AlphaScanner.Data download_history(ticker=RADICO.NS, period=1y, interval=1d, use_cache=False)
2026-07-26 22:48:27,271 DEBUG AlphaScanner.Data download_history success for RADICO.NS rows=249 cols=['adj close', 'Close', 'High', 'Low', 'Open', 'Volume']
2026-07-26 22:48:27,274 DEBUG AlphaScanner.Data download_history(ticker=RAMCOCEM.NS, period=1y, interval=1d, use_cache=False)
2026-07-26 22:48:27,415 DEBUG AlphaScanner.Data download_history success for RAMCOCEM.NS rows=249 cols=['adj close', 'Close', 'High', 'Low', 'Open', 'Volume']
2026-07-26 22:48:27,417 DEBUG AlphaScanner.Data download_history(ticker=RBLBANK.NS, period=1y, interval=1d, use_cache=False)
2026-07-26 22:48:27,547 DEBUG AlphaScanner.Data download_history success for RBLBANK.NS rows=250 cols=['adj close', 'Close', 'High', 'Low', 'Open', 'Volume']
2026-07-26 22:48:27,549 DEBUG AlphaScanner.Data download_history(ticker=RECLTD.NS, period=1y, interval=1d, use_cache=False)
2026-07-26 22:48:27,692 DEBUG AlphaScanner.Data download_history success for RECLTD.NS rows=250 cols=['adj close', 'Close', 'High', 'Low', 'Open', 'Volume']
2026-07-26 22:48:27,695 DEBUG AlphaScanner.Data download_history(ticker=REDINGTON.NS, period=1y, interval=1d, use_cache=False)
2026-07-26 22:48:27,826 DEBUG AlphaScanner.Data download_history success for REDINGTON.NS rows=250 cols=['adj close', 'Close', 'High', 'Low', 'Open', 'Volume']
2026-07-26 22:48:27,827 DEBUG AlphaScanner.Data download_history(ticker=RELIANCE.NS, period=1y, interval=1d, use_cache=False)
2026-07-26 22:48:28,106 DEBUG AlphaScanner.Data download_history success for RELIANCE.NS rows=250 cols=['adj close', 'Close', 'High', 'Low', 'Open', 'Volume']
2026-07-26 22:48:28,108 DEBUG AlphaScanner.Data download_history(ticker=RITES.NS, period=1y, interval=1d, use_cache=False)
2026-07-26 22:48:28,240 DEBUG AlphaScanner.Data download_history success for RITES.NS rows=250 cols=['adj close', 'Close', 'High', 'Low', 'Open', 'Volume']
2026-07-26 22:48:28,242 DEBUG AlphaScanner.Data download_history(ticker=RKFORGE.NS, period=1y, interval=1d, use_cache=False)
2026-07-26 22:48:28,381 DEBUG AlphaScanner.Data download_history success for RKFORGE.NS rows=250 cols=['adj close', 'Close', 'High', 'Low', 'Open', 'Volume']
2026-07-26 22:48:28,383 DEBUG AlphaScanner.Data download_history(ticker=RPOWER.NS, period=1y, interval=1d, use_cache=False)
2026-07-26 22:48:28,518 DEBUG AlphaScanner.Data download_history success for RPOWER.NS rows=250 cols=['adj close', 'Close', 'High', 'Low', 'Open', 'Volume']
2026-07-26 22:48:28,522 DEBUG AlphaScanner.Data download_history(ticker=RRKABEL.NS, period=1y, interval=1d, use_cache=False)
2026-07-26 22:48:28,672 DEBUG AlphaScanner.Data download_history success for RRKABEL.NS rows=250 cols=['adj close', 'Close', 'High', 'Low', 'Open', 'Volume']
2026-07-26 22:48:28,675 DEBUG AlphaScanner.Data download_history(ticker=RVNL.NS, period=1y, interval=1d, use_cache=False)
2026-07-26 22:48:28,933 DEBUG AlphaScanner.Data download_history success for RVNL.NS rows=250 cols=['adj close', 'Close', 'High', 'Low', 'Open', 'Volume']
2026-07-26 22:48:28,935 DEBUG AlphaScanner.Data download_history(ticker=SAGILITY.NS, period=1y, interval=1d, use_cache=False)
2026-07-26 22:48:29,080 DEBUG AlphaScanner.Data download_history success for SAGILITY.NS rows=250 cols=['adj close', 'Close', 'High', 'Low', 'Open', 'Volume']
2026-07-26 22:48:29,082 DEBUG AlphaScanner.Data download_history(ticker=SAIL.NS, period=1y, interval=1d, use_cache=False)
2026-07-26 22:48:29,260 DEBUG AlphaScanner.Data download_history success for SAIL.NS rows=250 cols=['adj close', 'Close', 'High', 'Low', 'Open', 'Volume']
2026-07-26 22:48:29,262 DEBUG AlphaScanner.Data download_history(ticker=SAILIFE.NS, period=1y, interval=1d, use_cache=False)
2026-07-26 22:48:29,508 DEBUG AlphaScanner.Data download_history success for SAILIFE.NS rows=250 cols=['adj close', 'Close', 'High', 'Low', 'Open', 'Volume']
2026-07-26 22:48:29,510 DEBUG AlphaScanner.Data download_history(ticker=SAMMAANCAP.NS, period=1y, interval=1d, use_cache=False)
2026-07-26 22:48:29,677 DEBUG AlphaScanner.Data download_history success for SAMMAANCAP.NS rows=250 cols=['adj close', 'Close', 'High', 'Low', 'Open', 'Volume']
2026-07-26 22:48:29,679 DEBUG AlphaScanner.Data download_history(ticker=SAPPHIRE.NS, period=1y, interval=1d, use_cache=False)
2026-07-26 22:48:29,823 DEBUG AlphaScanner.Data download_history success for SAPPHIRE.NS rows=250 cols=['adj close', 'Close', 'High', 'Low', 'Open', 'Volume']
2026-07-26 22:48:29,826 DEBUG AlphaScanner.Data download_history(ticker=SARDAEN.NS, period=1y, interval=1d, use_cache=False)
2026-07-26 22:48:30,179 DEBUG AlphaScanner.Data download_history success for SARDAEN.NS rows=250 cols=['adj close', 'Close', 'High', 'Low', 'Open', 'Volume']
2026-07-26 22:48:30,185 DEBUG AlphaScanner.Data download_history(ticker=SBIN.NS, period=1y, interval=1d, use_cache=False)
2026-07-26 22:48:30,378 DEBUG AlphaScanner.Data download_history success for SBIN.NS rows=250 cols=['adj close', 'Close', 'High', 'Low', 'Open', 'Volume']
2026-07-26 22:48:30,382 DEBUG AlphaScanner.Data download_history(ticker=SHREECEM.NS, period=1y, interval=1d, use_cache=False)
2026-07-26 22:48:30,573 DEBUG AlphaScanner.Data download_history success for SHREECEM.NS rows=250 cols=['adj close', 'Close', 'High', 'Low', 'Open', 'Volume']
2026-07-26 22:48:30,575 DEBUG AlphaScanner.Data download_history(ticker=SHRIRAMFIN.NS, period=1y, interval=1d, use_cache=False)
2026-07-26 22:48:30,755 DEBUG AlphaScanner.Data download_history success for SHRIRAMFIN.NS rows=250 cols=['adj close', 'Close', 'High', 'Low', 'Open', 'Volume']
2026-07-26 22:48:30,761 DEBUG AlphaScanner.Data download_history(ticker=SOBHA.NS, period=1y, interval=1d, use_cache=False)
2026-07-26 22:48:30,936 DEBUG AlphaScanner.Data download_history success for SOBHA.NS rows=249 cols=['adj close', 'Close', 'High', 'Low', 'Open', 'Volume']
2026-07-26 22:48:30,941 DEBUG AlphaScanner.Data download_history(ticker=SONATSOFTW.NS, period=1y, interval=1d, use_cache=False)
2026-07-26 22:48:31,225 DEBUG AlphaScanner.Data download_history success for SONATSOFTW.NS rows=250 cols=['adj close', 'Close', 'High', 'Low', 'Open', 'Volume']
2026-07-26 22:48:31,228 DEBUG AlphaScanner.Data download_history(ticker=SPLPETRO.NS, period=1y, interval=1d, use_cache=False)
2026-07-26 22:48:31,616 DEBUG AlphaScanner.Data download_history success for SPLPETRO.NS rows=250 cols=['adj close', 'Close', 'High', 'Low', 'Open', 'Volume']
2026-07-26 22:48:31,619 DEBUG AlphaScanner.Data download_history(ticker=SRF.NS, period=1y, interval=1d, use_cache=False)
2026-07-26 22:48:31,782 DEBUG AlphaScanner.Data download_history success for SRF.NS rows=250 cols=['adj close', 'Close', 'High', 'Low', 'Open', 'Volume']
2026-07-26 22:48:31,784 DEBUG AlphaScanner.Data download_history(ticker=STARHEALTH.NS, period=1y, interval=1d, use_cache=False)
2026-07-26 22:48:31,938 DEBUG AlphaScanner.Data download_history success for STARHEALTH.NS rows=250 cols=['adj close', 'Close', 'High', 'Low', 'Open', 'Volume']
2026-07-26 22:48:31,941 DEBUG AlphaScanner.Data download_history(ticker=SUMICHEM.NS, period=1y, interval=1d, use_cache=False)
2026-07-26 22:48:32,224 DEBUG AlphaScanner.Data download_history success for SUMICHEM.NS rows=250 cols=['adj close', 'Close', 'High', 'Low', 'Open', 'Volume']
2026-07-26 22:48:32,226 DEBUG AlphaScanner.Data download_history(ticker=SUNDARMFIN.NS, period=1y, interval=1d, use_cache=False)
2026-07-26 22:48:32,397 DEBUG AlphaScanner.Data download_history success for SUNDARMFIN.NS rows=250 cols=['adj close', 'Close', 'High', 'Low', 'Open', 'Volume']
2026-07-26 22:48:32,400 DEBUG AlphaScanner.Data download_history(ticker=SUNTV.NS, period=1y, interval=1d, use_cache=False)
2026-07-26 22:48:32,572 DEBUG AlphaScanner.Data download_history success for SUNTV.NS rows=250 cols=['adj close', 'Close', 'High', 'Low', 'Open', 'Volume']
2026-07-26 22:48:32,574 DEBUG AlphaScanner.Data download_history(ticker=SUPREMEIND.NS, period=1y, interval=1d, use_cache=False)
2026-07-26 22:48:32,774 DEBUG AlphaScanner.Data download_history success for SUPREMEIND.NS rows=250 cols=['adj close', 'Close', 'High', 'Low', 'Open', 'Volume']
2026-07-26 22:48:32,776 DEBUG AlphaScanner.Data download_history(ticker=SUZLON.NS, period=1y, interval=1d, use_cache=False)
2026-07-26 22:48:33,039 DEBUG AlphaScanner.Data download_history success for SUZLON.NS rows=250 cols=['adj close', 'Close', 'High', 'Low', 'Open', 'Volume']
2026-07-26 22:48:33,042 DEBUG AlphaScanner.Data download_history(ticker=SWANCORP.NS, period=1y, interval=1d, use_cache=False)
2026-07-26 22:48:33,202 DEBUG AlphaScanner.Data download_history success for SWANCORP.NS rows=250 cols=['adj close', 'Close', 'High', 'Low', 'Open', 'Volume']
2026-07-26 22:48:33,205 DEBUG AlphaScanner.Data download_history(ticker=SWIGGY.NS, period=1y, interval=1d, use_cache=False)
2026-07-26 22:48:33,351 DEBUG AlphaScanner.Data download_history success for SWIGGY.NS rows=250 cols=['adj close', 'Close', 'High', 'Low', 'Open', 'Volume']
2026-07-26 22:48:33,356 DEBUG AlphaScanner.Data download_history(ticker=SYRMA.NS, period=1y, interval=1d, use_cache=False)
2026-07-26 22:48:33,509 DEBUG AlphaScanner.Data download_history success for SYRMA.NS rows=250 cols=['adj close', 'Close', 'High', 'Low', 'Open', 'Volume']
2026-07-26 22:48:33,511 DEBUG AlphaScanner.Data download_history(ticker=TARIL.NS, period=1y, interval=1d, use_cache=False)
2026-07-26 22:48:33,669 DEBUG AlphaScanner.Data download_history success for TARIL.NS rows=250 cols=['adj close', 'Close', 'High', 'Low', 'Open', 'Volume']
2026-07-26 22:48:33,671 DEBUG AlphaScanner.Data download_history(ticker=TATACAP.NS, period=1y, interval=1d, use_cache=False)
2026-07-26 22:48:33,958 DEBUG AlphaScanner.Data download_history success for TATACAP.NS rows=196 cols=['adj close', 'Close', 'High', 'Low', 'Open', 'Volume']
2026-07-26 22:48:33,961 DEBUG AlphaScanner.Data download_history(ticker=TATACHEM.NS, period=1y, interval=1d, use_cache=False)
2026-07-26 22:48:34,145 DEBUG AlphaScanner.Data download_history success for TATACHEM.NS rows=250 cols=['adj close', 'Close', 'High', 'Low', 'Open', 'Volume']
2026-07-26 22:48:34,148 DEBUG AlphaScanner.Data download_history(ticker=TATACONSUM.NS, period=1y, interval=1d, use_cache=False)
2026-07-26 22:48:34,319 DEBUG AlphaScanner.Data download_history success for TATACONSUM.NS rows=250 cols=['adj close', 'Close', 'High', 'Low', 'Open', 'Volume']
2026-07-26 22:48:34,322 DEBUG AlphaScanner.Data download_history(ticker=TATAELXSI.NS, period=1y, interval=1d, use_cache=False)
2026-07-26 22:48:34,490 DEBUG AlphaScanner.Data download_history success for TATAELXSI.NS rows=250 cols=['adj close', 'Close', 'High', 'Low', 'Open', 'Volume']
2026-07-26 22:48:34,493 DEBUG AlphaScanner.Data download_history(ticker=TATAPOWER.NS, period=1y, interval=1d, use_cache=False)
2026-07-26 22:48:34,685 DEBUG AlphaScanner.Data download_history success for TATAPOWER.NS rows=250 cols=['adj close', 'Close', 'High', 'Low', 'Open', 'Volume']
2026-07-26 22:48:34,688 DEBUG AlphaScanner.Data download_history(ticker=TATASTEEL.NS, period=1y, interval=1d, use_cache=False)
2026-07-26 22:48:34,867 DEBUG AlphaScanner.Data download_history success for TATASTEEL.NS rows=250 cols=['adj close', 'Close', 'High', 'Low', 'Open', 'Volume']
2026-07-26 22:48:34,869 DEBUG AlphaScanner.Data download_history(ticker=TATATECH.NS, period=1y, interval=1d, use_cache=False)
2026-07-26 22:48:35,025 DEBUG AlphaScanner.Data download_history success for TATATECH.NS rows=250 cols=['adj close', 'Close', 'High', 'Low', 'Open', 'Volume']
2026-07-26 22:48:35,027 DEBUG AlphaScanner.Data download_history(ticker=TBOTEK.NS, period=1y, interval=1d, use_cache=False)
2026-07-26 22:48:35,172 DEBUG AlphaScanner.Data download_history success for TBOTEK.NS rows=250 cols=['adj close', 'Close', 'High', 'Low', 'Open', 'Volume']
2026-07-26 22:48:35,174 DEBUG AlphaScanner.Data download_history(ticker=TCS.NS, period=1y, interval=1d, use_cache=False)
2026-07-26 22:48:35,352 DEBUG AlphaScanner.Data download_history success for TCS.NS rows=250 cols=['adj close', 'Close', 'High', 'Low', 'Open', 'Volume']
2026-07-26 22:48:35,354 DEBUG AlphaScanner.Data download_history(ticker=TECHM.NS, period=1y, interval=1d, use_cache=False)
2026-07-26 22:48:35,524 DEBUG AlphaScanner.Data download_history success for TECHM.NS rows=250 cols=['adj close', 'Close', 'High', 'Low', 'Open', 'Volume']
2026-07-26 22:48:35,526 DEBUG AlphaScanner.Data download_history(ticker=TECHNOE.NS, period=1y, interval=1d, use_cache=False)
2026-07-26 22:48:35,796 DEBUG AlphaScanner.Data download_history success for TECHNOE.NS rows=250 cols=['adj close', 'Close', 'High', 'Low', 'Open', 'Volume']
2026-07-26 22:48:35,800 DEBUG AlphaScanner.Data download_history(ticker=TEJASNET.NS, period=1y, interval=1d, use_cache=False)
2026-07-26 22:48:35,944 DEBUG AlphaScanner.Data download_history success for TEJASNET.NS rows=250 cols=['adj close', 'Close', 'High', 'Low', 'Open', 'Volume']
2026-07-26 22:48:35,947 DEBUG AlphaScanner.Data download_history(ticker=TENNIND.NS, period=1y, interval=1d, use_cache=False)
2026-07-26 22:48:36,152 DEBUG AlphaScanner.Data download_history success for TENNIND.NS rows=171 cols=['adj close', 'Close', 'High', 'Low', 'Open', 'Volume']
2026-07-26 22:48:36,157 DEBUG AlphaScanner.Data download_history(ticker=THERMAX.NS, period=1y, interval=1d, use_cache=False)
2026-07-26 22:48:36,346 DEBUG AlphaScanner.Data download_history success for THERMAX.NS rows=249 cols=['adj close', 'Close', 'High', 'Low', 'Open', 'Volume']
2026-07-26 22:48:36,349 DEBUG AlphaScanner.Data download_history(ticker=TIINDIA.NS, period=1y, interval=1d, use_cache=False)
2026-07-26 22:48:36,502 DEBUG AlphaScanner.Data download_history success for TIINDIA.NS rows=250 cols=['adj close', 'Close', 'High', 'Low', 'Open', 'Volume']
2026-07-26 22:48:36,505 DEBUG AlphaScanner.Data download_history(ticker=TIMKEN.NS, period=1y, interval=1d, use_cache=False)
2026-07-26 22:48:36,667 DEBUG AlphaScanner.Data download_history success for TIMKEN.NS rows=249 cols=['adj close', 'Close', 'High', 'Low', 'Open', 'Volume']
2026-07-26 22:48:36,670 DEBUG AlphaScanner.Data download_history(ticker=TITAGARH.NS, period=1y, interval=1d, use_cache=False)
2026-07-26 22:48:36,833 DEBUG AlphaScanner.Data download_history success for TITAGARH.NS rows=250 cols=['adj close', 'Close', 'High', 'Low', 'Open', 'Volume']
2026-07-26 22:48:36,837 DEBUG AlphaScanner.Data download_history(ticker=TMCV.NS, period=1y, interval=1d, use_cache=False)
2026-07-26 22:48:36,975 DEBUG AlphaScanner.Data download_history success for TMCV.NS rows=176 cols=['adj close', 'Close', 'High', 'Low', 'Open', 'Volume']
2026-07-26 22:48:37,054 DEBUG AlphaScanner.Engine Legacy scan reached evaluation phase after 65.08s
2026-07-26 22:48:37,229 DEBUG AlphaScanner.Engine Concatenated legacy data shape=(250, 3000)
2026-07-26 22:48:37,338 DEBUG AlphaScanner.Engine Post-align data shape=(246, 3000) benchmark_rows=246
2026-07-26 22:48:51,013 DEBUG AlphaScanner.Engine Legacy scan completed: hits=47 scanned=486 fail_counts={'trend_fail': 301, 'momentum_fail': 26, 'volume_fail': 0, 'breakout_fail': 77, 'rs_fail': 0, 'adx_fail': 2, 'liquidity_fail': 18, 'error_fail': 14}
2026-07-26 22:48:51,013 INFO AlphaScanner.Engine Legacy scan total elapsed 79.04s for universe=Nifty 500 timeframe=1d
2026-07-26 22:48:51,045 INFO AlphaScanner.Service Legacy scan finished in 79.07s for universe=Nifty 500 interval=1d scanner_type=Pre-Breakout
2026-07-26 22:48:51,047 DEBUG AlphaScanner.Service perform_fresh_scan completed: rows=47 stats_keys=['adx_fail', 'bank_nifty_change', 'bb_fail', 'breakout_fail', 'dii_net', 'error_fail', 'fakeout_trap', 'fii_net', 'liquidity_fail', 'macd_fail', 'market_bias', 'market_bias_score', 'market_breadth_50', 'market_health', 'momentum_fail', 'nifty_change', 'rs_fail', 'scanned', 'scanner_type', 'sector_sentiment', 'timeframe', 'trend_fail', 'trending_sectors', 'universe', 'universe_size', 'volume_fail']
2026-07-26 22:48:51,047 DEBUG AlphaScanner.Service perform_fresh_scan total elapsed=79.08s
2026-07-26 22:52:30,759 DEBUG AlphaScanner.UI.Scanner render_tab(scan_type=Pre-Breakout, universe=Total Market (Cap Focused), scan_mode=Entry Scanner, timeframe=1d, use_cache=False, run_scan=False)
2026-07-26 22:52:35,391 DEBUG AlphaScanner.UI.Scanner render_tab(scan_type=Pre-Breakout, universe=Total Market (Cap Focused), scan_mode=Entry Scanner, timeframe=1d, use_cache=False, run_scan=True)
2026-07-26 22:52:35,395 DEBUG AlphaScanner.UI.Scanner Starting fresh scan with min_cap=500 max_cap=20000 sector_map_size=751
2026-07-26 22:52:35,395 DEBUG AlphaScanner.Service perform_fresh_scan(scanner_type=Pre-Breakout, universe=Total Market (Cap Focused), timeframe=1d, scan_mode=Entry Scanner, use_cache=False, vol_thresh=0.6, rsi_min=35, rsi_max=70, dist_thresh=5.0, min_mkt_cap_cr=500, max_mkt_cap_cr=20000)
2026-07-26 22:52:35,396 DEBUG AlphaScanner.Service Routing to legacy breakout scanner with normalized timeframe=1d
2026-07-26 22:52:35,397 DEBUG AlphaScanner.Engine run_scanner(scanner_type=Pre-Breakout, universe=Total Market (Cap Focused), timeframe=1d, use_cache=False, incremental_fetch=False, vol_thresh=0.6, rsi_range=35-70, dist_thresh=5.0, min_cap=500, max_cap=20000)
2026-07-26 22:52:35,397 DEBUG AlphaScanner.Engine Resolved legacy universe 'Total Market (Cap Focused)' to 755 tickers
2026-07-26 22:52:35,397 INFO AlphaScanner.Engine Universe resolution finished in 0.00s for Total Market (Cap Focused)
2026-07-26 22:52:35,398 INFO AlphaScanner.Engine Prefiltering universe of 755 tickers by market cap (Min: 500 Cr, Max: 20000 Cr)...
2026-07-26 22:52:35,407 INFO AlphaScanner.Engine Prefetching missing metadata for 755 tickers...
2026-07-26 22:55:48,278 INFO AlphaScanner.Engine Market cap pre-filter reduced universe from 755 to 405 tickers.
2026-07-26 22:55:48,279 INFO AlphaScanner.Engine Market-cap prefilter finished in 192.88s and reduced universe to 405 tickers
2026-07-26 22:55:48,469 DEBUG AlphaScanner.Engine Loaded benchmark close series with 246 rows
2026-07-26 22:55:48,469 INFO AlphaScanner.Engine Benchmark download finished in 0.19s
2026-07-26 22:55:48,495 INFO AlphaScanner.Engine Prefetching missing metadata for 5 tickers...
2026-07-26 22:55:49,955 DEBUG AlphaScanner.Engine Metadata cache primed with 405 entries
2026-07-26 22:55:49,955 INFO AlphaScanner.Engine Metadata prefetch finished in 1.48s
2026-07-26 22:55:49,957 DEBUG AlphaScanner.Data download_history_batch(size=405, period=1y, interval=1d, use_cache=False, head=['AARTIDRUGS.NS', 'AARTIIND.NS', 'AARTIPHARM.NS', 'AAVAS.NS', 'ABDL.NS'])
2026-07-26 22:55:49,957 INFO AlphaScanner.Data download_history_batch fetching 51 live chunks with 10 workers (chunk_size=8).
2026-07-26 22:55:51,747 DEBUG AlphaScanner.Data No data for ticker APTUS.NS in batch result.
2026-07-26 22:55:51,750 DEBUG AlphaScanner.Data No data for ticker ARVIND.NS in batch result.
2026-07-26 22:55:51,750 DEBUG AlphaScanner.Data No data for ticker ARVINDFASN.NS in batch result.
2026-07-26 22:55:51,754 DEBUG AlphaScanner.Data No data for ticker ASHAPURMIN.NS in batch result.
2026-07-26 22:55:51,773 DEBUG AlphaScanner.Data No data for ticker ASHOKA.NS in batch result.
2026-07-26 22:55:51,781 DEBUG AlphaScanner.Data No data for ticker ASKAUTOLTD.NS in batch result.
2026-07-26 22:55:51,782 DEBUG AlphaScanner.Data No data for ticker ASTRAMICRO.NS in batch result.
2026-07-26 22:55:51,816 DEBUG AlphaScanner.Data No data for ticker AARTIDRUGS.NS in batch result.
2026-07-26 22:55:51,816 DEBUG AlphaScanner.Data No data for ticker AARTIIND.NS in batch result.
2026-07-26 22:55:51,816 DEBUG AlphaScanner.Data No data for ticker AARTIPHARM.NS in batch result.
2026-07-26 22:55:51,820 DEBUG AlphaScanner.Data No data for ticker AAVAS.NS in batch result.
2026-07-26 22:55:51,820 DEBUG AlphaScanner.Data No data for ticker ABDL.NS in batch result.
2026-07-26 22:55:51,820 DEBUG AlphaScanner.Data No data for ticker ABFRL.NS in batch result.
2026-07-26 22:55:51,835 DEBUG AlphaScanner.Data No data for ticker ABREL.NS in batch result.
2026-07-26 22:55:51,973 DEBUG AlphaScanner.Data No data for ticker BAJAJELEC.NS in batch result.
2026-07-26 22:55:51,973 DEBUG AlphaScanner.Data No data for ticker BALAMINES.NS in batch result.
2026-07-26 22:55:51,974 DEBUG AlphaScanner.Data No data for ticker BALRAMCHIN.NS in batch result.
2026-07-26 22:55:51,975 DEBUG AlphaScanner.Data No data for ticker BALUFORGE.NS in batch result.
2026-07-26 22:55:51,987 DEBUG AlphaScanner.Data No data for ticker BANCOINDIA.NS in batch result.
2026-07-26 22:55:51,987 DEBUG AlphaScanner.Data No data for ticker BATAINDIA.NS in batch result.
2026-07-26 22:55:51,987 DEBUG AlphaScanner.Data No data for ticker BAYERCROP.NS in batch result.
2026-07-26 22:55:52,035 DEBUG AlphaScanner.Data No data for ticker BLUEJET.NS in batch result.
2026-07-26 22:55:52,036 DEBUG AlphaScanner.Data No data for ticker BLUESTONE.NS in batch result.
2026-07-26 22:55:52,037 DEBUG AlphaScanner.Data No data for ticker BORORENEW.NS in batch result.
2026-07-26 22:55:52,037 DEBUG AlphaScanner.Data No data for ticker BRIGADE.NS in batch result.
2026-07-26 22:55:52,038 DEBUG AlphaScanner.Data No data for ticker BSOFT.NS in batch result.
2026-07-26 22:55:52,039 DEBUG AlphaScanner.Data No data for ticker CAMPUS.NS in batch result.
2026-07-26 22:55:52,039 DEBUG AlphaScanner.Data No data for ticker CAMS.NS in batch result.
2026-07-26 22:55:53,104 DEBUG AlphaScanner.Data No data for ticker EPL.NS in batch result.
2026-07-26 22:55:53,243 DEBUG AlphaScanner.Data No data for ticker CROMPTON.NS in batch result.
2026-07-26 22:55:53,252 DEBUG AlphaScanner.Data No data for ticker CSBBANK.NS in batch result.
2026-07-26 22:55:53,252 DEBUG AlphaScanner.Data No data for ticker CYIENT.NS in batch result.
2026-07-26 22:55:53,255 DEBUG AlphaScanner.Data No data for ticker DBL.NS in batch result.
2026-07-26 22:55:53,255 DEBUG AlphaScanner.Data No data for ticker DBREALTY.NS in batch result.
2026-07-26 22:55:53,255 DEBUG AlphaScanner.Data No data for ticker DCBBANK.NS in batch result.
2026-07-26 22:55:53,256 DEBUG AlphaScanner.Data No data for ticker DCMSHRIRAM.NS in batch result.
2026-07-26 22:55:53,266 DEBUG AlphaScanner.Data No data for ticker COHANCE.NS in batch result.
2026-07-26 22:55:53,273 DEBUG AlphaScanner.Data No data for ticker FIEMIND.NS in batch result.
2026-07-26 22:55:53,274 DEBUG AlphaScanner.Data No data for ticker FINCABLES.NS in batch result.
2026-07-26 22:55:53,277 DEBUG AlphaScanner.Data No data for ticker FIRSTCRY.NS in batch result.
2026-07-26 22:55:53,277 DEBUG AlphaScanner.Data No data for ticker FIVESTAR.NS in batch result.
2026-07-26 22:55:53,277 DEBUG AlphaScanner.Data No data for ticker FSL.NS in batch result.
2026-07-26 22:55:53,278 DEBUG AlphaScanner.Data No data for ticker GAEL.NS in batch result.
2026-07-26 22:55:53,279 DEBUG AlphaScanner.Data No data for ticker GALLANTT.NS in batch result.
2026-07-26 22:55:53,324 DEBUG AlphaScanner.Data No data for ticker EIEL.NS in batch result.
2026-07-26 22:55:53,324 DEBUG AlphaScanner.Data No data for ticker ELECON.NS in batch result.
2026-07-26 22:55:53,324 DEBUG AlphaScanner.Data No data for ticker ELECTCAST.NS in batch result.
2026-07-26 22:55:53,324 DEBUG AlphaScanner.Data No data for ticker ELGIEQUIP.NS in batch result.
2026-07-26 22:55:53,325 DEBUG AlphaScanner.Data No data for ticker ELLEN.NS in batch result.
2026-07-26 22:55:53,328 DEBUG AlphaScanner.Data No data for ticker EMBDL.NS in batch result.
2026-07-26 22:55:53,328 DEBUG AlphaScanner.Data No data for ticker EMIL.NS in batch result.
2026-07-26 22:55:53,393 DEBUG AlphaScanner.Data No data for ticker DEEPAKFERT.NS in batch result.
2026-07-26 22:55:53,394 DEBUG AlphaScanner.Data No data for ticker DEVYANI.NS in batch result.
2026-07-26 22:55:53,395 DEBUG AlphaScanner.Data No data for ticker DIACABS.NS in batch result.
2026-07-26 22:55:53,397 DEBUG AlphaScanner.Data No data for ticker DOMS.NS in batch result.
2026-07-26 22:55:53,398 DEBUG AlphaScanner.Data No data for ticker DYNAMATECH.NS in batch result.
2026-07-26 22:55:53,402 DEBUG AlphaScanner.Data No data for ticker EDELWEISS.NS in batch result.
2026-07-26 22:55:53,402 DEBUG AlphaScanner.Data No data for ticker EIDPARRY.NS in batch result.
2026-07-26 22:55:53,526 DEBUG AlphaScanner.Data No data for ticker HONASA.NS in batch result.
2026-07-26 22:55:53,527 DEBUG AlphaScanner.Data No data for ticker ICIL.NS in batch result.
2026-07-26 22:55:53,528 DEBUG AlphaScanner.Data No data for ticker IEX.NS in batch result.
2026-07-26 22:55:53,528 DEBUG AlphaScanner.Data No data for ticker IFBIND.NS in batch result.
2026-07-26 22:55:53,529 DEBUG AlphaScanner.Data No data for ticker IFCI.NS in batch result.
2026-07-26 22:55:53,529 DEBUG AlphaScanner.Data No data for ticker IGIL.NS in batch result.
2026-07-26 22:55:53,545 DEBUG AlphaScanner.Data No data for ticker IIFLCAPS.NS in batch result.
2026-07-26 22:55:53,565 DEBUG AlphaScanner.Data No data for ticker GLENMARK.NS in batch result.
2026-07-26 22:55:53,566 DEBUG AlphaScanner.Data No data for ticker GMDCLTD.NS in batch result.
2026-07-26 22:55:53,573 DEBUG AlphaScanner.Data No data for ticker GMMPFAUDLR.NS in batch result.
2026-07-26 22:55:53,573 DEBUG AlphaScanner.Data No data for ticker GMRP&UI.NS in batch result.
2026-07-26 22:55:53,573 DEBUG AlphaScanner.Data No data for ticker GNFC.NS in batch result.
2026-07-26 22:55:53,575 DEBUG AlphaScanner.Data No data for ticker GODREJAGRO.NS in batch result.
2026-07-26 22:55:53,576 DEBUG AlphaScanner.Data No data for ticker GOKEX.NS in batch result.
2026-07-26 22:55:53,604 DEBUG AlphaScanner.Data No data for ticker GOKULAGRO.NS in batch result.
2026-07-26 22:55:53,604 DEBUG AlphaScanner.Data No data for ticker GPIL.NS in batch result.
2026-07-26 22:55:53,615 DEBUG AlphaScanner.Data No data for ticker GPPL.NS in batch result.
2026-07-26 22:55:53,615 DEBUG AlphaScanner.Data No data for ticker GRAPHITE.NS in batch result.
2026-07-26 22:55:53,619 DEBUG AlphaScanner.Data No data for ticker GRAVITA.NS in batch result.
2026-07-26 22:55:53,631 DEBUG AlphaScanner.Data No data for ticker GREAVESCOT.NS in batch result.
2026-07-26 22:55:53,634 DEBUG AlphaScanner.Data No data for ticker GSFC.NS in batch result.
2026-07-26 22:55:53,645 DEBUG AlphaScanner.Data No data for ticker HAPPSTMNDS.NS in batch result.
2026-07-26 22:55:53,646 DEBUG AlphaScanner.Data No data for ticker HBLENGINE.NS in batch result.
2026-07-26 22:55:53,646 DEBUG AlphaScanner.Data No data for ticker HCC.NS in batch result.
2026-07-26 22:55:53,649 DEBUG AlphaScanner.Data No data for ticker HEG.NS in batch result.
2026-07-26 22:55:53,650 DEBUG AlphaScanner.Data No data for ticker HEMIPROP.NS in batch result.
2026-07-26 22:55:53,650 DEBUG AlphaScanner.Data No data for ticker HERITGFOOD.NS in batch result.
2026-07-26 22:55:53,651 DEBUG AlphaScanner.Data No data for ticker HGINFRA.NS in batch result.
2026-07-26 22:55:54,753 DEBUG AlphaScanner.Data No data for ticker JSFB.NS in batch result.
2026-07-26 22:55:54,753 DEBUG AlphaScanner.Data No data for ticker JSLL.NS in batch result.
2026-07-26 22:55:54,892 DEBUG AlphaScanner.Data No data for ticker JAIBALAJI.NS in batch result.
2026-07-26 22:55:54,893 DEBUG AlphaScanner.Data No data for ticker IMFA.NS in batch result.
2026-07-26 22:55:54,898 DEBUG AlphaScanner.Data No data for ticker INDIAGLYCO.NS in batch result.
2026-07-26 22:55:54,932 DEBUG AlphaScanner.Data No data for ticker JAYNECOIND.NS in batch result.
2026-07-26 22:55:54,933 DEBUG AlphaScanner.Data No data for ticker JBMA.NS in batch result.
2026-07-26 22:55:54,953 DEBUG AlphaScanner.Data No data for ticker KNRCON.NS in batch result.
2026-07-26 22:55:55,139 DEBUG AlphaScanner.Data No data for ticker LOTUSDEV.NS in batch result.
2026-07-26 22:55:55,140 DEBUG AlphaScanner.Data No data for ticker LTFOODS.NS in batch result.
2026-07-26 22:55:55,141 DEBUG AlphaScanner.Data No data for ticker LUMAXTECH.NS in batch result.
2026-07-26 22:55:55,144 DEBUG AlphaScanner.Data No data for ticker MAHSCOOTER.NS in batch result.
2026-07-26 22:55:55,144 DEBUG AlphaScanner.Data No data for ticker MAHSEAMLES.NS in batch result.
2026-07-26 22:55:55,145 DEBUG AlphaScanner.Data No data for ticker MANORAMA.NS in batch result.
2026-07-26 22:55:55,146 DEBUG AlphaScanner.Data No data for ticker MANYAVAR.NS in batch result.
2026-07-26 22:55:55,175 DEBUG AlphaScanner.Data No data for ticker KRN.NS in batch result.
2026-07-26 22:55:55,175 DEBUG AlphaScanner.Data No data for ticker KSB.NS in batch result.
2026-07-26 22:55:55,175 DEBUG AlphaScanner.Data No data for ticker KSCL.NS in batch result.
2026-07-26 22:55:55,176 DEBUG AlphaScanner.Data No data for ticker KTKBANK.NS in batch result.
2026-07-26 22:55:55,180 DEBUG AlphaScanner.Data No data for ticker LEMONTREE.NS in batch result.
2026-07-26 22:55:55,180 DEBUG AlphaScanner.Data No data for ticker LLOYDSENGG.NS in batch result.
2026-07-26 22:55:55,180 DEBUG AlphaScanner.Data No data for ticker LLOYDSENT.NS in batch result.
2026-07-26 22:55:55,250 DEBUG AlphaScanner.Data No data for ticker MAPMYINDIA.NS in batch result.
2026-07-26 22:55:55,253 DEBUG AlphaScanner.Data No data for ticker MARKSANS.NS in batch result.
2026-07-26 22:55:55,268 DEBUG AlphaScanner.Data No data for ticker MASTEK.NS in batch result.
2026-07-26 22:55:55,268 DEBUG AlphaScanner.Data No data for ticker MEDPLUS.NS in batch result.
2026-07-26 22:55:55,269 DEBUG AlphaScanner.Data No data for ticker METROPOLIS.NS in batch result.
2026-07-26 22:55:55,274 DEBUG AlphaScanner.Data No data for ticker MGL.NS in batch result.
2026-07-26 22:55:55,296 DEBUG AlphaScanner.Data No data for ticker MINDACORP.NS in batch result.
2026-07-26 22:55:55,395 DEBUG AlphaScanner.Data No data for ticker JUBLPHARMA.NS in batch result.
2026-07-26 22:55:55,396 DEBUG AlphaScanner.Data No data for ticker JUSTDIAL.NS in batch result.
2026-07-26 22:55:55,396 DEBUG AlphaScanner.Data No data for ticker JWL.NS in batch result.
2026-07-26 22:55:55,399 DEBUG AlphaScanner.Data No data for ticker JYOTHYLAB.NS in batch result.
2026-07-26 22:55:55,401 DEBUG AlphaScanner.Data No data for ticker JYOTICNC.NS in batch result.
2026-07-26 22:55:55,406 DEBUG AlphaScanner.Data No data for ticker KANSAINER.NS in batch result.
2026-07-26 22:55:55,407 DEBUG AlphaScanner.Data No data for ticker KEC.NS in batch result.
2026-07-26 22:55:55,407 DEBUG AlphaScanner.Data No data for ticker MMTC.NS in batch result.
2026-07-26 22:55:55,408 DEBUG AlphaScanner.Data No data for ticker MOIL.NS in batch result.
2026-07-26 22:55:55,409 DEBUG AlphaScanner.Data No data for ticker MSTCLTD.NS in batch result.
2026-07-26 22:55:55,410 DEBUG AlphaScanner.Data No data for ticker MTARTECH.NS in batch result.
2026-07-26 22:55:55,414 DEBUG AlphaScanner.Data No data for ticker NAVA.NS in batch result.
2026-07-26 22:55:55,414 DEBUG AlphaScanner.Data No data for ticker NAZARA.NS in batch result.
2026-07-26 22:55:55,414 DEBUG AlphaScanner.Data No data for ticker NCC.NS in batch result.
2026-07-26 22:55:56,264 DEBUG AlphaScanner.Data No data for ticker PARAS.NS in batch result.
2026-07-26 22:55:56,265 DEBUG AlphaScanner.Data No data for ticker PARKHOSPS.NS in batch result.
2026-07-26 22:55:56,418 DEBUG AlphaScanner.Data No data for ticker PRUDENT.NS in batch result.
2026-07-26 22:55:56,420 DEBUG AlphaScanner.Data No data for ticker PTC.NS in batch result.
2026-07-26 22:55:56,424 DEBUG AlphaScanner.Data No data for ticker PVRINOX.NS in batch result.
2026-07-26 22:55:56,430 DEBUG AlphaScanner.Data No data for ticker QPOWER.NS in batch result.
2026-07-26 22:55:56,435 DEBUG AlphaScanner.Data No data for ticker QUESS.NS in batch result.
2026-07-26 22:55:56,435 DEBUG AlphaScanner.Data No data for ticker RAILTEL.NS in batch result.
2026-07-26 22:55:56,435 DEBUG AlphaScanner.Data No data for ticker RAIN.NS in batch result.
2026-07-26 22:55:56,438 DEBUG AlphaScanner.Data No data for ticker RAINBOW.NS in batch result.
2026-07-26 22:55:56,439 DEBUG AlphaScanner.Data No data for ticker RALLIS.NS in batch result.
2026-07-26 22:55:56,440 DEBUG AlphaScanner.Data No data for ticker RATEGAIN.NS in batch result.
2026-07-26 22:55:56,444 DEBUG AlphaScanner.Data No data for ticker RAYMONDLSL.NS in batch result.
2026-07-26 22:55:56,446 DEBUG AlphaScanner.Data No data for ticker RBA.NS in batch result.
2026-07-26 22:55:56,449 DEBUG AlphaScanner.Data No data for ticker RCF.NS in batch result.
2026-07-26 22:55:56,450 DEBUG AlphaScanner.Data No data for ticker REDTAPE.NS in batch result.
2026-07-26 22:55:56,470 DEBUG AlphaScanner.Data No data for ticker RELAXO.NS in batch result.
2026-07-26 22:55:56,470 DEBUG AlphaScanner.Data No data for ticker RELIGARE.NS in batch result.
2026-07-26 22:55:56,471 DEBUG AlphaScanner.Data No data for ticker RENUKA.NS in batch result.
2026-07-26 22:55:56,471 DEBUG AlphaScanner.Data No data for ticker RHIM.NS in batch result.
2026-07-26 22:55:56,471 DEBUG AlphaScanner.Data No data for ticker RITES.NS in batch result.
2026-07-26 22:55:56,472 DEBUG AlphaScanner.Data No data for ticker RKFORGE.NS in batch result.
2026-07-26 22:55:56,472 DEBUG AlphaScanner.Data No data for ticker ROUTE.NS in batch result.
2026-07-26 22:55:56,473 DEBUG AlphaScanner.Data No data for ticker PNCINFRA.NS in batch result.
2026-07-26 22:55:56,473 DEBUG AlphaScanner.Data No data for ticker PNGJL.NS in batch result.
2026-07-26 22:55:56,476 DEBUG AlphaScanner.Data No data for ticker POWERMECH.NS in batch result.
2026-07-26 22:55:56,476 DEBUG AlphaScanner.Data No data for ticker PRAJIND.NS in batch result.
2026-07-26 22:55:56,476 DEBUG AlphaScanner.Data No data for ticker PRICOLLTD.NS in batch result.
2026-07-26 22:55:56,476 DEBUG AlphaScanner.Data No data for ticker PRIVISCL.NS in batch result.
2026-07-26 22:55:56,476 DEBUG AlphaScanner.Data No data for ticker PRSMJOHNSN.NS in batch result.
2026-07-26 22:55:56,477 DEBUG AlphaScanner.Data No data for ticker NEOGEN.NS in batch result.
2026-07-26 22:55:56,477 DEBUG AlphaScanner.Data No data for ticker NESCO.NS in batch result.
2026-07-26 22:55:56,477 DEBUG AlphaScanner.Data No data for ticker NETWORK18.NS in batch result.
2026-07-26 22:55:56,477 DEBUG AlphaScanner.Data No data for ticker NEWGEN.NS in batch result.
2026-07-26 22:55:56,477 DEBUG AlphaScanner.Data No data for ticker NFL.NS in batch result.
2026-07-26 22:55:56,477 DEBUG AlphaScanner.Data No data for ticker NIVABUPA.NS in batch result.
2026-07-26 22:55:56,477 DEBUG AlphaScanner.Data No data for ticker NSLNISP.NS in batch result.
2026-07-26 22:55:56,712 DEBUG AlphaScanner.Data No data for ticker OLAELEC.NS in batch result.
2026-07-26 22:55:56,714 DEBUG AlphaScanner.Data No data for ticker OLECTRA.NS in batch result.
2026-07-26 22:55:56,716 DEBUG AlphaScanner.Data No data for ticker OPTIEMUS.NS in batch result.
2026-07-26 22:55:56,718 DEBUG AlphaScanner.Data No data for ticker ORIENTCEM.NS in batch result.
2026-07-26 22:55:56,724 DEBUG AlphaScanner.Data No data for ticker OSWALPUMPS.NS in batch result.
2026-07-26 22:55:56,725 DEBUG AlphaScanner.Data No data for ticker PARADEEP.NS in batch result.
2026-07-26 22:55:56,763 DEBUG AlphaScanner.Data No data for ticker RPOWER.NS in batch result.
2026-07-26 22:55:56,765 DEBUG AlphaScanner.Data No data for ticker RTNINDIA.NS in batch result.
2026-07-26 22:55:56,765 DEBUG AlphaScanner.Data No data for ticker RTNPOWER.NS in batch result.
2026-07-26 22:55:56,767 DEBUG AlphaScanner.Data No data for ticker SAATVIKGL.NS in batch result.
2026-07-26 22:55:56,767 DEBUG AlphaScanner.Data No data for ticker SAFARI.NS in batch result.
2026-07-26 22:55:56,767 DEBUG AlphaScanner.Data No data for ticker SAGILITY.NS in batch result.
2026-07-26 22:55:56,771 DEBUG AlphaScanner.Data No data for ticker SAMMAANCAP.NS in batch result.
2026-07-26 22:55:56,874 DEBUG AlphaScanner.Data No data for ticker SANOFICONR.NS in batch result.
2026-07-26 22:55:56,874 DEBUG AlphaScanner.Data No data for ticker SANSERA.NS in batch result.
2026-07-26 22:55:56,875 DEBUG AlphaScanner.Data No data for ticker SAPPHIRE.NS in batch result.
2026-07-26 22:55:56,876 DEBUG AlphaScanner.Data No data for ticker SARDAEN.NS in batch result.
2026-07-26 22:55:56,876 DEBUG AlphaScanner.Data No data for ticker SAREGAMA.NS in batch result.
2026-07-26 22:55:56,876 DEBUG AlphaScanner.Data No data for ticker SBFC.NS in batch result.
2026-07-26 22:55:56,876 DEBUG AlphaScanner.Data No data for ticker SCI.NS in batch result.
2026-07-26 22:55:57,378 DEBUG AlphaScanner.Data No data for ticker SHAKTIPUMP.NS in batch result.
2026-07-26 22:55:57,381 DEBUG AlphaScanner.Data No data for ticker SHARDACROP.NS in batch result.
2026-07-26 22:55:57,381 DEBUG AlphaScanner.Data No data for ticker SHAREINDIA.NS in batch result.
2026-07-26 22:55:57,382 DEBUG AlphaScanner.Data No data for ticker SHILPAMED.NS in batch result.
2026-07-26 22:55:57,385 DEBUG AlphaScanner.Data No data for ticker SHRIPISTON.NS in batch result.
2026-07-26 22:55:57,724 DEBUG AlphaScanner.Data No data for ticker SWSOLAR.NS in batch result.
2026-07-26 22:55:57,727 DEBUG AlphaScanner.Data No data for ticker TANLA.NS in batch result.
2026-07-26 22:55:57,727 DEBUG AlphaScanner.Data No data for ticker TARC.NS in batch result.
2026-07-26 22:55:57,728 DEBUG AlphaScanner.Data No data for ticker TARIL.NS in batch result.
2026-07-26 22:55:57,764 DEBUG AlphaScanner.Data No data for ticker TBOTEK.NS in batch result.
2026-07-26 22:55:57,901 DEBUG AlphaScanner.Data No data for ticker SIGNATURE.NS in batch result.
2026-07-26 22:55:57,902 DEBUG AlphaScanner.Data No data for ticker SKFINDIA.NS in batch result.
2026-07-26 22:55:57,902 DEBUG AlphaScanner.Data No data for ticker SKFINDUS.NS in batch result.
2026-07-26 22:55:57,902 DEBUG AlphaScanner.Data No data for ticker SKIPPER.NS in batch result.
2026-07-26 22:55:57,912 DEBUG AlphaScanner.Data No data for ticker SKYGOLD.NS in batch result.
2026-07-26 22:55:57,912 DEBUG AlphaScanner.Data No data for ticker SMARTWORKS.NS in batch result.
2026-07-26 22:55:57,920 DEBUG AlphaScanner.Data No data for ticker SOBHA.NS in batch result.
2026-07-26 22:55:57,926 DEBUG AlphaScanner.Data No data for ticker TI.NS in batch result.
2026-07-26 22:55:57,928 DEBUG AlphaScanner.Data No data for ticker TIMETECHNO.NS in batch result.
2026-07-26 22:55:57,930 DEBUG AlphaScanner.Data No data for ticker TITAGARH.NS in batch result.
2026-07-26 22:55:57,930 DEBUG AlphaScanner.Data No data for ticker TMB.NS in batch result.
2026-07-26 22:55:57,931 DEBUG AlphaScanner.Data No data for ticker TRANSRAILL.NS in batch result.
2026-07-26 22:55:57,931 DEBUG AlphaScanner.Data No data for ticker TRAVELFOOD.NS in batch result.
2026-07-26 22:55:57,931 DEBUG AlphaScanner.Data No data for ticker TRIDENT.NS in batch result.
2026-07-26 22:55:57,955 DEBUG AlphaScanner.Data No data for ticker STYRENIX.NS in batch result.
2026-07-26 22:55:57,956 DEBUG AlphaScanner.Data No data for ticker SUBROS.NS in batch result.
2026-07-26 22:55:57,964 DEBUG AlphaScanner.Data No data for ticker SUDEEPPHRM.NS in batch result.
2026-07-26 22:55:57,964 DEBUG AlphaScanner.Data No data for ticker SUNTECK.NS in batch result.
2026-07-26 22:55:57,964 DEBUG AlphaScanner.Data No data for ticker SUNTV.NS in batch result.
2026-07-26 22:55:57,964 DEBUG AlphaScanner.Data No data for ticker SUPRIYA.NS in batch result.
2026-07-26 22:55:57,964 DEBUG AlphaScanner.Data No data for ticker SURYAROSNI.NS in batch result.
2026-07-26 22:55:58,025 DEBUG AlphaScanner.Data No data for ticker SONATSOFTW.NS in batch result.
2026-07-26 22:55:58,041 DEBUG AlphaScanner.Data No data for ticker SPLPETRO.NS in batch result.
2026-07-26 22:55:58,042 DEBUG AlphaScanner.Data No data for ticker STAR.NS in batch result.
2026-07-26 22:55:58,042 DEBUG AlphaScanner.Data No data for ticker STARCEMENT.NS in batch result.
2026-07-26 22:55:58,050 DEBUG AlphaScanner.Data No data for ticker STLTECH.NS in batch result.
2026-07-26 22:55:58,055 DEBUG AlphaScanner.Data No data for ticker STYL.NS in batch result.
2026-07-26 22:55:58,061 DEBUG AlphaScanner.Data No data for ticker TECHNOE.NS in batch result.
2026-07-26 22:55:58,061 DEBUG AlphaScanner.Data No data for ticker TEGA.NS in batch result.
2026-07-26 22:55:58,062 DEBUG AlphaScanner.Data No data for ticker TEJASNET.NS in batch result.
2026-07-26 22:55:58,062 DEBUG AlphaScanner.Data No data for ticker TEXRAIL.NS in batch result.
2026-07-26 22:55:58,062 DEBUG AlphaScanner.Data No data for ticker THELEELA.NS in batch result.
2026-07-26 22:55:58,062 DEBUG AlphaScanner.Data No data for ticker THOMASCOOK.NS in batch result.
2026-07-26 22:55:58,120 DEBUG AlphaScanner.Data No data for ticker TRIVENI.NS in batch result.
2026-07-26 22:55:58,127 DEBUG AlphaScanner.Data No data for ticker TSFINV.NS in batch result.
2026-07-26 22:55:58,132 DEBUG AlphaScanner.Data No data for ticker UJJIVANSFB.NS in batch result.
2026-07-26 22:55:58,133 DEBUG AlphaScanner.Data No data for ticker URBANCO.NS in batch result.
2026-07-26 22:55:58,133 DEBUG AlphaScanner.Data No data for ticker USHAMART.NS in batch result.
2026-07-26 22:55:58,215 DEBUG AlphaScanner.Data No data for ticker UTIAMC.NS in batch result.
2026-07-26 22:55:58,221 DEBUG AlphaScanner.Data No data for ticker V2RETAIL.NS in batch result.
2026-07-26 22:55:58,231 DEBUG AlphaScanner.Data No data for ticker VGUARD.NS in batch result.
2026-07-26 22:55:58,231 DEBUG AlphaScanner.Data No data for ticker VIJAYA.NS in batch result.
2026-07-26 22:55:58,232 DEBUG AlphaScanner.Data No data for ticker VIKRAMSOLR.NS in batch result.
2026-07-26 22:55:58,333 DEBUG AlphaScanner.Data No data for ticker VIPIND.NS in batch result.
2026-07-26 22:55:58,337 DEBUG AlphaScanner.Data No data for ticker VMART.NS in batch result.
2026-07-26 22:55:58,340 DEBUG AlphaScanner.Data No data for ticker VOLTAMP.NS in batch result.
2026-07-26 22:55:58,340 DEBUG AlphaScanner.Data No data for ticker VTL.NS in batch result.
2026-07-26 22:55:58,340 DEBUG AlphaScanner.Data No data for ticker WAAREERTL.NS in batch result.
2026-07-26 22:55:58,662 DEBUG AlphaScanner.Data No data for ticker WAKEFIT.NS in batch result.
2026-07-26 22:55:58,894 DEBUG AlphaScanner.Data download_history_batch result count=160
2026-07-26 22:55:58,897 INFO AlphaScanner.Engine Batch history download finished in 8.94s for 405 tickers
2026-07-26 22:55:58,897 DEBUG AlphaScanner.Data download_history(ticker=AARTIDRUGS.NS, period=1y, interval=1d, use_cache=False)
2026-07-26 22:55:58,954 DEBUG AlphaScanner.Data download_history success for AARTIDRUGS.NS rows=250 cols=['adj close', 'Close', 'High', 'Low', 'Open', 'Volume']
2026-07-26 22:55:58,957 DEBUG AlphaScanner.Data download_history(ticker=AARTIIND.NS, period=1y, interval=1d, use_cache=False)
2026-07-26 22:55:59,116 DEBUG AlphaScanner.Data download_history success for AARTIIND.NS rows=250 cols=['adj close', 'Close', 'High', 'Low', 'Open', 'Volume']
2026-07-26 22:55:59,118 DEBUG AlphaScanner.Data download_history(ticker=AARTIPHARM.NS, period=1y, interval=1d, use_cache=False)
2026-07-26 22:55:59,263 DEBUG AlphaScanner.Data download_history success for AARTIPHARM.NS rows=250 cols=['adj close', 'Close', 'High', 'Low', 'Open', 'Volume']
2026-07-26 22:55:59,265 DEBUG AlphaScanner.Data download_history(ticker=AAVAS.NS, period=1y, interval=1d, use_cache=False)
2026-07-26 22:55:59,323 DEBUG AlphaScanner.Data download_history success for AAVAS.NS rows=250 cols=['adj close', 'Close', 'High', 'Low', 'Open', 'Volume']
2026-07-26 22:55:59,326 DEBUG AlphaScanner.Data download_history(ticker=ABDL.NS, period=1y, interval=1d, use_cache=False)
2026-07-26 22:55:59,461 DEBUG AlphaScanner.Data download_history success for ABDL.NS rows=249 cols=['adj close', 'Close', 'High', 'Low', 'Open', 'Volume']
2026-07-26 22:55:59,463 DEBUG AlphaScanner.Data download_history(ticker=ABFRL.NS, period=1y, interval=1d, use_cache=False)
2026-07-26 22:55:59,544 DEBUG AlphaScanner.Data download_history success for ABFRL.NS rows=250 cols=['adj close', 'Close', 'High', 'Low', 'Open', 'Volume']
2026-07-26 22:55:59,548 DEBUG AlphaScanner.Data download_history(ticker=ABREL.NS, period=1y, interval=1d, use_cache=False)
2026-07-26 22:55:59,726 DEBUG AlphaScanner.Data download_history success for ABREL.NS rows=250 cols=['adj close', 'Close', 'High', 'Low', 'Open', 'Volume']
2026-07-26 22:55:59,745 DEBUG AlphaScanner.Data download_history(ticker=APTUS.NS, period=1y, interval=1d, use_cache=False)
2026-07-26 22:56:00,011 DEBUG AlphaScanner.Data download_history success for APTUS.NS rows=250 cols=['adj close', 'Close', 'High', 'Low', 'Open', 'Volume']
2026-07-26 22:56:00,014 DEBUG AlphaScanner.Data download_history(ticker=ARVIND.NS, period=1y, interval=1d, use_cache=False)
2026-07-26 22:56:00,184 DEBUG AlphaScanner.Data download_history success for ARVIND.NS rows=250 cols=['adj close', 'Close', 'High', 'Low', 'Open', 'Volume']
2026-07-26 22:56:00,187 DEBUG AlphaScanner.Data download_history(ticker=ARVINDFASN.NS, period=1y, interval=1d, use_cache=False)
2026-07-26 22:56:00,502 DEBUG AlphaScanner.Data download_history success for ARVINDFASN.NS rows=250 cols=['adj close', 'Close', 'High', 'Low', 'Open', 'Volume']
2026-07-26 22:56:00,504 DEBUG AlphaScanner.Data download_history(ticker=ASHAPURMIN.NS, period=1y, interval=1d, use_cache=False)
2026-07-26 22:56:00,657 DEBUG AlphaScanner.Data download_history success for ASHAPURMIN.NS rows=250 cols=['adj close', 'Close', 'High', 'Low', 'Open', 'Volume']
2026-07-26 22:56:00,659 DEBUG AlphaScanner.Data download_history(ticker=ASHOKA.NS, period=1y, interval=1d, use_cache=False)
2026-07-26 22:56:00,779 DEBUG AlphaScanner.Data download_history success for ASHOKA.NS rows=250 cols=['adj close', 'Close', 'High', 'Low', 'Open', 'Volume']
2026-07-26 22:56:00,781 DEBUG AlphaScanner.Data download_history(ticker=ASKAUTOLTD.NS, period=1y, interval=1d, use_cache=False)
2026-07-26 22:56:00,906 DEBUG AlphaScanner.Data download_history success for ASKAUTOLTD.NS rows=250 cols=['adj close', 'Close', 'High', 'Low', 'Open', 'Volume']
2026-07-26 22:56:00,909 DEBUG AlphaScanner.Data download_history(ticker=ASTRAMICRO.NS, period=1y, interval=1d, use_cache=False)
2026-07-26 22:56:01,064 DEBUG AlphaScanner.Data download_history success for ASTRAMICRO.NS rows=250 cols=['adj close', 'Close', 'High', 'Low', 'Open', 'Volume']
2026-07-26 22:56:01,080 DEBUG AlphaScanner.Data download_history(ticker=BAJAJELEC.NS, period=1y, interval=1d, use_cache=False)
2026-07-26 22:56:01,225 DEBUG AlphaScanner.Data download_history success for BAJAJELEC.NS rows=250 cols=['adj close', 'Close', 'High', 'Low', 'Open', 'Volume']
2026-07-26 22:56:01,228 DEBUG AlphaScanner.Data download_history(ticker=BALAMINES.NS, period=1y, interval=1d, use_cache=False)
2026-07-26 22:56:01,378 DEBUG AlphaScanner.Data download_history success for BALAMINES.NS rows=250 cols=['adj close', 'Close', 'High', 'Low', 'Open', 'Volume']
2026-07-26 22:56:01,379 DEBUG AlphaScanner.Data download_history(ticker=BALRAMCHIN.NS, period=1y, interval=1d, use_cache=False)
2026-07-26 22:56:01,527 DEBUG AlphaScanner.Data download_history success for BALRAMCHIN.NS rows=250 cols=['adj close', 'Close', 'High', 'Low', 'Open', 'Volume']
2026-07-26 22:56:01,529 DEBUG AlphaScanner.Data download_history(ticker=BALUFORGE.NS, period=1y, interval=1d, use_cache=False)
2026-07-26 22:56:01,659 DEBUG AlphaScanner.Data download_history success for BALUFORGE.NS rows=250 cols=['adj close', 'Close', 'High', 'Low', 'Open', 'Volume']
2026-07-26 22:56:01,661 DEBUG AlphaScanner.Data download_history(ticker=BANCOINDIA.NS, period=1y, interval=1d, use_cache=False)
2026-07-26 22:56:01,835 DEBUG AlphaScanner.Data download_history success for BANCOINDIA.NS rows=249 cols=['adj close', 'Close', 'High', 'Low', 'Open', 'Volume']
2026-07-26 22:56:01,838 DEBUG AlphaScanner.Data download_history(ticker=BATAINDIA.NS, period=1y, interval=1d, use_cache=False)
2026-07-26 22:56:02,093 DEBUG AlphaScanner.Data download_history success for BATAINDIA.NS rows=250 cols=['adj close', 'Close', 'High', 'Low', 'Open', 'Volume']
2026-07-26 22:56:02,095 DEBUG AlphaScanner.Data download_history(ticker=BAYERCROP.NS, period=1y, interval=1d, use_cache=False)
2026-07-26 22:56:02,231 DEBUG AlphaScanner.Data download_history success for BAYERCROP.NS rows=250 cols=['adj close', 'Close', 'High', 'Low', 'Open', 'Volume']
2026-07-26 22:56:02,240 DEBUG AlphaScanner.Data download_history(ticker=BLUEJET.NS, period=1y, interval=1d, use_cache=False)
2026-07-26 22:56:02,365 DEBUG AlphaScanner.Data download_history success for BLUEJET.NS rows=250 cols=['adj close', 'Close', 'High', 'Low', 'Open', 'Volume']
2026-07-26 22:56:02,367 DEBUG AlphaScanner.Data download_history(ticker=BLUESTONE.NS, period=1y, interval=1d, use_cache=False)
2026-07-26 22:56:02,488 DEBUG AlphaScanner.Data download_history success for BLUESTONE.NS rows=232 cols=['adj close', 'Close', 'High', 'Low', 'Open', 'Volume']
2026-07-26 22:56:02,490 DEBUG AlphaScanner.Data download_history(ticker=BORORENEW.NS, period=1y, interval=1d, use_cache=False)
2026-07-26 22:56:02,609 DEBUG AlphaScanner.Data download_history success for BORORENEW.NS rows=250 cols=['adj close', 'Close', 'High', 'Low', 'Open', 'Volume']
2026-07-26 22:56:02,611 DEBUG AlphaScanner.Data download_history(ticker=BRIGADE.NS, period=1y, interval=1d, use_cache=False)
2026-07-26 22:56:02,751 DEBUG AlphaScanner.Data download_history success for BRIGADE.NS rows=250 cols=['adj close', 'Close', 'High', 'Low', 'Open', 'Volume']
2026-07-26 22:56:02,753 DEBUG AlphaScanner.Data download_history(ticker=BSOFT.NS, period=1y, interval=1d, use_cache=False)
2026-07-26 22:56:03,136 DEBUG AlphaScanner.Data download_history success for BSOFT.NS rows=250 cols=['adj close', 'Close', 'High', 'Low', 'Open', 'Volume']
2026-07-26 22:56:03,139 DEBUG AlphaScanner.Data download_history(ticker=CAMPUS.NS, period=1y, interval=1d, use_cache=False)
2026-07-26 22:56:03,464 DEBUG AlphaScanner.Data download_history success for CAMPUS.NS rows=250 cols=['adj close', 'Close', 'High', 'Low', 'Open', 'Volume']
2026-07-26 22:56:03,467 DEBUG AlphaScanner.Data download_history(ticker=CAMS.NS, period=1y, interval=1d, use_cache=False)
2026-07-26 22:56:03,698 DEBUG AlphaScanner.Data download_history success for CAMS.NS rows=250 cols=['adj close', 'Close', 'High', 'Low', 'Open', 'Volume']
2026-07-26 22:56:03,713 DEBUG AlphaScanner.Data download_history(ticker=COHANCE.NS, period=1y, interval=1d, use_cache=False)
2026-07-26 22:56:03,928 DEBUG AlphaScanner.Data download_history success for COHANCE.NS rows=250 cols=['adj close', 'Close', 'High', 'Low', 'Open', 'Volume']
2026-07-26 22:56:03,936 DEBUG AlphaScanner.Data download_history(ticker=CROMPTON.NS, period=1y, interval=1d, use_cache=False)
2026-07-26 22:56:04,124 DEBUG AlphaScanner.Data download_history success for CROMPTON.NS rows=250 cols=['adj close', 'Close', 'High', 'Low', 'Open', 'Volume']
2026-07-26 22:56:04,126 DEBUG AlphaScanner.Data download_history(ticker=CSBBANK.NS, period=1y, interval=1d, use_cache=False)
2026-07-26 22:56:04,318 DEBUG AlphaScanner.Data download_history success for CSBBANK.NS rows=250 cols=['adj close', 'Close', 'High', 'Low', 'Open', 'Volume']
2026-07-26 22:56:04,319 DEBUG AlphaScanner.Data download_history(ticker=CYIENT.NS, period=1y, interval=1d, use_cache=False)
2026-07-26 22:56:04,586 DEBUG AlphaScanner.Data download_history success for CYIENT.NS rows=250 cols=['adj close', 'Close', 'High', 'Low', 'Open', 'Volume']
2026-07-26 22:56:04,589 DEBUG AlphaScanner.Data download_history(ticker=DBL.NS, period=1y, interval=1d, use_cache=False)
2026-07-26 22:56:04,940 DEBUG AlphaScanner.Data download_history success for DBL.NS rows=248 cols=['adj close', 'Close', 'High', 'Low', 'Open', 'Volume']
2026-07-26 22:56:04,942 DEBUG AlphaScanner.Data download_history(ticker=DBREALTY.NS, period=1y, interval=1d, use_cache=False)
2026-07-26 22:56:05,158 DEBUG AlphaScanner.Data download_history success for DBREALTY.NS rows=250 cols=['adj close', 'Close', 'High', 'Low', 'Open', 'Volume']
2026-07-26 22:56:05,161 DEBUG AlphaScanner.Data download_history(ticker=DCBBANK.NS, period=1y, interval=1d, use_cache=False)
2026-07-26 22:56:05,366 DEBUG AlphaScanner.Data download_history success for DCBBANK.NS rows=250 cols=['adj close', 'Close', 'High', 'Low', 'Open', 'Volume']
2026-07-26 22:56:05,368 DEBUG AlphaScanner.Data download_history(ticker=DCMSHRIRAM.NS, period=1y, interval=1d, use_cache=False)
2026-07-26 22:56:05,563 DEBUG AlphaScanner.Data download_history success for DCMSHRIRAM.NS rows=249 cols=['adj close', 'Close', 'High', 'Low', 'Open', 'Volume']
2026-07-26 22:56:05,565 DEBUG AlphaScanner.Data download_history(ticker=DEEPAKFERT.NS, period=1y, interval=1d, use_cache=False)
2026-07-26 22:56:05,725 DEBUG AlphaScanner.Data download_history success for DEEPAKFERT.NS rows=250 cols=['adj close', 'Close', 'High', 'Low', 'Open', 'Volume']
2026-07-26 22:56:05,728 DEBUG AlphaScanner.Data download_history(ticker=DEVYANI.NS, period=1y, interval=1d, use_cache=False)
2026-07-26 22:56:05,885 DEBUG AlphaScanner.Data download_history success for DEVYANI.NS rows=250 cols=['adj close', 'Close', 'High', 'Low', 'Open', 'Volume']
2026-07-26 22:56:05,889 DEBUG AlphaScanner.Data download_history(ticker=DIACABS.NS, period=1y, interval=1d, use_cache=False)
2026-07-26 22:56:06,040 DEBUG AlphaScanner.Data download_history success for DIACABS.NS rows=250 cols=['adj close', 'Close', 'High', 'Low', 'Open', 'Volume']
2026-07-26 22:56:06,043 DEBUG AlphaScanner.Data download_history(ticker=DOMS.NS, period=1y, interval=1d, use_cache=False)
2026-07-26 22:56:06,197 DEBUG AlphaScanner.Data download_history success for DOMS.NS rows=249 cols=['adj close', 'Close', 'High', 'Low', 'Open', 'Volume']
2026-07-26 22:56:06,199 DEBUG AlphaScanner.Data download_history(ticker=DYNAMATECH.NS, period=1y, interval=1d, use_cache=False)
2026-07-26 22:56:06,361 DEBUG AlphaScanner.Data download_history success for DYNAMATECH.NS rows=249 cols=['adj close', 'Close', 'High', 'Low', 'Open', 'Volume']
2026-07-26 22:56:06,365 DEBUG AlphaScanner.Data download_history(ticker=EDELWEISS.NS, period=1y, interval=1d, use_cache=False)
2026-07-26 22:56:06,532 DEBUG AlphaScanner.Data download_history success for EDELWEISS.NS rows=250 cols=['adj close', 'Close', 'High', 'Low', 'Open', 'Volume']
2026-07-26 22:56:06,535 DEBUG AlphaScanner.Data download_history(ticker=EIDPARRY.NS, period=1y, interval=1d, use_cache=False)
2026-07-26 22:56:06,824 DEBUG AlphaScanner.Data download_history success for EIDPARRY.NS rows=249 cols=['adj close', 'Close', 'High', 'Low', 'Open', 'Volume']
2026-07-26 22:56:06,825 DEBUG AlphaScanner.Data download_history(ticker=EIEL.NS, period=1y, interval=1d, use_cache=False)
2026-07-26 22:56:06,962 DEBUG AlphaScanner.Data download_history success for EIEL.NS rows=250 cols=['adj close', 'Close', 'High', 'Low', 'Open', 'Volume']
2026-07-26 22:56:06,965 DEBUG AlphaScanner.Data download_history(ticker=ELECON.NS, period=1y, interval=1d, use_cache=False)
2026-07-26 22:56:07,114 DEBUG AlphaScanner.Data download_history success for ELECON.NS rows=250 cols=['adj close', 'Close', 'High', 'Low', 'Open', 'Volume']
2026-07-26 22:56:07,117 DEBUG AlphaScanner.Data download_history(ticker=ELECTCAST.NS, period=1y, interval=1d, use_cache=False)
2026-07-26 22:56:07,300 DEBUG AlphaScanner.Data download_history success for ELECTCAST.NS rows=250 cols=['adj close', 'Close', 'High', 'Low', 'Open', 'Volume']
2026-07-26 22:56:07,302 DEBUG AlphaScanner.Data download_history(ticker=ELGIEQUIP.NS, period=1y, interval=1d, use_cache=False)
2026-07-26 22:56:07,480 DEBUG AlphaScanner.Data download_history success for ELGIEQUIP.NS rows=250 cols=['adj close', 'Close', 'High', 'Low', 'Open', 'Volume']
2026-07-26 22:56:07,483 DEBUG AlphaScanner.Data download_history(ticker=ELLEN.NS, period=1y, interval=1d, use_cache=False)
2026-07-26 22:56:07,608 DEBUG AlphaScanner.Data download_history success for ELLEN.NS rows=249 cols=['adj close', 'Close', 'High', 'Low', 'Open', 'Volume']
2026-07-26 22:56:07,611 DEBUG AlphaScanner.Data download_history(ticker=EMBDL.NS, period=1y, interval=1d, use_cache=False)
2026-07-26 22:56:07,732 DEBUG AlphaScanner.Data download_history success for EMBDL.NS rows=250 cols=['adj close', 'Close', 'High', 'Low', 'Open', 'Volume']
2026-07-26 22:56:07,735 DEBUG AlphaScanner.Data download_history(ticker=EMIL.NS, period=1y, interval=1d, use_cache=False)
2026-07-26 22:56:07,849 DEBUG AlphaScanner.Data download_history success for EMIL.NS rows=250 cols=['adj close', 'Close', 'High', 'Low', 'Open', 'Volume']
2026-07-26 22:56:07,854 DEBUG AlphaScanner.Data download_history(ticker=EPL.NS, period=1y, interval=1d, use_cache=False)
2026-07-26 22:56:08,054 DEBUG AlphaScanner.Data download_history success for EPL.NS rows=249 cols=['adj close', 'Close', 'High', 'Low', 'Open', 'Volume']
2026-07-26 22:56:08,064 DEBUG AlphaScanner.Data download_history(ticker=FIEMIND.NS, period=1y, interval=1d, use_cache=False)
2026-07-26 22:56:08,250 DEBUG AlphaScanner.Data download_history success for FIEMIND.NS rows=250 cols=['adj close', 'Close', 'High', 'Low', 'Open', 'Volume']
2026-07-26 22:56:08,254 DEBUG AlphaScanner.Data download_history(ticker=FINCABLES.NS, period=1y, interval=1d, use_cache=False)
2026-07-26 22:56:08,424 DEBUG AlphaScanner.Data download_history success for FINCABLES.NS rows=250 cols=['adj close', 'Close', 'High', 'Low', 'Open', 'Volume']
2026-07-26 22:56:08,428 DEBUG AlphaScanner.Data download_history(ticker=FIRSTCRY.NS, period=1y, interval=1d, use_cache=False)
2026-07-26 22:56:08,697 DEBUG AlphaScanner.Data download_history success for FIRSTCRY.NS rows=250 cols=['adj close', 'Close', 'High', 'Low', 'Open', 'Volume']
2026-07-26 22:56:08,700 DEBUG AlphaScanner.Data download_history(ticker=FIVESTAR.NS, period=1y, interval=1d, use_cache=False)
2026-07-26 22:56:08,918 DEBUG AlphaScanner.Data download_history success for FIVESTAR.NS rows=249 cols=['adj close', 'Close', 'High', 'Low', 'Open', 'Volume']
2026-07-26 22:56:08,921 DEBUG AlphaScanner.Data download_history(ticker=FSL.NS, period=1y, interval=1d, use_cache=False)
2026-07-26 22:56:09,147 DEBUG AlphaScanner.Data download_history success for FSL.NS rows=250 cols=['adj close', 'Close', 'High', 'Low', 'Open', 'Volume']
2026-07-26 22:56:09,149 DEBUG AlphaScanner.Data download_history(ticker=GAEL.NS, period=1y, interval=1d, use_cache=False)
2026-07-26 22:56:09,320 DEBUG AlphaScanner.Data download_history success for GAEL.NS rows=250 cols=['adj close', 'Close', 'High', 'Low', 'Open', 'Volume']
2026-07-26 22:56:09,322 DEBUG AlphaScanner.Data download_history(ticker=GALLANTT.NS, period=1y, interval=1d, use_cache=False)
2026-07-26 22:56:09,451 DEBUG AlphaScanner.Data download_history success for GALLANTT.NS rows=249 cols=['adj close', 'Close', 'High', 'Low', 'Open', 'Volume']
2026-07-26 22:56:09,453 DEBUG AlphaScanner.Data download_history(ticker=GLENMARK.NS, period=1y, interval=1d, use_cache=False)
2026-07-26 22:56:09,619 DEBUG AlphaScanner.Data download_history success for GLENMARK.NS rows=250 cols=['adj close', 'Close', 'High', 'Low', 'Open', 'Volume']
2026-07-26 22:56:09,621 DEBUG AlphaScanner.Data download_history(ticker=GMDCLTD.NS, period=1y, interval=1d, use_cache=False)
2026-07-26 22:56:09,801 DEBUG AlphaScanner.Data download_history success for GMDCLTD.NS rows=250 cols=['adj close', 'Close', 'High', 'Low', 'Open', 'Volume']
2026-07-26 22:56:09,804 DEBUG AlphaScanner.Data download_history(ticker=GMMPFAUDLR.NS, period=1y, interval=1d, use_cache=False)
2026-07-26 22:56:09,966 DEBUG AlphaScanner.Data download_history success for GMMPFAUDLR.NS rows=249 cols=['adj close', 'Close', 'High', 'Low', 'Open', 'Volume']
2026-07-26 22:56:09,969 DEBUG AlphaScanner.Data download_history(ticker=GMRP&UI.NS, period=1y, interval=1d, use_cache=False)
2026-07-26 22:56:10,106 DEBUG AlphaScanner.Data download_history success for GMRP&UI.NS rows=250 cols=['adj close', 'Close', 'High', 'Low', 'Open', 'Volume']
2026-07-26 22:56:10,109 DEBUG AlphaScanner.Data download_history(ticker=GNFC.NS, period=1y, interval=1d, use_cache=False)
2026-07-26 22:56:10,287 DEBUG AlphaScanner.Data download_history success for GNFC.NS rows=250 cols=['adj close', 'Close', 'High', 'Low', 'Open', 'Volume']
2026-07-26 22:56:10,289 DEBUG AlphaScanner.Data download_history(ticker=GODREJAGRO.NS, period=1y, interval=1d, use_cache=False)
2026-07-26 22:56:10,423 DEBUG AlphaScanner.Data download_history success for GODREJAGRO.NS rows=250 cols=['adj close', 'Close', 'High', 'Low', 'Open', 'Volume']
2026-07-26 22:56:10,425 DEBUG AlphaScanner.Data download_history(ticker=GOKEX.NS, period=1y, interval=1d, use_cache=False)
2026-07-26 22:56:10,586 DEBUG AlphaScanner.Data download_history success for GOKEX.NS rows=250 cols=['adj close', 'Close', 'High', 'Low', 'Open', 'Volume']
2026-07-26 22:56:10,589 DEBUG AlphaScanner.Data download_history(ticker=GOKULAGRO.NS, period=1y, interval=1d, use_cache=False)
2026-07-26 22:56:10,715 DEBUG AlphaScanner.Data download_history success for GOKULAGRO.NS rows=250 cols=['adj close', 'Close', 'High', 'Low', 'Open', 'Volume']
2026-07-26 22:56:10,717 DEBUG AlphaScanner.Data download_history(ticker=GPIL.NS, period=1y, interval=1d, use_cache=False)
2026-07-26 22:56:10,886 DEBUG AlphaScanner.Data download_history success for GPIL.NS rows=250 cols=['adj close', 'Close', 'High', 'Low', 'Open', 'Volume']
2026-07-26 22:56:10,888 DEBUG AlphaScanner.Data download_history(ticker=GPPL.NS, period=1y, interval=1d, use_cache=False)
2026-07-26 22:56:11,048 DEBUG AlphaScanner.Data download_history success for GPPL.NS rows=250 cols=['adj close', 'Close', 'High', 'Low', 'Open', 'Volume']
2026-07-26 22:56:11,050 DEBUG AlphaScanner.Data download_history(ticker=GRAPHITE.NS, period=1y, interval=1d, use_cache=False)
2026-07-26 22:56:11,226 DEBUG AlphaScanner.Data download_history success for GRAPHITE.NS rows=250 cols=['adj close', 'Close', 'High', 'Low', 'Open', 'Volume']
2026-07-26 22:56:11,228 DEBUG AlphaScanner.Data download_history(ticker=GRAVITA.NS, period=1y, interval=1d, use_cache=False)
2026-07-26 22:56:11,387 DEBUG AlphaScanner.Data download_history success for GRAVITA.NS rows=250 cols=['adj close', 'Close', 'High', 'Low', 'Open', 'Volume']
2026-07-26 22:56:11,390 DEBUG AlphaScanner.Data download_history(ticker=GREAVESCOT.NS, period=1y, interval=1d, use_cache=False)
2026-07-26 22:56:11,540 DEBUG AlphaScanner.Data download_history success for GREAVESCOT.NS rows=250 cols=['adj close', 'Close', 'High', 'Low', 'Open', 'Volume']
2026-07-26 22:56:11,543 DEBUG AlphaScanner.Data download_history(ticker=GSFC.NS, period=1y, interval=1d, use_cache=False)
2026-07-26 22:56:11,826 DEBUG AlphaScanner.Data download_history success for GSFC.NS rows=250 cols=['adj close', 'Close', 'High', 'Low', 'Open', 'Volume']
2026-07-26 22:56:11,828 DEBUG AlphaScanner.Data download_history(ticker=HAPPSTMNDS.NS, period=1y, interval=1d, use_cache=False)
2026-07-26 22:56:11,953 DEBUG AlphaScanner.Data download_history success for HAPPSTMNDS.NS rows=250 cols=['adj close', 'Close', 'High', 'Low', 'Open', 'Volume']
2026-07-26 22:56:11,955 DEBUG AlphaScanner.Data download_history(ticker=HBLENGINE.NS, period=1y, interval=1d, use_cache=False)
2026-07-26 22:56:12,115 DEBUG AlphaScanner.Data download_history success for HBLENGINE.NS rows=250 cols=['adj close', 'Close', 'High', 'Low', 'Open', 'Volume']
2026-07-26 22:56:12,118 DEBUG AlphaScanner.Data download_history(ticker=HCC.NS, period=1y, interval=1d, use_cache=False)
2026-07-26 22:56:12,248 DEBUG AlphaScanner.Data download_history success for HCC.NS rows=250 cols=['adj close', 'Close', 'High', 'Low', 'Open', 'Volume']
2026-07-26 22:56:12,251 DEBUG AlphaScanner.Data download_history(ticker=HEG.NS, period=1y, interval=1d, use_cache=False)
2026-07-26 22:56:12,415 DEBUG AlphaScanner.Data download_history success for HEG.NS rows=250 cols=['adj close', 'Close', 'High', 'Low', 'Open', 'Volume']
2026-07-26 22:56:12,417 DEBUG AlphaScanner.Data download_history(ticker=HEMIPROP.NS, period=1y, interval=1d, use_cache=False)
2026-07-26 22:56:12,561 DEBUG AlphaScanner.Data download_history success for HEMIPROP.NS rows=250 cols=['adj close', 'Close', 'High', 'Low', 'Open', 'Volume']
2026-07-26 22:56:12,564 DEBUG AlphaScanner.Data download_history(ticker=HERITGFOOD.NS, period=1y, interval=1d, use_cache=False)
2026-07-26 22:56:12,847 DEBUG AlphaScanner.Data download_history success for HERITGFOOD.NS rows=250 cols=['adj close', 'Close', 'High', 'Low', 'Open', 'Volume']
2026-07-26 22:56:12,850 DEBUG AlphaScanner.Data download_history(ticker=HGINFRA.NS, period=1y, interval=1d, use_cache=False)
2026-07-26 22:56:13,084 DEBUG AlphaScanner.Data download_history success for HGINFRA.NS rows=250 cols=['adj close', 'Close', 'High', 'Low', 'Open', 'Volume']
2026-07-26 22:56:13,087 DEBUG AlphaScanner.Data download_history(ticker=HONASA.NS, period=1y, interval=1d, use_cache=False)
2026-07-26 22:56:13,235 DEBUG AlphaScanner.Data download_history success for HONASA.NS rows=249 cols=['adj close', 'Close', 'High', 'Low', 'Open', 'Volume']
2026-07-26 22:56:13,238 DEBUG AlphaScanner.Data download_history(ticker=ICIL.NS, period=1y, interval=1d, use_cache=False)
2026-07-26 22:56:13,461 DEBUG AlphaScanner.Data download_history success for ICIL.NS rows=250 cols=['adj close', 'Close', 'High', 'Low', 'Open', 'Volume']
2026-07-26 22:56:13,464 DEBUG AlphaScanner.Data download_history(ticker=IEX.NS, period=1y, interval=1d, use_cache=False)
2026-07-26 22:56:13,656 DEBUG AlphaScanner.Data download_history success for IEX.NS rows=250 cols=['adj close', 'Close', 'High', 'Low', 'Open', 'Volume']
2026-07-26 22:56:13,658 DEBUG AlphaScanner.Data download_history(ticker=IFBIND.NS, period=1y, interval=1d, use_cache=False)
2026-07-26 22:56:13,802 DEBUG AlphaScanner.Data download_history success for IFBIND.NS rows=250 cols=['adj close', 'Close', 'High', 'Low', 'Open', 'Volume']
2026-07-26 22:56:13,805 DEBUG AlphaScanner.Data download_history(ticker=IFCI.NS, period=1y, interval=1d, use_cache=False)
2026-07-26 22:56:14,031 DEBUG AlphaScanner.Data download_history success for IFCI.NS rows=250 cols=['adj close', 'Close', 'High', 'Low', 'Open', 'Volume']
2026-07-26 22:56:14,034 DEBUG AlphaScanner.Data download_history(ticker=IGIL.NS, period=1y, interval=1d, use_cache=False)
2026-07-26 22:56:14,231 DEBUG AlphaScanner.Data download_history success for IGIL.NS rows=250 cols=['adj close', 'Close', 'High', 'Low', 'Open', 'Volume']
2026-07-26 22:56:14,233 DEBUG AlphaScanner.Data download_history(ticker=IIFLCAPS.NS, period=1y, interval=1d, use_cache=False)
2026-07-26 22:56:14,391 DEBUG AlphaScanner.Data download_history success for IIFLCAPS.NS rows=250 cols=['adj close', 'Close', 'High', 'Low', 'Open', 'Volume']
2026-07-26 22:56:14,393 DEBUG AlphaScanner.Data download_history(ticker=IMFA.NS, period=1y, interval=1d, use_cache=False)
2026-07-26 22:56:14,624 DEBUG AlphaScanner.Data download_history success for IMFA.NS rows=250 cols=['adj close', 'Close', 'High', 'Low', 'Open', 'Volume']
2026-07-26 22:56:14,628 DEBUG AlphaScanner.Data download_history(ticker=INDIAGLYCO.NS, period=1y, interval=1d, use_cache=False)
2026-07-26 22:56:14,948 DEBUG AlphaScanner.Data download_history success for INDIAGLYCO.NS rows=250 cols=['adj close', 'Close', 'High', 'Low', 'Open', 'Volume']
2026-07-26 22:56:14,959 DEBUG AlphaScanner.Data download_history(ticker=JAIBALAJI.NS, period=1y, interval=1d, use_cache=False)
2026-07-26 22:56:15,105 DEBUG AlphaScanner.Data download_history success for JAIBALAJI.NS rows=250 cols=['adj close', 'Close', 'High', 'Low', 'Open', 'Volume']
2026-07-26 22:56:15,110 DEBUG AlphaScanner.Data download_history(ticker=JAYNECOIND.NS, period=1y, interval=1d, use_cache=False)
2026-07-26 22:56:15,248 DEBUG AlphaScanner.Data download_history success for JAYNECOIND.NS rows=250 cols=['adj close', 'Close', 'High', 'Low', 'Open', 'Volume']
2026-07-26 22:56:15,251 DEBUG AlphaScanner.Data download_history(ticker=JBMA.NS, period=1y, interval=1d, use_cache=False)
2026-07-26 22:56:15,422 DEBUG AlphaScanner.Data download_history success for JBMA.NS rows=250 cols=['adj close', 'Close', 'High', 'Low', 'Open', 'Volume']
2026-07-26 22:56:15,430 DEBUG AlphaScanner.Data download_history(ticker=JSFB.NS, period=1y, interval=1d, use_cache=False)
2026-07-26 22:56:15,675 DEBUG AlphaScanner.Data download_history success for JSFB.NS rows=250 cols=['adj close', 'Close', 'High', 'Low', 'Open', 'Volume']
2026-07-26 22:56:15,678 DEBUG AlphaScanner.Data download_history(ticker=JSLL.NS, period=1y, interval=1d, use_cache=False)
2026-07-26 22:56:15,828 DEBUG AlphaScanner.Data download_history success for JSLL.NS rows=250 cols=['adj close', 'Close', 'High', 'Low', 'Open', 'Volume']
2026-07-26 22:56:15,834 DEBUG AlphaScanner.Data download_history(ticker=JUBLPHARMA.NS, period=1y, interval=1d, use_cache=False)
2026-07-26 22:56:16,098 DEBUG AlphaScanner.Data download_history success for JUBLPHARMA.NS rows=249 cols=['adj close', 'Close', 'High', 'Low', 'Open', 'Volume']
2026-07-26 22:56:16,100 DEBUG AlphaScanner.Data download_history(ticker=JUSTDIAL.NS, period=1y, interval=1d, use_cache=False)
2026-07-26 22:56:16,242 DEBUG AlphaScanner.Data download_history success for JUSTDIAL.NS rows=250 cols=['adj close', 'Close', 'High', 'Low', 'Open', 'Volume']
2026-07-26 22:56:16,244 DEBUG AlphaScanner.Data download_history(ticker=JWL.NS, period=1y, interval=1d, use_cache=False)
2026-07-26 22:56:16,458 DEBUG AlphaScanner.Data download_history success for JWL.NS rows=250 cols=['adj close', 'Close', 'High', 'Low', 'Open', 'Volume']
2026-07-26 22:56:16,461 DEBUG AlphaScanner.Data download_history(ticker=JYOTHYLAB.NS, period=1y, interval=1d, use_cache=False)
2026-07-26 22:56:16,632 DEBUG AlphaScanner.Data download_history success for JYOTHYLAB.NS rows=250 cols=['adj close', 'Close', 'High', 'Low', 'Open', 'Volume']
2026-07-26 22:56:16,635 DEBUG AlphaScanner.Data download_history(ticker=JYOTICNC.NS, period=1y, interval=1d, use_cache=False)
2026-07-26 22:56:16,912 DEBUG AlphaScanner.Data download_history success for JYOTICNC.NS rows=250 cols=['adj close', 'Close', 'High', 'Low', 'Open', 'Volume']
2026-07-26 22:56:16,917 DEBUG AlphaScanner.Data download_history(ticker=KANSAINER.NS, period=1y, interval=1d, use_cache=False)
2026-07-26 22:56:17,085 DEBUG AlphaScanner.Data download_history success for KANSAINER.NS rows=248 cols=['adj close', 'Close', 'High', 'Low', 'Open', 'Volume']
2026-07-26 22:56:17,088 DEBUG AlphaScanner.Data download_history(ticker=KEC.NS, period=1y, interval=1d, use_cache=False)
2026-07-26 22:56:17,249 DEBUG AlphaScanner.Data download_history success for KEC.NS rows=250 cols=['adj close', 'Close', 'High', 'Low', 'Open', 'Volume']
2026-07-26 22:56:17,256 DEBUG AlphaScanner.Data download_history(ticker=KNRCON.NS, period=1y, interval=1d, use_cache=False)
2026-07-26 22:56:17,466 DEBUG AlphaScanner.Data download_history success for KNRCON.NS rows=250 cols=['adj close', 'Close', 'High', 'Low', 'Open', 'Volume']
2026-07-26 22:56:17,471 DEBUG AlphaScanner.Data download_history(ticker=KRN.NS, period=1y, interval=1d, use_cache=False)
2026-07-26 22:56:17,609 DEBUG AlphaScanner.Data download_history success for KRN.NS rows=250 cols=['adj close', 'Close', 'High', 'Low', 'Open', 'Volume']
2026-07-26 22:56:17,613 DEBUG AlphaScanner.Data download_history(ticker=KSB.NS, period=1y, interval=1d, use_cache=False)
2026-07-26 22:56:17,784 DEBUG AlphaScanner.Data download_history success for KSB.NS rows=250 cols=['adj close', 'Close', 'High', 'Low', 'Open', 'Volume']
2026-07-26 22:56:17,787 DEBUG AlphaScanner.Data download_history(ticker=KSCL.NS, period=1y, interval=1d, use_cache=False)
2026-07-26 22:56:18,056 DEBUG AlphaScanner.Data download_history success for KSCL.NS rows=249 cols=['adj close', 'Close', 'High', 'Low', 'Open', 'Volume']
2026-07-26 22:56:18,059 DEBUG AlphaScanner.Data download_history(ticker=KTKBANK.NS, period=1y, interval=1d, use_cache=False)
2026-07-26 22:56:18,236 DEBUG AlphaScanner.Data download_history success for KTKBANK.NS rows=250 cols=['adj close', 'Close', 'High', 'Low', 'Open', 'Volume']
2026-07-26 22:56:18,241 DEBUG AlphaScanner.Data download_history(ticker=LEMONTREE.NS, period=1y, interval=1d, use_cache=False)
2026-07-26 22:56:18,364 DEBUG AlphaScanner.Data download_history success for LEMONTREE.NS rows=250 cols=['adj close', 'Close', 'High', 'Low', 'Open', 'Volume']
2026-07-26 22:56:18,365 DEBUG AlphaScanner.Data download_history(ticker=LLOYDSENGG.NS, period=1y, interval=1d, use_cache=False)
2026-07-26 22:56:18,487 DEBUG AlphaScanner.Data download_history success for LLOYDSENGG.NS rows=250 cols=['adj close', 'Close', 'High', 'Low', 'Open', 'Volume']
2026-07-26 22:56:18,489 DEBUG AlphaScanner.Data download_history(ticker=LLOYDSENT.NS, period=1y, interval=1d, use_cache=False)
2026-07-26 22:56:18,607 DEBUG AlphaScanner.Data download_history success for LLOYDSENT.NS rows=249 cols=['adj close', 'Close', 'High', 'Low', 'Open', 'Volume']
2026-07-26 22:56:18,609 DEBUG AlphaScanner.Data download_history(ticker=LOTUSDEV.NS, period=1y, interval=1d, use_cache=False)
2026-07-26 22:56:18,720 DEBUG AlphaScanner.Data download_history success for LOTUSDEV.NS rows=241 cols=['adj close', 'Close', 'High', 'Low', 'Open', 'Volume']
2026-07-26 22:56:18,721 DEBUG AlphaScanner.Data download_history(ticker=LTFOODS.NS, period=1y, interval=1d, use_cache=False)
2026-07-26 22:56:18,853 DEBUG AlphaScanner.Data download_history success for LTFOODS.NS rows=250 cols=['adj close', 'Close', 'High', 'Low', 'Open', 'Volume']
2026-07-26 22:56:18,855 DEBUG AlphaScanner.Data download_history(ticker=LUMAXTECH.NS, period=1y, interval=1d, use_cache=False)
2026-07-26 22:56:18,984 DEBUG AlphaScanner.Data download_history success for LUMAXTECH.NS rows=249 cols=['adj close', 'Close', 'High', 'Low', 'Open', 'Volume']
2026-07-26 22:56:18,986 DEBUG AlphaScanner.Data download_history(ticker=MAHSCOOTER.NS, period=1y, interval=1d, use_cache=False)
2026-07-26 22:56:19,136 DEBUG AlphaScanner.Data download_history success for MAHSCOOTER.NS rows=249 cols=['adj close', 'Close', 'High', 'Low', 'Open', 'Volume']
2026-07-26 22:56:19,137 DEBUG AlphaScanner.Data download_history(ticker=MAHSEAMLES.NS, period=1y, interval=1d, use_cache=False)
2026-07-26 22:56:19,267 DEBUG AlphaScanner.Data download_history success for MAHSEAMLES.NS rows=250 cols=['adj close', 'Close', 'High', 'Low', 'Open', 'Volume']
2026-07-26 22:56:19,269 DEBUG AlphaScanner.Data download_history(ticker=MANORAMA.NS, period=1y, interval=1d, use_cache=False)
2026-07-26 22:56:19,555 DEBUG AlphaScanner.Data download_history success for MANORAMA.NS rows=250 cols=['adj close', 'Close', 'High', 'Low', 'Open', 'Volume']
2026-07-26 22:56:19,557 DEBUG AlphaScanner.Data download_history(ticker=MANYAVAR.NS, period=1y, interval=1d, use_cache=False)
2026-07-26 22:56:19,688 DEBUG AlphaScanner.Data download_history success for MANYAVAR.NS rows=249 cols=['adj close', 'Close', 'High', 'Low', 'Open', 'Volume']
2026-07-26 22:56:19,690 DEBUG AlphaScanner.Data download_history(ticker=MAPMYINDIA.NS, period=1y, interval=1d, use_cache=False)
2026-07-26 22:56:19,813 DEBUG AlphaScanner.Data download_history success for MAPMYINDIA.NS rows=249 cols=['adj close', 'Close', 'High', 'Low', 'Open', 'Volume']
2026-07-26 22:56:19,816 DEBUG AlphaScanner.Data download_history(ticker=MARKSANS.NS, period=1y, interval=1d, use_cache=False)
2026-07-26 22:56:19,948 DEBUG AlphaScanner.Data download_history success for MARKSANS.NS rows=250 cols=['adj close', 'Close', 'High', 'Low', 'Open', 'Volume']
2026-07-26 22:56:19,950 DEBUG AlphaScanner.Data download_history(ticker=MASTEK.NS, period=1y, interval=1d, use_cache=False)
2026-07-26 22:56:20,084 DEBUG AlphaScanner.Data download_history success for MASTEK.NS rows=250 cols=['adj close', 'Close', 'High', 'Low', 'Open', 'Volume']
2026-07-26 22:56:20,086 DEBUG AlphaScanner.Data download_history(ticker=MEDPLUS.NS, period=1y, interval=1d, use_cache=False)
2026-07-26 22:56:20,205 DEBUG AlphaScanner.Data download_history success for MEDPLUS.NS rows=248 cols=['adj close', 'Close', 'High', 'Low', 'Open', 'Volume']
2026-07-26 22:56:20,207 DEBUG AlphaScanner.Data download_history(ticker=METROPOLIS.NS, period=1y, interval=1d, use_cache=False)
2026-07-26 22:56:20,337 DEBUG AlphaScanner.Data download_history success for METROPOLIS.NS rows=250 cols=['adj close', 'Close', 'High', 'Low', 'Open', 'Volume']
2026-07-26 22:56:20,339 DEBUG AlphaScanner.Data download_history(ticker=MGL.NS, period=1y, interval=1d, use_cache=False)
2026-07-26 22:56:20,469 DEBUG AlphaScanner.Data download_history success for MGL.NS rows=249 cols=['adj close', 'Close', 'High', 'Low', 'Open', 'Volume']
2026-07-26 22:56:20,472 DEBUG AlphaScanner.Data download_history(ticker=MINDACORP.NS, period=1y, interval=1d, use_cache=False)
2026-07-26 22:56:20,607 DEBUG AlphaScanner.Data download_history success for MINDACORP.NS rows=249 cols=['adj close', 'Close', 'High', 'Low', 'Open', 'Volume']
2026-07-26 22:56:20,609 DEBUG AlphaScanner.Data download_history(ticker=MMTC.NS, period=1y, interval=1d, use_cache=False)
2026-07-26 22:56:20,758 DEBUG AlphaScanner.Data download_history success for MMTC.NS rows=250 cols=['adj close', 'Close', 'High', 'Low', 'Open', 'Volume']
2026-07-26 22:56:20,761 DEBUG AlphaScanner.Data download_history(ticker=MOIL.NS, period=1y, interval=1d, use_cache=False)
2026-07-26 22:56:20,923 DEBUG AlphaScanner.Data download_history success for MOIL.NS rows=250 cols=['adj close', 'Close', 'High', 'Low', 'Open', 'Volume']
2026-07-26 22:56:20,925 DEBUG AlphaScanner.Data download_history(ticker=MSTCLTD.NS, period=1y, interval=1d, use_cache=False)
2026-07-26 22:56:21,072 DEBUG AlphaScanner.Data download_history success for MSTCLTD.NS rows=250 cols=['adj close', 'Close', 'High', 'Low', 'Open', 'Volume']
2026-07-26 22:56:21,075 DEBUG AlphaScanner.Data download_history(ticker=MTARTECH.NS, period=1y, interval=1d, use_cache=False)
2026-07-26 22:56:21,219 DEBUG AlphaScanner.Data download_history success for MTARTECH.NS rows=250 cols=['adj close', 'Close', 'High', 'Low', 'Open', 'Volume']
2026-07-26 22:56:21,223 DEBUG AlphaScanner.Data download_history(ticker=NAVA.NS, period=1y, interval=1d, use_cache=False)
2026-07-26 22:56:21,393 DEBUG AlphaScanner.Data download_history success for NAVA.NS rows=250 cols=['adj close', 'Close', 'High', 'Low', 'Open', 'Volume']
2026-07-26 22:56:21,395 DEBUG AlphaScanner.Data download_history(ticker=NAZARA.NS, period=1y, interval=1d, use_cache=False)
2026-07-26 22:56:21,541 DEBUG AlphaScanner.Data download_history success for NAZARA.NS rows=250 cols=['adj close', 'Close', 'High', 'Low', 'Open', 'Volume']
2026-07-26 22:56:21,544 DEBUG AlphaScanner.Data download_history(ticker=NCC.NS, period=1y, interval=1d, use_cache=False)
2026-07-26 22:56:21,806 DEBUG AlphaScanner.Data download_history success for NCC.NS rows=250 cols=['adj close', 'Close', 'High', 'Low', 'Open', 'Volume']
2026-07-26 22:56:21,808 DEBUG AlphaScanner.Data download_history(ticker=NEOGEN.NS, period=1y, interval=1d, use_cache=False)
2026-07-26 22:56:21,952 DEBUG AlphaScanner.Data download_history success for NEOGEN.NS rows=250 cols=['adj close', 'Close', 'High', 'Low', 'Open', 'Volume']
2026-07-26 22:56:21,954 DEBUG AlphaScanner.Data download_history(ticker=NESCO.NS, period=1y, interval=1d, use_cache=False)
2026-07-26 22:56:22,117 DEBUG AlphaScanner.Data download_history success for NESCO.NS rows=248 cols=['adj close', 'Close', 'High', 'Low', 'Open', 'Volume']
2026-07-26 22:56:22,120 DEBUG AlphaScanner.Data download_history(ticker=NETWORK18.NS, period=1y, interval=1d, use_cache=False)
2026-07-26 22:56:22,423 DEBUG AlphaScanner.Data download_history success for NETWORK18.NS rows=250 cols=['adj close', 'Close', 'High', 'Low', 'Open', 'Volume']
2026-07-26 22:56:22,425 DEBUG AlphaScanner.Data download_history(ticker=NEWGEN.NS, period=1y, interval=1d, use_cache=False)
2026-07-26 22:56:22,575 DEBUG AlphaScanner.Data download_history success for NEWGEN.NS rows=250 cols=['adj close', 'Close', 'High', 'Low', 'Open', 'Volume']
2026-07-26 22:56:22,577 DEBUG AlphaScanner.Data download_history(ticker=NFL.NS, period=1y, interval=1d, use_cache=False)
2026-07-26 22:56:22,957 DEBUG AlphaScanner.Data download_history success for NFL.NS rows=250 cols=['adj close', 'Close', 'High', 'Low', 'Open', 'Volume']
2026-07-26 22:56:22,960 DEBUG AlphaScanner.Data download_history(ticker=NIVABUPA.NS, period=1y, interval=1d, use_cache=False)
2026-07-26 22:56:23,097 DEBUG AlphaScanner.Data download_history success for NIVABUPA.NS rows=249 cols=['adj close', 'Close', 'High', 'Low', 'Open', 'Volume']
2026-07-26 22:56:23,100 DEBUG AlphaScanner.Data download_history(ticker=NSLNISP.NS, period=1y, interval=1d, use_cache=False)
2026-07-26 22:56:23,256 DEBUG AlphaScanner.Data download_history success for NSLNISP.NS rows=250 cols=['adj close', 'Close', 'High', 'Low', 'Open', 'Volume']
2026-07-26 22:56:23,260 DEBUG AlphaScanner.Data download_history(ticker=OLAELEC.NS, period=1y, interval=1d, use_cache=False)
2026-07-26 22:56:23,399 DEBUG AlphaScanner.Data download_history success for OLAELEC.NS rows=250 cols=['adj close', 'Close', 'High', 'Low', 'Open', 'Volume']
2026-07-26 22:56:23,401 DEBUG AlphaScanner.Data download_history(ticker=OLECTRA.NS, period=1y, interval=1d, use_cache=False)
2026-07-26 22:56:23,539 DEBUG AlphaScanner.Data download_history success for OLECTRA.NS rows=250 cols=['adj close', 'Close', 'High', 'Low', 'Open', 'Volume']
2026-07-26 22:56:23,542 DEBUG AlphaScanner.Data download_history(ticker=OPTIEMUS.NS, period=1y, interval=1d, use_cache=False)
2026-07-26 22:56:23,685 DEBUG AlphaScanner.Data download_history success for OPTIEMUS.NS rows=249 cols=['adj close', 'Close', 'High', 'Low', 'Open', 'Volume']
2026-07-26 22:56:23,688 DEBUG AlphaScanner.Data download_history(ticker=ORIENTCEM.NS, period=1y, interval=1d, use_cache=False)
2026-07-26 22:56:23,865 DEBUG AlphaScanner.Data download_history success for ORIENTCEM.NS rows=249 cols=['adj close', 'Close', 'High', 'Low', 'Open', 'Volume']
2026-07-26 22:56:23,869 DEBUG AlphaScanner.Data download_history(ticker=OSWALPUMPS.NS, period=1y, interval=1d, use_cache=False)
2026-07-26 22:56:24,000 DEBUG AlphaScanner.Data download_history success for OSWALPUMPS.NS rows=250 cols=['adj close', 'Close', 'High', 'Low', 'Open', 'Volume']
2026-07-26 22:56:24,002 DEBUG AlphaScanner.Data download_history(ticker=PARADEEP.NS, period=1y, interval=1d, use_cache=False)
2026-07-26 22:56:24,126 DEBUG AlphaScanner.Data download_history success for PARADEEP.NS rows=250 cols=['adj close', 'Close', 'High', 'Low', 'Open', 'Volume']
2026-07-26 22:56:24,130 DEBUG AlphaScanner.Data download_history(ticker=PARAS.NS, period=1y, interval=1d, use_cache=False)
2026-07-26 22:56:24,375 DEBUG AlphaScanner.Data download_history success for PARAS.NS rows=250 cols=['adj close', 'Close', 'High', 'Low', 'Open', 'Volume']
2026-07-26 22:56:24,377 DEBUG AlphaScanner.Data download_history(ticker=PARKHOSPS.NS, period=1y, interval=1d, use_cache=False)
2026-07-26 22:56:24,619 DEBUG AlphaScanner.Data download_history success for PARKHOSPS.NS rows=151 cols=['adj close', 'Close', 'High', 'Low', 'Open', 'Volume']
2026-07-26 22:56:24,628 DEBUG AlphaScanner.Data download_history(ticker=PNCINFRA.NS, period=1y, interval=1d, use_cache=False)
2026-07-26 22:56:24,786 DEBUG AlphaScanner.Data download_history success for PNCINFRA.NS rows=250 cols=['adj close', 'Close', 'High', 'Low', 'Open', 'Volume']
2026-07-26 22:56:24,788 DEBUG AlphaScanner.Data download_history(ticker=PNGJL.NS, period=1y, interval=1d, use_cache=False)
2026-07-26 22:56:25,015 DEBUG AlphaScanner.Data download_history success for PNGJL.NS rows=250 cols=['adj close', 'Close', 'High', 'Low', 'Open', 'Volume']
2026-07-26 22:56:25,017 DEBUG AlphaScanner.Data download_history(ticker=POWERMECH.NS, period=1y, interval=1d, use_cache=False)
2026-07-26 22:56:25,164 DEBUG AlphaScanner.Data download_history success for POWERMECH.NS rows=249 cols=['adj close', 'Close', 'High', 'Low', 'Open', 'Volume']
2026-07-26 22:56:25,167 DEBUG AlphaScanner.Data download_history(ticker=PRAJIND.NS, period=1y, interval=1d, use_cache=False)
2026-07-26 22:56:25,415 DEBUG AlphaScanner.Data download_history success for PRAJIND.NS rows=250 cols=['adj close', 'Close', 'High', 'Low', 'Open', 'Volume']
2026-07-26 22:56:25,417 DEBUG AlphaScanner.Data download_history(ticker=PRICOLLTD.NS, period=1y, interval=1d, use_cache=False)
2026-07-26 22:56:25,586 DEBUG AlphaScanner.Data download_history success for PRICOLLTD.NS rows=249 cols=['adj close', 'Close', 'High', 'Low', 'Open', 'Volume']
2026-07-26 22:56:25,589 DEBUG AlphaScanner.Data download_history(ticker=PRIVISCL.NS, period=1y, interval=1d, use_cache=False)
2026-07-26 22:56:25,747 DEBUG AlphaScanner.Data download_history success for PRIVISCL.NS rows=249 cols=['adj close', 'Close', 'High', 'Low', 'Open', 'Volume']
2026-07-26 22:56:25,750 DEBUG AlphaScanner.Data download_history(ticker=PRSMJOHNSN.NS, period=1y, interval=1d, use_cache=False)
2026-07-26 22:56:25,898 DEBUG AlphaScanner.Data download_history success for PRSMJOHNSN.NS rows=248 cols=['adj close', 'Close', 'High', 'Low', 'Open', 'Volume']
2026-07-26 22:56:25,899 DEBUG AlphaScanner.Data download_history(ticker=PRUDENT.NS, period=1y, interval=1d, use_cache=False)
2026-07-26 22:56:26,147 DEBUG AlphaScanner.Data download_history success for PRUDENT.NS rows=249 cols=['adj close', 'Close', 'High', 'Low', 'Open', 'Volume']
2026-07-26 22:56:26,150 DEBUG AlphaScanner.Data download_history(ticker=PTC.NS, period=1y, interval=1d, use_cache=False)
2026-07-26 22:56:26,302 DEBUG AlphaScanner.Data download_history success for PTC.NS rows=250 cols=['adj close', 'Close', 'High', 'Low', 'Open', 'Volume']
2026-07-26 22:56:26,307 DEBUG AlphaScanner.Data download_history(ticker=PVRINOX.NS, period=1y, interval=1d, use_cache=False)
2026-07-26 22:56:26,443 DEBUG AlphaScanner.Data download_history success for PVRINOX.NS rows=250 cols=['adj close', 'Close', 'High', 'Low', 'Open', 'Volume']
2026-07-26 22:56:26,447 DEBUG AlphaScanner.Data download_history(ticker=QPOWER.NS, period=1y, interval=1d, use_cache=False)
2026-07-26 22:56:26,589 DEBUG AlphaScanner.Data download_history success for QPOWER.NS rows=250 cols=['adj close', 'Close', 'High', 'Low', 'Open', 'Volume']
2026-07-26 22:56:26,591 DEBUG AlphaScanner.Data download_history(ticker=QUESS.NS, period=1y, interval=1d, use_cache=False)
2026-07-26 22:56:26,743 DEBUG AlphaScanner.Data download_history success for QUESS.NS rows=250 cols=['adj close', 'Close', 'High', 'Low', 'Open', 'Volume']
2026-07-26 22:56:26,745 DEBUG AlphaScanner.Data download_history(ticker=RAILTEL.NS, period=1y, interval=1d, use_cache=False)
2026-07-26 22:56:26,908 DEBUG AlphaScanner.Data download_history success for RAILTEL.NS rows=250 cols=['adj close', 'Close', 'High', 'Low', 'Open', 'Volume']
2026-07-26 22:56:27,073 DEBUG AlphaScanner.Data download_history(ticker=RAIN.NS, period=1y, interval=1d, use_cache=False)
2026-07-26 22:56:27,256 DEBUG AlphaScanner.Data download_history success for RAIN.NS rows=250 cols=['adj close', 'Close', 'High', 'Low', 'Open', 'Volume']
2026-07-26 22:56:27,258 DEBUG AlphaScanner.Data download_history(ticker=RAINBOW.NS, period=1y, interval=1d, use_cache=False)
2026-07-26 22:56:27,407 DEBUG AlphaScanner.Data download_history success for RAINBOW.NS rows=249 cols=['adj close', 'Close', 'High', 'Low', 'Open', 'Volume']
2026-07-26 22:56:27,410 DEBUG AlphaScanner.Data download_history(ticker=RALLIS.NS, period=1y, interval=1d, use_cache=False)
2026-07-26 22:56:27,588 DEBUG AlphaScanner.Data download_history success for RALLIS.NS rows=250 cols=['adj close', 'Close', 'High', 'Low', 'Open', 'Volume']
2026-07-26 22:56:27,591 DEBUG AlphaScanner.Data download_history(ticker=RATEGAIN.NS, period=1y, interval=1d, use_cache=False)
2026-07-26 22:56:27,731 DEBUG AlphaScanner.Data download_history success for RATEGAIN.NS rows=249 cols=['adj close', 'Close', 'High', 'Low', 'Open', 'Volume']
2026-07-26 22:56:27,734 DEBUG AlphaScanner.Data download_history(ticker=RAYMONDLSL.NS, period=1y, interval=1d, use_cache=False)
2026-07-26 22:56:27,878 DEBUG AlphaScanner.Data download_history success for RAYMONDLSL.NS rows=250 cols=['adj close', 'Close', 'High', 'Low', 'Open', 'Volume']
2026-07-26 22:56:27,880 DEBUG AlphaScanner.Data download_history(ticker=RBA.NS, period=1y, interval=1d, use_cache=False)
2026-07-26 22:56:28,017 DEBUG AlphaScanner.Data download_history success for RBA.NS rows=249 cols=['adj close', 'Close', 'High', 'Low', 'Open', 'Volume']
2026-07-26 22:56:28,019 DEBUG AlphaScanner.Data download_history(ticker=RCF.NS, period=1y, interval=1d, use_cache=False)
2026-07-26 22:56:28,190 DEBUG AlphaScanner.Data download_history success for RCF.NS rows=250 cols=['adj close', 'Close', 'High', 'Low', 'Open', 'Volume']
2026-07-26 22:56:28,192 DEBUG AlphaScanner.Data download_history(ticker=REDTAPE.NS, period=1y, interval=1d, use_cache=False)
2026-07-26 22:56:28,341 DEBUG AlphaScanner.Data download_history success for REDTAPE.NS rows=250 cols=['adj close', 'Close', 'High', 'Low', 'Open', 'Volume']
2026-07-26 22:56:28,344 DEBUG AlphaScanner.Data download_history(ticker=RELAXO.NS, period=1y, interval=1d, use_cache=False)
2026-07-26 22:56:28,510 DEBUG AlphaScanner.Data download_history success for RELAXO.NS rows=249 cols=['adj close', 'Close', 'High', 'Low', 'Open', 'Volume']
2026-07-26 22:56:28,513 DEBUG AlphaScanner.Data download_history(ticker=RELIGARE.NS, period=1y, interval=1d, use_cache=False)
2026-07-26 22:56:28,658 DEBUG AlphaScanner.Data download_history success for RELIGARE.NS rows=249 cols=['adj close', 'Close', 'High', 'Low', 'Open', 'Volume']
2026-07-26 22:56:28,661 DEBUG AlphaScanner.Data download_history(ticker=RENUKA.NS, period=1y, interval=1d, use_cache=False)
2026-07-26 22:56:28,816 DEBUG AlphaScanner.Data download_history success for RENUKA.NS rows=250 cols=['adj close', 'Close', 'High', 'Low', 'Open', 'Volume']
2026-07-26 22:56:28,819 DEBUG AlphaScanner.Data download_history(ticker=RHIM.NS, period=1y, interval=1d, use_cache=False)
2026-07-26 22:56:29,089 DEBUG AlphaScanner.Data download_history success for RHIM.NS rows=249 cols=['adj close', 'Close', 'High', 'Low', 'Open', 'Volume']
2026-07-26 22:56:29,092 DEBUG AlphaScanner.Data download_history(ticker=RITES.NS, period=1y, interval=1d, use_cache=False)
2026-07-26 22:56:29,245 DEBUG AlphaScanner.Data download_history success for RITES.NS rows=250 cols=['adj close', 'Close', 'High', 'Low', 'Open', 'Volume']
2026-07-26 22:56:29,248 DEBUG AlphaScanner.Data download_history(ticker=RKFORGE.NS, period=1y, interval=1d, use_cache=False)
2026-07-26 22:56:29,410 DEBUG AlphaScanner.Data download_history success for RKFORGE.NS rows=250 cols=['adj close', 'Close', 'High', 'Low', 'Open', 'Volume']
2026-07-26 22:56:29,413 DEBUG AlphaScanner.Data download_history(ticker=ROUTE.NS, period=1y, interval=1d, use_cache=False)
2026-07-26 22:56:29,561 DEBUG AlphaScanner.Data download_history success for ROUTE.NS rows=250 cols=['adj close', 'Close', 'High', 'Low', 'Open', 'Volume']
2026-07-26 22:56:29,563 DEBUG AlphaScanner.Data download_history(ticker=RPOWER.NS, period=1y, interval=1d, use_cache=False)
2026-07-26 22:56:29,705 DEBUG AlphaScanner.Data download_history success for RPOWER.NS rows=250 cols=['adj close', 'Close', 'High', 'Low', 'Open', 'Volume']
2026-07-26 22:56:29,707 DEBUG AlphaScanner.Data download_history(ticker=RTNINDIA.NS, period=1y, interval=1d, use_cache=False)
2026-07-26 22:56:29,996 DEBUG AlphaScanner.Data download_history success for RTNINDIA.NS rows=250 cols=['adj close', 'Close', 'High', 'Low', 'Open', 'Volume']
2026-07-26 22:56:29,998 DEBUG AlphaScanner.Data download_history(ticker=RTNPOWER.NS, period=1y, interval=1d, use_cache=False)
2026-07-26 22:56:30,130 DEBUG AlphaScanner.Data download_history success for RTNPOWER.NS rows=250 cols=['adj close', 'Close', 'High', 'Low', 'Open', 'Volume']
2026-07-26 22:56:30,132 DEBUG AlphaScanner.Data download_history(ticker=SAATVIKGL.NS, period=1y, interval=1d, use_cache=False)
2026-07-26 22:56:30,257 DEBUG AlphaScanner.Data download_history success for SAATVIKGL.NS rows=206 cols=['adj close', 'Close', 'High', 'Low', 'Open', 'Volume']
2026-07-26 22:56:30,260 DEBUG AlphaScanner.Data download_history(ticker=SAFARI.NS, period=1y, interval=1d, use_cache=False)
2026-07-26 22:56:30,387 DEBUG AlphaScanner.Data download_history success for SAFARI.NS rows=248 cols=['adj close', 'Close', 'High', 'Low', 'Open', 'Volume']
2026-07-26 22:56:30,389 DEBUG AlphaScanner.Data download_history(ticker=SAGILITY.NS, period=1y, interval=1d, use_cache=False)
2026-07-26 22:56:30,741 DEBUG AlphaScanner.Data download_history success for SAGILITY.NS rows=250 cols=['adj close', 'Close', 'High', 'Low', 'Open', 'Volume']
2026-07-26 22:56:30,744 DEBUG AlphaScanner.Data download_history(ticker=SAMMAANCAP.NS, period=1y, interval=1d, use_cache=False)
2026-07-26 22:56:30,981 DEBUG AlphaScanner.Data download_history success for SAMMAANCAP.NS rows=250 cols=['adj close', 'Close', 'High', 'Low', 'Open', 'Volume']
2026-07-26 22:56:30,984 DEBUG AlphaScanner.Data download_history(ticker=SANOFICONR.NS, period=1y, interval=1d, use_cache=False)
2026-07-26 22:56:31,142 DEBUG AlphaScanner.Data download_history success for SANOFICONR.NS rows=250 cols=['adj close', 'Close', 'High', 'Low', 'Open', 'Volume']
2026-07-26 22:56:31,144 DEBUG AlphaScanner.Data download_history(ticker=SANSERA.NS, period=1y, interval=1d, use_cache=False)
2026-07-26 22:56:31,301 DEBUG AlphaScanner.Data download_history success for SANSERA.NS rows=250 cols=['adj close', 'Close', 'High', 'Low', 'Open', 'Volume']
2026-07-26 22:56:31,304 DEBUG AlphaScanner.Data download_history(ticker=SAPPHIRE.NS, period=1y, interval=1d, use_cache=False)
2026-07-26 22:56:31,551 DEBUG AlphaScanner.Data download_history success for SAPPHIRE.NS rows=250 cols=['adj close', 'Close', 'High', 'Low', 'Open', 'Volume']
2026-07-26 22:56:31,554 DEBUG AlphaScanner.Data download_history(ticker=SARDAEN.NS, period=1y, interval=1d, use_cache=False)
2026-07-26 22:56:31,724 DEBUG AlphaScanner.Data download_history success for SARDAEN.NS rows=250 cols=['adj close', 'Close', 'High', 'Low', 'Open', 'Volume']
2026-07-26 22:56:31,726 DEBUG AlphaScanner.Data download_history(ticker=SAREGAMA.NS, period=1y, interval=1d, use_cache=False)
2026-07-26 22:56:31,893 DEBUG AlphaScanner.Data download_history success for SAREGAMA.NS rows=249 cols=['adj close', 'Close', 'High', 'Low', 'Open', 'Volume']
2026-07-26 22:56:31,895 DEBUG AlphaScanner.Data download_history(ticker=SBFC.NS, period=1y, interval=1d, use_cache=False)
2026-07-26 22:56:32,035 DEBUG AlphaScanner.Data download_history success for SBFC.NS rows=250 cols=['adj close', 'Close', 'High', 'Low', 'Open', 'Volume']
2026-07-26 22:56:32,038 DEBUG AlphaScanner.Data download_history(ticker=SCI.NS, period=1y, interval=1d, use_cache=False)
2026-07-26 22:56:32,188 DEBUG AlphaScanner.Data download_history success for SCI.NS rows=250 cols=['adj close', 'Close', 'High', 'Low', 'Open', 'Volume']
2026-07-26 22:56:32,194 DEBUG AlphaScanner.Data download_history(ticker=SHAKTIPUMP.NS, period=1y, interval=1d, use_cache=False)
2026-07-26 22:56:32,354 DEBUG AlphaScanner.Data download_history success for SHAKTIPUMP.NS rows=250 cols=['adj close', 'Close', 'High', 'Low', 'Open', 'Volume']
2026-07-26 22:56:32,356 DEBUG AlphaScanner.Data download_history(ticker=SHARDACROP.NS, period=1y, interval=1d, use_cache=False)
2026-07-26 22:56:32,543 DEBUG AlphaScanner.Data download_history success for SHARDACROP.NS rows=249 cols=['adj close', 'Close', 'High', 'Low', 'Open', 'Volume']
2026-07-26 22:56:32,547 DEBUG AlphaScanner.Data download_history(ticker=SHAREINDIA.NS, period=1y, interval=1d, use_cache=False)
2026-07-26 22:56:32,702 DEBUG AlphaScanner.Data download_history success for SHAREINDIA.NS rows=250 cols=['adj close', 'Close', 'High', 'Low', 'Open', 'Volume']
2026-07-26 22:56:32,704 DEBUG AlphaScanner.Data download_history(ticker=SHILPAMED.NS, period=1y, interval=1d, use_cache=False)
2026-07-26 22:56:32,998 DEBUG AlphaScanner.Data download_history success for SHILPAMED.NS rows=250 cols=['adj close', 'Close', 'High', 'Low', 'Open', 'Volume']
2026-07-26 22:56:33,000 DEBUG AlphaScanner.Data download_history(ticker=SHRIPISTON.NS, period=1y, interval=1d, use_cache=False)
2026-07-26 22:56:33,167 DEBUG AlphaScanner.Data download_history success for SHRIPISTON.NS rows=249 cols=['adj close', 'Close', 'High', 'Low', 'Open', 'Volume']
2026-07-26 22:56:33,170 DEBUG AlphaScanner.Data download_history(ticker=SIGNATURE.NS, period=1y, interval=1d, use_cache=False)
2026-07-26 22:56:33,308 DEBUG AlphaScanner.Data download_history success for SIGNATURE.NS rows=248 cols=['adj close', 'Close', 'High', 'Low', 'Open', 'Volume']
2026-07-26 22:56:33,311 DEBUG AlphaScanner.Data download_history(ticker=SKFINDIA.NS, period=1y, interval=1d, use_cache=False)
2026-07-26 22:56:33,458 DEBUG AlphaScanner.Data download_history success for SKFINDIA.NS rows=250 cols=['adj close', 'Close', 'High', 'Low', 'Open', 'Volume']
2026-07-26 22:56:33,460 DEBUG AlphaScanner.Data download_history(ticker=SKFINDUS.NS, period=1y, interval=1d, use_cache=False)
2026-07-26 22:56:33,591 DEBUG AlphaScanner.Data download_history success for SKFINDUS.NS rows=156 cols=['adj close', 'Close', 'High', 'Low', 'Open', 'Volume']
2026-07-26 22:56:33,594 DEBUG AlphaScanner.Data download_history(ticker=SKIPPER.NS, period=1y, interval=1d, use_cache=False)
2026-07-26 22:56:33,751 DEBUG AlphaScanner.Data download_history success for SKIPPER.NS rows=249 cols=['adj close', 'Close', 'High', 'Low', 'Open', 'Volume']
2026-07-26 22:56:33,753 DEBUG AlphaScanner.Data download_history(ticker=SKYGOLD.NS, period=1y, interval=1d, use_cache=False)
2026-07-26 22:56:33,977 DEBUG AlphaScanner.Data download_history success for SKYGOLD.NS rows=250 cols=['adj close', 'Close', 'High', 'Low', 'Open', 'Volume']
2026-07-26 22:56:33,979 DEBUG AlphaScanner.Data download_history(ticker=SMARTWORKS.NS, period=1y, interval=1d, use_cache=False)
2026-07-26 22:56:34,220 DEBUG AlphaScanner.Data download_history success for SMARTWORKS.NS rows=249 cols=['adj close', 'Close', 'High', 'Low', 'Open', 'Volume']
2026-07-26 22:56:34,224 DEBUG AlphaScanner.Data download_history(ticker=SOBHA.NS, period=1y, interval=1d, use_cache=False)
2026-07-26 22:56:34,363 DEBUG AlphaScanner.Data download_history success for SOBHA.NS rows=249 cols=['adj close', 'Close', 'High', 'Low', 'Open', 'Volume']
2026-07-26 22:56:34,365 DEBUG AlphaScanner.Data download_history(ticker=SONATSOFTW.NS, period=1y, interval=1d, use_cache=False)
2026-07-26 22:56:34,525 DEBUG AlphaScanner.Data download_history success for SONATSOFTW.NS rows=250 cols=['adj close', 'Close', 'High', 'Low', 'Open', 'Volume']
2026-07-26 22:56:34,529 DEBUG AlphaScanner.Data download_history(ticker=SPLPETRO.NS, period=1y, interval=1d, use_cache=False)
2026-07-26 22:56:34,668 DEBUG AlphaScanner.Data download_history success for SPLPETRO.NS rows=250 cols=['adj close', 'Close', 'High', 'Low', 'Open', 'Volume']
2026-07-26 22:56:34,669 DEBUG AlphaScanner.Data download_history(ticker=STAR.NS, period=1y, interval=1d, use_cache=False)
2026-07-26 22:56:34,826 DEBUG AlphaScanner.Data download_history success for STAR.NS rows=250 cols=['adj close', 'Close', 'High', 'Low', 'Open', 'Volume']
2026-07-26 22:56:34,829 DEBUG AlphaScanner.Data download_history(ticker=STARCEMENT.NS, period=1y, interval=1d, use_cache=False)
2026-07-26 22:56:34,992 DEBUG AlphaScanner.Data download_history success for STARCEMENT.NS rows=249 cols=['adj close', 'Close', 'High', 'Low', 'Open', 'Volume']
2026-07-26 22:56:34,994 DEBUG AlphaScanner.Data download_history(ticker=STLTECH.NS, period=1y, interval=1d, use_cache=False)
2026-07-26 22:56:35,158 DEBUG AlphaScanner.Data download_history success for STLTECH.NS rows=250 cols=['adj close', 'Close', 'High', 'Low', 'Open', 'Volume']
2026-07-26 22:56:35,160 DEBUG AlphaScanner.Data download_history(ticker=STYL.NS, period=1y, interval=1d, use_cache=False)
2026-07-26 22:56:35,330 DEBUG AlphaScanner.Data download_history success for STYL.NS rows=204 cols=['adj close', 'Close', 'High', 'Low', 'Open', 'Volume']
2026-07-26 22:56:35,332 DEBUG AlphaScanner.Data download_history(ticker=STYRENIX.NS, period=1y, interval=1d, use_cache=False)
2026-07-26 22:56:35,511 DEBUG AlphaScanner.Data download_history success for STYRENIX.NS rows=250 cols=['adj close', 'Close', 'High', 'Low', 'Open', 'Volume']
2026-07-26 22:56:35,514 DEBUG AlphaScanner.Data download_history(ticker=SUBROS.NS, period=1y, interval=1d, use_cache=False)
2026-07-26 22:56:35,853 DEBUG AlphaScanner.Data download_history success for SUBROS.NS rows=249 cols=['adj close', 'Close', 'High', 'Low', 'Open', 'Volume']
2026-07-26 22:56:35,857 DEBUG AlphaScanner.Data download_history(ticker=SUDEEPPHRM.NS, period=1y, interval=1d, use_cache=False)
2026-07-26 22:56:36,120 DEBUG AlphaScanner.Data download_history success for SUDEEPPHRM.NS rows=164 cols=['adj close', 'Close', 'High', 'Low', 'Open', 'Volume']
2026-07-26 22:56:36,123 DEBUG AlphaScanner.Data download_history(ticker=SUNTECK.NS, period=1y, interval=1d, use_cache=False)
2026-07-26 22:56:36,501 DEBUG AlphaScanner.Data download_history success for SUNTECK.NS rows=250 cols=['adj close', 'Close', 'High', 'Low', 'Open', 'Volume']
2026-07-26 22:56:36,503 DEBUG AlphaScanner.Data download_history(ticker=SUNTV.NS, period=1y, interval=1d, use_cache=False)
2026-07-26 22:56:36,688 DEBUG AlphaScanner.Data download_history success for SUNTV.NS rows=250 cols=['adj close', 'Close', 'High', 'Low', 'Open', 'Volume']
2026-07-26 22:56:36,690 DEBUG AlphaScanner.Data download_history(ticker=SUPRIYA.NS, period=1y, interval=1d, use_cache=False)
2026-07-26 22:56:36,877 DEBUG AlphaScanner.Data download_history success for SUPRIYA.NS rows=249 cols=['adj close', 'Close', 'High', 'Low', 'Open', 'Volume']
2026-07-26 22:56:36,878 DEBUG AlphaScanner.Data download_history(ticker=SURYAROSNI.NS, period=1y, interval=1d, use_cache=False)
2026-07-26 22:56:37,091 DEBUG AlphaScanner.Data download_history success for SURYAROSNI.NS rows=250 cols=['adj close', 'Close', 'High', 'Low', 'Open', 'Volume']
2026-07-26 22:56:37,095 DEBUG AlphaScanner.Data download_history(ticker=SWSOLAR.NS, period=1y, interval=1d, use_cache=False)
2026-07-26 22:56:37,289 DEBUG AlphaScanner.Data download_history success for SWSOLAR.NS rows=250 cols=['adj close', 'Close', 'High', 'Low', 'Open', 'Volume']
2026-07-26 22:56:37,293 DEBUG AlphaScanner.Data download_history(ticker=TANLA.NS, period=1y, interval=1d, use_cache=False)
2026-07-26 22:56:37,496 DEBUG AlphaScanner.Data download_history success for TANLA.NS rows=250 cols=['adj close', 'Close', 'High', 'Low', 'Open', 'Volume']
2026-07-26 22:56:37,498 DEBUG AlphaScanner.Data download_history(ticker=TARC.NS, period=1y, interval=1d, use_cache=False)
2026-07-26 22:56:37,699 DEBUG AlphaScanner.Data download_history success for TARC.NS rows=249 cols=['adj close', 'Close', 'High', 'Low', 'Open', 'Volume']
2026-07-26 22:56:37,701 DEBUG AlphaScanner.Data download_history(ticker=TARIL.NS, period=1y, interval=1d, use_cache=False)
2026-07-26 22:56:37,833 DEBUG AlphaScanner.Data download_history success for TARIL.NS rows=250 cols=['adj close', 'Close', 'High', 'Low', 'Open', 'Volume']
2026-07-26 22:56:37,835 DEBUG AlphaScanner.Data download_history(ticker=TBOTEK.NS, period=1y, interval=1d, use_cache=False)
2026-07-26 22:56:37,948 DEBUG AlphaScanner.Data download_history success for TBOTEK.NS rows=250 cols=['adj close', 'Close', 'High', 'Low', 'Open', 'Volume']
2026-07-26 22:56:37,950 DEBUG AlphaScanner.Data download_history(ticker=TECHNOE.NS, period=1y, interval=1d, use_cache=False)
2026-07-26 22:56:38,087 DEBUG AlphaScanner.Data download_history success for TECHNOE.NS rows=250 cols=['adj close', 'Close', 'High', 'Low', 'Open', 'Volume']
2026-07-26 22:56:38,088 DEBUG AlphaScanner.Data download_history(ticker=TEGA.NS, period=1y, interval=1d, use_cache=False)
2026-07-26 22:56:38,323 DEBUG AlphaScanner.Data download_history success for TEGA.NS rows=249 cols=['adj close', 'Close', 'High', 'Low', 'Open', 'Volume']
2026-07-26 22:56:38,325 DEBUG AlphaScanner.Data download_history(ticker=TEJASNET.NS, period=1y, interval=1d, use_cache=False)
2026-07-26 22:56:38,474 DEBUG AlphaScanner.Data download_history success for TEJASNET.NS rows=250 cols=['adj close', 'Close', 'High', 'Low', 'Open', 'Volume']
2026-07-26 22:56:38,477 DEBUG AlphaScanner.Data download_history(ticker=TEXRAIL.NS, period=1y, interval=1d, use_cache=False)
2026-07-26 22:56:38,640 DEBUG AlphaScanner.Data download_history success for TEXRAIL.NS rows=250 cols=['adj close', 'Close', 'High', 'Low', 'Open', 'Volume']
2026-07-26 22:56:38,642 DEBUG AlphaScanner.Data download_history(ticker=THELEELA.NS, period=1y, interval=1d, use_cache=False)
2026-07-26 22:56:38,778 DEBUG AlphaScanner.Data download_history success for THELEELA.NS rows=249 cols=['adj close', 'Close', 'High', 'Low', 'Open', 'Volume']
2026-07-26 22:56:38,781 DEBUG AlphaScanner.Data download_history(ticker=THOMASCOOK.NS, period=1y, interval=1d, use_cache=False)
2026-07-26 22:56:38,944 DEBUG AlphaScanner.Data download_history success for THOMASCOOK.NS rows=250 cols=['adj close', 'Close', 'High', 'Low', 'Open', 'Volume']
2026-07-26 22:56:38,947 DEBUG AlphaScanner.Data download_history(ticker=TI.NS, period=1y, interval=1d, use_cache=False)
2026-07-26 22:56:39,109 DEBUG AlphaScanner.Data download_history success for TI.NS rows=250 cols=['adj close', 'Close', 'High', 'Low', 'Open', 'Volume']
2026-07-26 22:56:39,112 DEBUG AlphaScanner.Data download_history(ticker=TIMETECHNO.NS, period=1y, interval=1d, use_cache=False)
2026-07-26 22:56:39,295 DEBUG AlphaScanner.Data download_history success for TIMETECHNO.NS rows=250 cols=['adj close', 'Close', 'High', 'Low', 'Open', 'Volume']
2026-07-26 22:56:39,298 DEBUG AlphaScanner.Data download_history(ticker=TITAGARH.NS, period=1y, interval=1d, use_cache=False)
2026-07-26 22:56:39,469 DEBUG AlphaScanner.Data download_history success for TITAGARH.NS rows=250 cols=['adj close', 'Close', 'High', 'Low', 'Open', 'Volume']
2026-07-26 22:56:39,471 DEBUG AlphaScanner.Data download_history(ticker=TMB.NS, period=1y, interval=1d, use_cache=False)
2026-07-26 22:56:39,591 DEBUG AlphaScanner.Data download_history success for TMB.NS rows=249 cols=['adj close', 'Close', 'High', 'Low', 'Open', 'Volume']
2026-07-26 22:56:39,593 DEBUG AlphaScanner.Data download_history(ticker=TRANSRAILL.NS, period=1y, interval=1d, use_cache=False)
2026-07-26 22:56:39,730 DEBUG AlphaScanner.Data download_history success for TRANSRAILL.NS rows=250 cols=['adj close', 'Close', 'High', 'Low', 'Open', 'Volume']
2026-07-26 22:56:39,732 DEBUG AlphaScanner.Data download_history(ticker=TRAVELFOOD.NS, period=1y, interval=1d, use_cache=False)
2026-07-26 22:56:39,871 DEBUG AlphaScanner.Data download_history success for TRAVELFOOD.NS rows=250 cols=['adj close', 'Close', 'High', 'Low', 'Open', 'Volume']
2026-07-26 22:56:39,875 DEBUG AlphaScanner.Data download_history(ticker=TRIDENT.NS, period=1y, interval=1d, use_cache=False)
2026-07-26 22:56:40,108 DEBUG AlphaScanner.Data download_history success for TRIDENT.NS rows=250 cols=['adj close', 'Close', 'High', 'Low', 'Open', 'Volume']
2026-07-26 22:56:40,114 DEBUG AlphaScanner.Data download_history(ticker=TRIVENI.NS, period=1y, interval=1d, use_cache=False)
2026-07-26 22:56:40,335 DEBUG AlphaScanner.Data download_history success for TRIVENI.NS rows=250 cols=['adj close', 'Close', 'High', 'Low', 'Open', 'Volume']
2026-07-26 22:56:40,338 DEBUG AlphaScanner.Data download_history(ticker=TSFINV.NS, period=1y, interval=1d, use_cache=False)
2026-07-26 22:56:40,523 DEBUG AlphaScanner.Data download_history success for TSFINV.NS rows=250 cols=['adj close', 'Close', 'High', 'Low', 'Open', 'Volume']
2026-07-26 22:56:40,529 DEBUG AlphaScanner.Data download_history(ticker=UJJIVANSFB.NS, period=1y, interval=1d, use_cache=False)
2026-07-26 22:56:40,731 DEBUG AlphaScanner.Data download_history success for UJJIVANSFB.NS rows=250 cols=['adj close', 'Close', 'High', 'Low', 'Open', 'Volume']
2026-07-26 22:56:40,741 DEBUG AlphaScanner.Data download_history(ticker=URBANCO.NS, period=1y, interval=1d, use_cache=False)
2026-07-26 22:56:40,861 DEBUG AlphaScanner.Data download_history success for URBANCO.NS rows=213 cols=['adj close', 'Close', 'High', 'Low', 'Open', 'Volume']
2026-07-26 22:56:40,863 DEBUG AlphaScanner.Data download_history(ticker=USHAMART.NS, period=1y, interval=1d, use_cache=False)
2026-07-26 22:56:41,080 DEBUG AlphaScanner.Data download_history success for USHAMART.NS rows=250 cols=['adj close', 'Close', 'High', 'Low', 'Open', 'Volume']
2026-07-26 22:56:41,087 DEBUG AlphaScanner.Data download_history(ticker=UTIAMC.NS, period=1y, interval=1d, use_cache=False)
2026-07-26 22:56:41,267 DEBUG AlphaScanner.Data download_history success for UTIAMC.NS rows=250 cols=['adj close', 'Close', 'High', 'Low', 'Open', 'Volume']
2026-07-26 22:56:41,278 DEBUG AlphaScanner.Data download_history(ticker=V2RETAIL.NS, period=1y, interval=1d, use_cache=False)
2026-07-26 22:56:41,473 DEBUG AlphaScanner.Data download_history success for V2RETAIL.NS rows=250 cols=['adj close', 'Close', 'High', 'Low', 'Open', 'Volume']
2026-07-26 22:56:41,487 DEBUG AlphaScanner.Data download_history(ticker=VGUARD.NS, period=1y, interval=1d, use_cache=False)
2026-07-26 22:56:41,684 DEBUG AlphaScanner.Data download_history success for VGUARD.NS rows=249 cols=['adj close', 'Close', 'High', 'Low', 'Open', 'Volume']
2026-07-26 22:56:41,691 DEBUG AlphaScanner.Data download_history(ticker=VIJAYA.NS, period=1y, interval=1d, use_cache=False)
2026-07-26 22:56:41,870 DEBUG AlphaScanner.Data download_history success for VIJAYA.NS rows=249 cols=['adj close', 'Close', 'High', 'Low', 'Open', 'Volume']
2026-07-26 22:56:41,874 DEBUG AlphaScanner.Data download_history(ticker=VIKRAMSOLR.NS, period=1y, interval=1d, use_cache=False)
2026-07-26 22:56:42,007 DEBUG AlphaScanner.Data download_history success for VIKRAMSOLR.NS rows=228 cols=['adj close', 'Close', 'High', 'Low', 'Open', 'Volume']
2026-07-26 22:56:42,008 DEBUG AlphaScanner.Data download_history(ticker=VIPIND.NS, period=1y, interval=1d, use_cache=False)
2026-07-26 22:56:42,164 DEBUG AlphaScanner.Data download_history success for VIPIND.NS rows=249 cols=['adj close', 'Close', 'High', 'Low', 'Open', 'Volume']
2026-07-26 22:56:42,167 DEBUG AlphaScanner.Data download_history(ticker=VMART.NS, period=1y, interval=1d, use_cache=False)
2026-07-26 22:56:42,421 DEBUG AlphaScanner.Data download_history success for VMART.NS rows=249 cols=['adj close', 'Close', 'High', 'Low', 'Open', 'Volume']
2026-07-26 22:56:42,424 DEBUG AlphaScanner.Data download_history(ticker=VOLTAMP.NS, period=1y, interval=1d, use_cache=False)
2026-07-26 22:56:42,578 DEBUG AlphaScanner.Data download_history success for VOLTAMP.NS rows=250 cols=['adj close', 'Close', 'High', 'Low', 'Open', 'Volume']
2026-07-26 22:56:42,581 DEBUG AlphaScanner.Data download_history(ticker=VTL.NS, period=1y, interval=1d, use_cache=False)
2026-07-26 22:56:42,944 DEBUG AlphaScanner.Data download_history success for VTL.NS rows=250 cols=['adj close', 'Close', 'High', 'Low', 'Open', 'Volume']
2026-07-26 22:56:42,950 DEBUG AlphaScanner.Data download_history(ticker=WAAREERTL.NS, period=1y, interval=1d, use_cache=False)
2026-07-26 22:56:43,125 DEBUG AlphaScanner.Data download_history success for WAAREERTL.NS rows=250 cols=['adj close', 'Close', 'High', 'Low', 'Open', 'Volume']
2026-07-26 22:56:43,137 DEBUG AlphaScanner.Data download_history(ticker=WAKEFIT.NS, period=1y, interval=1d, use_cache=False)
2026-07-26 22:56:43,320 DEBUG AlphaScanner.Data download_history success for WAKEFIT.NS rows=152 cols=['adj close', 'Close', 'High', 'Low', 'Open', 'Volume']
2026-07-26 22:56:43,361 DEBUG AlphaScanner.Engine Legacy scan reached evaluation phase after 247.96s
2026-07-26 22:56:43,492 DEBUG AlphaScanner.Engine Concatenated legacy data shape=(250, 2430)
2026-07-26 22:56:43,529 DEBUG AlphaScanner.Engine Post-align data shape=(246, 2430) benchmark_rows=246
2026-07-26 22:56:53,686 DEBUG AlphaScanner.Engine Legacy scan completed: hits=19 scanned=391 fail_counts={'trend_fail': 226, 'momentum_fail': 21, 'volume_fail': 0, 'breakout_fail': 81, 'rs_fail': 0, 'adx_fail': 2, 'liquidity_fail': 32, 'error_fail': 14}
2026-07-26 22:56:53,686 INFO AlphaScanner.Engine Legacy scan total elapsed 258.29s for universe=Total Market (Cap Focused) timeframe=1d
2026-07-26 22:56:53,714 INFO AlphaScanner.Service Legacy scan finished in 258.32s for universe=Total Market (Cap Focused) interval=1d scanner_type=Pre-Breakout
2026-07-26 22:56:53,718 DEBUG AlphaScanner.Service perform_fresh_scan completed: rows=19 stats_keys=['adx_fail', 'bank_nifty_change', 'bb_fail', 'breakout_fail', 'dii_net', 'error_fail', 'fakeout_trap', 'fii_net', 'liquidity_fail', 'macd_fail', 'market_bias', 'market_bias_score', 'market_breadth_50', 'market_health', 'momentum_fail', 'nifty_change', 'rs_fail', 'scanned', 'scanner_type', 'sector_sentiment', 'timeframe', 'trend_fail', 'trending_sectors', 'universe', 'universe_size', 'volume_fail']
2026-07-26 22:56:53,718 DEBUG AlphaScanner.Service perform_fresh_scan total elapsed=258.32s
