2026-08-15 15:25:26,351 DEBUG AlphaScanner.UI.Scanner render_tab(scan_type=Breakout, universe=Nifty 500, scan_mode=Entry Scanner, timeframe=1d, use_cache=False, run_scan=False)
2026-08-15 15:25:41,735 DEBUG AlphaScanner.UI.Scanner render_tab(scan_type=Pre-Breakout, universe=Nifty 500, scan_mode=Entry Scanner, timeframe=1d, use_cache=False, run_scan=False)
2026-08-15 15:25:44,823 DEBUG AlphaScanner.UI.Scanner render_tab(scan_type=Pre-Breakout, universe=Nifty 500, scan_mode=Entry Scanner, timeframe=1d, use_cache=False, run_scan=True)
2026-08-15 15:25:48,115 WARNING AlphaScanner Failed to fetch NSE CSV from https://www1.nseindia.com/content/indices/ind_nifty500list.csv after 3 attempts: HTTPSConnectionPool(host='www1.nseindia.com', port=443): Max retries exceeded with url: /content/indices/ind_nifty500list.csv (Caused by SSLError(SSLError(1, '[SSL: TLSV1_ALERT_INTERNAL_ERROR] tlsv1 alert internal error (_ssl.c:1145)')))
2026-08-15 15:25:48,934 DEBUG AlphaScanner.UI.Scanner Starting fresh scan with min_cap=0 max_cap=0 sector_map_size=500
2026-08-15 15:25:48,934 DEBUG AlphaScanner.Service perform_fresh_scan(scanner_type=Pre-Breakout, universe=Nifty 500, timeframe=1d, scan_mode=Entry Scanner, use_cache=False, vol_thresh=0.6, rsi_min=35, rsi_max=70, dist_thresh=5.0, min_mkt_cap_cr=0, max_mkt_cap_cr=0)
2026-08-15 15:25:48,935 DEBUG AlphaScanner.Service Routing to legacy breakout scanner with normalized timeframe=1d
2026-08-15 15:25:48,935 DEBUG AlphaScanner.Engine run_scanner(scanner_type=Pre-Breakout, universe=Nifty 500, timeframe=1d, use_cache=False, incremental_fetch=False, vol_thresh=0.6, rsi_range=35-70, dist_thresh=5.0, min_cap=0, max_cap=0)
2026-08-15 15:25:48,941 DEBUG AlphaScanner.Engine Resolved legacy universe 'Nifty 500' to 500 tickers
2026-08-15 15:25:48,941 INFO AlphaScanner.Engine Universe resolution finished in 0.01s for Nifty 500
2026-08-15 15:25:49,224 DEBUG AlphaScanner.Engine Loaded benchmark close series with 246 rows
2026-08-15 15:25:49,224 INFO AlphaScanner.Engine Benchmark download finished in 0.28s
2026-08-15 15:25:49,226 DEBUG AlphaScanner.Data download_history_batch(size=500, period=1y, interval=1d, use_cache=False, head=['360ONE.NS', '3MINDIA.NS', 'AADHARHFC.NS', 'AARTIIND.NS', 'AAVAS.NS'])
2026-08-15 15:25:49,226 INFO AlphaScanner.Data download_history_batch fetching 63 live chunks with 10 workers (chunk_size=8).
2026-08-15 15:25:50,451 DEBUG AlphaScanner.Data No data for ticker ACUTAAS.NS in batch result.
2026-08-15 15:25:50,451 DEBUG AlphaScanner.Data No data for ticker ADANIENSOL.NS in batch result.
2026-08-15 15:25:50,451 DEBUG AlphaScanner.Data No data for ticker ADANIENT.NS in batch result.
2026-08-15 15:25:50,451 DEBUG AlphaScanner.Data No data for ticker ADANIGREEN.NS in batch result.
2026-08-15 15:25:50,451 DEBUG AlphaScanner.Data No data for ticker ADANIPORTS.NS in batch result.
2026-08-15 15:25:50,451 DEBUG AlphaScanner.Data No data for ticker ADANIPOWER.NS in batch result.
2026-08-15 15:25:50,456 DEBUG AlphaScanner.Data No data for ticker AEGISVOPAK.NS in batch result.
2026-08-15 15:25:50,518 DEBUG AlphaScanner.Data No data for ticker ATGL.NS in batch result.
2026-08-15 15:25:50,520 DEBUG AlphaScanner.Data No data for ticker ATHERENERG.NS in batch result.
2026-08-15 15:25:50,521 DEBUG AlphaScanner.Data No data for ticker ATUL.NS in batch result.
2026-08-15 15:25:50,525 DEBUG AlphaScanner.Data No data for ticker AUROPHARMA.NS in batch result.
2026-08-15 15:25:50,525 DEBUG AlphaScanner.Data No data for ticker AWL.NS in batch result.
2026-08-15 15:25:50,525 DEBUG AlphaScanner.Data No data for ticker AXISBANK.NS in batch result.
2026-08-15 15:25:50,525 DEBUG AlphaScanner.Data No data for ticker BAJAJ-AUTO.NS in batch result.
2026-08-15 15:25:50,545 DEBUG AlphaScanner.Data No data for ticker BERGEPAINT.NS in batch result.
2026-08-15 15:25:50,566 DEBUG AlphaScanner.Data No data for ticker BHARTIARTL.NS in batch result.
2026-08-15 15:25:50,570 DEBUG AlphaScanner.Data No data for ticker BHARTIHEXA.NS in batch result.
2026-08-15 15:25:50,570 DEBUG AlphaScanner.Data No data for ticker BHEL.NS in batch result.
2026-08-15 15:25:50,571 DEBUG AlphaScanner.Data No data for ticker BIKAJI.NS in batch result.
2026-08-15 15:25:50,571 DEBUG AlphaScanner.Data No data for ticker BIOCON.NS in batch result.
2026-08-15 15:25:50,571 DEBUG AlphaScanner.Data No data for ticker BLS.NS in batch result.
2026-08-15 15:25:50,574 DEBUG AlphaScanner.Data No data for ticker APOLLOTYRE.NS in batch result.
2026-08-15 15:25:50,575 DEBUG AlphaScanner.Data No data for ticker APTUS.NS in batch result.
2026-08-15 15:25:50,588 DEBUG AlphaScanner.Data No data for ticker ASAHIINDIA.NS in batch result.
2026-08-15 15:25:50,588 DEBUG AlphaScanner.Data No data for ticker ASHOKLEY.NS in batch result.
2026-08-15 15:25:50,588 DEBUG AlphaScanner.Data No data for ticker ASIANPAINT.NS in batch result.
2026-08-15 15:25:50,588 DEBUG AlphaScanner.Data No data for ticker ASTERDM.NS in batch result.
2026-08-15 15:25:50,588 DEBUG AlphaScanner.Data No data for ticker ASTRAL.NS in batch result.
2026-08-15 15:25:50,629 DEBUG AlphaScanner.Data No data for ticker ABDL.NS in batch result.
2026-08-15 15:25:50,630 DEBUG AlphaScanner.Data No data for ticker ABFRL.NS in batch result.
2026-08-15 15:25:50,631 DEBUG AlphaScanner.Data No data for ticker ABLBL.NS in batch result.
2026-08-15 15:25:50,633 DEBUG AlphaScanner.Data No data for ticker ABSLAMC.NS in batch result.
2026-08-15 15:25:50,633 DEBUG AlphaScanner.Data No data for ticker ACC.NS in batch result.
2026-08-15 15:25:50,634 DEBUG AlphaScanner.Data No data for ticker ACE.NS in batch result.
2026-08-15 15:25:50,634 DEBUG AlphaScanner.Data No data for ticker ACMESOLAR.NS in batch result.
2026-08-15 15:25:50,670 DEBUG AlphaScanner.Data No data for ticker 360ONE.NS in batch result.
2026-08-15 15:25:50,670 DEBUG AlphaScanner.Data No data for ticker 3MINDIA.NS in batch result.
2026-08-15 15:25:50,673 DEBUG AlphaScanner.Data No data for ticker AARTIIND.NS in batch result.
2026-08-15 15:25:50,673 DEBUG AlphaScanner.Data No data for ticker AAVAS.NS in batch result.
2026-08-15 15:25:50,675 DEBUG AlphaScanner.Data No data for ticker ABB.NS in batch result.
2026-08-15 15:25:50,675 DEBUG AlphaScanner.Data No data for ticker ABBOTINDIA.NS in batch result.
2026-08-15 15:25:50,675 DEBUG AlphaScanner.Data No data for ticker ABCAPITAL.NS in batch result.
2026-08-15 15:25:50,748 DEBUG AlphaScanner.Data No data for ticker AFCONS.NS in batch result.
2026-08-15 15:25:50,750 DEBUG AlphaScanner.Data No data for ticker AFFLE.NS in batch result.
2026-08-15 15:25:50,750 DEBUG AlphaScanner.Data No data for ticker AIAENG.NS in batch result.
2026-08-15 15:25:50,750 DEBUG AlphaScanner.Data No data for ticker AIIL.NS in batch result.
2026-08-15 15:25:50,750 DEBUG AlphaScanner.Data No data for ticker AJANTPHARM.NS in batch result.
2026-08-15 15:25:50,751 DEBUG AlphaScanner.Data No data for ticker ALKEM.NS in batch result.
2026-08-15 15:25:50,754 DEBUG AlphaScanner.Data No data for ticker AMBUJACEM.NS in batch result.
2026-08-15 15:25:50,852 DEBUG AlphaScanner.Data No data for ticker BANKINDIA.NS in batch result.
2026-08-15 15:25:50,852 DEBUG AlphaScanner.Data No data for ticker BATAINDIA.NS in batch result.
2026-08-15 15:25:50,852 DEBUG AlphaScanner.Data No data for ticker BAYERCROP.NS in batch result.
2026-08-15 15:25:50,852 DEBUG AlphaScanner.Data No data for ticker BBTC.NS in batch result.
2026-08-15 15:25:50,852 DEBUG AlphaScanner.Data No data for ticker BDL.NS in batch result.
2026-08-15 15:25:50,855 DEBUG AlphaScanner.Data No data for ticker BELRISE.NS in batch result.
2026-08-15 15:25:50,855 DEBUG AlphaScanner.Data No data for ticker BEML.NS in batch result.
2026-08-15 15:25:50,976 DEBUG AlphaScanner.Data No data for ticker BAJAJFINSV.NS in batch result.
2026-08-15 15:25:50,976 DEBUG AlphaScanner.Data No data for ticker BAJAJHFL.NS in batch result.
2026-08-15 15:25:50,976 DEBUG AlphaScanner.Data No data for ticker BAJAJHLDNG.NS in batch result.
2026-08-15 15:25:50,976 DEBUG AlphaScanner.Data No data for ticker BAJFINANCE.NS in batch result.
2026-08-15 15:25:50,976 DEBUG AlphaScanner.Data No data for ticker BALKRISIND.NS in batch result.
2026-08-15 15:25:50,977 DEBUG AlphaScanner.Data No data for ticker BALRAMCHIN.NS in batch result.
2026-08-15 15:25:50,979 DEBUG AlphaScanner.Data No data for ticker BANKBARODA.NS in batch result.
2026-08-15 15:25:51,922 WARNING AlphaScanner.Data Batch download attempt 1/3 failed for chunk size=8: dictionary changed size during iteration
2026-08-15 15:25:51,981 DEBUG AlphaScanner.Data No data for ticker CLEAN.NS in batch result.
2026-08-15 15:25:51,981 DEBUG AlphaScanner.Data No data for ticker COALINDIA.NS in batch result.
2026-08-15 15:25:52,058 DEBUG AlphaScanner.Data No data for ticker CONCORDBIO.NS in batch result.
2026-08-15 15:25:52,058 DEBUG AlphaScanner.Data No data for ticker COROMANDEL.NS in batch result.
2026-08-15 15:25:52,104 DEBUG AlphaScanner.Data No data for ticker BLUEDART.NS in batch result.
2026-08-15 15:25:52,105 DEBUG AlphaScanner.Data No data for ticker BLUEJET.NS in batch result.
2026-08-15 15:25:52,109 DEBUG AlphaScanner.Data No data for ticker BOSCHLTD.NS in batch result.
2026-08-15 15:25:52,121 DEBUG AlphaScanner.Data No data for ticker BPCL.NS in batch result.
2026-08-15 15:25:52,121 DEBUG AlphaScanner.Data No data for ticker BRIGADE.NS in batch result.
2026-08-15 15:25:52,121 DEBUG AlphaScanner.Data No data for ticker BRITANNIA.NS in batch result.
2026-08-15 15:25:52,126 DEBUG AlphaScanner.Data No data for ticker BSE.NS in batch result.
2026-08-15 15:25:52,189 DEBUG AlphaScanner.Data No data for ticker CASTROLIND.NS in batch result.
2026-08-15 15:25:52,189 DEBUG AlphaScanner.Data No data for ticker CCL.NS in batch result.
2026-08-15 15:25:52,190 DEBUG AlphaScanner.Data No data for ticker CDSL.NS in batch result.
2026-08-15 15:25:52,190 DEBUG AlphaScanner.Data No data for ticker CEATLTD.NS in batch result.
2026-08-15 15:25:52,190 DEBUG AlphaScanner.Data No data for ticker CEMPRO.NS in batch result.
2026-08-15 15:25:52,191 DEBUG AlphaScanner.Data No data for ticker CENTRALBK.NS in batch result.
2026-08-15 15:25:52,194 DEBUG AlphaScanner.Data No data for ticker CGCL.NS in batch result.
2026-08-15 15:25:52,242 DEBUG AlphaScanner.Data No data for ticker EMMVEE.NS in batch result.
2026-08-15 15:25:52,242 DEBUG AlphaScanner.Data No data for ticker ENDURANCE.NS in batch result.
2026-08-15 15:25:52,242 DEBUG AlphaScanner.Data No data for ticker ENGINERSIN.NS in batch result.
2026-08-15 15:25:52,245 DEBUG AlphaScanner.Data No data for ticker ERIS.NS in batch result.
2026-08-15 15:25:52,245 DEBUG AlphaScanner.Data No data for ticker ESCORTS.NS in batch result.
2026-08-15 15:25:52,245 DEBUG AlphaScanner.Data No data for ticker ETERNAL.NS in batch result.
2026-08-15 15:25:52,246 DEBUG AlphaScanner.Data No data for ticker EXIDEIND.NS in batch result.
2026-08-15 15:25:52,248 DEBUG AlphaScanner.Data No data for ticker DELHIVERY.NS in batch result.
2026-08-15 15:25:52,251 DEBUG AlphaScanner.Data No data for ticker DIVISLAB.NS in batch result.
2026-08-15 15:25:52,252 DEBUG AlphaScanner.Data No data for ticker DIXON.NS in batch result.
2026-08-15 15:25:52,253 DEBUG AlphaScanner.Data No data for ticker DLF.NS in batch result.
2026-08-15 15:25:52,253 DEBUG AlphaScanner.Data No data for ticker DMART.NS in batch result.
2026-08-15 15:25:52,253 DEBUG AlphaScanner.Data No data for ticker DOMS.NS in batch result.
2026-08-15 15:25:52,253 DEBUG AlphaScanner.Data No data for ticker DRREDDY.NS in batch result.
2026-08-15 15:25:52,303 DEBUG AlphaScanner.Data No data for ticker ECLERX.NS in batch result.
2026-08-15 15:25:52,304 DEBUG AlphaScanner.Data No data for ticker EICHERMOT.NS in batch result.
2026-08-15 15:25:52,304 DEBUG AlphaScanner.Data No data for ticker EIDPARRY.NS in batch result.
2026-08-15 15:25:52,305 DEBUG AlphaScanner.Data No data for ticker EIHOTEL.NS in batch result.
2026-08-15 15:25:52,308 DEBUG AlphaScanner.Data No data for ticker ELGIEQUIP.NS in batch result.
2026-08-15 15:25:52,308 DEBUG AlphaScanner.Data No data for ticker EMAMILTD.NS in batch result.
2026-08-15 15:25:52,309 DEBUG AlphaScanner.Data No data for ticker EMCURE.NS in batch result.
2026-08-15 15:25:52,339 DEBUG AlphaScanner.Data No data for ticker CGPOWER.NS in batch result.
2026-08-15 15:25:52,340 DEBUG AlphaScanner.Data No data for ticker CHALET.NS in batch result.
2026-08-15 15:25:52,340 DEBUG AlphaScanner.Data No data for ticker CHAMBLFERT.NS in batch result.
2026-08-15 15:25:52,340 DEBUG AlphaScanner.Data No data for ticker CHENNPETRO.NS in batch result.
2026-08-15 15:25:52,340 DEBUG AlphaScanner.Data No data for ticker CHOICEIN.NS in batch result.
2026-08-15 15:25:52,340 DEBUG AlphaScanner.Data No data for ticker CHOLAFIN.NS in batch result.
2026-08-15 15:25:52,343 DEBUG AlphaScanner.Data No data for ticker CIEINDIA.NS in batch result.
2026-08-15 15:25:52,472 DEBUG AlphaScanner.Data No data for ticker CUMMINSIND.NS in batch result.
2026-08-15 15:25:52,490 DEBUG AlphaScanner.Data No data for ticker CYIENT.NS in batch result.
2026-08-15 15:25:52,490 DEBUG AlphaScanner.Data No data for ticker DABUR.NS in batch result.
2026-08-15 15:25:52,490 DEBUG AlphaScanner.Data No data for ticker DALBHARAT.NS in batch result.
2026-08-15 15:25:52,491 DEBUG AlphaScanner.Data No data for ticker DATAPATTNS.NS in batch result.
2026-08-15 15:25:52,491 DEBUG AlphaScanner.Data No data for ticker DCMSHRIRAM.NS in batch result.
2026-08-15 15:25:52,494 DEBUG AlphaScanner.Data No data for ticker DEEPAKNTR.NS in batch result.
2026-08-15 15:25:53,500 DEBUG AlphaScanner.Data No data for ticker FINCABLES.NS in batch result.
2026-08-15 15:25:53,500 DEBUG AlphaScanner.Data No data for ticker FIRSTCRY.NS in batch result.
2026-08-15 15:25:53,504 DEBUG AlphaScanner.Data No data for ticker FLUOROCHEM.NS in batch result.
2026-08-15 15:25:53,504 DEBUG AlphaScanner.Data No data for ticker FORCEMOT.NS in batch result.
2026-08-15 15:25:53,504 DEBUG AlphaScanner.Data No data for ticker FORTIS.NS in batch result.
2026-08-15 15:25:53,563 DEBUG AlphaScanner.Data No data for ticker FSL.NS in batch result.
2026-08-15 15:25:53,575 DEBUG AlphaScanner.Data No data for ticker GAIL.NS in batch result.
2026-08-15 15:25:53,575 DEBUG AlphaScanner.Data No data for ticker GALLANTT.NS in batch result.
2026-08-15 15:25:53,575 DEBUG AlphaScanner.Data No data for ticker GESHIP.NS in batch result.
2026-08-15 15:25:53,575 DEBUG AlphaScanner.Data No data for ticker GICRE.NS in batch result.
2026-08-15 15:25:53,575 DEBUG AlphaScanner.Data No data for ticker GILLETTE.NS in batch result.
2026-08-15 15:25:53,576 DEBUG AlphaScanner.Data No data for ticker GLAND.NS in batch result.
2026-08-15 15:25:53,590 DEBUG AlphaScanner.Data No data for ticker GLAXO.NS in batch result.
2026-08-15 15:25:53,591 DEBUG AlphaScanner.Data No data for ticker GLENMARK.NS in batch result.
2026-08-15 15:25:53,591 DEBUG AlphaScanner.Data No data for ticker GMDCLTD.NS in batch result.
2026-08-15 15:25:53,594 DEBUG AlphaScanner.Data No data for ticker GODFRYPHLP.NS in batch result.
2026-08-15 15:25:53,594 DEBUG AlphaScanner.Data No data for ticker GODIGIT.NS in batch result.
2026-08-15 15:25:53,596 DEBUG AlphaScanner.Data No data for ticker GODREJCP.NS in batch result.
2026-08-15 15:25:53,596 DEBUG AlphaScanner.Data No data for ticker GODREJIND.NS in batch result.
2026-08-15 15:25:53,596 DEBUG AlphaScanner.Data No data for ticker HINDUNILVR.NS in batch result.
2026-08-15 15:25:53,596 DEBUG AlphaScanner.Data No data for ticker HINDZINC.NS in batch result.
2026-08-15 15:25:53,596 DEBUG AlphaScanner.Data No data for ticker HOMEFIRST.NS in batch result.
2026-08-15 15:25:53,596 DEBUG AlphaScanner.Data No data for ticker HONASA.NS in batch result.
2026-08-15 15:25:53,596 DEBUG AlphaScanner.Data No data for ticker HONAUT.NS in batch result.
2026-08-15 15:25:53,599 DEBUG AlphaScanner.Data No data for ticker HUDCO.NS in batch result.
2026-08-15 15:25:53,599 DEBUG AlphaScanner.Data No data for ticker HYUNDAI.NS in batch result.
2026-08-15 15:25:53,633 DEBUG AlphaScanner.Data No data for ticker GODREJPROP.NS in batch result.
2026-08-15 15:25:53,634 DEBUG AlphaScanner.Data No data for ticker GPIL.NS in batch result.
2026-08-15 15:25:53,636 DEBUG AlphaScanner.Data No data for ticker GRANULES.NS in batch result.
2026-08-15 15:25:53,639 DEBUG AlphaScanner.Data No data for ticker GRASIM.NS in batch result.
2026-08-15 15:25:53,650 DEBUG AlphaScanner.Data No data for ticker GRAVITA.NS in batch result.
2026-08-15 15:25:53,651 DEBUG AlphaScanner.Data No data for ticker GROWW.NS in batch result.
2026-08-15 15:25:53,652 DEBUG AlphaScanner.Data No data for ticker GRSE.NS in batch result.
2026-08-15 15:25:53,707 DEBUG AlphaScanner.Data No data for ticker GVT&D.NS in batch result.
2026-08-15 15:25:53,707 DEBUG AlphaScanner.Data No data for ticker HAL.NS in batch result.
2026-08-15 15:25:53,710 DEBUG AlphaScanner.Data No data for ticker HBLENGINE.NS in batch result.
2026-08-15 15:25:53,710 DEBUG AlphaScanner.Data No data for ticker HCLTECH.NS in batch result.
2026-08-15 15:25:53,710 DEBUG AlphaScanner.Data No data for ticker HDBFS.NS in batch result.
2026-08-15 15:25:53,711 DEBUG AlphaScanner.Data No data for ticker HDFCAMC.NS in batch result.
2026-08-15 15:25:53,711 DEBUG AlphaScanner.Data No data for ticker HDFCBANK.NS in batch result.
2026-08-15 15:25:53,745 DEBUG AlphaScanner.Data No data for ticker HDFCLIFE.NS in batch result.
2026-08-15 15:25:53,746 DEBUG AlphaScanner.Data No data for ticker HEG.NS in batch result.
2026-08-15 15:25:53,746 DEBUG AlphaScanner.Data No data for ticker HEROMOTOCO.NS in batch result.
2026-08-15 15:25:53,746 DEBUG AlphaScanner.Data No data for ticker HEXT.NS in batch result.
2026-08-15 15:25:53,746 DEBUG AlphaScanner.Data No data for ticker HFCL.NS in batch result.
2026-08-15 15:25:53,748 DEBUG AlphaScanner.Data No data for ticker HINDCOPPER.NS in batch result.
2026-08-15 15:25:53,748 DEBUG AlphaScanner.Data No data for ticker HINDPETRO.NS in batch result.
2026-08-15 15:25:53,835 DEBUG AlphaScanner.Data No data for ticker ICICIAMC.NS in batch result.
2026-08-15 15:25:53,836 DEBUG AlphaScanner.Data No data for ticker ICICIBANK.NS in batch result.
2026-08-15 15:25:53,837 DEBUG AlphaScanner.Data No data for ticker ICICIGI.NS in batch result.
2026-08-15 15:25:53,837 DEBUG AlphaScanner.Data No data for ticker ICICIPRULI.NS in batch result.
2026-08-15 15:25:53,840 DEBUG AlphaScanner.Data No data for ticker IDEA.NS in batch result.
2026-08-15 15:25:53,840 DEBUG AlphaScanner.Data No data for ticker IDFCFIRSTB.NS in batch result.
2026-08-15 15:25:53,840 DEBUG AlphaScanner.Data No data for ticker IEX.NS in batch result.
2026-08-15 15:25:54,061 DEBUG AlphaScanner.Data No data for ticker BSOFT.NS in batch result.
2026-08-15 15:25:54,061 DEBUG AlphaScanner.Data No data for ticker CAMS.NS in batch result.
2026-08-15 15:25:54,069 DEBUG AlphaScanner.Data No data for ticker CAPLIPOINT.NS in batch result.
2026-08-15 15:25:54,069 DEBUG AlphaScanner.Data No data for ticker CARBORUNIV.NS in batch result.
2026-08-15 15:25:54,069 DEBUG AlphaScanner.Data No data for ticker CARTRADE.NS in batch result.
2026-08-15 15:25:54,272 DEBUG AlphaScanner.Data No data for ticker IGIL.NS in batch result.
2026-08-15 15:25:54,272 DEBUG AlphaScanner.Data No data for ticker IGL.NS in batch result.
2026-08-15 15:25:54,273 DEBUG AlphaScanner.Data No data for ticker IIFL.NS in batch result.
2026-08-15 15:25:54,273 DEBUG AlphaScanner.Data No data for ticker IKS.NS in batch result.
2026-08-15 15:25:54,273 DEBUG AlphaScanner.Data No data for ticker INDGN.NS in batch result.
2026-08-15 15:25:54,273 DEBUG AlphaScanner.Data No data for ticker INDHOTEL.NS in batch result.
2026-08-15 15:25:54,273 DEBUG AlphaScanner.Data No data for ticker INDIACEM.NS in batch result.
2026-08-15 15:25:55,097 DEBUG AlphaScanner.Data No data for ticker JSWSTEEL.NS in batch result.
2026-08-15 15:25:55,099 DEBUG AlphaScanner.Data No data for ticker JUBLINGREA.NS in batch result.
2026-08-15 15:25:55,117 DEBUG AlphaScanner.Data No data for ticker JYOTICNC.NS in batch result.
2026-08-15 15:25:55,126 DEBUG AlphaScanner.Data No data for ticker JIOFIN.NS in batch result.
2026-08-15 15:25:55,126 DEBUG AlphaScanner.Data No data for ticker JKCEMENT.NS in batch result.
2026-08-15 15:25:55,126 DEBUG AlphaScanner.Data No data for ticker JKTYRE.NS in batch result.
2026-08-15 15:25:55,127 DEBUG AlphaScanner.Data No data for ticker JMFINANCIL.NS in batch result.
2026-08-15 15:25:55,130 DEBUG AlphaScanner.Data No data for ticker JPPOWER.NS in batch result.
2026-08-15 15:25:55,146 DEBUG AlphaScanner.Data No data for ticker JSL.NS in batch result.
2026-08-15 15:25:55,151 DEBUG AlphaScanner.Data No data for ticker JSWDULUX.NS in batch result.
2026-08-15 15:25:55,153 DEBUG AlphaScanner.Data No data for ticker ITC.NS in batch result.
2026-08-15 15:25:55,157 DEBUG AlphaScanner.Data No data for ticker ITCHOTELS.NS in batch result.
2026-08-15 15:25:55,160 DEBUG AlphaScanner.Data No data for ticker ITI.NS in batch result.
2026-08-15 15:25:55,161 DEBUG AlphaScanner.Data No data for ticker J&KBANK.NS in batch result.
2026-08-15 15:25:55,162 DEBUG AlphaScanner.Data No data for ticker JAINREC.NS in batch result.
2026-08-15 15:25:55,162 DEBUG AlphaScanner.Data No data for ticker JBMA.NS in batch result.
2026-08-15 15:25:55,162 DEBUG AlphaScanner.Data No data for ticker JINDALSAW.NS in batch result.
2026-08-15 15:25:55,167 DEBUG AlphaScanner.Data No data for ticker IOC.NS in batch result.
2026-08-15 15:25:55,173 DEBUG AlphaScanner.Data No data for ticker IPCALAB.NS in batch result.
2026-08-15 15:25:55,176 DEBUG AlphaScanner.Data No data for ticker IRB.NS in batch result.
2026-08-15 15:25:55,179 DEBUG AlphaScanner.Data No data for ticker IRCTC.NS in batch result.
2026-08-15 15:25:55,186 DEBUG AlphaScanner.Data No data for ticker INDIAMART.NS in batch result.
2026-08-15 15:25:55,187 DEBUG AlphaScanner.Data No data for ticker INDIANB.NS in batch result.
2026-08-15 15:25:55,191 DEBUG AlphaScanner.Data No data for ticker INDIGO.NS in batch result.
2026-08-15 15:25:55,191 DEBUG AlphaScanner.Data No data for ticker INDUSINDBK.NS in batch result.
2026-08-15 15:25:55,192 DEBUG AlphaScanner.Data No data for ticker INDUSTOWER.NS in batch result.
2026-08-15 15:25:55,196 DEBUG AlphaScanner.Data No data for ticker INOXWIND.NS in batch result.
2026-08-15 15:25:55,196 DEBUG AlphaScanner.Data No data for ticker INTELLECT.NS in batch result.
2026-08-15 15:25:55,249 DEBUG AlphaScanner.Data No data for ticker KIRLOSENG.NS in batch result.
2026-08-15 15:25:55,249 DEBUG AlphaScanner.Data No data for ticker KOTAKBANK.NS in batch result.
2026-08-15 15:25:55,249 DEBUG AlphaScanner.Data No data for ticker KPIL.NS in batch result.
2026-08-15 15:25:55,249 DEBUG AlphaScanner.Data No data for ticker KPITTECH.NS in batch result.
2026-08-15 15:25:55,249 DEBUG AlphaScanner.Data No data for ticker KPRMILL.NS in batch result.
2026-08-15 15:25:55,249 DEBUG AlphaScanner.Data No data for ticker LALPATHLAB.NS in batch result.
2026-08-15 15:25:55,250 DEBUG AlphaScanner.Data No data for ticker LATENTVIEW.NS in batch result.
2026-08-15 15:25:55,256 DEBUG AlphaScanner.Data No data for ticker LEMONTREE.NS in batch result.
2026-08-15 15:25:55,260 DEBUG AlphaScanner.Data No data for ticker LGEINDIA.NS in batch result.
2026-08-15 15:25:55,260 DEBUG AlphaScanner.Data No data for ticker LICHSGFIN.NS in batch result.
2026-08-15 15:25:55,260 DEBUG AlphaScanner.Data No data for ticker LICI.NS in batch result.
2026-08-15 15:25:55,260 DEBUG AlphaScanner.Data No data for ticker LINDEINDIA.NS in batch result.
2026-08-15 15:25:55,260 DEBUG AlphaScanner.Data No data for ticker LLOYDSME.NS in batch result.
2026-08-15 15:25:55,260 DEBUG AlphaScanner.Data No data for ticker LODHA.NS in batch result.
2026-08-15 15:25:55,435 DEBUG AlphaScanner.Data No data for ticker KAJARIACER.NS in batch result.
2026-08-15 15:25:55,436 DEBUG AlphaScanner.Data No data for ticker KALYANKJIL.NS in batch result.
2026-08-15 15:25:55,440 DEBUG AlphaScanner.Data No data for ticker KAYNES.NS in batch result.
2026-08-15 15:25:55,448 DEBUG AlphaScanner.Data No data for ticker KEC.NS in batch result.
2026-08-15 15:25:55,448 DEBUG AlphaScanner.Data No data for ticker KEI.NS in batch result.
2026-08-15 15:25:55,448 DEBUG AlphaScanner.Data No data for ticker KFINTECH.NS in batch result.
2026-08-15 15:25:55,449 DEBUG AlphaScanner.Data No data for ticker KIMS.NS in batch result.
2026-08-15 15:25:55,879 DEBUG AlphaScanner.Data No data for ticker LT.NS in batch result.
2026-08-15 15:25:55,880 DEBUG AlphaScanner.Data No data for ticker LTF.NS in batch result.
2026-08-15 15:25:55,880 DEBUG AlphaScanner.Data No data for ticker LTFOODS.NS in batch result.
2026-08-15 15:25:55,880 DEBUG AlphaScanner.Data No data for ticker LTM.NS in batch result.
2026-08-15 15:25:55,881 DEBUG AlphaScanner.Data No data for ticker LTTS.NS in batch result.
2026-08-15 15:25:55,885 DEBUG AlphaScanner.Data No data for ticker M&M.NS in batch result.
2026-08-15 15:25:55,976 DEBUG AlphaScanner.Data No data for ticker MANAPPURAM.NS in batch result.
2026-08-15 15:25:55,977 DEBUG AlphaScanner.Data No data for ticker MANKIND.NS in batch result.
2026-08-15 15:25:55,977 DEBUG AlphaScanner.Data No data for ticker MAPMYINDIA.NS in batch result.
2026-08-15 15:25:55,978 DEBUG AlphaScanner.Data No data for ticker MARICO.NS in batch result.
2026-08-15 15:25:55,978 DEBUG AlphaScanner.Data No data for ticker MARUTI.NS in batch result.
2026-08-15 15:25:55,978 DEBUG AlphaScanner.Data No data for ticker MAXHEALTH.NS in batch result.
2026-08-15 15:25:55,978 DEBUG AlphaScanner.Data No data for ticker MAZDOCK.NS in batch result.
2026-08-15 15:25:56,594 DEBUG AlphaScanner.Data No data for ticker PERSISTENT.NS in batch result.
2026-08-15 15:25:56,597 DEBUG AlphaScanner.Data No data for ticker PFC.NS in batch result.
2026-08-15 15:25:56,605 DEBUG AlphaScanner.Data No data for ticker PFOCUS.NS in batch result.
2026-08-15 15:25:56,605 DEBUG AlphaScanner.Data No data for ticker PGEL.NS in batch result.
2026-08-15 15:25:56,624 DEBUG AlphaScanner.Data No data for ticker NEULANDLAB.NS in batch result.
2026-08-15 15:25:56,630 DEBUG AlphaScanner.Data No data for ticker NIACL.NS in batch result.
2026-08-15 15:25:56,630 DEBUG AlphaScanner.Data No data for ticker NIVABUPA.NS in batch result.
2026-08-15 15:25:56,630 DEBUG AlphaScanner.Data No data for ticker NLCINDIA.NS in batch result.
2026-08-15 15:25:56,675 DEBUG AlphaScanner.Data No data for ticker NATIONALUM.NS in batch result.
2026-08-15 15:25:56,678 DEBUG AlphaScanner.Data No data for ticker NAVA.NS in batch result.
2026-08-15 15:25:56,681 DEBUG AlphaScanner.Data No data for ticker NBCC.NS in batch result.
2026-08-15 15:25:56,684 DEBUG AlphaScanner.Data No data for ticker NESTLEIND.NS in batch result.
2026-08-15 15:25:56,684 DEBUG AlphaScanner.Data No data for ticker NETWEB.NS in batch result.
2026-08-15 15:25:56,706 DEBUG AlphaScanner.Data No data for ticker MCX.NS in batch result.
2026-08-15 15:25:56,707 DEBUG AlphaScanner.Data No data for ticker MEDANTA.NS in batch result.
2026-08-15 15:25:56,707 DEBUG AlphaScanner.Data No data for ticker MEESHO.NS in batch result.
2026-08-15 15:25:56,707 DEBUG AlphaScanner.Data No data for ticker MFSL.NS in batch result.
2026-08-15 15:25:56,710 DEBUG AlphaScanner.Data No data for ticker MINDACORP.NS in batch result.
2026-08-15 15:25:56,710 DEBUG AlphaScanner.Data No data for ticker MMTC.NS in batch result.
2026-08-15 15:25:56,711 DEBUG AlphaScanner.Data No data for ticker MOTHERSON.NS in batch result.
2026-08-15 15:25:56,733 DEBUG AlphaScanner.Data No data for ticker OIL.NS in batch result.
2026-08-15 15:25:56,733 DEBUG AlphaScanner.Data No data for ticker OLAELEC.NS in batch result.
2026-08-15 15:25:56,735 DEBUG AlphaScanner.Data No data for ticker OLECTRA.NS in batch result.
2026-08-15 15:25:56,735 DEBUG AlphaScanner.Data No data for ticker ONESOURCE.NS in batch result.
2026-08-15 15:25:56,738 DEBUG AlphaScanner.Data No data for ticker ONGC.NS in batch result.
2026-08-15 15:25:56,741 DEBUG AlphaScanner.Data No data for ticker PARADEEP.NS in batch result.
2026-08-15 15:25:56,741 DEBUG AlphaScanner.Data No data for ticker PATANJALI.NS in batch result.
2026-08-15 15:25:56,789 DEBUG AlphaScanner.Data No data for ticker MOTILALOFS.NS in batch result.
2026-08-15 15:25:56,791 DEBUG AlphaScanner.Data No data for ticker MRF.NS in batch result.
2026-08-15 15:25:56,791 DEBUG AlphaScanner.Data No data for ticker MRPL.NS in batch result.
2026-08-15 15:25:56,792 DEBUG AlphaScanner.Data No data for ticker MSUMI.NS in batch result.
2026-08-15 15:25:56,792 DEBUG AlphaScanner.Data No data for ticker MUTHOOTFIN.NS in batch result.
2026-08-15 15:25:56,793 DEBUG AlphaScanner.Data No data for ticker NAM-INDIA.NS in batch result.
2026-08-15 15:25:56,793 DEBUG AlphaScanner.Data No data for ticker NATCOPHARM.NS in batch result.
2026-08-15 15:25:56,793 DEBUG AlphaScanner.Data No data for ticker NSLNISP.NS in batch result.
2026-08-15 15:25:56,793 DEBUG AlphaScanner.Data No data for ticker NTPC.NS in batch result.
2026-08-15 15:25:56,793 DEBUG AlphaScanner.Data No data for ticker NTPCGREEN.NS in batch result.
2026-08-15 15:25:56,796 DEBUG AlphaScanner.Data No data for ticker NUVOCO.NS in batch result.
2026-08-15 15:25:56,796 DEBUG AlphaScanner.Data No data for ticker NYKAA.NS in batch result.
2026-08-15 15:25:56,796 DEBUG AlphaScanner.Data No data for ticker OBEROIRLTY.NS in batch result.
2026-08-15 15:25:56,797 DEBUG AlphaScanner.Data No data for ticker OFSS.NS in batch result.
2026-08-15 15:25:57,160 DEBUG AlphaScanner.Data No data for ticker PHOENIXLTD.NS in batch result.
2026-08-15 15:25:57,161 DEBUG AlphaScanner.Data No data for ticker PIDILITIND.NS in batch result.
2026-08-15 15:25:57,161 DEBUG AlphaScanner.Data No data for ticker PIIND.NS in batch result.
2026-08-15 15:25:57,164 DEBUG AlphaScanner.Data No data for ticker PIRAMALFIN.NS in batch result.
2026-08-15 15:25:57,165 DEBUG AlphaScanner.Data No data for ticker PNB.NS in batch result.
2026-08-15 15:25:57,165 DEBUG AlphaScanner.Data No data for ticker PNBHOUSING.NS in batch result.
2026-08-15 15:25:57,165 DEBUG AlphaScanner.Data No data for ticker POLICYBZR.NS in batch result.
2026-08-15 15:25:57,174 DEBUG AlphaScanner.Data No data for ticker POLYMED.NS in batch result.
2026-08-15 15:25:57,177 DEBUG AlphaScanner.Data No data for ticker POWERGRID.NS in batch result.
2026-08-15 15:25:57,177 DEBUG AlphaScanner.Data No data for ticker POWERINDIA.NS in batch result.
2026-08-15 15:25:57,177 DEBUG AlphaScanner.Data No data for ticker PPLPHARMA.NS in batch result.
2026-08-15 15:25:57,180 DEBUG AlphaScanner.Data No data for ticker PRESTIGE.NS in batch result.
2026-08-15 15:25:57,446 DEBUG AlphaScanner.Data No data for ticker PVRINOX.NS in batch result.
2026-08-15 15:25:57,447 DEBUG AlphaScanner.Data No data for ticker PWL.NS in batch result.
2026-08-15 15:25:57,447 DEBUG AlphaScanner.Data No data for ticker RADICO.NS in batch result.
2026-08-15 15:25:57,447 DEBUG AlphaScanner.Data No data for ticker RAILTEL.NS in batch result.
2026-08-15 15:25:57,449 DEBUG AlphaScanner.Data No data for ticker RAMCOCEM.NS in batch result.
2026-08-15 15:25:57,449 DEBUG AlphaScanner.Data No data for ticker RBLBANK.NS in batch result.
2026-08-15 15:25:58,179 DEBUG AlphaScanner.Data No data for ticker SONATSOFTW.NS in batch result.
2026-08-15 15:25:58,180 DEBUG AlphaScanner.Data No data for ticker SPLPETRO.NS in batch result.
2026-08-15 15:25:58,211 DEBUG AlphaScanner.Data No data for ticker STARHEALTH.NS in batch result.
2026-08-15 15:25:58,211 DEBUG AlphaScanner.Data No data for ticker SUMICHEM.NS in batch result.
2026-08-15 15:25:58,239 DEBUG AlphaScanner.Data No data for ticker RVNL.NS in batch result.
2026-08-15 15:25:58,241 DEBUG AlphaScanner.Data No data for ticker SAIL.NS in batch result.
2026-08-15 15:25:58,242 DEBUG AlphaScanner.Data No data for ticker SAILIFE.NS in batch result.
2026-08-15 15:25:58,247 DEBUG AlphaScanner.Data No data for ticker SAREGAMA.NS in batch result.
2026-08-15 15:25:58,272 DEBUG AlphaScanner.Data No data for ticker RECLTD.NS in batch result.
2026-08-15 15:25:58,272 DEBUG AlphaScanner.Data No data for ticker REDINGTON.NS in batch result.
2026-08-15 15:25:58,272 DEBUG AlphaScanner.Data No data for ticker RELIANCE.NS in batch result.
2026-08-15 15:25:58,272 DEBUG AlphaScanner.Data No data for ticker RHIM.NS in batch result.
2026-08-15 15:25:58,272 DEBUG AlphaScanner.Data No data for ticker RITES.NS in batch result.
2026-08-15 15:25:58,273 DEBUG AlphaScanner.Data No data for ticker RKFORGE.NS in batch result.
2026-08-15 15:25:58,273 DEBUG AlphaScanner.Data No data for ticker RPOWER.NS in batch result.
2026-08-15 15:25:58,297 DEBUG AlphaScanner.Data No data for ticker SBFC.NS in batch result.
2026-08-15 15:25:58,297 DEBUG AlphaScanner.Data No data for ticker SBICARD.NS in batch result.
2026-08-15 15:25:58,298 DEBUG AlphaScanner.Data No data for ticker SBILIFE.NS in batch result.
2026-08-15 15:25:58,298 DEBUG AlphaScanner.Data No data for ticker SBIN.NS in batch result.
2026-08-15 15:25:58,301 DEBUG AlphaScanner.Data No data for ticker SCHNEIDER.NS in batch result.
2026-08-15 15:25:58,301 DEBUG AlphaScanner.Data No data for ticker SCI.NS in batch result.
2026-08-15 15:25:58,301 DEBUG AlphaScanner.Data No data for ticker SHREECEM.NS in batch result.
2026-08-15 15:25:58,333 DEBUG AlphaScanner.Data No data for ticker SHRIRAMFIN.NS in batch result.
2026-08-15 15:25:58,350 DEBUG AlphaScanner.Data No data for ticker SHYAMMETL.NS in batch result.
2026-08-15 15:25:58,350 DEBUG AlphaScanner.Data No data for ticker SIEMENS.NS in batch result.
2026-08-15 15:25:58,350 DEBUG AlphaScanner.Data No data for ticker SIGNATURE.NS in batch result.
2026-08-15 15:25:58,354 DEBUG AlphaScanner.Data No data for ticker SOBHA.NS in batch result.
2026-08-15 15:25:58,355 DEBUG AlphaScanner.Data No data for ticker SOLARINDS.NS in batch result.
2026-08-15 15:25:58,355 DEBUG AlphaScanner.Data No data for ticker SONACOMS.NS in batch result.
2026-08-15 15:25:58,355 DEBUG AlphaScanner.Data No data for ticker SUPREMEIND.NS in batch result.
2026-08-15 15:25:58,355 DEBUG AlphaScanner.Data No data for ticker SUZLON.NS in batch result.
2026-08-15 15:25:58,355 DEBUG AlphaScanner.Data No data for ticker SWANCORP.NS in batch result.
2026-08-15 15:25:58,355 DEBUG AlphaScanner.Data No data for ticker SWIGGY.NS in batch result.
2026-08-15 15:25:58,355 DEBUG AlphaScanner.Data No data for ticker SYNGENE.NS in batch result.
2026-08-15 15:25:58,355 DEBUG AlphaScanner.Data No data for ticker SYRMA.NS in batch result.
2026-08-15 15:25:58,355 DEBUG AlphaScanner.Data No data for ticker TARIL.NS in batch result.
2026-08-15 15:25:58,463 DEBUG AlphaScanner.Data No data for ticker TATACHEM.NS in batch result.
2026-08-15 15:25:58,464 DEBUG AlphaScanner.Data No data for ticker TATACOMM.NS in batch result.
2026-08-15 15:25:58,464 DEBUG AlphaScanner.Data No data for ticker TATACONSUM.NS in batch result.
2026-08-15 15:25:58,464 DEBUG AlphaScanner.Data No data for ticker TATAELXSI.NS in batch result.
2026-08-15 15:25:58,477 DEBUG AlphaScanner.Data No data for ticker TATAINVEST.NS in batch result.
2026-08-15 15:25:58,480 DEBUG AlphaScanner.Data No data for ticker TATASTEEL.NS in batch result.
2026-08-15 15:25:58,480 DEBUG AlphaScanner.Data No data for ticker TATATECH.NS in batch result.
2026-08-15 15:25:58,497 DEBUG AlphaScanner.Data No data for ticker TBOTEK.NS in batch result.
2026-08-15 15:25:58,499 DEBUG AlphaScanner.Data No data for ticker TECHM.NS in batch result.
2026-08-15 15:25:58,499 DEBUG AlphaScanner.Data No data for ticker TECHNOE.NS in batch result.
2026-08-15 15:25:58,499 DEBUG AlphaScanner.Data No data for ticker TEGA.NS in batch result.
2026-08-15 15:25:58,499 DEBUG AlphaScanner.Data No data for ticker TEJASNET.NS in batch result.
2026-08-15 15:25:58,499 DEBUG AlphaScanner.Data No data for ticker TENNIND.NS in batch result.
2026-08-15 15:25:58,564 DEBUG AlphaScanner.Data No data for ticker THERMAX.NS in batch result.
2026-08-15 15:25:58,564 DEBUG AlphaScanner.Data No data for ticker TIINDIA.NS in batch result.
2026-08-15 15:25:58,567 DEBUG AlphaScanner.Data No data for ticker TITAGARH.NS in batch result.
2026-08-15 15:25:58,569 DEBUG AlphaScanner.Data No data for ticker TMCV.NS in batch result.
2026-08-15 15:25:58,569 DEBUG AlphaScanner.Data No data for ticker TMPV.NS in batch result.
2026-08-15 15:25:58,570 DEBUG AlphaScanner.Data No data for ticker TORNTPHARM.NS in batch result.
2026-08-15 15:25:58,642 DEBUG AlphaScanner.Data No data for ticker TORNTPOWER.NS in batch result.
2026-08-15 15:25:58,642 DEBUG AlphaScanner.Data No data for ticker TRAVELFOOD.NS in batch result.
2026-08-15 15:25:58,644 DEBUG AlphaScanner.Data No data for ticker TRIDENT.NS in batch result.
2026-08-15 15:25:58,644 DEBUG AlphaScanner.Data No data for ticker TRITURBINE.NS in batch result.
2026-08-15 15:25:58,644 DEBUG AlphaScanner.Data No data for ticker TTML.NS in batch result.
2026-08-15 15:25:59,824 DEBUG AlphaScanner.Data download_history_batch result count=137
2026-08-15 15:25:59,827 INFO AlphaScanner.Engine Batch history download finished in 10.60s for 500 tickers
2026-08-15 15:25:59,827 DEBUG AlphaScanner.Data download_history(ticker=360ONE.NS, period=1y, interval=1d, use_cache=False)
2026-08-15 15:25:59,978 DEBUG AlphaScanner.Data download_history success for 360ONE.NS rows=249 cols=['adj close', 'Close', 'High', 'Low', 'Open', 'Volume']
2026-08-15 15:25:59,980 DEBUG AlphaScanner.Data download_history(ticker=3MINDIA.NS, period=1y, interval=1d, use_cache=False)
2026-08-15 15:26:00,030 DEBUG AlphaScanner.Data download_history success for 3MINDIA.NS rows=248 cols=['adj close', 'Close', 'High', 'Low', 'Open', 'Volume']
2026-08-15 15:26:00,033 DEBUG AlphaScanner.Data download_history(ticker=AARTIIND.NS, period=1y, interval=1d, use_cache=False)
2026-08-15 15:26:00,214 DEBUG AlphaScanner.Data download_history success for AARTIIND.NS rows=250 cols=['adj close', 'Close', 'High', 'Low', 'Open', 'Volume']
2026-08-15 15:26:00,216 DEBUG AlphaScanner.Data download_history(ticker=AAVAS.NS, period=1y, interval=1d, use_cache=False)
2026-08-15 15:26:00,369 DEBUG AlphaScanner.Data download_history success for AAVAS.NS rows=250 cols=['adj close', 'Close', 'High', 'Low', 'Open', 'Volume']
2026-08-15 15:26:00,371 DEBUG AlphaScanner.Data download_history(ticker=ABB.NS, period=1y, interval=1d, use_cache=False)
2026-08-15 15:26:00,550 DEBUG AlphaScanner.Data download_history success for ABB.NS rows=250 cols=['adj close', 'Close', 'High', 'Low', 'Open', 'Volume']
2026-08-15 15:26:00,553 DEBUG AlphaScanner.Data download_history(ticker=ABBOTINDIA.NS, period=1y, interval=1d, use_cache=False)
2026-08-15 15:26:00,725 DEBUG AlphaScanner.Data download_history success for ABBOTINDIA.NS rows=250 cols=['adj close', 'Close', 'High', 'Low', 'Open', 'Volume']
2026-08-15 15:26:00,727 DEBUG AlphaScanner.Data download_history(ticker=ABCAPITAL.NS, period=1y, interval=1d, use_cache=False)
2026-08-15 15:26:00,880 DEBUG AlphaScanner.Data download_history success for ABCAPITAL.NS rows=250 cols=['adj close', 'Close', 'High', 'Low', 'Open', 'Volume']
2026-08-15 15:26:00,882 DEBUG AlphaScanner.Data download_history(ticker=ABDL.NS, period=1y, interval=1d, use_cache=False)
2026-08-15 15:26:01,034 DEBUG AlphaScanner.Data download_history success for ABDL.NS rows=249 cols=['adj close', 'Close', 'High', 'Low', 'Open', 'Volume']
2026-08-15 15:26:01,037 DEBUG AlphaScanner.Data download_history(ticker=ABFRL.NS, period=1y, interval=1d, use_cache=False)
2026-08-15 15:26:01,187 DEBUG AlphaScanner.Data download_history success for ABFRL.NS rows=250 cols=['adj close', 'Close', 'High', 'Low', 'Open', 'Volume']
2026-08-15 15:26:01,190 DEBUG AlphaScanner.Data download_history(ticker=ABLBL.NS, period=1y, interval=1d, use_cache=False)
2026-08-15 15:26:01,349 DEBUG AlphaScanner.Data download_history success for ABLBL.NS rows=250 cols=['adj close', 'Close', 'High', 'Low', 'Open', 'Volume']
2026-08-15 15:26:01,352 DEBUG AlphaScanner.Data download_history(ticker=ABSLAMC.NS, period=1y, interval=1d, use_cache=False)
2026-08-15 15:26:01,500 DEBUG AlphaScanner.Data download_history success for ABSLAMC.NS rows=250 cols=['adj close', 'Close', 'High', 'Low', 'Open', 'Volume']
2026-08-15 15:26:01,503 DEBUG AlphaScanner.Data download_history(ticker=ACC.NS, period=1y, interval=1d, use_cache=False)
2026-08-15 15:26:01,692 DEBUG AlphaScanner.Data download_history success for ACC.NS rows=250 cols=['adj close', 'Close', 'High', 'Low', 'Open', 'Volume']
2026-08-15 15:26:01,694 DEBUG AlphaScanner.Data download_history(ticker=ACE.NS, period=1y, interval=1d, use_cache=False)
2026-08-15 15:26:02,075 DEBUG AlphaScanner.Data download_history success for ACE.NS rows=250 cols=['adj close', 'Close', 'High', 'Low', 'Open', 'Volume']
2026-08-15 15:26:02,077 DEBUG AlphaScanner.Data download_history(ticker=ACMESOLAR.NS, period=1y, interval=1d, use_cache=False)
2026-08-15 15:26:02,223 DEBUG AlphaScanner.Data download_history success for ACMESOLAR.NS rows=250 cols=['adj close', 'Close', 'High', 'Low', 'Open', 'Volume']
2026-08-15 15:26:02,225 DEBUG AlphaScanner.Data download_history(ticker=ACUTAAS.NS, period=1y, interval=1d, use_cache=False)
2026-08-15 15:26:02,372 DEBUG AlphaScanner.Data download_history success for ACUTAAS.NS rows=250 cols=['adj close', 'Close', 'High', 'Low', 'Open', 'Volume']
2026-08-15 15:26:02,374 DEBUG AlphaScanner.Data download_history(ticker=ADANIENSOL.NS, period=1y, interval=1d, use_cache=False)
2026-08-15 15:26:02,684 DEBUG AlphaScanner.Data download_history success for ADANIENSOL.NS rows=250 cols=['adj close', 'Close', 'High', 'Low', 'Open', 'Volume']
2026-08-15 15:26:02,687 DEBUG AlphaScanner.Data download_history(ticker=ADANIENT.NS, period=1y, interval=1d, use_cache=False)
2026-08-15 15:26:02,995 DEBUG AlphaScanner.Data download_history success for ADANIENT.NS rows=250 cols=['adj close', 'Close', 'High', 'Low', 'Open', 'Volume']
2026-08-15 15:26:02,997 DEBUG AlphaScanner.Data download_history(ticker=ADANIGREEN.NS, period=1y, interval=1d, use_cache=False)
2026-08-15 15:26:03,162 DEBUG AlphaScanner.Data download_history success for ADANIGREEN.NS rows=250 cols=['adj close', 'Close', 'High', 'Low', 'Open', 'Volume']
2026-08-15 15:26:03,165 DEBUG AlphaScanner.Data download_history(ticker=ADANIPORTS.NS, period=1y, interval=1d, use_cache=False)
2026-08-15 15:26:03,340 DEBUG AlphaScanner.Data download_history success for ADANIPORTS.NS rows=250 cols=['adj close', 'Close', 'High', 'Low', 'Open', 'Volume']
2026-08-15 15:26:03,342 DEBUG AlphaScanner.Data download_history(ticker=ADANIPOWER.NS, period=1y, interval=1d, use_cache=False)
2026-08-15 15:26:03,496 DEBUG AlphaScanner.Data download_history success for ADANIPOWER.NS rows=250 cols=['adj close', 'Close', 'High', 'Low', 'Open', 'Volume']
2026-08-15 15:26:03,500 DEBUG AlphaScanner.Data download_history(ticker=AEGISVOPAK.NS, period=1y, interval=1d, use_cache=False)
2026-08-15 15:26:03,658 DEBUG AlphaScanner.Data download_history success for AEGISVOPAK.NS rows=250 cols=['adj close', 'Close', 'High', 'Low', 'Open', 'Volume']
2026-08-15 15:26:03,660 DEBUG AlphaScanner.Data download_history(ticker=AFCONS.NS, period=1y, interval=1d, use_cache=False)
2026-08-15 15:26:03,823 DEBUG AlphaScanner.Data download_history success for AFCONS.NS rows=250 cols=['adj close', 'Close', 'High', 'Low', 'Open', 'Volume']
2026-08-15 15:26:03,825 DEBUG AlphaScanner.Data download_history(ticker=AFFLE.NS, period=1y, interval=1d, use_cache=False)
2026-08-15 15:26:03,975 DEBUG AlphaScanner.Data download_history success for AFFLE.NS rows=250 cols=['adj close', 'Close', 'High', 'Low', 'Open', 'Volume']
2026-08-15 15:26:03,977 DEBUG AlphaScanner.Data download_history(ticker=AIAENG.NS, period=1y, interval=1d, use_cache=False)
2026-08-15 15:26:04,156 DEBUG AlphaScanner.Data download_history success for AIAENG.NS rows=248 cols=['adj close', 'Close', 'High', 'Low', 'Open', 'Volume']
2026-08-15 15:26:04,158 DEBUG AlphaScanner.Data download_history(ticker=AIIL.NS, period=1y, interval=1d, use_cache=False)
2026-08-15 15:26:04,322 DEBUG AlphaScanner.Data download_history success for AIIL.NS rows=250 cols=['adj close', 'Close', 'High', 'Low', 'Open', 'Volume']
2026-08-15 15:26:04,324 DEBUG AlphaScanner.Data download_history(ticker=AJANTPHARM.NS, period=1y, interval=1d, use_cache=False)
2026-08-15 15:26:04,520 DEBUG AlphaScanner.Data download_history success for AJANTPHARM.NS rows=249 cols=['adj close', 'Close', 'High', 'Low', 'Open', 'Volume']
2026-08-15 15:26:04,522 DEBUG AlphaScanner.Data download_history(ticker=ALKEM.NS, period=1y, interval=1d, use_cache=False)
2026-08-15 15:26:04,691 DEBUG AlphaScanner.Data download_history success for ALKEM.NS rows=249 cols=['adj close', 'Close', 'High', 'Low', 'Open', 'Volume']
2026-08-15 15:26:04,694 DEBUG AlphaScanner.Data download_history(ticker=AMBUJACEM.NS, period=1y, interval=1d, use_cache=False)
2026-08-15 15:26:04,865 DEBUG AlphaScanner.Data download_history success for AMBUJACEM.NS rows=250 cols=['adj close', 'Close', 'High', 'Low', 'Open', 'Volume']
2026-08-15 15:26:04,875 DEBUG AlphaScanner.Data download_history(ticker=APOLLOTYRE.NS, period=1y, interval=1d, use_cache=False)
2026-08-15 15:26:05,091 DEBUG AlphaScanner.Data download_history success for APOLLOTYRE.NS rows=250 cols=['adj close', 'Close', 'High', 'Low', 'Open', 'Volume']
2026-08-15 15:26:05,093 DEBUG AlphaScanner.Data download_history(ticker=APTUS.NS, period=1y, interval=1d, use_cache=False)
2026-08-15 15:26:05,245 DEBUG AlphaScanner.Data download_history success for APTUS.NS rows=250 cols=['adj close', 'Close', 'High', 'Low', 'Open', 'Volume']
2026-08-15 15:26:05,249 DEBUG AlphaScanner.Data download_history(ticker=ASAHIINDIA.NS, period=1y, interval=1d, use_cache=False)
2026-08-15 15:26:05,442 DEBUG AlphaScanner.Data download_history success for ASAHIINDIA.NS rows=250 cols=['adj close', 'Close', 'High', 'Low', 'Open', 'Volume']
2026-08-15 15:26:05,445 DEBUG AlphaScanner.Data download_history(ticker=ASHOKLEY.NS, period=1y, interval=1d, use_cache=False)
2026-08-15 15:26:05,626 DEBUG AlphaScanner.Data download_history success for ASHOKLEY.NS rows=250 cols=['adj close', 'Close', 'High', 'Low', 'Open', 'Volume']
2026-08-15 15:26:05,629 DEBUG AlphaScanner.Data download_history(ticker=ASIANPAINT.NS, period=1y, interval=1d, use_cache=False)
2026-08-15 15:26:05,784 DEBUG AlphaScanner.Data download_history success for ASIANPAINT.NS rows=250 cols=['adj close', 'Close', 'High', 'Low', 'Open', 'Volume']
2026-08-15 15:26:05,786 DEBUG AlphaScanner.Data download_history(ticker=ASTERDM.NS, period=1y, interval=1d, use_cache=False)
2026-08-15 15:26:05,948 DEBUG AlphaScanner.Data download_history success for ASTERDM.NS rows=250 cols=['adj close', 'Close', 'High', 'Low', 'Open', 'Volume']
2026-08-15 15:26:05,950 DEBUG AlphaScanner.Data download_history(ticker=ASTRAL.NS, period=1y, interval=1d, use_cache=False)
2026-08-15 15:26:06,111 DEBUG AlphaScanner.Data download_history success for ASTRAL.NS rows=250 cols=['adj close', 'Close', 'High', 'Low', 'Open', 'Volume']
2026-08-15 15:26:06,115 DEBUG AlphaScanner.Data download_history(ticker=ATGL.NS, period=1y, interval=1d, use_cache=False)
2026-08-15 15:26:06,284 DEBUG AlphaScanner.Data download_history success for ATGL.NS rows=250 cols=['adj close', 'Close', 'High', 'Low', 'Open', 'Volume']
2026-08-15 15:26:06,287 DEBUG AlphaScanner.Data download_history(ticker=ATHERENERG.NS, period=1y, interval=1d, use_cache=False)
2026-08-15 15:26:06,439 DEBUG AlphaScanner.Data download_history success for ATHERENERG.NS rows=250 cols=['adj close', 'Close', 'High', 'Low', 'Open', 'Volume']
2026-08-15 15:26:06,441 DEBUG AlphaScanner.Data download_history(ticker=ATUL.NS, period=1y, interval=1d, use_cache=False)
2026-08-15 15:26:06,623 DEBUG AlphaScanner.Data download_history success for ATUL.NS rows=250 cols=['adj close', 'Close', 'High', 'Low', 'Open', 'Volume']
2026-08-15 15:26:06,626 DEBUG AlphaScanner.Data download_history(ticker=AUROPHARMA.NS, period=1y, interval=1d, use_cache=False)
2026-08-15 15:26:06,795 DEBUG AlphaScanner.Data download_history success for AUROPHARMA.NS rows=249 cols=['adj close', 'Close', 'High', 'Low', 'Open', 'Volume']
2026-08-15 15:26:06,798 DEBUG AlphaScanner.Data download_history(ticker=AWL.NS, period=1y, interval=1d, use_cache=False)
2026-08-15 15:26:06,953 DEBUG AlphaScanner.Data download_history success for AWL.NS rows=250 cols=['adj close', 'Close', 'High', 'Low', 'Open', 'Volume']
2026-08-15 15:26:06,955 DEBUG AlphaScanner.Data download_history(ticker=AXISBANK.NS, period=1y, interval=1d, use_cache=False)
2026-08-15 15:26:07,138 DEBUG AlphaScanner.Data download_history success for AXISBANK.NS rows=250 cols=['adj close', 'Close', 'High', 'Low', 'Open', 'Volume']
2026-08-15 15:26:07,140 DEBUG AlphaScanner.Data download_history(ticker=BAJAJ-AUTO.NS, period=1y, interval=1d, use_cache=False)
2026-08-15 15:26:07,301 DEBUG AlphaScanner.Data download_history success for BAJAJ-AUTO.NS rows=250 cols=['adj close', 'Close', 'High', 'Low', 'Open', 'Volume']
2026-08-15 15:26:07,303 DEBUG AlphaScanner.Data download_history(ticker=BAJAJFINSV.NS, period=1y, interval=1d, use_cache=False)
2026-08-15 15:26:07,477 DEBUG AlphaScanner.Data download_history success for BAJAJFINSV.NS rows=250 cols=['adj close', 'Close', 'High', 'Low', 'Open', 'Volume']
2026-08-15 15:26:07,479 DEBUG AlphaScanner.Data download_history(ticker=BAJAJHFL.NS, period=1y, interval=1d, use_cache=False)
2026-08-15 15:26:07,622 DEBUG AlphaScanner.Data download_history success for BAJAJHFL.NS rows=250 cols=['adj close', 'Close', 'High', 'Low', 'Open', 'Volume']
2026-08-15 15:26:07,624 DEBUG AlphaScanner.Data download_history(ticker=BAJAJHLDNG.NS, period=1y, interval=1d, use_cache=False)
2026-08-15 15:26:07,825 DEBUG AlphaScanner.Data download_history success for BAJAJHLDNG.NS rows=250 cols=['adj close', 'Close', 'High', 'Low', 'Open', 'Volume']
2026-08-15 15:26:07,827 DEBUG AlphaScanner.Data download_history(ticker=BAJFINANCE.NS, period=1y, interval=1d, use_cache=False)
2026-08-15 15:26:07,981 DEBUG AlphaScanner.Data download_history success for BAJFINANCE.NS rows=250 cols=['adj close', 'Close', 'High', 'Low', 'Open', 'Volume']
2026-08-15 15:26:07,984 DEBUG AlphaScanner.Data download_history(ticker=BALKRISIND.NS, period=1y, interval=1d, use_cache=False)
2026-08-15 15:26:08,138 DEBUG AlphaScanner.Data download_history success for BALKRISIND.NS rows=249 cols=['adj close', 'Close', 'High', 'Low', 'Open', 'Volume']
2026-08-15 15:26:08,141 DEBUG AlphaScanner.Data download_history(ticker=BALRAMCHIN.NS, period=1y, interval=1d, use_cache=False)
2026-08-15 15:26:08,299 DEBUG AlphaScanner.Data download_history success for BALRAMCHIN.NS rows=250 cols=['adj close', 'Close', 'High', 'Low', 'Open', 'Volume']
2026-08-15 15:26:08,301 DEBUG AlphaScanner.Data download_history(ticker=BANKBARODA.NS, period=1y, interval=1d, use_cache=False)
2026-08-15 15:26:08,500 DEBUG AlphaScanner.Data download_history success for BANKBARODA.NS rows=250 cols=['adj close', 'Close', 'High', 'Low', 'Open', 'Volume']
2026-08-15 15:26:08,502 DEBUG AlphaScanner.Data download_history(ticker=BANKINDIA.NS, period=1y, interval=1d, use_cache=False)
2026-08-15 15:26:08,747 DEBUG AlphaScanner.Data download_history success for BANKINDIA.NS rows=250 cols=['adj close', 'Close', 'High', 'Low', 'Open', 'Volume']
2026-08-15 15:26:08,750 DEBUG AlphaScanner.Data download_history(ticker=BATAINDIA.NS, period=1y, interval=1d, use_cache=False)
2026-08-15 15:26:08,939 DEBUG AlphaScanner.Data download_history success for BATAINDIA.NS rows=250 cols=['adj close', 'Close', 'High', 'Low', 'Open', 'Volume']
2026-08-15 15:26:08,941 DEBUG AlphaScanner.Data download_history(ticker=BAYERCROP.NS, period=1y, interval=1d, use_cache=False)
2026-08-15 15:26:09,112 DEBUG AlphaScanner.Data download_history success for BAYERCROP.NS rows=250 cols=['adj close', 'Close', 'High', 'Low', 'Open', 'Volume']
2026-08-15 15:26:09,115 DEBUG AlphaScanner.Data download_history(ticker=BBTC.NS, period=1y, interval=1d, use_cache=False)
2026-08-15 15:26:09,296 DEBUG AlphaScanner.Data download_history success for BBTC.NS rows=250 cols=['adj close', 'Close', 'High', 'Low', 'Open', 'Volume']
2026-08-15 15:26:09,298 DEBUG AlphaScanner.Data download_history(ticker=BDL.NS, period=1y, interval=1d, use_cache=False)
2026-08-15 15:26:09,687 DEBUG AlphaScanner.Data download_history success for BDL.NS rows=250 cols=['adj close', 'Close', 'High', 'Low', 'Open', 'Volume']
2026-08-15 15:26:09,690 DEBUG AlphaScanner.Data download_history(ticker=BELRISE.NS, period=1y, interval=1d, use_cache=False)
2026-08-15 15:26:09,839 DEBUG AlphaScanner.Data download_history success for BELRISE.NS rows=250 cols=['adj close', 'Close', 'High', 'Low', 'Open', 'Volume']
2026-08-15 15:26:09,841 DEBUG AlphaScanner.Data download_history(ticker=BEML.NS, period=1y, interval=1d, use_cache=False)
2026-08-15 15:26:10,032 DEBUG AlphaScanner.Data download_history success for BEML.NS rows=250 cols=['adj close', 'Close', 'High', 'Low', 'Open', 'Volume']
2026-08-15 15:26:10,034 DEBUG AlphaScanner.Data download_history(ticker=BERGEPAINT.NS, period=1y, interval=1d, use_cache=False)
2026-08-15 15:26:10,204 DEBUG AlphaScanner.Data download_history success for BERGEPAINT.NS rows=250 cols=['adj close', 'Close', 'High', 'Low', 'Open', 'Volume']
2026-08-15 15:26:10,207 DEBUG AlphaScanner.Data download_history(ticker=BHARTIARTL.NS, period=1y, interval=1d, use_cache=False)
2026-08-15 15:26:10,367 DEBUG AlphaScanner.Data download_history success for BHARTIARTL.NS rows=250 cols=['adj close', 'Close', 'High', 'Low', 'Open', 'Volume']
2026-08-15 15:26:10,369 DEBUG AlphaScanner.Data download_history(ticker=BHARTIHEXA.NS, period=1y, interval=1d, use_cache=False)
2026-08-15 15:26:10,516 DEBUG AlphaScanner.Data download_history success for BHARTIHEXA.NS rows=250 cols=['adj close', 'Close', 'High', 'Low', 'Open', 'Volume']
2026-08-15 15:26:10,518 DEBUG AlphaScanner.Data download_history(ticker=BHEL.NS, period=1y, interval=1d, use_cache=False)
2026-08-15 15:26:10,711 DEBUG AlphaScanner.Data download_history success for BHEL.NS rows=250 cols=['adj close', 'Close', 'High', 'Low', 'Open', 'Volume']
2026-08-15 15:26:10,714 DEBUG AlphaScanner.Data download_history(ticker=BIKAJI.NS, period=1y, interval=1d, use_cache=False)
2026-08-15 15:26:10,889 DEBUG AlphaScanner.Data download_history success for BIKAJI.NS rows=249 cols=['adj close', 'Close', 'High', 'Low', 'Open', 'Volume']
2026-08-15 15:26:10,891 DEBUG AlphaScanner.Data download_history(ticker=BIOCON.NS, period=1y, interval=1d, use_cache=False)
2026-08-15 15:26:11,070 DEBUG AlphaScanner.Data download_history success for BIOCON.NS rows=250 cols=['adj close', 'Close', 'High', 'Low', 'Open', 'Volume']
2026-08-15 15:26:11,072 DEBUG AlphaScanner.Data download_history(ticker=BLS.NS, period=1y, interval=1d, use_cache=False)
2026-08-15 15:26:11,223 DEBUG AlphaScanner.Data download_history success for BLS.NS rows=250 cols=['adj close', 'Close', 'High', 'Low', 'Open', 'Volume']
2026-08-15 15:26:11,225 DEBUG AlphaScanner.Data download_history(ticker=BLUEDART.NS, period=1y, interval=1d, use_cache=False)
2026-08-15 15:26:11,422 DEBUG AlphaScanner.Data download_history success for BLUEDART.NS rows=250 cols=['adj close', 'Close', 'High', 'Low', 'Open', 'Volume']
2026-08-15 15:26:11,425 DEBUG AlphaScanner.Data download_history(ticker=BLUEJET.NS, period=1y, interval=1d, use_cache=False)
2026-08-15 15:26:11,590 DEBUG AlphaScanner.Data download_history success for BLUEJET.NS rows=250 cols=['adj close', 'Close', 'High', 'Low', 'Open', 'Volume']
2026-08-15 15:26:11,593 DEBUG AlphaScanner.Data download_history(ticker=BOSCHLTD.NS, period=1y, interval=1d, use_cache=False)
2026-08-15 15:26:11,774 DEBUG AlphaScanner.Data download_history success for BOSCHLTD.NS rows=249 cols=['adj close', 'Close', 'High', 'Low', 'Open', 'Volume']
2026-08-15 15:26:11,776 DEBUG AlphaScanner.Data download_history(ticker=BPCL.NS, period=1y, interval=1d, use_cache=False)
2026-08-15 15:26:11,945 DEBUG AlphaScanner.Data download_history success for BPCL.NS rows=250 cols=['adj close', 'Close', 'High', 'Low', 'Open', 'Volume']
2026-08-15 15:26:11,949 DEBUG AlphaScanner.Data download_history(ticker=BRIGADE.NS, period=1y, interval=1d, use_cache=False)
2026-08-15 15:26:12,142 DEBUG AlphaScanner.Data download_history success for BRIGADE.NS rows=250 cols=['adj close', 'Close', 'High', 'Low', 'Open', 'Volume']
2026-08-15 15:26:12,144 DEBUG AlphaScanner.Data download_history(ticker=BRITANNIA.NS, period=1y, interval=1d, use_cache=False)
2026-08-15 15:26:12,492 DEBUG AlphaScanner.Data download_history success for BRITANNIA.NS rows=250 cols=['adj close', 'Close', 'High', 'Low', 'Open', 'Volume']
2026-08-15 15:26:12,494 DEBUG AlphaScanner.Data download_history(ticker=BSE.NS, period=1y, interval=1d, use_cache=False)
2026-08-15 15:26:12,659 DEBUG AlphaScanner.Data download_history success for BSE.NS rows=250 cols=['adj close', 'Close', 'High', 'Low', 'Open', 'Volume']
2026-08-15 15:26:12,661 DEBUG AlphaScanner.Data download_history(ticker=BSOFT.NS, period=1y, interval=1d, use_cache=False)
2026-08-15 15:26:12,936 DEBUG AlphaScanner.Data download_history success for BSOFT.NS rows=250 cols=['adj close', 'Close', 'High', 'Low', 'Open', 'Volume']
2026-08-15 15:26:12,938 DEBUG AlphaScanner.Data download_history(ticker=CAMS.NS, period=1y, interval=1d, use_cache=False)
2026-08-15 15:26:13,097 DEBUG AlphaScanner.Data download_history success for CAMS.NS rows=250 cols=['adj close', 'Close', 'High', 'Low', 'Open', 'Volume']
2026-08-15 15:26:13,101 DEBUG AlphaScanner.Data download_history(ticker=CAPLIPOINT.NS, period=1y, interval=1d, use_cache=False)
2026-08-15 15:26:13,258 DEBUG AlphaScanner.Data download_history success for CAPLIPOINT.NS rows=249 cols=['adj close', 'Close', 'High', 'Low', 'Open', 'Volume']
2026-08-15 15:26:13,260 DEBUG AlphaScanner.Data download_history(ticker=CARBORUNIV.NS, period=1y, interval=1d, use_cache=False)
2026-08-15 15:26:13,411 DEBUG AlphaScanner.Data download_history success for CARBORUNIV.NS rows=249 cols=['adj close', 'Close', 'High', 'Low', 'Open', 'Volume']
2026-08-15 15:26:13,414 DEBUG AlphaScanner.Data download_history(ticker=CARTRADE.NS, period=1y, interval=1d, use_cache=False)
2026-08-15 15:26:13,555 DEBUG AlphaScanner.Data download_history success for CARTRADE.NS rows=250 cols=['adj close', 'Close', 'High', 'Low', 'Open', 'Volume']
2026-08-15 15:26:13,556 DEBUG AlphaScanner.Data download_history(ticker=CASTROLIND.NS, period=1y, interval=1d, use_cache=False)
2026-08-15 15:26:13,873 DEBUG AlphaScanner.Data download_history success for CASTROLIND.NS rows=250 cols=['adj close', 'Close', 'High', 'Low', 'Open', 'Volume']
2026-08-15 15:26:13,878 DEBUG AlphaScanner.Data download_history(ticker=CCL.NS, period=1y, interval=1d, use_cache=False)
2026-08-15 15:26:14,234 DEBUG AlphaScanner.Data download_history success for CCL.NS rows=250 cols=['adj close', 'Close', 'High', 'Low', 'Open', 'Volume']
2026-08-15 15:26:14,236 DEBUG AlphaScanner.Data download_history(ticker=CDSL.NS, period=1y, interval=1d, use_cache=False)
2026-08-15 15:26:14,391 DEBUG AlphaScanner.Data download_history success for CDSL.NS rows=250 cols=['adj close', 'Close', 'High', 'Low', 'Open', 'Volume']
2026-08-15 15:26:14,393 DEBUG AlphaScanner.Data download_history(ticker=CEATLTD.NS, period=1y, interval=1d, use_cache=False)
2026-08-15 15:26:14,532 DEBUG AlphaScanner.Data download_history success for CEATLTD.NS rows=250 cols=['adj close', 'Close', 'High', 'Low', 'Open', 'Volume']
2026-08-15 15:26:14,534 DEBUG AlphaScanner.Data download_history(ticker=CEMPRO.NS, period=1y, interval=1d, use_cache=False)
2026-08-15 15:26:14,702 DEBUG AlphaScanner.Data download_history success for CEMPRO.NS rows=250 cols=['adj close', 'Close', 'High', 'Low', 'Open', 'Volume']
2026-08-15 15:26:14,704 DEBUG AlphaScanner.Data download_history(ticker=CENTRALBK.NS, period=1y, interval=1d, use_cache=False)
2026-08-15 15:26:14,905 DEBUG AlphaScanner.Data download_history success for CENTRALBK.NS rows=250 cols=['adj close', 'Close', 'High', 'Low', 'Open', 'Volume']
2026-08-15 15:26:14,908 DEBUG AlphaScanner.Data download_history(ticker=CGCL.NS, period=1y, interval=1d, use_cache=False)
2026-08-15 15:26:15,082 DEBUG AlphaScanner.Data download_history success for CGCL.NS rows=250 cols=['adj close', 'Close', 'High', 'Low', 'Open', 'Volume']
2026-08-15 15:26:15,085 DEBUG AlphaScanner.Data download_history(ticker=CGPOWER.NS, period=1y, interval=1d, use_cache=False)
2026-08-15 15:26:15,258 DEBUG AlphaScanner.Data download_history success for CGPOWER.NS rows=250 cols=['adj close', 'Close', 'High', 'Low', 'Open', 'Volume']
2026-08-15 15:26:15,260 DEBUG AlphaScanner.Data download_history(ticker=CHALET.NS, period=1y, interval=1d, use_cache=False)
2026-08-15 15:26:15,554 DEBUG AlphaScanner.Data download_history success for CHALET.NS rows=250 cols=['adj close', 'Close', 'High', 'Low', 'Open', 'Volume']
2026-08-15 15:26:15,556 DEBUG AlphaScanner.Data download_history(ticker=CHAMBLFERT.NS, period=1y, interval=1d, use_cache=False)
2026-08-15 15:26:15,730 DEBUG AlphaScanner.Data download_history success for CHAMBLFERT.NS rows=250 cols=['adj close', 'Close', 'High', 'Low', 'Open', 'Volume']
2026-08-15 15:26:15,732 DEBUG AlphaScanner.Data download_history(ticker=CHENNPETRO.NS, period=1y, interval=1d, use_cache=False)
2026-08-15 15:26:15,931 DEBUG AlphaScanner.Data download_history success for CHENNPETRO.NS rows=250 cols=['adj close', 'Close', 'High', 'Low', 'Open', 'Volume']
2026-08-15 15:26:15,934 DEBUG AlphaScanner.Data download_history(ticker=CHOICEIN.NS, period=1y, interval=1d, use_cache=False)
2026-08-15 15:26:16,088 DEBUG AlphaScanner.Data download_history success for CHOICEIN.NS rows=249 cols=['adj close', 'Close', 'High', 'Low', 'Open', 'Volume']
2026-08-15 15:26:16,091 DEBUG AlphaScanner.Data download_history(ticker=CHOLAFIN.NS, period=1y, interval=1d, use_cache=False)
2026-08-15 15:26:16,290 DEBUG AlphaScanner.Data download_history success for CHOLAFIN.NS rows=250 cols=['adj close', 'Close', 'High', 'Low', 'Open', 'Volume']
2026-08-15 15:26:16,293 DEBUG AlphaScanner.Data download_history(ticker=CIEINDIA.NS, period=1y, interval=1d, use_cache=False)
2026-08-15 15:26:16,562 DEBUG AlphaScanner.Data download_history success for CIEINDIA.NS rows=248 cols=['adj close', 'Close', 'High', 'Low', 'Open', 'Volume']
2026-08-15 15:26:16,565 DEBUG AlphaScanner.Data download_history(ticker=CLEAN.NS, period=1y, interval=1d, use_cache=False)
2026-08-15 15:26:16,715 DEBUG AlphaScanner.Data download_history success for CLEAN.NS rows=250 cols=['adj close', 'Close', 'High', 'Low', 'Open', 'Volume']
2026-08-15 15:26:16,717 DEBUG AlphaScanner.Data download_history(ticker=COALINDIA.NS, period=1y, interval=1d, use_cache=False)
2026-08-15 15:26:16,905 DEBUG AlphaScanner.Data download_history success for COALINDIA.NS rows=250 cols=['adj close', 'Close', 'High', 'Low', 'Open', 'Volume']
2026-08-15 15:26:16,912 DEBUG AlphaScanner.Data download_history(ticker=CONCORDBIO.NS, period=1y, interval=1d, use_cache=False)
2026-08-15 15:26:17,062 DEBUG AlphaScanner.Data download_history success for CONCORDBIO.NS rows=250 cols=['adj close', 'Close', 'High', 'Low', 'Open', 'Volume']
2026-08-15 15:26:17,064 DEBUG AlphaScanner.Data download_history(ticker=COROMANDEL.NS, period=1y, interval=1d, use_cache=False)
2026-08-15 15:26:17,434 DEBUG AlphaScanner.Data download_history success for COROMANDEL.NS rows=250 cols=['adj close', 'Close', 'High', 'Low', 'Open', 'Volume']
2026-08-15 15:26:17,443 DEBUG AlphaScanner.Data download_history(ticker=CUMMINSIND.NS, period=1y, interval=1d, use_cache=False)
2026-08-15 15:26:17,844 DEBUG AlphaScanner.Data download_history success for CUMMINSIND.NS rows=250 cols=['adj close', 'Close', 'High', 'Low', 'Open', 'Volume']
2026-08-15 15:26:17,846 DEBUG AlphaScanner.Data download_history(ticker=CYIENT.NS, period=1y, interval=1d, use_cache=False)
2026-08-15 15:26:18,016 DEBUG AlphaScanner.Data download_history success for CYIENT.NS rows=250 cols=['adj close', 'Close', 'High', 'Low', 'Open', 'Volume']
2026-08-15 15:26:18,018 DEBUG AlphaScanner.Data download_history(ticker=DABUR.NS, period=1y, interval=1d, use_cache=False)
2026-08-15 15:26:18,176 DEBUG AlphaScanner.Data download_history success for DABUR.NS rows=250 cols=['adj close', 'Close', 'High', 'Low', 'Open', 'Volume']
2026-08-15 15:26:18,178 DEBUG AlphaScanner.Data download_history(ticker=DALBHARAT.NS, period=1y, interval=1d, use_cache=False)
2026-08-15 15:26:18,339 DEBUG AlphaScanner.Data download_history success for DALBHARAT.NS rows=249 cols=['adj close', 'Close', 'High', 'Low', 'Open', 'Volume']
2026-08-15 15:26:18,341 DEBUG AlphaScanner.Data download_history(ticker=DATAPATTNS.NS, period=1y, interval=1d, use_cache=False)
2026-08-15 15:26:18,504 DEBUG AlphaScanner.Data download_history success for DATAPATTNS.NS rows=250 cols=['adj close', 'Close', 'High', 'Low', 'Open', 'Volume']
2026-08-15 15:26:18,506 DEBUG AlphaScanner.Data download_history(ticker=DCMSHRIRAM.NS, period=1y, interval=1d, use_cache=False)
2026-08-15 15:26:18,667 DEBUG AlphaScanner.Data download_history success for DCMSHRIRAM.NS rows=249 cols=['adj close', 'Close', 'High', 'Low', 'Open', 'Volume']
2026-08-15 15:26:18,670 DEBUG AlphaScanner.Data download_history(ticker=DEEPAKNTR.NS, period=1y, interval=1d, use_cache=False)
2026-08-15 15:26:18,830 DEBUG AlphaScanner.Data download_history success for DEEPAKNTR.NS rows=249 cols=['adj close', 'Close', 'High', 'Low', 'Open', 'Volume']
2026-08-15 15:26:18,832 DEBUG AlphaScanner.Data download_history(ticker=DELHIVERY.NS, period=1y, interval=1d, use_cache=False)
2026-08-15 15:26:18,996 DEBUG AlphaScanner.Data download_history success for DELHIVERY.NS rows=250 cols=['adj close', 'Close', 'High', 'Low', 'Open', 'Volume']
2026-08-15 15:26:19,001 DEBUG AlphaScanner.Data download_history(ticker=DIVISLAB.NS, period=1y, interval=1d, use_cache=False)
2026-08-15 15:26:19,173 DEBUG AlphaScanner.Data download_history success for DIVISLAB.NS rows=249 cols=['adj close', 'Close', 'High', 'Low', 'Open', 'Volume']
2026-08-15 15:26:19,175 DEBUG AlphaScanner.Data download_history(ticker=DIXON.NS, period=1y, interval=1d, use_cache=False)
2026-08-15 15:26:19,484 DEBUG AlphaScanner.Data download_history success for DIXON.NS rows=250 cols=['adj close', 'Close', 'High', 'Low', 'Open', 'Volume']
2026-08-15 15:26:19,486 DEBUG AlphaScanner.Data download_history(ticker=DLF.NS, period=1y, interval=1d, use_cache=False)
2026-08-15 15:26:19,672 DEBUG AlphaScanner.Data download_history success for DLF.NS rows=250 cols=['adj close', 'Close', 'High', 'Low', 'Open', 'Volume']
2026-08-15 15:26:19,674 DEBUG AlphaScanner.Data download_history(ticker=DMART.NS, period=1y, interval=1d, use_cache=False)
2026-08-15 15:26:19,823 DEBUG AlphaScanner.Data download_history success for DMART.NS rows=250 cols=['adj close', 'Close', 'High', 'Low', 'Open', 'Volume']
2026-08-15 15:26:19,825 DEBUG AlphaScanner.Data download_history(ticker=DOMS.NS, period=1y, interval=1d, use_cache=False)
2026-08-15 15:26:20,193 DEBUG AlphaScanner.Data download_history success for DOMS.NS rows=249 cols=['adj close', 'Close', 'High', 'Low', 'Open', 'Volume']
2026-08-15 15:26:20,196 DEBUG AlphaScanner.Data download_history(ticker=DRREDDY.NS, period=1y, interval=1d, use_cache=False)
2026-08-15 15:26:20,367 DEBUG AlphaScanner.Data download_history success for DRREDDY.NS rows=250 cols=['adj close', 'Close', 'High', 'Low', 'Open', 'Volume']
2026-08-15 15:26:20,370 DEBUG AlphaScanner.Data download_history(ticker=ECLERX.NS, period=1y, interval=1d, use_cache=False)
2026-08-15 15:26:20,536 DEBUG AlphaScanner.Data download_history success for ECLERX.NS rows=250 cols=['adj close', 'Close', 'High', 'Low', 'Open', 'Volume']
2026-08-15 15:26:20,537 DEBUG AlphaScanner.Data download_history(ticker=EICHERMOT.NS, period=1y, interval=1d, use_cache=False)
2026-08-15 15:26:20,919 DEBUG AlphaScanner.Data download_history success for EICHERMOT.NS rows=250 cols=['adj close', 'Close', 'High', 'Low', 'Open', 'Volume']
2026-08-15 15:26:20,921 DEBUG AlphaScanner.Data download_history(ticker=EIDPARRY.NS, period=1y, interval=1d, use_cache=False)
2026-08-15 15:26:21,088 DEBUG AlphaScanner.Data download_history success for EIDPARRY.NS rows=249 cols=['adj close', 'Close', 'High', 'Low', 'Open', 'Volume']
2026-08-15 15:26:21,091 DEBUG AlphaScanner.Data download_history(ticker=EIHOTEL.NS, period=1y, interval=1d, use_cache=False)
2026-08-15 15:26:21,297 DEBUG AlphaScanner.Data download_history success for EIHOTEL.NS rows=250 cols=['adj close', 'Close', 'High', 'Low', 'Open', 'Volume']
2026-08-15 15:26:21,300 DEBUG AlphaScanner.Data download_history(ticker=ELGIEQUIP.NS, period=1y, interval=1d, use_cache=False)
2026-08-15 15:26:21,632 DEBUG AlphaScanner.Data download_history success for ELGIEQUIP.NS rows=250 cols=['adj close', 'Close', 'High', 'Low', 'Open', 'Volume']
2026-08-15 15:26:21,635 DEBUG AlphaScanner.Data download_history(ticker=EMAMILTD.NS, period=1y, interval=1d, use_cache=False)
2026-08-15 15:26:21,939 DEBUG AlphaScanner.Data download_history success for EMAMILTD.NS rows=250 cols=['adj close', 'Close', 'High', 'Low', 'Open', 'Volume']
2026-08-15 15:26:21,941 DEBUG AlphaScanner.Data download_history(ticker=EMCURE.NS, period=1y, interval=1d, use_cache=False)
2026-08-15 15:26:22,103 DEBUG AlphaScanner.Data download_history success for EMCURE.NS rows=250 cols=['adj close', 'Close', 'High', 'Low', 'Open', 'Volume']
2026-08-15 15:26:22,105 DEBUG AlphaScanner.Data download_history(ticker=EMMVEE.NS, period=1y, interval=1d, use_cache=False)
2026-08-15 15:26:22,248 DEBUG AlphaScanner.Data download_history success for EMMVEE.NS rows=187 cols=['adj close', 'Close', 'High', 'Low', 'Open', 'Volume']
2026-08-15 15:26:22,251 DEBUG AlphaScanner.Data download_history(ticker=ENDURANCE.NS, period=1y, interval=1d, use_cache=False)
2026-08-15 15:26:22,405 DEBUG AlphaScanner.Data download_history success for ENDURANCE.NS rows=250 cols=['adj close', 'Close', 'High', 'Low', 'Open', 'Volume']
2026-08-15 15:26:22,407 DEBUG AlphaScanner.Data download_history(ticker=ENGINERSIN.NS, period=1y, interval=1d, use_cache=False)
2026-08-15 15:26:22,568 DEBUG AlphaScanner.Data download_history success for ENGINERSIN.NS rows=250 cols=['adj close', 'Close', 'High', 'Low', 'Open', 'Volume']
2026-08-15 15:26:22,571 DEBUG AlphaScanner.Data download_history(ticker=ERIS.NS, period=1y, interval=1d, use_cache=False)
2026-08-15 15:26:23,068 DEBUG AlphaScanner.Data download_history success for ERIS.NS rows=248 cols=['adj close', 'Close', 'High', 'Low', 'Open', 'Volume']
2026-08-15 15:26:23,070 DEBUG AlphaScanner.Data download_history(ticker=ESCORTS.NS, period=1y, interval=1d, use_cache=False)
2026-08-15 15:26:23,370 DEBUG AlphaScanner.Data download_history success for ESCORTS.NS rows=250 cols=['adj close', 'Close', 'High', 'Low', 'Open', 'Volume']
2026-08-15 15:26:23,372 DEBUG AlphaScanner.Data download_history(ticker=ETERNAL.NS, period=1y, interval=1d, use_cache=False)
2026-08-15 15:26:23,515 DEBUG AlphaScanner.Data download_history success for ETERNAL.NS rows=250 cols=['adj close', 'Close', 'High', 'Low', 'Open', 'Volume']
2026-08-15 15:26:23,517 DEBUG AlphaScanner.Data download_history(ticker=EXIDEIND.NS, period=1y, interval=1d, use_cache=False)
2026-08-15 15:26:23,696 DEBUG AlphaScanner.Data download_history success for EXIDEIND.NS rows=250 cols=['adj close', 'Close', 'High', 'Low', 'Open', 'Volume']
2026-08-15 15:26:23,701 DEBUG AlphaScanner.Data download_history(ticker=FINCABLES.NS, period=1y, interval=1d, use_cache=False)
2026-08-15 15:26:23,874 DEBUG AlphaScanner.Data download_history success for FINCABLES.NS rows=250 cols=['adj close', 'Close', 'High', 'Low', 'Open', 'Volume']
2026-08-15 15:26:23,876 DEBUG AlphaScanner.Data download_history(ticker=FIRSTCRY.NS, period=1y, interval=1d, use_cache=False)
2026-08-15 15:26:24,019 DEBUG AlphaScanner.Data download_history success for FIRSTCRY.NS rows=250 cols=['adj close', 'Close', 'High', 'Low', 'Open', 'Volume']
2026-08-15 15:26:24,023 DEBUG AlphaScanner.Data download_history(ticker=FLUOROCHEM.NS, period=1y, interval=1d, use_cache=False)
2026-08-15 15:26:24,189 DEBUG AlphaScanner.Data download_history success for FLUOROCHEM.NS rows=250 cols=['adj close', 'Close', 'High', 'Low', 'Open', 'Volume']
2026-08-15 15:26:24,191 DEBUG AlphaScanner.Data download_history(ticker=FORCEMOT.NS, period=1y, interval=1d, use_cache=False)
2026-08-15 15:26:24,354 DEBUG AlphaScanner.Data download_history success for FORCEMOT.NS rows=250 cols=['adj close', 'Close', 'High', 'Low', 'Open', 'Volume']
2026-08-15 15:26:24,356 DEBUG AlphaScanner.Data download_history(ticker=FORTIS.NS, period=1y, interval=1d, use_cache=False)
2026-08-15 15:26:24,502 DEBUG AlphaScanner.Data download_history success for FORTIS.NS rows=250 cols=['adj close', 'Close', 'High', 'Low', 'Open', 'Volume']
2026-08-15 15:26:24,504 DEBUG AlphaScanner.Data download_history(ticker=FSL.NS, period=1y, interval=1d, use_cache=False)
2026-08-15 15:26:24,783 DEBUG AlphaScanner.Data download_history success for FSL.NS rows=250 cols=['adj close', 'Close', 'High', 'Low', 'Open', 'Volume']
2026-08-15 15:26:24,786 DEBUG AlphaScanner.Data download_history(ticker=GAIL.NS, period=1y, interval=1d, use_cache=False)
2026-08-15 15:26:24,958 DEBUG AlphaScanner.Data download_history success for GAIL.NS rows=250 cols=['adj close', 'Close', 'High', 'Low', 'Open', 'Volume']
2026-08-15 15:26:24,961 DEBUG AlphaScanner.Data download_history(ticker=GALLANTT.NS, period=1y, interval=1d, use_cache=False)
2026-08-15 15:26:25,140 DEBUG AlphaScanner.Data download_history success for GALLANTT.NS rows=249 cols=['adj close', 'Close', 'High', 'Low', 'Open', 'Volume']
2026-08-15 15:26:25,143 DEBUG AlphaScanner.Data download_history(ticker=GESHIP.NS, period=1y, interval=1d, use_cache=False)
2026-08-15 15:26:25,337 DEBUG AlphaScanner.Data download_history success for GESHIP.NS rows=250 cols=['adj close', 'Close', 'High', 'Low', 'Open', 'Volume']
2026-08-15 15:26:25,340 DEBUG AlphaScanner.Data download_history(ticker=GICRE.NS, period=1y, interval=1d, use_cache=False)
2026-08-15 15:26:25,526 DEBUG AlphaScanner.Data download_history success for GICRE.NS rows=250 cols=['adj close', 'Close', 'High', 'Low', 'Open', 'Volume']
2026-08-15 15:26:25,529 DEBUG AlphaScanner.Data download_history(ticker=GILLETTE.NS, period=1y, interval=1d, use_cache=False)
2026-08-15 15:26:25,706 DEBUG AlphaScanner.Data download_history success for GILLETTE.NS rows=250 cols=['adj close', 'Close', 'High', 'Low', 'Open', 'Volume']
2026-08-15 15:26:25,708 DEBUG AlphaScanner.Data download_history(ticker=GLAND.NS, period=1y, interval=1d, use_cache=False)
2026-08-15 15:26:25,864 DEBUG AlphaScanner.Data download_history success for GLAND.NS rows=249 cols=['adj close', 'Close', 'High', 'Low', 'Open', 'Volume']
2026-08-15 15:26:25,866 DEBUG AlphaScanner.Data download_history(ticker=GLAXO.NS, period=1y, interval=1d, use_cache=False)
2026-08-15 15:26:26,047 DEBUG AlphaScanner.Data download_history success for GLAXO.NS rows=250 cols=['adj close', 'Close', 'High', 'Low', 'Open', 'Volume']
2026-08-15 15:26:26,049 DEBUG AlphaScanner.Data download_history(ticker=GLENMARK.NS, period=1y, interval=1d, use_cache=False)
2026-08-15 15:26:26,236 DEBUG AlphaScanner.Data download_history success for GLENMARK.NS rows=250 cols=['adj close', 'Close', 'High', 'Low', 'Open', 'Volume']
2026-08-15 15:26:26,238 DEBUG AlphaScanner.Data download_history(ticker=GMDCLTD.NS, period=1y, interval=1d, use_cache=False)
2026-08-15 15:26:26,476 DEBUG AlphaScanner.Data download_history success for GMDCLTD.NS rows=250 cols=['adj close', 'Close', 'High', 'Low', 'Open', 'Volume']
2026-08-15 15:26:26,478 DEBUG AlphaScanner.Data download_history(ticker=GODFRYPHLP.NS, period=1y, interval=1d, use_cache=False)
2026-08-15 15:26:26,755 DEBUG AlphaScanner.Data download_history success for GODFRYPHLP.NS rows=250 cols=['adj close', 'Close', 'High', 'Low', 'Open', 'Volume']
2026-08-15 15:26:26,757 DEBUG AlphaScanner.Data download_history(ticker=GODIGIT.NS, period=1y, interval=1d, use_cache=False)
2026-08-15 15:26:26,914 DEBUG AlphaScanner.Data download_history success for GODIGIT.NS rows=249 cols=['adj close', 'Close', 'High', 'Low', 'Open', 'Volume']
2026-08-15 15:26:26,916 DEBUG AlphaScanner.Data download_history(ticker=GODREJCP.NS, period=1y, interval=1d, use_cache=False)
2026-08-15 15:26:27,269 DEBUG AlphaScanner.Data download_history success for GODREJCP.NS rows=250 cols=['adj close', 'Close', 'High', 'Low', 'Open', 'Volume']
2026-08-15 15:26:27,272 DEBUG AlphaScanner.Data download_history(ticker=GODREJIND.NS, period=1y, interval=1d, use_cache=False)
2026-08-15 15:26:27,454 DEBUG AlphaScanner.Data download_history success for GODREJIND.NS rows=250 cols=['adj close', 'Close', 'High', 'Low', 'Open', 'Volume']
2026-08-15 15:26:27,456 DEBUG AlphaScanner.Data download_history(ticker=GODREJPROP.NS, period=1y, interval=1d, use_cache=False)
2026-08-15 15:26:27,620 DEBUG AlphaScanner.Data download_history success for GODREJPROP.NS rows=250 cols=['adj close', 'Close', 'High', 'Low', 'Open', 'Volume']
2026-08-15 15:26:27,622 DEBUG AlphaScanner.Data download_history(ticker=GPIL.NS, period=1y, interval=1d, use_cache=False)
2026-08-15 15:26:27,789 DEBUG AlphaScanner.Data download_history success for GPIL.NS rows=250 cols=['adj close', 'Close', 'High', 'Low', 'Open', 'Volume']
2026-08-15 15:26:27,792 DEBUG AlphaScanner.Data download_history(ticker=GRANULES.NS, period=1y, interval=1d, use_cache=False)
2026-08-15 15:26:27,971 DEBUG AlphaScanner.Data download_history success for GRANULES.NS rows=249 cols=['adj close', 'Close', 'High', 'Low', 'Open', 'Volume']
2026-08-15 15:26:27,975 DEBUG AlphaScanner.Data download_history(ticker=GRASIM.NS, period=1y, interval=1d, use_cache=False)
2026-08-15 15:26:28,149 DEBUG AlphaScanner.Data download_history success for GRASIM.NS rows=250 cols=['adj close', 'Close', 'High', 'Low', 'Open', 'Volume']
2026-08-15 15:26:28,151 DEBUG AlphaScanner.Data download_history(ticker=GRAVITA.NS, period=1y, interval=1d, use_cache=False)
2026-08-15 15:26:28,319 DEBUG AlphaScanner.Data download_history success for GRAVITA.NS rows=250 cols=['adj close', 'Close', 'High', 'Low', 'Open', 'Volume']
2026-08-15 15:26:28,321 DEBUG AlphaScanner.Data download_history(ticker=GROWW.NS, period=1y, interval=1d, use_cache=False)
2026-08-15 15:26:28,592 DEBUG AlphaScanner.Data download_history success for GROWW.NS rows=191 cols=['adj close', 'Close', 'High', 'Low', 'Open', 'Volume']
2026-08-15 15:26:28,594 DEBUG AlphaScanner.Data download_history(ticker=GRSE.NS, period=1y, interval=1d, use_cache=False)
2026-08-15 15:26:28,750 DEBUG AlphaScanner.Data download_history success for GRSE.NS rows=250 cols=['adj close', 'Close', 'High', 'Low', 'Open', 'Volume']
2026-08-15 15:26:28,752 DEBUG AlphaScanner.Data download_history(ticker=GVT&D.NS, period=1y, interval=1d, use_cache=False)
2026-08-15 15:26:28,928 DEBUG AlphaScanner.Data download_history success for GVT&D.NS rows=250 cols=['adj close', 'Close', 'High', 'Low', 'Open', 'Volume']
2026-08-15 15:26:28,930 DEBUG AlphaScanner.Data download_history(ticker=HAL.NS, period=1y, interval=1d, use_cache=False)
2026-08-15 15:26:29,094 DEBUG AlphaScanner.Data download_history success for HAL.NS rows=250 cols=['adj close', 'Close', 'High', 'Low', 'Open', 'Volume']
2026-08-15 15:26:29,097 DEBUG AlphaScanner.Data download_history(ticker=HBLENGINE.NS, period=1y, interval=1d, use_cache=False)
2026-08-15 15:26:29,418 DEBUG AlphaScanner.Data download_history success for HBLENGINE.NS rows=250 cols=['adj close', 'Close', 'High', 'Low', 'Open', 'Volume']
2026-08-15 15:26:29,420 DEBUG AlphaScanner.Data download_history(ticker=HCLTECH.NS, period=1y, interval=1d, use_cache=False)
2026-08-15 15:26:29,594 DEBUG AlphaScanner.Data download_history success for HCLTECH.NS rows=250 cols=['adj close', 'Close', 'High', 'Low', 'Open', 'Volume']
2026-08-15 15:26:29,596 DEBUG AlphaScanner.Data download_history(ticker=HDBFS.NS, period=1y, interval=1d, use_cache=False)
2026-08-15 15:26:29,760 DEBUG AlphaScanner.Data download_history success for HDBFS.NS rows=250 cols=['adj close', 'Close', 'High', 'Low', 'Open', 'Volume']
2026-08-15 15:26:29,763 DEBUG AlphaScanner.Data download_history(ticker=HDFCAMC.NS, period=1y, interval=1d, use_cache=False)
2026-08-15 15:26:29,922 DEBUG AlphaScanner.Data download_history success for HDFCAMC.NS rows=250 cols=['adj close', 'Close', 'High', 'Low', 'Open', 'Volume']
2026-08-15 15:26:29,925 DEBUG AlphaScanner.Data download_history(ticker=HDFCBANK.NS, period=1y, interval=1d, use_cache=False)
2026-08-15 15:26:30,109 DEBUG AlphaScanner.Data download_history success for HDFCBANK.NS rows=250 cols=['adj close', 'Close', 'High', 'Low', 'Open', 'Volume']
2026-08-15 15:26:30,111 DEBUG AlphaScanner.Data download_history(ticker=HDFCLIFE.NS, period=1y, interval=1d, use_cache=False)
2026-08-15 15:26:30,287 DEBUG AlphaScanner.Data download_history success for HDFCLIFE.NS rows=250 cols=['adj close', 'Close', 'High', 'Low', 'Open', 'Volume']
2026-08-15 15:26:30,289 DEBUG AlphaScanner.Data download_history(ticker=HEG.NS, period=1y, interval=1d, use_cache=False)
2026-08-15 15:26:30,473 DEBUG AlphaScanner.Data download_history success for HEG.NS rows=250 cols=['adj close', 'Close', 'High', 'Low', 'Open', 'Volume']
2026-08-15 15:26:30,476 DEBUG AlphaScanner.Data download_history(ticker=HEROMOTOCO.NS, period=1y, interval=1d, use_cache=False)
2026-08-15 15:26:30,839 DEBUG AlphaScanner.Data download_history success for HEROMOTOCO.NS rows=250 cols=['adj close', 'Close', 'High', 'Low', 'Open', 'Volume']
2026-08-15 15:26:30,843 DEBUG AlphaScanner.Data download_history(ticker=HEXT.NS, period=1y, interval=1d, use_cache=False)
2026-08-15 15:26:30,985 DEBUG AlphaScanner.Data download_history success for HEXT.NS rows=249 cols=['adj close', 'Close', 'High', 'Low', 'Open', 'Volume']
2026-08-15 15:26:30,987 DEBUG AlphaScanner.Data download_history(ticker=HFCL.NS, period=1y, interval=1d, use_cache=False)
2026-08-15 15:26:31,156 DEBUG AlphaScanner.Data download_history success for HFCL.NS rows=250 cols=['adj close', 'Close', 'High', 'Low', 'Open', 'Volume']
2026-08-15 15:26:31,161 DEBUG AlphaScanner.Data download_history(ticker=HINDCOPPER.NS, period=1y, interval=1d, use_cache=False)
2026-08-15 15:26:31,360 DEBUG AlphaScanner.Data download_history success for HINDCOPPER.NS rows=250 cols=['adj close', 'Close', 'High', 'Low', 'Open', 'Volume']
2026-08-15 15:26:31,363 DEBUG AlphaScanner.Data download_history(ticker=HINDPETRO.NS, period=1y, interval=1d, use_cache=False)
2026-08-15 15:26:31,537 DEBUG AlphaScanner.Data download_history success for HINDPETRO.NS rows=250 cols=['adj close', 'Close', 'High', 'Low', 'Open', 'Volume']
2026-08-15 15:26:31,538 DEBUG AlphaScanner.Data download_history(ticker=HINDUNILVR.NS, period=1y, interval=1d, use_cache=False)
2026-08-15 15:26:31,727 DEBUG AlphaScanner.Data download_history success for HINDUNILVR.NS rows=250 cols=['adj close', 'Close', 'High', 'Low', 'Open', 'Volume']
2026-08-15 15:26:31,729 DEBUG AlphaScanner.Data download_history(ticker=HINDZINC.NS, period=1y, interval=1d, use_cache=False)
2026-08-15 15:26:32,082 DEBUG AlphaScanner.Data download_history success for HINDZINC.NS rows=250 cols=['adj close', 'Close', 'High', 'Low', 'Open', 'Volume']
2026-08-15 15:26:32,084 DEBUG AlphaScanner.Data download_history(ticker=HOMEFIRST.NS, period=1y, interval=1d, use_cache=False)
2026-08-15 15:26:32,252 DEBUG AlphaScanner.Data download_history success for HOMEFIRST.NS rows=249 cols=['adj close', 'Close', 'High', 'Low', 'Open', 'Volume']
2026-08-15 15:26:32,254 DEBUG AlphaScanner.Data download_history(ticker=HONASA.NS, period=1y, interval=1d, use_cache=False)
2026-08-15 15:26:32,408 DEBUG AlphaScanner.Data download_history success for HONASA.NS rows=249 cols=['adj close', 'Close', 'High', 'Low', 'Open', 'Volume']
2026-08-15 15:26:32,411 DEBUG AlphaScanner.Data download_history(ticker=HONAUT.NS, period=1y, interval=1d, use_cache=False)
2026-08-15 15:26:32,575 DEBUG AlphaScanner.Data download_history success for HONAUT.NS rows=248 cols=['adj close', 'Close', 'High', 'Low', 'Open', 'Volume']
2026-08-15 15:26:32,579 DEBUG AlphaScanner.Data download_history(ticker=HUDCO.NS, period=1y, interval=1d, use_cache=False)
2026-08-15 15:26:32,745 DEBUG AlphaScanner.Data download_history success for HUDCO.NS rows=250 cols=['adj close', 'Close', 'High', 'Low', 'Open', 'Volume']
2026-08-15 15:26:32,747 DEBUG AlphaScanner.Data download_history(ticker=HYUNDAI.NS, period=1y, interval=1d, use_cache=False)
2026-08-15 15:26:32,898 DEBUG AlphaScanner.Data download_history success for HYUNDAI.NS rows=250 cols=['adj close', 'Close', 'High', 'Low', 'Open', 'Volume']
2026-08-15 15:26:32,900 DEBUG AlphaScanner.Data download_history(ticker=ICICIAMC.NS, period=1y, interval=1d, use_cache=False)
2026-08-15 15:26:33,083 DEBUG AlphaScanner.Data download_history success for ICICIAMC.NS rows=164 cols=['adj close', 'Close', 'High', 'Low', 'Open', 'Volume']
2026-08-15 15:26:33,085 DEBUG AlphaScanner.Data download_history(ticker=ICICIBANK.NS, period=1y, interval=1d, use_cache=False)
2026-08-15 15:26:33,252 DEBUG AlphaScanner.Data download_history success for ICICIBANK.NS rows=250 cols=['adj close', 'Close', 'High', 'Low', 'Open', 'Volume']
2026-08-15 15:26:33,255 DEBUG AlphaScanner.Data download_history(ticker=ICICIGI.NS, period=1y, interval=1d, use_cache=False)
2026-08-15 15:26:33,415 DEBUG AlphaScanner.Data download_history success for ICICIGI.NS rows=250 cols=['adj close', 'Close', 'High', 'Low', 'Open', 'Volume']
2026-08-15 15:26:33,417 DEBUG AlphaScanner.Data download_history(ticker=ICICIPRULI.NS, period=1y, interval=1d, use_cache=False)
2026-08-15 15:26:33,541 DEBUG AlphaScanner.Data download_history success for ICICIPRULI.NS rows=250 cols=['adj close', 'Close', 'High', 'Low', 'Open', 'Volume']
2026-08-15 15:26:33,543 DEBUG AlphaScanner.Data download_history(ticker=IDEA.NS, period=1y, interval=1d, use_cache=False)
2026-08-15 15:26:33,670 DEBUG AlphaScanner.Data download_history success for IDEA.NS rows=250 cols=['adj close', 'Close', 'High', 'Low', 'Open', 'Volume']
2026-08-15 15:26:33,674 DEBUG AlphaScanner.Data download_history(ticker=IDFCFIRSTB.NS, period=1y, interval=1d, use_cache=False)
2026-08-15 15:26:33,843 DEBUG AlphaScanner.Data download_history success for IDFCFIRSTB.NS rows=250 cols=['adj close', 'Close', 'High', 'Low', 'Open', 'Volume']
2026-08-15 15:26:33,845 DEBUG AlphaScanner.Data download_history(ticker=IEX.NS, period=1y, interval=1d, use_cache=False)
2026-08-15 15:26:33,993 DEBUG AlphaScanner.Data download_history success for IEX.NS rows=250 cols=['adj close', 'Close', 'High', 'Low', 'Open', 'Volume']
2026-08-15 15:26:33,995 DEBUG AlphaScanner.Data download_history(ticker=IGIL.NS, period=1y, interval=1d, use_cache=False)
2026-08-15 15:26:34,149 DEBUG AlphaScanner.Data download_history success for IGIL.NS rows=250 cols=['adj close', 'Close', 'High', 'Low', 'Open', 'Volume']
2026-08-15 15:26:34,152 DEBUG AlphaScanner.Data download_history(ticker=IGL.NS, period=1y, interval=1d, use_cache=False)
2026-08-15 15:26:34,331 DEBUG AlphaScanner.Data download_history success for IGL.NS rows=250 cols=['adj close', 'Close', 'High', 'Low', 'Open', 'Volume']
2026-08-15 15:26:34,333 DEBUG AlphaScanner.Data download_history(ticker=IIFL.NS, period=1y, interval=1d, use_cache=False)
2026-08-15 15:26:34,501 DEBUG AlphaScanner.Data download_history success for IIFL.NS rows=250 cols=['adj close', 'Close', 'High', 'Low', 'Open', 'Volume']
2026-08-15 15:26:34,504 DEBUG AlphaScanner.Data download_history(ticker=IKS.NS, period=1y, interval=1d, use_cache=False)
2026-08-15 15:26:34,632 DEBUG AlphaScanner.Data download_history success for IKS.NS rows=249 cols=['adj close', 'Close', 'High', 'Low', 'Open', 'Volume']
2026-08-15 15:26:34,634 DEBUG AlphaScanner.Data download_history(ticker=INDGN.NS, period=1y, interval=1d, use_cache=False)
2026-08-15 15:26:34,943 DEBUG AlphaScanner.Data download_history success for INDGN.NS rows=250 cols=['adj close', 'Close', 'High', 'Low', 'Open', 'Volume']
2026-08-15 15:26:34,945 DEBUG AlphaScanner.Data download_history(ticker=INDHOTEL.NS, period=1y, interval=1d, use_cache=False)
2026-08-15 15:26:35,096 DEBUG AlphaScanner.Data download_history success for INDHOTEL.NS rows=250 cols=['adj close', 'Close', 'High', 'Low', 'Open', 'Volume']
2026-08-15 15:26:35,097 DEBUG AlphaScanner.Data download_history(ticker=INDIACEM.NS, period=1y, interval=1d, use_cache=False)
2026-08-15 15:26:35,278 DEBUG AlphaScanner.Data download_history success for INDIACEM.NS rows=250 cols=['adj close', 'Close', 'High', 'Low', 'Open', 'Volume']
2026-08-15 15:26:35,280 DEBUG AlphaScanner.Data download_history(ticker=INDIAMART.NS, period=1y, interval=1d, use_cache=False)
2026-08-15 15:26:35,442 DEBUG AlphaScanner.Data download_history success for INDIAMART.NS rows=250 cols=['adj close', 'Close', 'High', 'Low', 'Open', 'Volume']
2026-08-15 15:26:35,444 DEBUG AlphaScanner.Data download_history(ticker=INDIANB.NS, period=1y, interval=1d, use_cache=False)
2026-08-15 15:26:35,611 DEBUG AlphaScanner.Data download_history success for INDIANB.NS rows=250 cols=['adj close', 'Close', 'High', 'Low', 'Open', 'Volume']
2026-08-15 15:26:35,613 DEBUG AlphaScanner.Data download_history(ticker=INDIGO.NS, period=1y, interval=1d, use_cache=False)
2026-08-15 15:26:35,782 DEBUG AlphaScanner.Data download_history success for INDIGO.NS rows=249 cols=['adj close', 'Close', 'High', 'Low', 'Open', 'Volume']
2026-08-15 15:26:35,784 DEBUG AlphaScanner.Data download_history(ticker=INDUSINDBK.NS, period=1y, interval=1d, use_cache=False)
2026-08-15 15:26:35,950 DEBUG AlphaScanner.Data download_history success for INDUSINDBK.NS rows=250 cols=['adj close', 'Close', 'High', 'Low', 'Open', 'Volume']
2026-08-15 15:26:35,953 DEBUG AlphaScanner.Data download_history(ticker=INDUSTOWER.NS, period=1y, interval=1d, use_cache=False)
2026-08-15 15:26:36,127 DEBUG AlphaScanner.Data download_history success for INDUSTOWER.NS rows=250 cols=['adj close', 'Close', 'High', 'Low', 'Open', 'Volume']
2026-08-15 15:26:36,131 DEBUG AlphaScanner.Data download_history(ticker=INOXWIND.NS, period=1y, interval=1d, use_cache=False)
2026-08-15 15:26:36,286 DEBUG AlphaScanner.Data download_history success for INOXWIND.NS rows=250 cols=['adj close', 'Close', 'High', 'Low', 'Open', 'Volume']
2026-08-15 15:26:36,289 DEBUG AlphaScanner.Data download_history(ticker=INTELLECT.NS, period=1y, interval=1d, use_cache=False)
2026-08-15 15:26:36,444 DEBUG AlphaScanner.Data download_history success for INTELLECT.NS rows=250 cols=['adj close', 'Close', 'High', 'Low', 'Open', 'Volume']
2026-08-15 15:26:36,448 DEBUG AlphaScanner.Data download_history(ticker=IOC.NS, period=1y, interval=1d, use_cache=False)
2026-08-15 15:26:36,625 DEBUG AlphaScanner.Data download_history success for IOC.NS rows=250 cols=['adj close', 'Close', 'High', 'Low', 'Open', 'Volume']
2026-08-15 15:26:36,627 DEBUG AlphaScanner.Data download_history(ticker=IPCALAB.NS, period=1y, interval=1d, use_cache=False)
2026-08-15 15:26:36,808 DEBUG AlphaScanner.Data download_history success for IPCALAB.NS rows=249 cols=['adj close', 'Close', 'High', 'Low', 'Open', 'Volume']
2026-08-15 15:26:36,811 DEBUG AlphaScanner.Data download_history(ticker=IRB.NS, period=1y, interval=1d, use_cache=False)
2026-08-15 15:26:36,988 DEBUG AlphaScanner.Data download_history success for IRB.NS rows=250 cols=['adj close', 'Close', 'High', 'Low', 'Open', 'Volume']
2026-08-15 15:26:36,992 DEBUG AlphaScanner.Data download_history(ticker=IRCTC.NS, period=1y, interval=1d, use_cache=False)
2026-08-15 15:26:37,124 DEBUG AlphaScanner.Data download_history success for IRCTC.NS rows=250 cols=['adj close', 'Close', 'High', 'Low', 'Open', 'Volume']
2026-08-15 15:26:37,126 DEBUG AlphaScanner.Data download_history(ticker=ITC.NS, period=1y, interval=1d, use_cache=False)
2026-08-15 15:26:37,501 DEBUG AlphaScanner.Data download_history success for ITC.NS rows=250 cols=['adj close', 'Close', 'High', 'Low', 'Open', 'Volume']
2026-08-15 15:26:37,503 DEBUG AlphaScanner.Data download_history(ticker=ITCHOTELS.NS, period=1y, interval=1d, use_cache=False)
2026-08-15 15:26:37,634 DEBUG AlphaScanner.Data download_history success for ITCHOTELS.NS rows=250 cols=['adj close', 'Close', 'High', 'Low', 'Open', 'Volume']
2026-08-15 15:26:37,636 DEBUG AlphaScanner.Data download_history(ticker=ITI.NS, period=1y, interval=1d, use_cache=False)
2026-08-15 15:26:37,766 DEBUG AlphaScanner.Data download_history success for ITI.NS rows=250 cols=['adj close', 'Close', 'High', 'Low', 'Open', 'Volume']
2026-08-15 15:26:37,768 DEBUG AlphaScanner.Data download_history(ticker=J&KBANK.NS, period=1y, interval=1d, use_cache=False)
2026-08-15 15:26:37,957 DEBUG AlphaScanner.Data download_history success for J&KBANK.NS rows=250 cols=['adj close', 'Close', 'High', 'Low', 'Open', 'Volume']
2026-08-15 15:26:37,960 DEBUG AlphaScanner.Data download_history(ticker=JAINREC.NS, period=1y, interval=1d, use_cache=False)
2026-08-15 15:26:38,103 DEBUG AlphaScanner.Data download_history success for JAINREC.NS rows=216 cols=['adj close', 'Close', 'High', 'Low', 'Open', 'Volume']
2026-08-15 15:26:38,106 DEBUG AlphaScanner.Data download_history(ticker=JBMA.NS, period=1y, interval=1d, use_cache=False)
2026-08-15 15:26:38,260 DEBUG AlphaScanner.Data download_history success for JBMA.NS rows=250 cols=['adj close', 'Close', 'High', 'Low', 'Open', 'Volume']
2026-08-15 15:26:38,263 DEBUG AlphaScanner.Data download_history(ticker=JINDALSAW.NS, period=1y, interval=1d, use_cache=False)
2026-08-15 15:26:38,431 DEBUG AlphaScanner.Data download_history success for JINDALSAW.NS rows=250 cols=['adj close', 'Close', 'High', 'Low', 'Open', 'Volume']
2026-08-15 15:26:38,435 DEBUG AlphaScanner.Data download_history(ticker=JIOFIN.NS, period=1y, interval=1d, use_cache=False)
2026-08-15 15:26:38,597 DEBUG AlphaScanner.Data download_history success for JIOFIN.NS rows=250 cols=['adj close', 'Close', 'High', 'Low', 'Open', 'Volume']
2026-08-15 15:26:38,599 DEBUG AlphaScanner.Data download_history(ticker=JKCEMENT.NS, period=1y, interval=1d, use_cache=False)
2026-08-15 15:26:38,769 DEBUG AlphaScanner.Data download_history success for JKCEMENT.NS rows=250 cols=['adj close', 'Close', 'High', 'Low', 'Open', 'Volume']
2026-08-15 15:26:38,771 DEBUG AlphaScanner.Data download_history(ticker=JKTYRE.NS, period=1y, interval=1d, use_cache=False)
2026-08-15 15:26:38,940 DEBUG AlphaScanner.Data download_history success for JKTYRE.NS rows=250 cols=['adj close', 'Close', 'High', 'Low', 'Open', 'Volume']
2026-08-15 15:26:38,942 DEBUG AlphaScanner.Data download_history(ticker=JMFINANCIL.NS, period=1y, interval=1d, use_cache=False)
2026-08-15 15:26:39,085 DEBUG AlphaScanner.Data download_history success for JMFINANCIL.NS rows=250 cols=['adj close', 'Close', 'High', 'Low', 'Open', 'Volume']
2026-08-15 15:26:39,087 DEBUG AlphaScanner.Data download_history(ticker=JPPOWER.NS, period=1y, interval=1d, use_cache=False)
2026-08-15 15:26:39,213 DEBUG AlphaScanner.Data download_history success for JPPOWER.NS rows=250 cols=['adj close', 'Close', 'High', 'Low', 'Open', 'Volume']
2026-08-15 15:26:39,215 DEBUG AlphaScanner.Data download_history(ticker=JSL.NS, period=1y, interval=1d, use_cache=False)
2026-08-15 15:26:39,385 DEBUG AlphaScanner.Data download_history success for JSL.NS rows=250 cols=['adj close', 'Close', 'High', 'Low', 'Open', 'Volume']
2026-08-15 15:26:39,389 DEBUG AlphaScanner.Data download_history(ticker=JSWDULUX.NS, period=1y, interval=1d, use_cache=False)
2026-08-15 15:26:39,537 DEBUG AlphaScanner.Data download_history success for JSWDULUX.NS rows=250 cols=['adj close', 'Close', 'High', 'Low', 'Open', 'Volume']
2026-08-15 15:26:39,542 DEBUG AlphaScanner.Data download_history(ticker=JSWSTEEL.NS, period=1y, interval=1d, use_cache=False)
2026-08-15 15:26:39,845 DEBUG AlphaScanner.Data download_history success for JSWSTEEL.NS rows=250 cols=['adj close', 'Close', 'High', 'Low', 'Open', 'Volume']
2026-08-15 15:26:39,847 DEBUG AlphaScanner.Data download_history(ticker=JUBLINGREA.NS, period=1y, interval=1d, use_cache=False)
2026-08-15 15:26:39,999 DEBUG AlphaScanner.Data download_history success for JUBLINGREA.NS rows=250 cols=['adj close', 'Close', 'High', 'Low', 'Open', 'Volume']
2026-08-15 15:26:40,003 DEBUG AlphaScanner.Data download_history(ticker=JYOTICNC.NS, period=1y, interval=1d, use_cache=False)
2026-08-15 15:26:40,148 DEBUG AlphaScanner.Data download_history success for JYOTICNC.NS rows=250 cols=['adj close', 'Close', 'High', 'Low', 'Open', 'Volume']
2026-08-15 15:26:40,150 DEBUG AlphaScanner.Data download_history(ticker=KAJARIACER.NS, period=1y, interval=1d, use_cache=False)
2026-08-15 15:26:40,322 DEBUG AlphaScanner.Data download_history success for KAJARIACER.NS rows=250 cols=['adj close', 'Close', 'High', 'Low', 'Open', 'Volume']
2026-08-15 15:26:40,324 DEBUG AlphaScanner.Data download_history(ticker=KALYANKJIL.NS, period=1y, interval=1d, use_cache=False)
2026-08-15 15:26:40,585 DEBUG AlphaScanner.Data download_history success for KALYANKJIL.NS rows=250 cols=['adj close', 'Close', 'High', 'Low', 'Open', 'Volume']
2026-08-15 15:26:40,588 DEBUG AlphaScanner.Data download_history(ticker=KAYNES.NS, period=1y, interval=1d, use_cache=False)
2026-08-15 15:26:40,727 DEBUG AlphaScanner.Data download_history success for KAYNES.NS rows=250 cols=['adj close', 'Close', 'High', 'Low', 'Open', 'Volume']
2026-08-15 15:26:40,730 DEBUG AlphaScanner.Data download_history(ticker=KEC.NS, period=1y, interval=1d, use_cache=False)
2026-08-15 15:26:40,892 DEBUG AlphaScanner.Data download_history success for KEC.NS rows=250 cols=['adj close', 'Close', 'High', 'Low', 'Open', 'Volume']
2026-08-15 15:26:40,894 DEBUG AlphaScanner.Data download_history(ticker=KEI.NS, period=1y, interval=1d, use_cache=False)
2026-08-15 15:26:41,070 DEBUG AlphaScanner.Data download_history success for KEI.NS rows=250 cols=['adj close', 'Close', 'High', 'Low', 'Open', 'Volume']
2026-08-15 15:26:41,072 DEBUG AlphaScanner.Data download_history(ticker=KFINTECH.NS, period=1y, interval=1d, use_cache=False)
2026-08-15 15:26:41,220 DEBUG AlphaScanner.Data download_history success for KFINTECH.NS rows=250 cols=['adj close', 'Close', 'High', 'Low', 'Open', 'Volume']
2026-08-15 15:26:41,222 DEBUG AlphaScanner.Data download_history(ticker=KIMS.NS, period=1y, interval=1d, use_cache=False)
2026-08-15 15:26:41,355 DEBUG AlphaScanner.Data download_history success for KIMS.NS rows=250 cols=['adj close', 'Close', 'High', 'Low', 'Open', 'Volume']
2026-08-15 15:26:41,358 DEBUG AlphaScanner.Data download_history(ticker=KIRLOSENG.NS, period=1y, interval=1d, use_cache=False)
2026-08-15 15:26:41,642 DEBUG AlphaScanner.Data download_history success for KIRLOSENG.NS rows=249 cols=['adj close', 'Close', 'High', 'Low', 'Open', 'Volume']
2026-08-15 15:26:41,644 DEBUG AlphaScanner.Data download_history(ticker=KOTAKBANK.NS, period=1y, interval=1d, use_cache=False)
2026-08-15 15:26:41,820 DEBUG AlphaScanner.Data download_history success for KOTAKBANK.NS rows=250 cols=['adj close', 'Close', 'High', 'Low', 'Open', 'Volume']
2026-08-15 15:26:41,822 DEBUG AlphaScanner.Data download_history(ticker=KPIL.NS, period=1y, interval=1d, use_cache=False)
2026-08-15 15:26:42,115 DEBUG AlphaScanner.Data download_history success for KPIL.NS rows=249 cols=['adj close', 'Close', 'High', 'Low', 'Open', 'Volume']
2026-08-15 15:26:42,117 DEBUG AlphaScanner.Data download_history(ticker=KPITTECH.NS, period=1y, interval=1d, use_cache=False)
2026-08-15 15:26:42,257 DEBUG AlphaScanner.Data download_history success for KPITTECH.NS rows=250 cols=['adj close', 'Close', 'High', 'Low', 'Open', 'Volume']
2026-08-15 15:26:42,258 DEBUG AlphaScanner.Data download_history(ticker=KPRMILL.NS, period=1y, interval=1d, use_cache=False)
2026-08-15 15:26:42,421 DEBUG AlphaScanner.Data download_history success for KPRMILL.NS rows=250 cols=['adj close', 'Close', 'High', 'Low', 'Open', 'Volume']
2026-08-15 15:26:42,425 DEBUG AlphaScanner.Data download_history(ticker=LALPATHLAB.NS, period=1y, interval=1d, use_cache=False)
2026-08-15 15:26:42,595 DEBUG AlphaScanner.Data download_history success for LALPATHLAB.NS rows=250 cols=['adj close', 'Close', 'High', 'Low', 'Open', 'Volume']
2026-08-15 15:26:42,597 DEBUG AlphaScanner.Data download_history(ticker=LATENTVIEW.NS, period=1y, interval=1d, use_cache=False)
2026-08-15 15:26:42,731 DEBUG AlphaScanner.Data download_history success for LATENTVIEW.NS rows=250 cols=['adj close', 'Close', 'High', 'Low', 'Open', 'Volume']
2026-08-15 15:26:42,733 DEBUG AlphaScanner.Data download_history(ticker=LEMONTREE.NS, period=1y, interval=1d, use_cache=False)
2026-08-15 15:26:42,885 DEBUG AlphaScanner.Data download_history success for LEMONTREE.NS rows=250 cols=['adj close', 'Close', 'High', 'Low', 'Open', 'Volume']
2026-08-15 15:26:42,889 DEBUG AlphaScanner.Data download_history(ticker=LGEINDIA.NS, period=1y, interval=1d, use_cache=False)
2026-08-15 15:26:43,008 DEBUG AlphaScanner.Data download_history success for LGEINDIA.NS rows=210 cols=['adj close', 'Close', 'High', 'Low', 'Open', 'Volume']
2026-08-15 15:26:43,009 DEBUG AlphaScanner.Data download_history(ticker=LICHSGFIN.NS, period=1y, interval=1d, use_cache=False)
2026-08-15 15:26:43,207 DEBUG AlphaScanner.Data download_history success for LICHSGFIN.NS rows=250 cols=['adj close', 'Close', 'High', 'Low', 'Open', 'Volume']
2026-08-15 15:26:43,208 DEBUG AlphaScanner.Data download_history(ticker=LICI.NS, period=1y, interval=1d, use_cache=False)
2026-08-15 15:26:43,362 DEBUG AlphaScanner.Data download_history success for LICI.NS rows=250 cols=['adj close', 'Close', 'High', 'Low', 'Open', 'Volume']
2026-08-15 15:26:43,363 DEBUG AlphaScanner.Data download_history(ticker=LINDEINDIA.NS, period=1y, interval=1d, use_cache=False)
2026-08-15 15:26:43,544 DEBUG AlphaScanner.Data download_history success for LINDEINDIA.NS rows=249 cols=['adj close', 'Close', 'High', 'Low', 'Open', 'Volume']
2026-08-15 15:26:43,547 DEBUG AlphaScanner.Data download_history(ticker=LLOYDSME.NS, period=1y, interval=1d, use_cache=False)
2026-08-15 15:26:43,694 DEBUG AlphaScanner.Data download_history success for LLOYDSME.NS rows=250 cols=['adj close', 'Close', 'High', 'Low', 'Open', 'Volume']
2026-08-15 15:26:43,696 DEBUG AlphaScanner.Data download_history(ticker=LODHA.NS, period=1y, interval=1d, use_cache=False)
2026-08-15 15:26:43,841 DEBUG AlphaScanner.Data download_history success for LODHA.NS rows=250 cols=['adj close', 'Close', 'High', 'Low', 'Open', 'Volume']
2026-08-15 15:26:43,843 DEBUG AlphaScanner.Data download_history(ticker=LT.NS, period=1y, interval=1d, use_cache=False)
2026-08-15 15:26:44,163 DEBUG AlphaScanner.Data download_history success for LT.NS rows=250 cols=['adj close', 'Close', 'High', 'Low', 'Open', 'Volume']
2026-08-15 15:26:44,165 DEBUG AlphaScanner.Data download_history(ticker=LTF.NS, period=1y, interval=1d, use_cache=False)
2026-08-15 15:26:44,306 DEBUG AlphaScanner.Data download_history success for LTF.NS rows=250 cols=['adj close', 'Close', 'High', 'Low', 'Open', 'Volume']
2026-08-15 15:26:44,308 DEBUG AlphaScanner.Data download_history(ticker=LTFOODS.NS, period=1y, interval=1d, use_cache=False)
2026-08-15 15:26:44,461 DEBUG AlphaScanner.Data download_history success for LTFOODS.NS rows=250 cols=['adj close', 'Close', 'High', 'Low', 'Open', 'Volume']
2026-08-15 15:26:44,463 DEBUG AlphaScanner.Data download_history(ticker=LTM.NS, period=1y, interval=1d, use_cache=False)
2026-08-15 15:26:44,621 DEBUG AlphaScanner.Data download_history success for LTM.NS rows=250 cols=['adj close', 'Close', 'High', 'Low', 'Open', 'Volume']
2026-08-15 15:26:44,623 DEBUG AlphaScanner.Data download_history(ticker=LTTS.NS, period=1y, interval=1d, use_cache=False)
2026-08-15 15:26:44,790 DEBUG AlphaScanner.Data download_history success for LTTS.NS rows=250 cols=['adj close', 'Close', 'High', 'Low', 'Open', 'Volume']
2026-08-15 15:26:44,793 DEBUG AlphaScanner.Data download_history(ticker=M&M.NS, period=1y, interval=1d, use_cache=False)
2026-08-15 15:26:44,976 DEBUG AlphaScanner.Data download_history success for M&M.NS rows=250 cols=['adj close', 'Close', 'High', 'Low', 'Open', 'Volume']
2026-08-15 15:26:44,981 DEBUG AlphaScanner.Data download_history(ticker=MANAPPURAM.NS, period=1y, interval=1d, use_cache=False)
2026-08-15 15:26:45,286 DEBUG AlphaScanner.Data download_history success for MANAPPURAM.NS rows=250 cols=['adj close', 'Close', 'High', 'Low', 'Open', 'Volume']
2026-08-15 15:26:45,289 DEBUG AlphaScanner.Data download_history(ticker=MANKIND.NS, period=1y, interval=1d, use_cache=False)
2026-08-15 15:26:45,575 DEBUG AlphaScanner.Data download_history success for MANKIND.NS rows=249 cols=['adj close', 'Close', 'High', 'Low', 'Open', 'Volume']
2026-08-15 15:26:45,577 DEBUG AlphaScanner.Data download_history(ticker=MAPMYINDIA.NS, period=1y, interval=1d, use_cache=False)
2026-08-15 15:26:45,744 DEBUG AlphaScanner.Data download_history success for MAPMYINDIA.NS rows=249 cols=['adj close', 'Close', 'High', 'Low', 'Open', 'Volume']
2026-08-15 15:26:45,746 DEBUG AlphaScanner.Data download_history(ticker=MARICO.NS, period=1y, interval=1d, use_cache=False)
2026-08-15 15:26:45,918 DEBUG AlphaScanner.Data download_history success for MARICO.NS rows=250 cols=['adj close', 'Close', 'High', 'Low', 'Open', 'Volume']
2026-08-15 15:26:45,920 DEBUG AlphaScanner.Data download_history(ticker=MARUTI.NS, period=1y, interval=1d, use_cache=False)
2026-08-15 15:26:46,100 DEBUG AlphaScanner.Data download_history success for MARUTI.NS rows=250 cols=['adj close', 'Close', 'High', 'Low', 'Open', 'Volume']
2026-08-15 15:26:46,102 DEBUG AlphaScanner.Data download_history(ticker=MAXHEALTH.NS, period=1y, interval=1d, use_cache=False)
2026-08-15 15:26:46,260 DEBUG AlphaScanner.Data download_history success for MAXHEALTH.NS rows=250 cols=['adj close', 'Close', 'High', 'Low', 'Open', 'Volume']
2026-08-15 15:26:46,262 DEBUG AlphaScanner.Data download_history(ticker=MAZDOCK.NS, period=1y, interval=1d, use_cache=False)
2026-08-15 15:26:46,413 DEBUG AlphaScanner.Data download_history success for MAZDOCK.NS rows=250 cols=['adj close', 'Close', 'High', 'Low', 'Open', 'Volume']
2026-08-15 15:26:46,415 DEBUG AlphaScanner.Data download_history(ticker=MCX.NS, period=1y, interval=1d, use_cache=False)
2026-08-15 15:26:46,590 DEBUG AlphaScanner.Data download_history success for MCX.NS rows=250 cols=['adj close', 'Close', 'High', 'Low', 'Open', 'Volume']
2026-08-15 15:26:46,592 DEBUG AlphaScanner.Data download_history(ticker=MEDANTA.NS, period=1y, interval=1d, use_cache=False)
2026-08-15 15:26:46,753 DEBUG AlphaScanner.Data download_history success for MEDANTA.NS rows=249 cols=['adj close', 'Close', 'High', 'Low', 'Open', 'Volume']
2026-08-15 15:26:46,755 DEBUG AlphaScanner.Data download_history(ticker=MEESHO.NS, period=1y, interval=1d, use_cache=False)
2026-08-15 15:26:47,023 DEBUG AlphaScanner.Data download_history success for MEESHO.NS rows=171 cols=['adj close', 'Close', 'High', 'Low', 'Open', 'Volume']
2026-08-15 15:26:47,025 DEBUG AlphaScanner.Data download_history(ticker=MFSL.NS, period=1y, interval=1d, use_cache=False)
2026-08-15 15:26:47,198 DEBUG AlphaScanner.Data download_history success for MFSL.NS rows=250 cols=['adj close', 'Close', 'High', 'Low', 'Open', 'Volume']
2026-08-15 15:26:47,203 DEBUG AlphaScanner.Data download_history(ticker=MINDACORP.NS, period=1y, interval=1d, use_cache=False)
2026-08-15 15:26:47,358 DEBUG AlphaScanner.Data download_history success for MINDACORP.NS rows=249 cols=['adj close', 'Close', 'High', 'Low', 'Open', 'Volume']
2026-08-15 15:26:47,359 DEBUG AlphaScanner.Data download_history(ticker=MMTC.NS, period=1y, interval=1d, use_cache=False)
2026-08-15 15:26:47,632 DEBUG AlphaScanner.Data download_history success for MMTC.NS rows=250 cols=['adj close', 'Close', 'High', 'Low', 'Open', 'Volume']
2026-08-15 15:26:47,635 DEBUG AlphaScanner.Data download_history(ticker=MOTHERSON.NS, period=1y, interval=1d, use_cache=False)
2026-08-15 15:26:47,806 DEBUG AlphaScanner.Data download_history success for MOTHERSON.NS rows=250 cols=['adj close', 'Close', 'High', 'Low', 'Open', 'Volume']
2026-08-15 15:26:47,808 DEBUG AlphaScanner.Data download_history(ticker=MOTILALOFS.NS, period=1y, interval=1d, use_cache=False)
2026-08-15 15:26:47,980 DEBUG AlphaScanner.Data download_history success for MOTILALOFS.NS rows=250 cols=['adj close', 'Close', 'High', 'Low', 'Open', 'Volume']
2026-08-15 15:26:47,983 DEBUG AlphaScanner.Data download_history(ticker=MRF.NS, period=1y, interval=1d, use_cache=False)
2026-08-15 15:26:48,192 DEBUG AlphaScanner.Data download_history success for MRF.NS rows=249 cols=['adj close', 'Close', 'High', 'Low', 'Open', 'Volume']
2026-08-15 15:26:48,194 DEBUG AlphaScanner.Data download_history(ticker=MRPL.NS, period=1y, interval=1d, use_cache=False)
2026-08-15 15:26:48,433 DEBUG AlphaScanner.Data download_history success for MRPL.NS rows=250 cols=['adj close', 'Close', 'High', 'Low', 'Open', 'Volume']
2026-08-15 15:26:48,436 DEBUG AlphaScanner.Data download_history(ticker=MSUMI.NS, period=1y, interval=1d, use_cache=False)
2026-08-15 15:26:48,583 DEBUG AlphaScanner.Data download_history success for MSUMI.NS rows=250 cols=['adj close', 'Close', 'High', 'Low', 'Open', 'Volume']
2026-08-15 15:26:48,586 DEBUG AlphaScanner.Data download_history(ticker=MUTHOOTFIN.NS, period=1y, interval=1d, use_cache=False)
2026-08-15 15:26:48,841 DEBUG AlphaScanner.Data download_history success for MUTHOOTFIN.NS rows=250 cols=['adj close', 'Close', 'High', 'Low', 'Open', 'Volume']
2026-08-15 15:26:48,843 DEBUG AlphaScanner.Data download_history(ticker=NAM-INDIA.NS, period=1y, interval=1d, use_cache=False)
2026-08-15 15:26:48,997 DEBUG AlphaScanner.Data download_history success for NAM-INDIA.NS rows=250 cols=['adj close', 'Close', 'High', 'Low', 'Open', 'Volume']
2026-08-15 15:26:49,000 DEBUG AlphaScanner.Data download_history(ticker=NATCOPHARM.NS, period=1y, interval=1d, use_cache=False)
2026-08-15 15:26:49,316 DEBUG AlphaScanner.Data download_history success for NATCOPHARM.NS rows=250 cols=['adj close', 'Close', 'High', 'Low', 'Open', 'Volume']
2026-08-15 15:26:49,319 DEBUG AlphaScanner.Data download_history(ticker=NATIONALUM.NS, period=1y, interval=1d, use_cache=False)
2026-08-15 15:26:49,497 DEBUG AlphaScanner.Data download_history success for NATIONALUM.NS rows=250 cols=['adj close', 'Close', 'High', 'Low', 'Open', 'Volume']
2026-08-15 15:26:49,501 DEBUG AlphaScanner.Data download_history(ticker=NAVA.NS, period=1y, interval=1d, use_cache=False)
2026-08-15 15:26:49,675 DEBUG AlphaScanner.Data download_history success for NAVA.NS rows=250 cols=['adj close', 'Close', 'High', 'Low', 'Open', 'Volume']
2026-08-15 15:26:49,679 DEBUG AlphaScanner.Data download_history(ticker=NBCC.NS, period=1y, interval=1d, use_cache=False)
2026-08-15 15:26:49,854 DEBUG AlphaScanner.Data download_history success for NBCC.NS rows=250 cols=['adj close', 'Close', 'High', 'Low', 'Open', 'Volume']
2026-08-15 15:26:49,857 DEBUG AlphaScanner.Data download_history(ticker=NESTLEIND.NS, period=1y, interval=1d, use_cache=False)
2026-08-15 15:26:50,041 DEBUG AlphaScanner.Data download_history success for NESTLEIND.NS rows=250 cols=['adj close', 'Close', 'High', 'Low', 'Open', 'Volume']
2026-08-15 15:26:50,043 DEBUG AlphaScanner.Data download_history(ticker=NETWEB.NS, period=1y, interval=1d, use_cache=False)
2026-08-15 15:26:50,326 DEBUG AlphaScanner.Data download_history success for NETWEB.NS rows=250 cols=['adj close', 'Close', 'High', 'Low', 'Open', 'Volume']
2026-08-15 15:26:50,328 DEBUG AlphaScanner.Data download_history(ticker=NEULANDLAB.NS, period=1y, interval=1d, use_cache=False)
2026-08-15 15:26:50,470 DEBUG AlphaScanner.Data download_history success for NEULANDLAB.NS rows=250 cols=['adj close', 'Close', 'High', 'Low', 'Open', 'Volume']
2026-08-15 15:26:50,475 DEBUG AlphaScanner.Data download_history(ticker=NIACL.NS, period=1y, interval=1d, use_cache=False)
2026-08-15 15:26:50,635 DEBUG AlphaScanner.Data download_history success for NIACL.NS rows=250 cols=['adj close', 'Close', 'High', 'Low', 'Open', 'Volume']
2026-08-15 15:26:50,637 DEBUG AlphaScanner.Data download_history(ticker=NIVABUPA.NS, period=1y, interval=1d, use_cache=False)
2026-08-15 15:26:50,776 DEBUG AlphaScanner.Data download_history success for NIVABUPA.NS rows=249 cols=['adj close', 'Close', 'High', 'Low', 'Open', 'Volume']
2026-08-15 15:26:50,777 DEBUG AlphaScanner.Data download_history(ticker=NLCINDIA.NS, period=1y, interval=1d, use_cache=False)
2026-08-15 15:26:50,953 DEBUG AlphaScanner.Data download_history success for NLCINDIA.NS rows=250 cols=['adj close', 'Close', 'High', 'Low', 'Open', 'Volume']
2026-08-15 15:26:50,956 DEBUG AlphaScanner.Data download_history(ticker=NSLNISP.NS, period=1y, interval=1d, use_cache=False)
2026-08-15 15:26:51,091 DEBUG AlphaScanner.Data download_history success for NSLNISP.NS rows=250 cols=['adj close', 'Close', 'High', 'Low', 'Open', 'Volume']
2026-08-15 15:26:51,094 DEBUG AlphaScanner.Data download_history(ticker=NTPC.NS, period=1y, interval=1d, use_cache=False)
2026-08-15 15:26:51,277 DEBUG AlphaScanner.Data download_history success for NTPC.NS rows=250 cols=['adj close', 'Close', 'High', 'Low', 'Open', 'Volume']
2026-08-15 15:26:51,279 DEBUG AlphaScanner.Data download_history(ticker=NTPCGREEN.NS, period=1y, interval=1d, use_cache=False)
2026-08-15 15:26:51,427 DEBUG AlphaScanner.Data download_history success for NTPCGREEN.NS rows=250 cols=['adj close', 'Close', 'High', 'Low', 'Open', 'Volume']
2026-08-15 15:26:51,430 DEBUG AlphaScanner.Data download_history(ticker=NUVOCO.NS, period=1y, interval=1d, use_cache=False)
2026-08-15 15:26:51,570 DEBUG AlphaScanner.Data download_history success for NUVOCO.NS rows=250 cols=['adj close', 'Close', 'High', 'Low', 'Open', 'Volume']
2026-08-15 15:26:51,572 DEBUG AlphaScanner.Data download_history(ticker=NYKAA.NS, period=1y, interval=1d, use_cache=False)
2026-08-15 15:26:51,824 DEBUG AlphaScanner.Data download_history success for NYKAA.NS rows=250 cols=['adj close', 'Close', 'High', 'Low', 'Open', 'Volume']
2026-08-15 15:26:51,826 DEBUG AlphaScanner.Data download_history(ticker=OBEROIRLTY.NS, period=1y, interval=1d, use_cache=False)
2026-08-15 15:26:51,993 DEBUG AlphaScanner.Data download_history success for OBEROIRLTY.NS rows=249 cols=['adj close', 'Close', 'High', 'Low', 'Open', 'Volume']
2026-08-15 15:26:51,995 DEBUG AlphaScanner.Data download_history(ticker=OFSS.NS, period=1y, interval=1d, use_cache=False)
2026-08-15 15:26:52,162 DEBUG AlphaScanner.Data download_history success for OFSS.NS rows=250 cols=['adj close', 'Close', 'High', 'Low', 'Open', 'Volume']
2026-08-15 15:26:52,164 DEBUG AlphaScanner.Data download_history(ticker=OIL.NS, period=1y, interval=1d, use_cache=False)
2026-08-15 15:26:52,341 DEBUG AlphaScanner.Data download_history success for OIL.NS rows=250 cols=['adj close', 'Close', 'High', 'Low', 'Open', 'Volume']
2026-08-15 15:26:52,343 DEBUG AlphaScanner.Data download_history(ticker=OLAELEC.NS, period=1y, interval=1d, use_cache=False)
2026-08-15 15:26:52,487 DEBUG AlphaScanner.Data download_history success for OLAELEC.NS rows=250 cols=['adj close', 'Close', 'High', 'Low', 'Open', 'Volume']
2026-08-15 15:26:52,490 DEBUG AlphaScanner.Data download_history(ticker=OLECTRA.NS, period=1y, interval=1d, use_cache=False)
2026-08-15 15:26:52,681 DEBUG AlphaScanner.Data download_history success for OLECTRA.NS rows=250 cols=['adj close', 'Close', 'High', 'Low', 'Open', 'Volume']
2026-08-15 15:26:52,684 DEBUG AlphaScanner.Data download_history(ticker=ONESOURCE.NS, period=1y, interval=1d, use_cache=False)
2026-08-15 15:26:52,855 DEBUG AlphaScanner.Data download_history success for ONESOURCE.NS rows=250 cols=['adj close', 'Close', 'High', 'Low', 'Open', 'Volume']
2026-08-15 15:26:52,856 DEBUG AlphaScanner.Data download_history(ticker=ONGC.NS, period=1y, interval=1d, use_cache=False)
2026-08-15 15:26:53,071 DEBUG AlphaScanner.Data download_history success for ONGC.NS rows=250 cols=['adj close', 'Close', 'High', 'Low', 'Open', 'Volume']
2026-08-15 15:26:53,074 DEBUG AlphaScanner.Data download_history(ticker=PARADEEP.NS, period=1y, interval=1d, use_cache=False)
2026-08-15 15:26:53,241 DEBUG AlphaScanner.Data download_history success for PARADEEP.NS rows=250 cols=['adj close', 'Close', 'High', 'Low', 'Open', 'Volume']
2026-08-15 15:26:53,243 DEBUG AlphaScanner.Data download_history(ticker=PATANJALI.NS, period=1y, interval=1d, use_cache=False)
2026-08-15 15:26:53,417 DEBUG AlphaScanner.Data download_history success for PATANJALI.NS rows=250 cols=['adj close', 'Close', 'High', 'Low', 'Open', 'Volume']
2026-08-15 15:26:53,421 DEBUG AlphaScanner.Data download_history(ticker=PERSISTENT.NS, period=1y, interval=1d, use_cache=False)
2026-08-15 15:26:53,692 DEBUG AlphaScanner.Data download_history success for PERSISTENT.NS rows=250 cols=['adj close', 'Close', 'High', 'Low', 'Open', 'Volume']
2026-08-15 15:26:53,695 DEBUG AlphaScanner.Data download_history(ticker=PFC.NS, period=1y, interval=1d, use_cache=False)
2026-08-15 15:26:53,870 DEBUG AlphaScanner.Data download_history success for PFC.NS rows=250 cols=['adj close', 'Close', 'High', 'Low', 'Open', 'Volume']
2026-08-15 15:26:53,874 DEBUG AlphaScanner.Data download_history(ticker=PFOCUS.NS, period=1y, interval=1d, use_cache=False)
2026-08-15 15:26:54,034 DEBUG AlphaScanner.Data download_history success for PFOCUS.NS rows=249 cols=['adj close', 'Close', 'High', 'Low', 'Open', 'Volume']
2026-08-15 15:26:54,037 DEBUG AlphaScanner.Data download_history(ticker=PGEL.NS, period=1y, interval=1d, use_cache=False)
2026-08-15 15:26:54,165 DEBUG AlphaScanner.Data download_history success for PGEL.NS rows=250 cols=['adj close', 'Close', 'High', 'Low', 'Open', 'Volume']
2026-08-15 15:26:54,168 DEBUG AlphaScanner.Data download_history(ticker=PHOENIXLTD.NS, period=1y, interval=1d, use_cache=False)
2026-08-15 15:26:54,344 DEBUG AlphaScanner.Data download_history success for PHOENIXLTD.NS rows=248 cols=['adj close', 'Close', 'High', 'Low', 'Open', 'Volume']
2026-08-15 15:26:54,346 DEBUG AlphaScanner.Data download_history(ticker=PIDILITIND.NS, period=1y, interval=1d, use_cache=False)
2026-08-15 15:26:54,613 DEBUG AlphaScanner.Data download_history success for PIDILITIND.NS rows=250 cols=['adj close', 'Close', 'High', 'Low', 'Open', 'Volume']
2026-08-15 15:26:54,616 DEBUG AlphaScanner.Data download_history(ticker=PIIND.NS, period=1y, interval=1d, use_cache=False)
2026-08-15 15:26:54,936 DEBUG AlphaScanner.Data download_history success for PIIND.NS rows=250 cols=['adj close', 'Close', 'High', 'Low', 'Open', 'Volume']
2026-08-15 15:26:54,939 DEBUG AlphaScanner.Data download_history(ticker=PIRAMALFIN.NS, period=1y, interval=1d, use_cache=False)
2026-08-15 15:26:55,109 DEBUG AlphaScanner.Data download_history success for PIRAMALFIN.NS rows=194 cols=['adj close', 'Close', 'High', 'Low', 'Open', 'Volume']
2026-08-15 15:26:55,111 DEBUG AlphaScanner.Data download_history(ticker=PNB.NS, period=1y, interval=1d, use_cache=False)
2026-08-15 15:26:55,285 DEBUG AlphaScanner.Data download_history success for PNB.NS rows=250 cols=['adj close', 'Close', 'High', 'Low', 'Open', 'Volume']
2026-08-15 15:26:55,287 DEBUG AlphaScanner.Data download_history(ticker=PNBHOUSING.NS, period=1y, interval=1d, use_cache=False)
2026-08-15 15:26:55,426 DEBUG AlphaScanner.Data download_history success for PNBHOUSING.NS rows=250 cols=['adj close', 'Close', 'High', 'Low', 'Open', 'Volume']
2026-08-15 15:26:55,427 DEBUG AlphaScanner.Data download_history(ticker=POLICYBZR.NS, period=1y, interval=1d, use_cache=False)
2026-08-15 15:26:55,573 DEBUG AlphaScanner.Data download_history success for POLICYBZR.NS rows=249 cols=['adj close', 'Close', 'High', 'Low', 'Open', 'Volume']
2026-08-15 15:26:55,576 DEBUG AlphaScanner.Data download_history(ticker=POLYMED.NS, period=1y, interval=1d, use_cache=False)
2026-08-15 15:26:55,716 DEBUG AlphaScanner.Data download_history success for POLYMED.NS rows=250 cols=['adj close', 'Close', 'High', 'Low', 'Open', 'Volume']
2026-08-15 15:26:55,720 DEBUG AlphaScanner.Data download_history(ticker=POWERGRID.NS, period=1y, interval=1d, use_cache=False)
2026-08-15 15:26:55,907 DEBUG AlphaScanner.Data download_history success for POWERGRID.NS rows=250 cols=['adj close', 'Close', 'High', 'Low', 'Open', 'Volume']
2026-08-15 15:26:55,909 DEBUG AlphaScanner.Data download_history(ticker=POWERINDIA.NS, period=1y, interval=1d, use_cache=False)
2026-08-15 15:26:56,064 DEBUG AlphaScanner.Data download_history success for POWERINDIA.NS rows=250 cols=['adj close', 'Close', 'High', 'Low', 'Open', 'Volume']
2026-08-15 15:26:56,067 DEBUG AlphaScanner.Data download_history(ticker=PPLPHARMA.NS, period=1y, interval=1d, use_cache=False)
2026-08-15 15:26:56,209 DEBUG AlphaScanner.Data download_history success for PPLPHARMA.NS rows=250 cols=['adj close', 'Close', 'High', 'Low', 'Open', 'Volume']
2026-08-15 15:26:56,212 DEBUG AlphaScanner.Data download_history(ticker=PRESTIGE.NS, period=1y, interval=1d, use_cache=False)
2026-08-15 15:26:56,378 DEBUG AlphaScanner.Data download_history success for PRESTIGE.NS rows=250 cols=['adj close', 'Close', 'High', 'Low', 'Open', 'Volume']
2026-08-15 15:26:56,381 DEBUG AlphaScanner.Data download_history(ticker=PVRINOX.NS, period=1y, interval=1d, use_cache=False)
2026-08-15 15:26:56,712 DEBUG AlphaScanner.Data download_history success for PVRINOX.NS rows=250 cols=['adj close', 'Close', 'High', 'Low', 'Open', 'Volume']
2026-08-15 15:26:56,716 DEBUG AlphaScanner.Data download_history(ticker=PWL.NS, period=1y, interval=1d, use_cache=False)
2026-08-15 15:26:56,853 DEBUG AlphaScanner.Data download_history success for PWL.NS rows=187 cols=['adj close', 'Close', 'High', 'Low', 'Open', 'Volume']
2026-08-15 15:26:56,856 DEBUG AlphaScanner.Data download_history(ticker=RADICO.NS, period=1y, interval=1d, use_cache=False)
2026-08-15 15:26:57,026 DEBUG AlphaScanner.Data download_history success for RADICO.NS rows=249 cols=['adj close', 'Close', 'High', 'Low', 'Open', 'Volume']
2026-08-15 15:26:57,028 DEBUG AlphaScanner.Data download_history(ticker=RAILTEL.NS, period=1y, interval=1d, use_cache=False)
2026-08-15 15:26:57,194 DEBUG AlphaScanner.Data download_history success for RAILTEL.NS rows=250 cols=['adj close', 'Close', 'High', 'Low', 'Open', 'Volume']
2026-08-15 15:26:57,197 DEBUG AlphaScanner.Data download_history(ticker=RAMCOCEM.NS, period=1y, interval=1d, use_cache=False)
2026-08-15 15:26:57,372 DEBUG AlphaScanner.Data download_history success for RAMCOCEM.NS rows=249 cols=['adj close', 'Close', 'High', 'Low', 'Open', 'Volume']
2026-08-15 15:26:57,374 DEBUG AlphaScanner.Data download_history(ticker=RBLBANK.NS, period=1y, interval=1d, use_cache=False)
2026-08-15 15:26:57,528 DEBUG AlphaScanner.Data download_history success for RBLBANK.NS rows=250 cols=['adj close', 'Close', 'High', 'Low', 'Open', 'Volume']
2026-08-15 15:26:57,530 DEBUG AlphaScanner.Data download_history(ticker=RECLTD.NS, period=1y, interval=1d, use_cache=False)
2026-08-15 15:26:57,701 DEBUG AlphaScanner.Data download_history success for RECLTD.NS rows=250 cols=['adj close', 'Close', 'High', 'Low', 'Open', 'Volume']
2026-08-15 15:26:57,703 DEBUG AlphaScanner.Data download_history(ticker=REDINGTON.NS, period=1y, interval=1d, use_cache=False)
2026-08-15 15:26:57,878 DEBUG AlphaScanner.Data download_history success for REDINGTON.NS rows=250 cols=['adj close', 'Close', 'High', 'Low', 'Open', 'Volume']
2026-08-15 15:26:57,880 DEBUG AlphaScanner.Data download_history(ticker=RELIANCE.NS, period=1y, interval=1d, use_cache=False)
2026-08-15 15:26:58,055 DEBUG AlphaScanner.Data download_history success for RELIANCE.NS rows=250 cols=['adj close', 'Close', 'High', 'Low', 'Open', 'Volume']
2026-08-15 15:26:58,057 DEBUG AlphaScanner.Data download_history(ticker=RHIM.NS, period=1y, interval=1d, use_cache=False)
2026-08-15 15:26:58,203 DEBUG AlphaScanner.Data download_history success for RHIM.NS rows=249 cols=['adj close', 'Close', 'High', 'Low', 'Open', 'Volume']
2026-08-15 15:26:58,205 DEBUG AlphaScanner.Data download_history(ticker=RITES.NS, period=1y, interval=1d, use_cache=False)
2026-08-15 15:26:58,362 DEBUG AlphaScanner.Data download_history success for RITES.NS rows=250 cols=['adj close', 'Close', 'High', 'Low', 'Open', 'Volume']
2026-08-15 15:26:58,365 DEBUG AlphaScanner.Data download_history(ticker=RKFORGE.NS, period=1y, interval=1d, use_cache=False)
2026-08-15 15:26:58,525 DEBUG AlphaScanner.Data download_history success for RKFORGE.NS rows=250 cols=['adj close', 'Close', 'High', 'Low', 'Open', 'Volume']
2026-08-15 15:26:58,527 DEBUG AlphaScanner.Data download_history(ticker=RPOWER.NS, period=1y, interval=1d, use_cache=False)
2026-08-15 15:26:58,679 DEBUG AlphaScanner.Data download_history success for RPOWER.NS rows=250 cols=['adj close', 'Close', 'High', 'Low', 'Open', 'Volume']
2026-08-15 15:26:58,685 DEBUG AlphaScanner.Data download_history(ticker=RVNL.NS, period=1y, interval=1d, use_cache=False)
2026-08-15 15:26:59,008 DEBUG AlphaScanner.Data download_history success for RVNL.NS rows=250 cols=['adj close', 'Close', 'High', 'Low', 'Open', 'Volume']
2026-08-15 15:26:59,011 DEBUG AlphaScanner.Data download_history(ticker=SAIL.NS, period=1y, interval=1d, use_cache=False)
2026-08-15 15:26:59,216 DEBUG AlphaScanner.Data download_history success for SAIL.NS rows=250 cols=['adj close', 'Close', 'High', 'Low', 'Open', 'Volume']
2026-08-15 15:26:59,218 DEBUG AlphaScanner.Data download_history(ticker=SAILIFE.NS, period=1y, interval=1d, use_cache=False)
2026-08-15 15:26:59,368 DEBUG AlphaScanner.Data download_history success for SAILIFE.NS rows=250 cols=['adj close', 'Close', 'High', 'Low', 'Open', 'Volume']
2026-08-15 15:26:59,374 DEBUG AlphaScanner.Data download_history(ticker=SAREGAMA.NS, period=1y, interval=1d, use_cache=False)
2026-08-15 15:26:59,726 DEBUG AlphaScanner.Data download_history success for SAREGAMA.NS rows=249 cols=['adj close', 'Close', 'High', 'Low', 'Open', 'Volume']
2026-08-15 15:26:59,729 DEBUG AlphaScanner.Data download_history(ticker=SBFC.NS, period=1y, interval=1d, use_cache=False)
2026-08-15 15:26:59,883 DEBUG AlphaScanner.Data download_history success for SBFC.NS rows=250 cols=['adj close', 'Close', 'High', 'Low', 'Open', 'Volume']
2026-08-15 15:26:59,886 DEBUG AlphaScanner.Data download_history(ticker=SBICARD.NS, period=1y, interval=1d, use_cache=False)
2026-08-15 15:27:00,021 DEBUG AlphaScanner.Data download_history success for SBICARD.NS rows=250 cols=['adj close', 'Close', 'High', 'Low', 'Open', 'Volume']
2026-08-15 15:27:00,023 DEBUG AlphaScanner.Data download_history(ticker=SBILIFE.NS, period=1y, interval=1d, use_cache=False)
2026-08-15 15:27:00,175 DEBUG AlphaScanner.Data download_history success for SBILIFE.NS rows=250 cols=['adj close', 'Close', 'High', 'Low', 'Open', 'Volume']
2026-08-15 15:27:00,178 DEBUG AlphaScanner.Data download_history(ticker=SBIN.NS, period=1y, interval=1d, use_cache=False)
2026-08-15 15:27:00,381 DEBUG AlphaScanner.Data download_history success for SBIN.NS rows=250 cols=['adj close', 'Close', 'High', 'Low', 'Open', 'Volume']
2026-08-15 15:27:00,385 DEBUG AlphaScanner.Data download_history(ticker=SCHNEIDER.NS, period=1y, interval=1d, use_cache=False)
2026-08-15 15:27:00,508 DEBUG AlphaScanner.Data download_history success for SCHNEIDER.NS rows=250 cols=['adj close', 'Close', 'High', 'Low', 'Open', 'Volume']
2026-08-15 15:27:00,509 DEBUG AlphaScanner.Data download_history(ticker=SCI.NS, period=1y, interval=1d, use_cache=False)
2026-08-15 15:27:00,663 DEBUG AlphaScanner.Data download_history success for SCI.NS rows=250 cols=['adj close', 'Close', 'High', 'Low', 'Open', 'Volume']
2026-08-15 15:27:00,666 DEBUG AlphaScanner.Data download_history(ticker=SHREECEM.NS, period=1y, interval=1d, use_cache=False)
2026-08-15 15:27:00,934 DEBUG AlphaScanner.Data download_history success for SHREECEM.NS rows=250 cols=['adj close', 'Close', 'High', 'Low', 'Open', 'Volume']
2026-08-15 15:27:00,936 DEBUG AlphaScanner.Data download_history(ticker=SHRIRAMFIN.NS, period=1y, interval=1d, use_cache=False)
2026-08-15 15:27:01,111 DEBUG AlphaScanner.Data download_history success for SHRIRAMFIN.NS rows=250 cols=['adj close', 'Close', 'High', 'Low', 'Open', 'Volume']
2026-08-15 15:27:01,115 DEBUG AlphaScanner.Data download_history(ticker=SHYAMMETL.NS, period=1y, interval=1d, use_cache=False)
2026-08-15 15:27:01,261 DEBUG AlphaScanner.Data download_history success for SHYAMMETL.NS rows=250 cols=['adj close', 'Close', 'High', 'Low', 'Open', 'Volume']
2026-08-15 15:27:01,266 DEBUG AlphaScanner.Data download_history(ticker=SIEMENS.NS, period=1y, interval=1d, use_cache=False)
2026-08-15 15:27:01,540 DEBUG AlphaScanner.Data download_history success for SIEMENS.NS rows=249 cols=['adj close', 'Close', 'High', 'Low', 'Open', 'Volume']
2026-08-15 15:27:01,543 DEBUG AlphaScanner.Data download_history(ticker=SIGNATURE.NS, period=1y, interval=1d, use_cache=False)
2026-08-15 15:27:01,714 DEBUG AlphaScanner.Data download_history success for SIGNATURE.NS rows=248 cols=['adj close', 'Close', 'High', 'Low', 'Open', 'Volume']
2026-08-15 15:27:01,723 DEBUG AlphaScanner.Data download_history(ticker=SOBHA.NS, period=1y, interval=1d, use_cache=False)
2026-08-15 15:27:02,059 DEBUG AlphaScanner.Data download_history success for SOBHA.NS rows=249 cols=['adj close', 'Close', 'High', 'Low', 'Open', 'Volume']
2026-08-15 15:27:02,062 DEBUG AlphaScanner.Data download_history(ticker=SOLARINDS.NS, period=1y, interval=1d, use_cache=False)
2026-08-15 15:27:02,255 DEBUG AlphaScanner.Data download_history success for SOLARINDS.NS rows=249 cols=['adj close', 'Close', 'High', 'Low', 'Open', 'Volume']
2026-08-15 15:27:02,259 DEBUG AlphaScanner.Data download_history(ticker=SONACOMS.NS, period=1y, interval=1d, use_cache=False)
2026-08-15 15:27:02,466 DEBUG AlphaScanner.Data download_history success for SONACOMS.NS rows=250 cols=['adj close', 'Close', 'High', 'Low', 'Open', 'Volume']
2026-08-15 15:27:02,472 DEBUG AlphaScanner.Data download_history(ticker=SONATSOFTW.NS, period=1y, interval=1d, use_cache=False)
2026-08-15 15:27:02,795 DEBUG AlphaScanner.Data download_history success for SONATSOFTW.NS rows=250 cols=['adj close', 'Close', 'High', 'Low', 'Open', 'Volume']
2026-08-15 15:27:02,802 DEBUG AlphaScanner.Data download_history(ticker=SPLPETRO.NS, period=1y, interval=1d, use_cache=False)
2026-08-15 15:27:03,010 DEBUG AlphaScanner.Data download_history success for SPLPETRO.NS rows=250 cols=['adj close', 'Close', 'High', 'Low', 'Open', 'Volume']
2026-08-15 15:27:03,022 DEBUG AlphaScanner.Data download_history(ticker=STARHEALTH.NS, period=1y, interval=1d, use_cache=False)
2026-08-15 15:27:03,293 DEBUG AlphaScanner.Data download_history success for STARHEALTH.NS rows=250 cols=['adj close', 'Close', 'High', 'Low', 'Open', 'Volume']
2026-08-15 15:27:03,297 DEBUG AlphaScanner.Data download_history(ticker=SUMICHEM.NS, period=1y, interval=1d, use_cache=False)
2026-08-15 15:27:03,454 DEBUG AlphaScanner.Data download_history success for SUMICHEM.NS rows=250 cols=['adj close', 'Close', 'High', 'Low', 'Open', 'Volume']
2026-08-15 15:27:03,459 DEBUG AlphaScanner.Data download_history(ticker=SUPREMEIND.NS, period=1y, interval=1d, use_cache=False)
2026-08-15 15:27:03,679 DEBUG AlphaScanner.Data download_history success for SUPREMEIND.NS rows=250 cols=['adj close', 'Close', 'High', 'Low', 'Open', 'Volume']
2026-08-15 15:27:03,690 DEBUG AlphaScanner.Data download_history(ticker=SUZLON.NS, period=1y, interval=1d, use_cache=False)
2026-08-15 15:27:03,870 DEBUG AlphaScanner.Data download_history success for SUZLON.NS rows=250 cols=['adj close', 'Close', 'High', 'Low', 'Open', 'Volume']
2026-08-15 15:27:03,875 DEBUG AlphaScanner.Data download_history(ticker=SWANCORP.NS, period=1y, interval=1d, use_cache=False)
2026-08-15 15:27:04,093 DEBUG AlphaScanner.Data download_history success for SWANCORP.NS rows=250 cols=['adj close', 'Close', 'High', 'Low', 'Open', 'Volume']
2026-08-15 15:27:04,101 DEBUG AlphaScanner.Data download_history(ticker=SWIGGY.NS, period=1y, interval=1d, use_cache=False)
2026-08-15 15:27:04,299 DEBUG AlphaScanner.Data download_history success for SWIGGY.NS rows=250 cols=['adj close', 'Close', 'High', 'Low', 'Open', 'Volume']
2026-08-15 15:27:04,309 DEBUG AlphaScanner.Data download_history(ticker=SYNGENE.NS, period=1y, interval=1d, use_cache=False)
2026-08-15 15:27:04,524 DEBUG AlphaScanner.Data download_history success for SYNGENE.NS rows=250 cols=['adj close', 'Close', 'High', 'Low', 'Open', 'Volume']
2026-08-15 15:27:04,526 DEBUG AlphaScanner.Data download_history(ticker=SYRMA.NS, period=1y, interval=1d, use_cache=False)
2026-08-15 15:27:04,676 DEBUG AlphaScanner.Data download_history success for SYRMA.NS rows=250 cols=['adj close', 'Close', 'High', 'Low', 'Open', 'Volume']
2026-08-15 15:27:04,681 DEBUG AlphaScanner.Data download_history(ticker=TARIL.NS, period=1y, interval=1d, use_cache=False)
2026-08-15 15:27:04,881 DEBUG AlphaScanner.Data download_history success for TARIL.NS rows=250 cols=['adj close', 'Close', 'High', 'Low', 'Open', 'Volume']
2026-08-15 15:27:04,899 DEBUG AlphaScanner.Data download_history(ticker=TATACHEM.NS, period=1y, interval=1d, use_cache=False)
2026-08-15 15:27:05,090 DEBUG AlphaScanner.Data download_history success for TATACHEM.NS rows=250 cols=['adj close', 'Close', 'High', 'Low', 'Open', 'Volume']
2026-08-15 15:27:05,092 DEBUG AlphaScanner.Data download_history(ticker=TATACOMM.NS, period=1y, interval=1d, use_cache=False)
2026-08-15 15:27:05,297 DEBUG AlphaScanner.Data download_history success for TATACOMM.NS rows=250 cols=['adj close', 'Close', 'High', 'Low', 'Open', 'Volume']
2026-08-15 15:27:05,305 DEBUG AlphaScanner.Data download_history(ticker=TATACONSUM.NS, period=1y, interval=1d, use_cache=False)
2026-08-15 15:27:05,563 DEBUG AlphaScanner.Data download_history success for TATACONSUM.NS rows=250 cols=['adj close', 'Close', 'High', 'Low', 'Open', 'Volume']
2026-08-15 15:27:05,567 DEBUG AlphaScanner.Data download_history(ticker=TATAELXSI.NS, period=1y, interval=1d, use_cache=False)
2026-08-15 15:27:05,741 DEBUG AlphaScanner.Data download_history success for TATAELXSI.NS rows=250 cols=['adj close', 'Close', 'High', 'Low', 'Open', 'Volume']
2026-08-15 15:27:05,748 DEBUG AlphaScanner.Data download_history(ticker=TATAINVEST.NS, period=1y, interval=1d, use_cache=False)
2026-08-15 15:27:05,996 DEBUG AlphaScanner.Data download_history success for TATAINVEST.NS rows=250 cols=['adj close', 'Close', 'High', 'Low', 'Open', 'Volume']
2026-08-15 15:27:06,001 DEBUG AlphaScanner.Data download_history(ticker=TATASTEEL.NS, period=1y, interval=1d, use_cache=False)
2026-08-15 15:27:06,414 DEBUG AlphaScanner.Data download_history success for TATASTEEL.NS rows=250 cols=['adj close', 'Close', 'High', 'Low', 'Open', 'Volume']
2026-08-15 15:27:06,421 DEBUG AlphaScanner.Data download_history(ticker=TATATECH.NS, period=1y, interval=1d, use_cache=False)
2026-08-15 15:27:06,641 DEBUG AlphaScanner.Data download_history success for TATATECH.NS rows=250 cols=['adj close', 'Close', 'High', 'Low', 'Open', 'Volume']
2026-08-15 15:27:06,651 DEBUG AlphaScanner.Data download_history(ticker=TBOTEK.NS, period=1y, interval=1d, use_cache=False)
2026-08-15 15:27:06,837 DEBUG AlphaScanner.Data download_history success for TBOTEK.NS rows=250 cols=['adj close', 'Close', 'High', 'Low', 'Open', 'Volume']
2026-08-15 15:27:06,850 DEBUG AlphaScanner.Data download_history(ticker=TECHM.NS, period=1y, interval=1d, use_cache=False)
2026-08-15 15:27:07,035 DEBUG AlphaScanner.Data download_history success for TECHM.NS rows=250 cols=['adj close', 'Close', 'High', 'Low', 'Open', 'Volume']
2026-08-15 15:27:07,039 DEBUG AlphaScanner.Data download_history(ticker=TECHNOE.NS, period=1y, interval=1d, use_cache=False)
2026-08-15 15:27:07,242 DEBUG AlphaScanner.Data download_history success for TECHNOE.NS rows=250 cols=['adj close', 'Close', 'High', 'Low', 'Open', 'Volume']
2026-08-15 15:27:07,248 DEBUG AlphaScanner.Data download_history(ticker=TEGA.NS, period=1y, interval=1d, use_cache=False)
2026-08-15 15:27:07,445 DEBUG AlphaScanner.Data download_history success for TEGA.NS rows=249 cols=['adj close', 'Close', 'High', 'Low', 'Open', 'Volume']
2026-08-15 15:27:07,455 DEBUG AlphaScanner.Data download_history(ticker=TEJASNET.NS, period=1y, interval=1d, use_cache=False)
2026-08-15 15:27:07,660 DEBUG AlphaScanner.Data download_history success for TEJASNET.NS rows=250 cols=['adj close', 'Close', 'High', 'Low', 'Open', 'Volume']
2026-08-15 15:27:07,665 DEBUG AlphaScanner.Data download_history(ticker=TENNIND.NS, period=1y, interval=1d, use_cache=False)
2026-08-15 15:27:07,833 DEBUG AlphaScanner.Data download_history success for TENNIND.NS rows=186 cols=['adj close', 'Close', 'High', 'Low', 'Open', 'Volume']
2026-08-15 15:27:07,845 DEBUG AlphaScanner.Data download_history(ticker=THERMAX.NS, period=1y, interval=1d, use_cache=False)
2026-08-15 15:27:08,058 DEBUG AlphaScanner.Data download_history success for THERMAX.NS rows=249 cols=['adj close', 'Close', 'High', 'Low', 'Open', 'Volume']
2026-08-15 15:27:08,065 DEBUG AlphaScanner.Data download_history(ticker=TIINDIA.NS, period=1y, interval=1d, use_cache=False)
2026-08-15 15:27:08,267 DEBUG AlphaScanner.Data download_history success for TIINDIA.NS rows=250 cols=['adj close', 'Close', 'High', 'Low', 'Open', 'Volume']
2026-08-15 15:27:08,274 DEBUG AlphaScanner.Data download_history(ticker=TITAGARH.NS, period=1y, interval=1d, use_cache=False)
2026-08-15 15:27:08,508 DEBUG AlphaScanner.Data download_history success for TITAGARH.NS rows=250 cols=['adj close', 'Close', 'High', 'Low', 'Open', 'Volume']
2026-08-15 15:27:08,522 DEBUG AlphaScanner.Data download_history(ticker=TMCV.NS, period=1y, interval=1d, use_cache=False)
2026-08-15 15:27:08,687 DEBUG AlphaScanner.Data download_history success for TMCV.NS rows=191 cols=['adj close', 'Close', 'High', 'Low', 'Open', 'Volume']
2026-08-15 15:27:08,692 DEBUG AlphaScanner.Data download_history(ticker=TMPV.NS, period=1y, interval=1d, use_cache=False)
2026-08-15 15:27:08,924 DEBUG AlphaScanner.Data download_history success for TMPV.NS rows=250 cols=['adj close', 'Close', 'High', 'Low', 'Open', 'Volume']
2026-08-15 15:27:08,934 DEBUG AlphaScanner.Data download_history(ticker=TORNTPHARM.NS, period=1y, interval=1d, use_cache=False)
2026-08-15 15:27:09,164 DEBUG AlphaScanner.Data download_history success for TORNTPHARM.NS rows=250 cols=['adj close', 'Close', 'High', 'Low', 'Open', 'Volume']
2026-08-15 15:27:09,174 DEBUG AlphaScanner.Data download_history(ticker=TORNTPOWER.NS, period=1y, interval=1d, use_cache=False)
2026-08-15 15:27:09,395 DEBUG AlphaScanner.Data download_history success for TORNTPOWER.NS rows=250 cols=['adj close', 'Close', 'High', 'Low', 'Open', 'Volume']
2026-08-15 15:27:09,402 DEBUG AlphaScanner.Data download_history(ticker=TRAVELFOOD.NS, period=1y, interval=1d, use_cache=False)
2026-08-15 15:27:09,558 DEBUG AlphaScanner.Data download_history success for TRAVELFOOD.NS rows=250 cols=['adj close', 'Close', 'High', 'Low', 'Open', 'Volume']
2026-08-15 15:27:09,568 DEBUG AlphaScanner.Data download_history(ticker=TRIDENT.NS, period=1y, interval=1d, use_cache=False)
2026-08-15 15:27:09,791 DEBUG AlphaScanner.Data download_history success for TRIDENT.NS rows=250 cols=['adj close', 'Close', 'High', 'Low', 'Open', 'Volume']
2026-08-15 15:27:09,798 DEBUG AlphaScanner.Data download_history(ticker=TRITURBINE.NS, period=1y, interval=1d, use_cache=False)
2026-08-15 15:27:10,201 DEBUG AlphaScanner.Data download_history success for TRITURBINE.NS rows=250 cols=['adj close', 'Close', 'High', 'Low', 'Open', 'Volume']
2026-08-15 15:27:10,206 DEBUG AlphaScanner.Data download_history(ticker=TTML.NS, period=1y, interval=1d, use_cache=False)
2026-08-15 15:27:10,495 DEBUG AlphaScanner.Data download_history success for TTML.NS rows=250 cols=['adj close', 'Close', 'High', 'Low', 'Open', 'Volume']
2026-08-15 15:27:10,573 DEBUG AlphaScanner.Engine Legacy scan reached evaluation phase after 81.64s
2026-08-15 15:27:10,723 DEBUG AlphaScanner.Engine Concatenated legacy data shape=(250, 3000)
2026-08-15 15:27:10,787 DEBUG AlphaScanner.Engine Post-align data shape=(246, 3000) benchmark_rows=246
2026-08-15 15:27:29,656 DEBUG AlphaScanner.Engine Legacy scan completed: hits=29 scanned=490 fail_counts={'trend_fail': 265, 'momentum_fail': 59, 'volume_fail': 0, 'breakout_fail': 71, 'rs_fail': 0, 'adx_fail': 1, 'liquidity_fail': 15, 'error_fail': 10}
2026-08-15 15:27:29,822 INFO AlphaScanner.Engine Legacy scan total elapsed 100.89s for universe=Nifty 500 timeframe=1d
2026-08-15 15:27:29,844 INFO AlphaScanner.Service Legacy scan finished in 100.91s for universe=Nifty 500 interval=1d scanner_type=Pre-Breakout
2026-08-15 15:27:29,845 DEBUG AlphaScanner.Service perform_fresh_scan completed: rows=29 stats_keys=['adx_fail', 'bank_nifty_change', 'bb_fail', 'breakout_fail', 'dii_net', 'error_fail', 'fakeout_trap', 'fii_net', 'liquidity_fail', 'macd_fail', 'market_bias', 'market_bias_score', 'market_breadth_50', 'market_health', 'momentum_fail', 'nifty_change', 'rs_fail', 'scanned', 'scanner_type', 'sector_sentiment', 'timeframe', 'trend_fail', 'trending_sectors', 'universe', 'universe_size', 'volume_fail']
2026-08-15 15:27:29,845 DEBUG AlphaScanner.Service perform_fresh_scan total elapsed=100.91s
2026-08-15 15:30:17,865 DEBUG AlphaScanner.UI.Scanner render_tab(scan_type=Pre-Breakout, universe=Total Market (Cap Focused), scan_mode=Entry Scanner, timeframe=1d, use_cache=False, run_scan=False)
2026-08-15 15:30:22,399 DEBUG AlphaScanner.UI.Scanner render_tab(scan_type=Pre-Breakout, universe=Total Market (Cap Focused), scan_mode=Entry Scanner, timeframe=1d, use_cache=False, run_scan=True)
2026-08-15 15:30:25,613 WARNING AlphaScanner Failed to fetch NSE CSV from https://www1.nseindia.com/content/indices/ind_nifty500list.csv after 3 attempts: HTTPSConnectionPool(host='www1.nseindia.com', port=443): Max retries exceeded with url: /content/indices/ind_nifty500list.csv (Caused by SSLError(SSLError(1, '[SSL: TLSV1_ALERT_INTERNAL_ERROR] tlsv1 alert internal error (_ssl.c:1145)')))
2026-08-15 15:30:29,384 WARNING AlphaScanner Failed to fetch NSE CSV from https://www1.nseindia.com/content/indices/ind_niftymicrocap250_list.csv after 3 attempts: HTTPSConnectionPool(host='www1.nseindia.com', port=443): Max retries exceeded with url: /content/indices/ind_niftymicrocap250_list.csv (Caused by SSLError(SSLError(1, '[SSL: TLSV1_ALERT_INTERNAL_ERROR] tlsv1 alert internal error (_ssl.c:1145)')))
2026-08-15 15:30:30,123 DEBUG AlphaScanner.UI.Scanner Starting fresh scan with min_cap=500 max_cap=20000 sector_map_size=752
2026-08-15 15:30:30,123 DEBUG AlphaScanner.Service perform_fresh_scan(scanner_type=Pre-Breakout, universe=Total Market (Cap Focused), timeframe=1d, scan_mode=Entry Scanner, use_cache=False, vol_thresh=0.6, rsi_min=35, rsi_max=70, dist_thresh=5.0, min_mkt_cap_cr=500, max_mkt_cap_cr=20000)
2026-08-15 15:30:30,124 DEBUG AlphaScanner.Service Routing to legacy breakout scanner with normalized timeframe=1d
2026-08-15 15:30:30,124 DEBUG AlphaScanner.Engine run_scanner(scanner_type=Pre-Breakout, universe=Total Market (Cap Focused), timeframe=1d, use_cache=False, incremental_fetch=False, vol_thresh=0.6, rsi_range=35-70, dist_thresh=5.0, min_cap=500, max_cap=20000)
2026-08-15 15:30:30,125 DEBUG AlphaScanner.Engine Resolved legacy universe 'Total Market (Cap Focused)' to 755 tickers
2026-08-15 15:30:30,125 INFO AlphaScanner.Engine Universe resolution finished in 0.00s for Total Market (Cap Focused)
2026-08-15 15:30:30,126 INFO AlphaScanner.Engine Prefiltering universe of 755 tickers by market cap (Min: 500 Cr, Max: 20000 Cr)...
2026-08-15 15:30:30,134 INFO AlphaScanner.Engine Prefetching missing metadata for 755 tickers...
2026-08-15 15:33:07,125 INFO AlphaScanner.Engine Market cap pre-filter reduced universe from 755 to 397 tickers.
2026-08-15 15:33:07,125 INFO AlphaScanner.Engine Market-cap prefilter finished in 157.00s and reduced universe to 397 tickers
2026-08-15 15:33:07,243 DEBUG AlphaScanner.Engine Loaded benchmark close series with 246 rows
2026-08-15 15:33:07,244 INFO AlphaScanner.Engine Benchmark download finished in 0.12s
2026-08-15 15:33:07,249 DEBUG AlphaScanner.Engine Metadata cache is up to date. Skipping prefetch.
2026-08-15 15:33:07,254 DEBUG AlphaScanner.Engine Metadata cache primed with 397 entries
2026-08-15 15:33:07,254 INFO AlphaScanner.Engine Metadata prefetch finished in 0.01s
2026-08-15 15:33:07,255 DEBUG AlphaScanner.Data download_history_batch(size=397, period=1y, interval=1d, use_cache=False, head=['AARTIDRUGS.NS', 'AARTIIND.NS', 'AARTIPHARM.NS', 'AAVAS.NS', 'ABDL.NS'])
2026-08-15 15:33:07,255 INFO AlphaScanner.Data download_history_batch fetching 40 live chunks with 10 workers (chunk_size=10).
2026-08-15 15:33:09,135 DEBUG AlphaScanner.Data No data for ticker ADVENZYMES.NS in batch result.
2026-08-15 15:33:09,135 DEBUG AlphaScanner.Data No data for ticker AEQUS.NS in batch result.
2026-08-15 15:33:09,135 DEBUG AlphaScanner.Data No data for ticker AFCONS.NS in batch result.
2026-08-15 15:33:09,135 DEBUG AlphaScanner.Data No data for ticker AGARWALEYE.NS in batch result.
2026-08-15 15:33:09,137 DEBUG AlphaScanner.Data No data for ticker AKUMS.NS in batch result.
2026-08-15 15:33:09,152 DEBUG AlphaScanner.Data No data for ticker ALIVUS.NS in batch result.
2026-08-15 15:33:09,153 DEBUG AlphaScanner.Data No data for ticker ALKYLAMINE.NS in batch result.
2026-08-15 15:33:09,153 DEBUG AlphaScanner.Data No data for ticker ALOKINDS.NS in batch result.
2026-08-15 15:33:09,153 DEBUG AlphaScanner.Data No data for ticker ANUP.NS in batch result.
2026-08-15 15:33:09,160 DEBUG AlphaScanner.Data No data for ticker BSOFT.NS in batch result.
2026-08-15 15:33:09,161 DEBUG AlphaScanner.Data No data for ticker CAMPUS.NS in batch result.
2026-08-15 15:33:09,163 DEBUG AlphaScanner.Data No data for ticker CAMS.NS in batch result.
2026-08-15 15:33:09,165 DEBUG AlphaScanner.Data No data for ticker CANFINHOME.NS in batch result.
2026-08-15 15:33:09,215 DEBUG AlphaScanner.Data No data for ticker CAPILLARY.NS in batch result.
2026-08-15 15:33:09,215 DEBUG AlphaScanner.Data No data for ticker CAPLIPOINT.NS in batch result.
2026-08-15 15:33:09,220 DEBUG AlphaScanner.Data No data for ticker CARTRADE.NS in batch result.
2026-08-15 15:33:09,247 DEBUG AlphaScanner.Data No data for ticker CASTROLIND.NS in batch result.
2026-08-15 15:33:09,247 DEBUG AlphaScanner.Data No data for ticker CCAVENUE.NS in batch result.
2026-08-15 15:33:09,254 DEBUG AlphaScanner.Data No data for ticker ANURAS.NS in batch result.
2026-08-15 15:33:09,255 DEBUG AlphaScanner.Data No data for ticker APLLTD.NS in batch result.
2026-08-15 15:33:09,259 DEBUG AlphaScanner.Data No data for ticker APTUS.NS in batch result.
2026-08-15 15:33:09,261 DEBUG AlphaScanner.Data No data for ticker ARE&M.NS in batch result.
2026-08-15 15:33:09,261 DEBUG AlphaScanner.Data No data for ticker ARVIND.NS in batch result.
2026-08-15 15:33:09,263 DEBUG AlphaScanner.Data No data for ticker ARVINDFASN.NS in batch result.
2026-08-15 15:33:09,263 DEBUG AlphaScanner.Data No data for ticker ASHAPURMIN.NS in batch result.
2026-08-15 15:33:09,264 DEBUG AlphaScanner.Data No data for ticker ASHOKA.NS in batch result.
2026-08-15 15:33:09,264 DEBUG AlphaScanner.Data No data for ticker ASKAUTOLTD.NS in batch result.
2026-08-15 15:33:09,359 DEBUG AlphaScanner.Data No data for ticker BAJAJELEC.NS in batch result.
2026-08-15 15:33:09,359 DEBUG AlphaScanner.Data No data for ticker BALAMINES.NS in batch result.
2026-08-15 15:33:09,363 DEBUG AlphaScanner.Data No data for ticker BALRAMCHIN.NS in batch result.
2026-08-15 15:33:09,363 DEBUG AlphaScanner.Data No data for ticker BALUFORGE.NS in batch result.
2026-08-15 15:33:09,363 DEBUG AlphaScanner.Data No data for ticker BANCOINDIA.NS in batch result.
2026-08-15 15:33:09,364 DEBUG AlphaScanner.Data No data for ticker BATAINDIA.NS in batch result.
2026-08-15 15:33:09,366 DEBUG AlphaScanner.Data No data for ticker BAYERCROP.NS in batch result.
2026-08-15 15:33:09,366 DEBUG AlphaScanner.Data No data for ticker BBOX.NS in batch result.
2026-08-15 15:33:09,366 DEBUG AlphaScanner.Data No data for ticker BBTC.NS in batch result.
2026-08-15 15:33:09,383 DEBUG AlphaScanner.Data No data for ticker BEML.NS in batch result.
2026-08-15 15:33:09,384 DEBUG AlphaScanner.Data No data for ticker BIKAJI.NS in batch result.
2026-08-15 15:33:09,384 DEBUG AlphaScanner.Data No data for ticker BIRLACORPN.NS in batch result.
2026-08-15 15:33:09,384 DEBUG AlphaScanner.Data No data for ticker BLACKBUCK.NS in batch result.
2026-08-15 15:33:09,385 DEBUG AlphaScanner.Data No data for ticker BLS.NS in batch result.
2026-08-15 15:33:09,385 DEBUG AlphaScanner.Data No data for ticker BLUEDART.NS in batch result.
2026-08-15 15:33:09,385 DEBUG AlphaScanner.Data No data for ticker BLUEJET.NS in batch result.
2026-08-15 15:33:09,385 DEBUG AlphaScanner.Data No data for ticker BLUESTONE.NS in batch result.
2026-08-15 15:33:09,387 DEBUG AlphaScanner.Data No data for ticker BRIGADE.NS in batch result.
2026-08-15 15:33:09,417 DEBUG AlphaScanner.Data No data for ticker DBL.NS in batch result.
2026-08-15 15:33:09,432 DEBUG AlphaScanner.Data No data for ticker DBREALTY.NS in batch result.
2026-08-15 15:33:09,437 DEBUG AlphaScanner.Data No data for ticker DCBBANK.NS in batch result.
2026-08-15 15:33:09,438 DEBUG AlphaScanner.Data No data for ticker DCMSHRIRAM.NS in batch result.
2026-08-15 15:33:09,445 DEBUG AlphaScanner.Data No data for ticker DEVYANI.NS in batch result.
2026-08-15 15:33:09,445 DEBUG AlphaScanner.Data No data for ticker DOMS.NS in batch result.
2026-08-15 15:33:09,445 DEBUG AlphaScanner.Data No data for ticker DYNAMATECH.NS in batch result.
2026-08-15 15:33:09,445 DEBUG AlphaScanner.Data No data for ticker ECLERX.NS in batch result.
2026-08-15 15:33:09,445 DEBUG AlphaScanner.Data No data for ticker EDELWEISS.NS in batch result.
2026-08-15 15:33:09,487 DEBUG AlphaScanner.Data No data for ticker CCL.NS in batch result.
2026-08-15 15:33:09,487 DEBUG AlphaScanner.Data No data for ticker CEATLTD.NS in batch result.
2026-08-15 15:33:09,487 DEBUG AlphaScanner.Data No data for ticker CELLO.NS in batch result.
2026-08-15 15:33:09,487 DEBUG AlphaScanner.Data No data for ticker CENTURYPLY.NS in batch result.
2026-08-15 15:33:09,488 DEBUG AlphaScanner.Data No data for ticker CERA.NS in batch result.
2026-08-15 15:33:09,488 DEBUG AlphaScanner.Data No data for ticker CHALET.NS in batch result.
2026-08-15 15:33:09,488 DEBUG AlphaScanner.Data No data for ticker CHAMBLFERT.NS in batch result.
2026-08-15 15:33:09,488 DEBUG AlphaScanner.Data No data for ticker CHENNPETRO.NS in batch result.
2026-08-15 15:33:09,505 DEBUG AlphaScanner.Data No data for ticker CIEINDIA.NS in batch result.
2026-08-15 15:33:09,914 DEBUG AlphaScanner.Data No data for ticker ASTRAMICRO.NS in batch result.
2026-08-15 15:33:09,914 DEBUG AlphaScanner.Data No data for ticker ATLANTAELE.NS in batch result.
2026-08-15 15:33:09,921 DEBUG AlphaScanner.Data No data for ticker ATUL.NS in batch result.
2026-08-15 15:33:09,922 DEBUG AlphaScanner.Data No data for ticker AURIONPRO.NS in batch result.
2026-08-15 15:33:09,923 DEBUG AlphaScanner.Data No data for ticker AVALON.NS in batch result.
2026-08-15 15:33:09,923 DEBUG AlphaScanner.Data No data for ticker AVANTIFEED.NS in batch result.
2026-08-15 15:33:09,935 DEBUG AlphaScanner.Data No data for ticker AZAD.NS in batch result.
2026-08-15 15:33:11,101 DEBUG AlphaScanner.Data No data for ticker FIRSTCRY.NS in batch result.
2026-08-15 15:33:11,114 DEBUG AlphaScanner.Data No data for ticker FSL.NS in batch result.
2026-08-15 15:33:11,116 DEBUG AlphaScanner.Data No data for ticker GAEL.NS in batch result.
2026-08-15 15:33:11,159 DEBUG AlphaScanner.Data No data for ticker GMMPFAUDLR.NS in batch result.
2026-08-15 15:33:11,181 DEBUG AlphaScanner.Data No data for ticker EIDPARRY.NS in batch result.
2026-08-15 15:33:11,184 DEBUG AlphaScanner.Data No data for ticker EIEL.NS in batch result.
2026-08-15 15:33:11,187 DEBUG AlphaScanner.Data No data for ticker EIHOTEL.NS in batch result.
2026-08-15 15:33:11,200 DEBUG AlphaScanner.Data No data for ticker ELECON.NS in batch result.
2026-08-15 15:33:11,205 DEBUG AlphaScanner.Data No data for ticker ELECTCAST.NS in batch result.
2026-08-15 15:33:11,208 DEBUG AlphaScanner.Data No data for ticker ELGIEQUIP.NS in batch result.
2026-08-15 15:33:11,209 DEBUG AlphaScanner.Data No data for ticker ELLEN.NS in batch result.
2026-08-15 15:33:11,214 DEBUG AlphaScanner.Data No data for ticker EMAMILTD.NS in batch result.
2026-08-15 15:33:11,214 DEBUG AlphaScanner.Data No data for ticker EMBDL.NS in batch result.
2026-08-15 15:33:11,235 DEBUG AlphaScanner.Data No data for ticker GRWRHITECH.NS in batch result.
2026-08-15 15:33:11,247 DEBUG AlphaScanner.Data No data for ticker HAPPSTMNDS.NS in batch result.
2026-08-15 15:33:11,249 DEBUG AlphaScanner.Data No data for ticker HBLENGINE.NS in batch result.
2026-08-15 15:33:11,250 DEBUG AlphaScanner.Data No data for ticker HCC.NS in batch result.
2026-08-15 15:33:11,258 DEBUG AlphaScanner.Data No data for ticker HCG.NS in batch result.
2026-08-15 15:33:11,258 DEBUG AlphaScanner.Data No data for ticker HEG.NS in batch result.
2026-08-15 15:33:11,258 DEBUG AlphaScanner.Data No data for ticker HEMIPROP.NS in batch result.
2026-08-15 15:33:11,287 DEBUG AlphaScanner.Data No data for ticker HERITGFOOD.NS in batch result.
2026-08-15 15:33:11,299 DEBUG AlphaScanner.Data No data for ticker HGINFRA.NS in batch result.
2026-08-15 15:33:11,316 DEBUG AlphaScanner.Data No data for ticker GPIL.NS in batch result.
2026-08-15 15:33:11,321 DEBUG AlphaScanner.Data No data for ticker GRAVITA.NS in batch result.
2026-08-15 15:33:11,322 DEBUG AlphaScanner.Data No data for ticker GREAVESCOT.NS in batch result.
2026-08-15 15:33:11,329 DEBUG AlphaScanner.Data No data for ticker EPL.NS in batch result.
2026-08-15 15:33:11,331 DEBUG AlphaScanner.Data No data for ticker ERIS.NS in batch result.
2026-08-15 15:33:11,336 DEBUG AlphaScanner.Data No data for ticker FEDFINA.NS in batch result.
2026-08-15 15:33:11,350 DEBUG AlphaScanner.Data No data for ticker IEX.NS in batch result.
2026-08-15 15:33:11,355 DEBUG AlphaScanner.Data No data for ticker IIFLCAPS.NS in batch result.
2026-08-15 15:33:11,358 DEBUG AlphaScanner.Data No data for ticker INDGN.NS in batch result.
2026-08-15 15:33:11,479 DEBUG AlphaScanner.Data No data for ticker JLHL.NS in batch result.
2026-08-15 15:33:11,479 DEBUG AlphaScanner.Data No data for ticker JMFINANCIL.NS in batch result.
2026-08-15 15:33:11,479 DEBUG AlphaScanner.Data No data for ticker JPPOWER.NS in batch result.
2026-08-15 15:33:11,479 DEBUG AlphaScanner.Data No data for ticker JSFB.NS in batch result.
2026-08-15 15:33:11,479 DEBUG AlphaScanner.Data No data for ticker JSLL.NS in batch result.
2026-08-15 15:33:11,482 DEBUG AlphaScanner.Data No data for ticker JSWDULUX.NS in batch result.
2026-08-15 15:33:11,482 DEBUG AlphaScanner.Data No data for ticker JUBLINGREA.NS in batch result.
2026-08-15 15:33:11,482 DEBUG AlphaScanner.Data No data for ticker JUBLPHARMA.NS in batch result.
2026-08-15 15:33:11,482 DEBUG AlphaScanner.Data No data for ticker JUSTDIAL.NS in batch result.
2026-08-15 15:33:11,517 DEBUG AlphaScanner.Data No data for ticker INDIASHLTR.NS in batch result.
2026-08-15 15:33:11,518 DEBUG AlphaScanner.Data No data for ticker INDIGOPNTS.NS in batch result.
2026-08-15 15:33:11,524 DEBUG AlphaScanner.Data No data for ticker INOXGREEN.NS in batch result.
2026-08-15 15:33:11,525 DEBUG AlphaScanner.Data No data for ticker INOXINDIA.NS in batch result.
2026-08-15 15:33:11,529 DEBUG AlphaScanner.Data No data for ticker INOXWIND.NS in batch result.
2026-08-15 15:33:11,529 DEBUG AlphaScanner.Data No data for ticker INTELLECT.NS in batch result.
2026-08-15 15:33:11,529 DEBUG AlphaScanner.Data No data for ticker IONEXCHANG.NS in batch result.
2026-08-15 15:33:11,529 DEBUG AlphaScanner.Data No data for ticker IRCON.NS in batch result.
2026-08-15 15:33:11,530 DEBUG AlphaScanner.Data No data for ticker IXIGO.NS in batch result.
2026-08-15 15:33:11,650 DEBUG AlphaScanner.Data No data for ticker J&KBANK.NS in batch result.
2026-08-15 15:33:11,665 DEBUG AlphaScanner.Data No data for ticker JAIBALAJI.NS in batch result.
2026-08-15 15:33:11,665 DEBUG AlphaScanner.Data No data for ticker JAINREC.NS in batch result.
2026-08-15 15:33:11,666 DEBUG AlphaScanner.Data No data for ticker JAMNAAUTO.NS in batch result.
2026-08-15 15:33:11,681 DEBUG AlphaScanner.Data No data for ticker JAYNECOIND.NS in batch result.
2026-08-15 15:33:11,682 DEBUG AlphaScanner.Data No data for ticker JBMA.NS in batch result.
2026-08-15 15:33:11,687 DEBUG AlphaScanner.Data No data for ticker JINDALSAW.NS in batch result.
2026-08-15 15:33:11,692 DEBUG AlphaScanner.Data No data for ticker JKPAPER.NS in batch result.
2026-08-15 15:33:11,692 DEBUG AlphaScanner.Data No data for ticker JKTYRE.NS in batch result.
2026-08-15 15:33:11,888 DEBUG AlphaScanner.Data No data for ticker JWL.NS in batch result.
2026-08-15 15:33:11,889 DEBUG AlphaScanner.Data No data for ticker JYOTHYLAB.NS in batch result.
2026-08-15 15:33:11,893 DEBUG AlphaScanner.Data No data for ticker JYOTICNC.NS in batch result.
2026-08-15 15:33:11,909 DEBUG AlphaScanner.Data No data for ticker KAJARIACER.NS in batch result.
2026-08-15 15:33:11,930 DEBUG AlphaScanner.Data No data for ticker KEC.NS in batch result.
2026-08-15 15:33:11,931 DEBUG AlphaScanner.Data No data for ticker KFINTECH.NS in batch result.
2026-08-15 15:33:11,932 DEBUG AlphaScanner.Data No data for ticker KIRLOSBROS.NS in batch result.
2026-08-15 15:33:11,932 DEBUG AlphaScanner.Data No data for ticker KIRLPNU.NS in batch result.
2026-08-15 15:33:11,932 DEBUG AlphaScanner.Data No data for ticker KITEX.NS in batch result.
2026-08-15 15:33:13,184 DEBUG AlphaScanner.Data No data for ticker MARKSANS.NS in batch result.
2026-08-15 15:33:13,186 DEBUG AlphaScanner.Data No data for ticker MASTEK.NS in batch result.
2026-08-15 15:33:13,187 DEBUG AlphaScanner.Data No data for ticker MEDPLUS.NS in batch result.
2026-08-15 15:33:13,233 DEBUG AlphaScanner.Data No data for ticker KNRCON.NS in batch result.
2026-08-15 15:33:13,246 DEBUG AlphaScanner.Data No data for ticker KSCL.NS in batch result.
2026-08-15 15:33:13,246 DEBUG AlphaScanner.Data No data for ticker KTKBANK.NS in batch result.
2026-08-15 15:33:13,254 DEBUG AlphaScanner.Data No data for ticker LLOYDSENGG.NS in batch result.
2026-08-15 15:33:13,255 DEBUG AlphaScanner.Data No data for ticker LLOYDSENT.NS in batch result.
2026-08-15 15:33:13,279 DEBUG AlphaScanner.Data No data for ticker LTFOODS.NS in batch result.
2026-08-15 15:33:13,279 DEBUG AlphaScanner.Data No data for ticker LUMAXTECH.NS in batch result.
2026-08-15 15:33:13,279 DEBUG AlphaScanner.Data No data for ticker LXCHEM.NS in batch result.
2026-08-15 15:33:13,279 DEBUG AlphaScanner.Data No data for ticker MAHSCOOTER.NS in batch result.
2026-08-15 15:33:13,279 DEBUG AlphaScanner.Data No data for ticker MAHSEAMLES.NS in batch result.
2026-08-15 15:33:13,279 DEBUG AlphaScanner.Data No data for ticker MANORAMA.NS in batch result.
2026-08-15 15:33:13,279 DEBUG AlphaScanner.Data No data for ticker MANYAVAR.NS in batch result.
2026-08-15 15:33:13,343 DEBUG AlphaScanner.Data No data for ticker PARADEEP.NS in batch result.
2026-08-15 15:33:13,346 DEBUG AlphaScanner.Data No data for ticker PARKHOSPS.NS in batch result.
2026-08-15 15:33:13,346 DEBUG AlphaScanner.Data No data for ticker PCBL.NS in batch result.
2026-08-15 15:33:13,346 DEBUG AlphaScanner.Data No data for ticker PCJEWELLER.NS in batch result.
2026-08-15 15:33:13,346 DEBUG AlphaScanner.Data No data for ticker PGEL.NS in batch result.
2026-08-15 15:33:13,347 DEBUG AlphaScanner.Data No data for ticker PGIL.NS in batch result.
2026-08-15 15:33:13,353 DEBUG AlphaScanner.Data No data for ticker PICCADIL.NS in batch result.
2026-08-15 15:33:13,353 DEBUG AlphaScanner.Data No data for ticker PINELABS.NS in batch result.
2026-08-15 15:33:13,353 DEBUG AlphaScanner.Data No data for ticker PNCINFRA.NS in batch result.
2026-08-15 15:33:13,353 DEBUG AlphaScanner.Data No data for ticker NIVABUPA.NS in batch result.
2026-08-15 15:33:13,353 DEBUG AlphaScanner.Data No data for ticker NSLNISP.NS in batch result.
2026-08-15 15:33:13,358 DEBUG AlphaScanner.Data No data for ticker NUVOCO.NS in batch result.
2026-08-15 15:33:13,367 DEBUG AlphaScanner.Data No data for ticker OLAELEC.NS in batch result.
2026-08-15 15:33:13,369 DEBUG AlphaScanner.Data No data for ticker OLECTRA.NS in batch result.
2026-08-15 15:33:13,383 DEBUG AlphaScanner.Data No data for ticker ONESOURCE.NS in batch result.
2026-08-15 15:33:13,383 DEBUG AlphaScanner.Data No data for ticker OPTIEMUS.NS in batch result.
2026-08-15 15:33:13,386 DEBUG AlphaScanner.Data No data for ticker ORKLAINDIA.NS in batch result.
2026-08-15 15:33:13,389 DEBUG AlphaScanner.Data No data for ticker OSWALPUMPS.NS in batch result.
2026-08-15 15:33:13,389 DEBUG AlphaScanner.Data No data for ticker MSTCLTD.NS in batch result.
2026-08-15 15:33:13,390 DEBUG AlphaScanner.Data No data for ticker NATCOPHARM.NS in batch result.
2026-08-15 15:33:13,474 DEBUG AlphaScanner.Data No data for ticker RBA.NS in batch result.
2026-08-15 15:33:13,477 DEBUG AlphaScanner.Data No data for ticker RCF.NS in batch result.
2026-08-15 15:33:13,480 DEBUG AlphaScanner.Data No data for ticker REDTAPE.NS in batch result.
2026-08-15 15:33:13,489 DEBUG AlphaScanner.Data No data for ticker RELAXO.NS in batch result.
2026-08-15 15:33:13,489 DEBUG AlphaScanner.Data No data for ticker RELIGARE.NS in batch result.
2026-08-15 15:33:13,507 DEBUG AlphaScanner.Data No data for ticker RENUKA.NS in batch result.
2026-08-15 15:33:13,508 DEBUG AlphaScanner.Data No data for ticker RHIM.NS in batch result.
2026-08-15 15:33:13,508 DEBUG AlphaScanner.Data No data for ticker RITES.NS in batch result.
2026-08-15 15:33:13,508 DEBUG AlphaScanner.Data No data for ticker RKFORGE.NS in batch result.
2026-08-15 15:33:13,590 DEBUG AlphaScanner.Data No data for ticker POLYMED.NS in batch result.
2026-08-15 15:33:13,591 DEBUG AlphaScanner.Data No data for ticker POWERMECH.NS in batch result.
2026-08-15 15:33:13,591 DEBUG AlphaScanner.Data No data for ticker PRAJIND.NS in batch result.
2026-08-15 15:33:13,591 DEBUG AlphaScanner.Data No data for ticker PRICOLLTD.NS in batch result.
2026-08-15 15:33:13,592 DEBUG AlphaScanner.Data No data for ticker PRIVISCL.NS in batch result.
2026-08-15 15:33:13,592 DEBUG AlphaScanner.Data No data for ticker PRSMJOHNSN.NS in batch result.
2026-08-15 15:33:13,592 DEBUG AlphaScanner.Data No data for ticker PRUDENT.NS in batch result.
2026-08-15 15:33:13,592 DEBUG AlphaScanner.Data No data for ticker PTC.NS in batch result.
2026-08-15 15:33:13,593 DEBUG AlphaScanner.Data No data for ticker PURVA.NS in batch result.
2026-08-15 15:33:13,654 DEBUG AlphaScanner.Data No data for ticker PVRINOX.NS in batch result.
2026-08-15 15:33:13,658 DEBUG AlphaScanner.Data No data for ticker QPOWER.NS in batch result.
2026-08-15 15:33:13,658 DEBUG AlphaScanner.Data No data for ticker QUESS.NS in batch result.
2026-08-15 15:33:13,658 DEBUG AlphaScanner.Data No data for ticker RAILTEL.NS in batch result.
2026-08-15 15:33:13,658 DEBUG AlphaScanner.Data No data for ticker RAIN.NS in batch result.
2026-08-15 15:33:13,658 DEBUG AlphaScanner.Data No data for ticker RAINBOW.NS in batch result.
2026-08-15 15:33:13,658 DEBUG AlphaScanner.Data No data for ticker RALLIS.NS in batch result.
2026-08-15 15:33:13,658 DEBUG AlphaScanner.Data No data for ticker RATEGAIN.NS in batch result.
2026-08-15 15:33:13,658 DEBUG AlphaScanner.Data No data for ticker RATNAMANI.NS in batch result.
2026-08-15 15:33:13,804 DEBUG AlphaScanner.Data No data for ticker ROUTE.NS in batch result.
2026-08-15 15:33:13,805 DEBUG AlphaScanner.Data No data for ticker RPOWER.NS in batch result.
2026-08-15 15:33:13,805 DEBUG AlphaScanner.Data No data for ticker RTNINDIA.NS in batch result.
2026-08-15 15:33:13,806 DEBUG AlphaScanner.Data No data for ticker RTNPOWER.NS in batch result.
2026-08-15 15:33:13,812 DEBUG AlphaScanner.Data No data for ticker SAATVIKGL.NS in batch result.
2026-08-15 15:33:13,816 DEBUG AlphaScanner.Data No data for ticker SAGILITY.NS in batch result.
2026-08-15 15:33:13,816 DEBUG AlphaScanner.Data No data for ticker SAMHI.NS in batch result.
2026-08-15 15:33:13,817 DEBUG AlphaScanner.Data No data for ticker SAMMAANCAP.NS in batch result.
2026-08-15 15:33:13,817 DEBUG AlphaScanner.Data No data for ticker SANDUMA.NS in batch result.
2026-08-15 15:33:16,026 DEBUG AlphaScanner.Data No data for ticker SKIPPER.NS in batch result.
2026-08-15 15:33:16,026 DEBUG AlphaScanner.Data No data for ticker SKYGOLD.NS in batch result.
2026-08-15 15:33:16,033 DEBUG AlphaScanner.Data No data for ticker TRIDENT.NS in batch result.
2026-08-15 15:33:16,136 DEBUG AlphaScanner.Data No data for ticker UTLSOLAR.NS in batch result.
2026-08-15 15:33:16,216 DEBUG AlphaScanner.Data No data for ticker SMLMAH.NS in batch result.
2026-08-15 15:33:16,219 DEBUG AlphaScanner.Data No data for ticker SOBHA.NS in batch result.
2026-08-15 15:33:16,394 DEBUG AlphaScanner.Data No data for ticker TECHNOE.NS in batch result.
2026-08-15 15:33:16,484 DEBUG AlphaScanner.Data No data for ticker SWSOLAR.NS in batch result.
2026-08-15 15:33:16,485 DEBUG AlphaScanner.Data No data for ticker SYNGENE.NS in batch result.
2026-08-15 15:33:16,485 DEBUG AlphaScanner.Data No data for ticker SANOFICONR.NS in batch result.
2026-08-15 15:33:16,495 DEBUG AlphaScanner.Data No data for ticker SAREGAMA.NS in batch result.
2026-08-15 15:33:16,616 DEBUG AlphaScanner.Data No data for ticker TIPSMUSIC.NS in batch result.
2026-08-15 15:33:16,663 DEBUG AlphaScanner.Data download_history_batch result count=177
2026-08-15 15:33:16,667 INFO AlphaScanner.Engine Batch history download finished in 9.41s for 397 tickers
2026-08-15 15:33:16,680 DEBUG AlphaScanner.Data download_history(ticker=ADVENZYMES.NS, period=1y, interval=1d, use_cache=False)
2026-08-15 15:33:16,840 DEBUG AlphaScanner.Data download_history success for ADVENZYMES.NS rows=250 cols=['adj close', 'Close', 'High', 'Low', 'Open', 'Volume']
2026-08-15 15:33:16,844 DEBUG AlphaScanner.Data download_history(ticker=AEQUS.NS, period=1y, interval=1d, use_cache=False)
2026-08-15 15:33:16,981 DEBUG AlphaScanner.Data download_history success for AEQUS.NS rows=171 cols=['adj close', 'Close', 'High', 'Low', 'Open', 'Volume']
2026-08-15 15:33:16,983 DEBUG AlphaScanner.Data download_history(ticker=AFCONS.NS, period=1y, interval=1d, use_cache=False)
2026-08-15 15:33:17,115 DEBUG AlphaScanner.Data download_history success for AFCONS.NS rows=250 cols=['adj close', 'Close', 'High', 'Low', 'Open', 'Volume']
2026-08-15 15:33:17,117 DEBUG AlphaScanner.Data download_history(ticker=AGARWALEYE.NS, period=1y, interval=1d, use_cache=False)
2026-08-15 15:33:17,255 DEBUG AlphaScanner.Data download_history success for AGARWALEYE.NS rows=248 cols=['adj close', 'Close', 'High', 'Low', 'Open', 'Volume']
2026-08-15 15:33:17,260 DEBUG AlphaScanner.Data download_history(ticker=AKUMS.NS, period=1y, interval=1d, use_cache=False)
2026-08-15 15:33:17,330 DEBUG AlphaScanner.Data download_history success for AKUMS.NS rows=248 cols=['adj close', 'Close', 'High', 'Low', 'Open', 'Volume']
2026-08-15 15:33:17,332 DEBUG AlphaScanner.Data download_history(ticker=ALIVUS.NS, period=1y, interval=1d, use_cache=False)
2026-08-15 15:33:17,468 DEBUG AlphaScanner.Data download_history success for ALIVUS.NS rows=249 cols=['adj close', 'Close', 'High', 'Low', 'Open', 'Volume']
2026-08-15 15:33:17,470 DEBUG AlphaScanner.Data download_history(ticker=ALKYLAMINE.NS, period=1y, interval=1d, use_cache=False)
2026-08-15 15:33:17,523 DEBUG AlphaScanner.Data download_history success for ALKYLAMINE.NS rows=250 cols=['adj close', 'Close', 'High', 'Low', 'Open', 'Volume']
2026-08-15 15:33:17,526 DEBUG AlphaScanner.Data download_history(ticker=ALOKINDS.NS, period=1y, interval=1d, use_cache=False)
2026-08-15 15:33:17,667 DEBUG AlphaScanner.Data download_history success for ALOKINDS.NS rows=250 cols=['adj close', 'Close', 'High', 'Low', 'Open', 'Volume']
2026-08-15 15:33:17,669 DEBUG AlphaScanner.Data download_history(ticker=ANUP.NS, period=1y, interval=1d, use_cache=False)
2026-08-15 15:33:17,828 DEBUG AlphaScanner.Data download_history success for ANUP.NS rows=249 cols=['adj close', 'Close', 'High', 'Low', 'Open', 'Volume']
2026-08-15 15:33:17,831 DEBUG AlphaScanner.Data download_history(ticker=ANURAS.NS, period=1y, interval=1d, use_cache=False)
2026-08-15 15:33:18,063 DEBUG AlphaScanner.Data download_history success for ANURAS.NS rows=249 cols=['adj close', 'Close', 'High', 'Low', 'Open', 'Volume']
2026-08-15 15:33:18,065 DEBUG AlphaScanner.Data download_history(ticker=APLLTD.NS, period=1y, interval=1d, use_cache=False)
2026-08-15 15:33:18,218 DEBUG AlphaScanner.Data download_history success for APLLTD.NS rows=250 cols=['adj close', 'Close', 'High', 'Low', 'Open', 'Volume']
2026-08-15 15:33:18,224 DEBUG AlphaScanner.Data download_history(ticker=APTUS.NS, period=1y, interval=1d, use_cache=False)
2026-08-15 15:33:18,409 DEBUG AlphaScanner.Data download_history success for APTUS.NS rows=250 cols=['adj close', 'Close', 'High', 'Low', 'Open', 'Volume']
2026-08-15 15:33:18,414 DEBUG AlphaScanner.Data download_history(ticker=ARE&M.NS, period=1y, interval=1d, use_cache=False)
2026-08-15 15:33:18,696 DEBUG AlphaScanner.Data download_history success for ARE&M.NS rows=250 cols=['adj close', 'Close', 'High', 'Low', 'Open', 'Volume']
2026-08-15 15:33:18,699 DEBUG AlphaScanner.Data download_history(ticker=ARVIND.NS, period=1y, interval=1d, use_cache=False)
2026-08-15 15:33:18,943 DEBUG AlphaScanner.Data download_history success for ARVIND.NS rows=250 cols=['adj close', 'Close', 'High', 'Low', 'Open', 'Volume']
2026-08-15 15:33:18,951 DEBUG AlphaScanner.Data download_history(ticker=ARVINDFASN.NS, period=1y, interval=1d, use_cache=False)
2026-08-15 15:33:19,181 DEBUG AlphaScanner.Data download_history success for ARVINDFASN.NS rows=250 cols=['adj close', 'Close', 'High', 'Low', 'Open', 'Volume']
2026-08-15 15:33:19,185 DEBUG AlphaScanner.Data download_history(ticker=ASHAPURMIN.NS, period=1y, interval=1d, use_cache=False)
2026-08-15 15:33:19,340 DEBUG AlphaScanner.Data download_history success for ASHAPURMIN.NS rows=250 cols=['adj close', 'Close', 'High', 'Low', 'Open', 'Volume']
2026-08-15 15:33:19,342 DEBUG AlphaScanner.Data download_history(ticker=ASHOKA.NS, period=1y, interval=1d, use_cache=False)
2026-08-15 15:33:19,524 DEBUG AlphaScanner.Data download_history success for ASHOKA.NS rows=250 cols=['adj close', 'Close', 'High', 'Low', 'Open', 'Volume']
2026-08-15 15:33:19,530 DEBUG AlphaScanner.Data download_history(ticker=ASKAUTOLTD.NS, period=1y, interval=1d, use_cache=False)
2026-08-15 15:33:19,813 DEBUG AlphaScanner.Data download_history success for ASKAUTOLTD.NS rows=250 cols=['adj close', 'Close', 'High', 'Low', 'Open', 'Volume']
2026-08-15 15:33:19,815 DEBUG AlphaScanner.Data download_history(ticker=ASTRAMICRO.NS, period=1y, interval=1d, use_cache=False)
2026-08-15 15:33:19,979 DEBUG AlphaScanner.Data download_history success for ASTRAMICRO.NS rows=250 cols=['adj close', 'Close', 'High', 'Low', 'Open', 'Volume']
2026-08-15 15:33:19,982 DEBUG AlphaScanner.Data download_history(ticker=ATLANTAELE.NS, period=1y, interval=1d, use_cache=False)
2026-08-15 15:33:20,110 DEBUG AlphaScanner.Data download_history success for ATLANTAELE.NS rows=219 cols=['adj close', 'Close', 'High', 'Low', 'Open', 'Volume']
2026-08-15 15:33:20,113 DEBUG AlphaScanner.Data download_history(ticker=ATUL.NS, period=1y, interval=1d, use_cache=False)
2026-08-15 15:33:20,264 DEBUG AlphaScanner.Data download_history success for ATUL.NS rows=250 cols=['adj close', 'Close', 'High', 'Low', 'Open', 'Volume']
2026-08-15 15:33:20,267 DEBUG AlphaScanner.Data download_history(ticker=AURIONPRO.NS, period=1y, interval=1d, use_cache=False)
2026-08-15 15:33:20,422 DEBUG AlphaScanner.Data download_history success for AURIONPRO.NS rows=250 cols=['adj close', 'Close', 'High', 'Low', 'Open', 'Volume']
2026-08-15 15:33:20,424 DEBUG AlphaScanner.Data download_history(ticker=AVALON.NS, period=1y, interval=1d, use_cache=False)
2026-08-15 15:33:20,549 DEBUG AlphaScanner.Data download_history success for AVALON.NS rows=250 cols=['adj close', 'Close', 'High', 'Low', 'Open', 'Volume']
2026-08-15 15:33:20,550 DEBUG AlphaScanner.Data download_history(ticker=AVANTIFEED.NS, period=1y, interval=1d, use_cache=False)
2026-08-15 15:33:20,814 DEBUG AlphaScanner.Data download_history success for AVANTIFEED.NS rows=249 cols=['adj close', 'Close', 'High', 'Low', 'Open', 'Volume']
2026-08-15 15:33:20,818 DEBUG AlphaScanner.Data download_history(ticker=AZAD.NS, period=1y, interval=1d, use_cache=False)
2026-08-15 15:33:20,955 DEBUG AlphaScanner.Data download_history success for AZAD.NS rows=250 cols=['adj close', 'Close', 'High', 'Low', 'Open', 'Volume']
2026-08-15 15:33:20,957 DEBUG AlphaScanner.Data download_history(ticker=BAJAJELEC.NS, period=1y, interval=1d, use_cache=False)
2026-08-15 15:33:21,096 DEBUG AlphaScanner.Data download_history success for BAJAJELEC.NS rows=250 cols=['adj close', 'Close', 'High', 'Low', 'Open', 'Volume']
2026-08-15 15:33:21,098 DEBUG AlphaScanner.Data download_history(ticker=BALAMINES.NS, period=1y, interval=1d, use_cache=False)
2026-08-15 15:33:21,246 DEBUG AlphaScanner.Data download_history success for BALAMINES.NS rows=250 cols=['adj close', 'Close', 'High', 'Low', 'Open', 'Volume']
2026-08-15 15:33:21,249 DEBUG AlphaScanner.Data download_history(ticker=BALRAMCHIN.NS, period=1y, interval=1d, use_cache=False)
2026-08-15 15:33:21,415 DEBUG AlphaScanner.Data download_history success for BALRAMCHIN.NS rows=250 cols=['adj close', 'Close', 'High', 'Low', 'Open', 'Volume']
2026-08-15 15:33:21,417 DEBUG AlphaScanner.Data download_history(ticker=BALUFORGE.NS, period=1y, interval=1d, use_cache=False)
2026-08-15 15:33:21,661 DEBUG AlphaScanner.Data download_history success for BALUFORGE.NS rows=250 cols=['adj close', 'Close', 'High', 'Low', 'Open', 'Volume']
2026-08-15 15:33:21,663 DEBUG AlphaScanner.Data download_history(ticker=BANCOINDIA.NS, period=1y, interval=1d, use_cache=False)
2026-08-15 15:33:21,815 DEBUG AlphaScanner.Data download_history success for BANCOINDIA.NS rows=249 cols=['adj close', 'Close', 'High', 'Low', 'Open', 'Volume']
2026-08-15 15:33:21,818 DEBUG AlphaScanner.Data download_history(ticker=BATAINDIA.NS, period=1y, interval=1d, use_cache=False)
2026-08-15 15:33:21,974 DEBUG AlphaScanner.Data download_history success for BATAINDIA.NS rows=250 cols=['adj close', 'Close', 'High', 'Low', 'Open', 'Volume']
2026-08-15 15:33:21,976 DEBUG AlphaScanner.Data download_history(ticker=BAYERCROP.NS, period=1y, interval=1d, use_cache=False)
2026-08-15 15:33:22,129 DEBUG AlphaScanner.Data download_history success for BAYERCROP.NS rows=250 cols=['adj close', 'Close', 'High', 'Low', 'Open', 'Volume']
2026-08-15 15:33:22,131 DEBUG AlphaScanner.Data download_history(ticker=BBOX.NS, period=1y, interval=1d, use_cache=False)
2026-08-15 15:33:22,288 DEBUG AlphaScanner.Data download_history success for BBOX.NS rows=250 cols=['adj close', 'Close', 'High', 'Low', 'Open', 'Volume']
2026-08-15 15:33:22,290 DEBUG AlphaScanner.Data download_history(ticker=BBTC.NS, period=1y, interval=1d, use_cache=False)
2026-08-15 15:33:22,438 DEBUG AlphaScanner.Data download_history success for BBTC.NS rows=250 cols=['adj close', 'Close', 'High', 'Low', 'Open', 'Volume']
2026-08-15 15:33:22,443 DEBUG AlphaScanner.Data download_history(ticker=BEML.NS, period=1y, interval=1d, use_cache=False)
2026-08-15 15:33:22,600 DEBUG AlphaScanner.Data download_history success for BEML.NS rows=250 cols=['adj close', 'Close', 'High', 'Low', 'Open', 'Volume']
2026-08-15 15:33:22,603 DEBUG AlphaScanner.Data download_history(ticker=BIKAJI.NS, period=1y, interval=1d, use_cache=False)
2026-08-15 15:33:22,731 DEBUG AlphaScanner.Data download_history success for BIKAJI.NS rows=249 cols=['adj close', 'Close', 'High', 'Low', 'Open', 'Volume']
2026-08-15 15:33:22,732 DEBUG AlphaScanner.Data download_history(ticker=BIRLACORPN.NS, period=1y, interval=1d, use_cache=False)
2026-08-15 15:33:22,885 DEBUG AlphaScanner.Data download_history success for BIRLACORPN.NS rows=249 cols=['adj close', 'Close', 'High', 'Low', 'Open', 'Volume']
2026-08-15 15:33:22,889 DEBUG AlphaScanner.Data download_history(ticker=BLACKBUCK.NS, period=1y, interval=1d, use_cache=False)
2026-08-15 15:33:23,016 DEBUG AlphaScanner.Data download_history success for BLACKBUCK.NS rows=250 cols=['adj close', 'Close', 'High', 'Low', 'Open', 'Volume']
2026-08-15 15:33:23,020 DEBUG AlphaScanner.Data download_history(ticker=BLS.NS, period=1y, interval=1d, use_cache=False)
2026-08-15 15:33:23,161 DEBUG AlphaScanner.Data download_history success for BLS.NS rows=250 cols=['adj close', 'Close', 'High', 'Low', 'Open', 'Volume']
2026-08-15 15:33:23,163 DEBUG AlphaScanner.Data download_history(ticker=BLUEDART.NS, period=1y, interval=1d, use_cache=False)
2026-08-15 15:33:23,422 DEBUG AlphaScanner.Data download_history success for BLUEDART.NS rows=250 cols=['adj close', 'Close', 'High', 'Low', 'Open', 'Volume']
2026-08-15 15:33:23,424 DEBUG AlphaScanner.Data download_history(ticker=BLUEJET.NS, period=1y, interval=1d, use_cache=False)
2026-08-15 15:33:23,623 DEBUG AlphaScanner.Data download_history success for BLUEJET.NS rows=250 cols=['adj close', 'Close', 'High', 'Low', 'Open', 'Volume']
2026-08-15 15:33:23,630 DEBUG AlphaScanner.Data download_history(ticker=BLUESTONE.NS, period=1y, interval=1d, use_cache=False)
2026-08-15 15:33:23,761 DEBUG AlphaScanner.Data download_history success for BLUESTONE.NS rows=247 cols=['adj close', 'Close', 'High', 'Low', 'Open', 'Volume']
2026-08-15 15:33:23,764 DEBUG AlphaScanner.Data download_history(ticker=BRIGADE.NS, period=1y, interval=1d, use_cache=False)
2026-08-15 15:33:23,915 DEBUG AlphaScanner.Data download_history success for BRIGADE.NS rows=250 cols=['adj close', 'Close', 'High', 'Low', 'Open', 'Volume']
2026-08-15 15:33:23,918 DEBUG AlphaScanner.Data download_history(ticker=BSOFT.NS, period=1y, interval=1d, use_cache=False)
2026-08-15 15:33:24,090 DEBUG AlphaScanner.Data download_history success for BSOFT.NS rows=250 cols=['adj close', 'Close', 'High', 'Low', 'Open', 'Volume']
2026-08-15 15:33:24,091 DEBUG AlphaScanner.Data download_history(ticker=CAMPUS.NS, period=1y, interval=1d, use_cache=False)
2026-08-15 15:33:24,212 DEBUG AlphaScanner.Data download_history success for CAMPUS.NS rows=250 cols=['adj close', 'Close', 'High', 'Low', 'Open', 'Volume']
2026-08-15 15:33:24,214 DEBUG AlphaScanner.Data download_history(ticker=CAMS.NS, period=1y, interval=1d, use_cache=False)
2026-08-15 15:33:24,363 DEBUG AlphaScanner.Data download_history success for CAMS.NS rows=250 cols=['adj close', 'Close', 'High', 'Low', 'Open', 'Volume']
2026-08-15 15:33:24,365 DEBUG AlphaScanner.Data download_history(ticker=CANFINHOME.NS, period=1y, interval=1d, use_cache=False)
2026-08-15 15:33:24,543 DEBUG AlphaScanner.Data download_history success for CANFINHOME.NS rows=250 cols=['adj close', 'Close', 'High', 'Low', 'Open', 'Volume']
2026-08-15 15:33:24,546 DEBUG AlphaScanner.Data download_history(ticker=CAPILLARY.NS, period=1y, interval=1d, use_cache=False)
2026-08-15 15:33:24,681 DEBUG AlphaScanner.Data download_history success for CAPILLARY.NS rows=184 cols=['adj close', 'Close', 'High', 'Low', 'Open', 'Volume']
2026-08-15 15:33:24,684 DEBUG AlphaScanner.Data download_history(ticker=CAPLIPOINT.NS, period=1y, interval=1d, use_cache=False)
2026-08-15 15:33:24,958 DEBUG AlphaScanner.Data download_history success for CAPLIPOINT.NS rows=249 cols=['adj close', 'Close', 'High', 'Low', 'Open', 'Volume']
2026-08-15 15:33:24,961 DEBUG AlphaScanner.Data download_history(ticker=CARTRADE.NS, period=1y, interval=1d, use_cache=False)
2026-08-15 15:33:25,082 DEBUG AlphaScanner.Data download_history success for CARTRADE.NS rows=250 cols=['adj close', 'Close', 'High', 'Low', 'Open', 'Volume']
2026-08-15 15:33:25,086 DEBUG AlphaScanner.Data download_history(ticker=CASTROLIND.NS, period=1y, interval=1d, use_cache=False)
2026-08-15 15:33:25,248 DEBUG AlphaScanner.Data download_history success for CASTROLIND.NS rows=250 cols=['adj close', 'Close', 'High', 'Low', 'Open', 'Volume']
2026-08-15 15:33:25,250 DEBUG AlphaScanner.Data download_history(ticker=CCAVENUE.NS, period=1y, interval=1d, use_cache=False)
2026-08-15 15:33:25,372 DEBUG AlphaScanner.Data download_history success for CCAVENUE.NS rows=250 cols=['adj close', 'Close', 'High', 'Low', 'Open', 'Volume']
2026-08-15 15:33:25,374 DEBUG AlphaScanner.Data download_history(ticker=CCL.NS, period=1y, interval=1d, use_cache=False)
2026-08-15 15:33:25,537 DEBUG AlphaScanner.Data download_history success for CCL.NS rows=250 cols=['adj close', 'Close', 'High', 'Low', 'Open', 'Volume']
2026-08-15 15:33:25,538 DEBUG AlphaScanner.Data download_history(ticker=CEATLTD.NS, period=1y, interval=1d, use_cache=False)
2026-08-15 15:33:25,719 DEBUG AlphaScanner.Data download_history success for CEATLTD.NS rows=250 cols=['adj close', 'Close', 'High', 'Low', 'Open', 'Volume']
2026-08-15 15:33:25,721 DEBUG AlphaScanner.Data download_history(ticker=CELLO.NS, period=1y, interval=1d, use_cache=False)
2026-08-15 15:33:25,852 DEBUG AlphaScanner.Data download_history success for CELLO.NS rows=248 cols=['adj close', 'Close', 'High', 'Low', 'Open', 'Volume']
2026-08-15 15:33:25,854 DEBUG AlphaScanner.Data download_history(ticker=CENTURYPLY.NS, period=1y, interval=1d, use_cache=False)
2026-08-15 15:33:26,032 DEBUG AlphaScanner.Data download_history success for CENTURYPLY.NS rows=249 cols=['adj close', 'Close', 'High', 'Low', 'Open', 'Volume']
2026-08-15 15:33:26,035 DEBUG AlphaScanner.Data download_history(ticker=CERA.NS, period=1y, interval=1d, use_cache=False)
2026-08-15 15:33:26,204 DEBUG AlphaScanner.Data download_history success for CERA.NS rows=249 cols=['adj close', 'Close', 'High', 'Low', 'Open', 'Volume']
2026-08-15 15:33:26,206 DEBUG AlphaScanner.Data download_history(ticker=CHALET.NS, period=1y, interval=1d, use_cache=False)
2026-08-15 15:33:26,493 DEBUG AlphaScanner.Data download_history success for CHALET.NS rows=250 cols=['adj close', 'Close', 'High', 'Low', 'Open', 'Volume']
2026-08-15 15:33:26,495 DEBUG AlphaScanner.Data download_history(ticker=CHAMBLFERT.NS, period=1y, interval=1d, use_cache=False)
2026-08-15 15:33:26,665 DEBUG AlphaScanner.Data download_history success for CHAMBLFERT.NS rows=250 cols=['adj close', 'Close', 'High', 'Low', 'Open', 'Volume']
2026-08-15 15:33:26,667 DEBUG AlphaScanner.Data download_history(ticker=CHENNPETRO.NS, period=1y, interval=1d, use_cache=False)
2026-08-15 15:33:26,843 DEBUG AlphaScanner.Data download_history success for CHENNPETRO.NS rows=250 cols=['adj close', 'Close', 'High', 'Low', 'Open', 'Volume']
2026-08-15 15:33:26,847 DEBUG AlphaScanner.Data download_history(ticker=CIEINDIA.NS, period=1y, interval=1d, use_cache=False)
2026-08-15 15:33:27,111 DEBUG AlphaScanner.Data download_history success for CIEINDIA.NS rows=248 cols=['adj close', 'Close', 'High', 'Low', 'Open', 'Volume']
2026-08-15 15:33:27,141 DEBUG AlphaScanner.Data download_history(ticker=DBL.NS, period=1y, interval=1d, use_cache=False)
2026-08-15 15:33:27,267 DEBUG AlphaScanner.Data download_history success for DBL.NS rows=248 cols=['adj close', 'Close', 'High', 'Low', 'Open', 'Volume']
2026-08-15 15:33:27,270 DEBUG AlphaScanner.Data download_history(ticker=DBREALTY.NS, period=1y, interval=1d, use_cache=False)
2026-08-15 15:33:27,509 DEBUG AlphaScanner.Data download_history success for DBREALTY.NS rows=250 cols=['adj close', 'Close', 'High', 'Low', 'Open', 'Volume']
2026-08-15 15:33:27,512 DEBUG AlphaScanner.Data download_history(ticker=DCBBANK.NS, period=1y, interval=1d, use_cache=False)
2026-08-15 15:33:27,651 DEBUG AlphaScanner.Data download_history success for DCBBANK.NS rows=250 cols=['adj close', 'Close', 'High', 'Low', 'Open', 'Volume']
2026-08-15 15:33:27,654 DEBUG AlphaScanner.Data download_history(ticker=DCMSHRIRAM.NS, period=1y, interval=1d, use_cache=False)
2026-08-15 15:33:27,791 DEBUG AlphaScanner.Data download_history success for DCMSHRIRAM.NS rows=249 cols=['adj close', 'Close', 'High', 'Low', 'Open', 'Volume']
2026-08-15 15:33:27,793 DEBUG AlphaScanner.Data download_history(ticker=DEVYANI.NS, period=1y, interval=1d, use_cache=False)
2026-08-15 15:33:27,915 DEBUG AlphaScanner.Data download_history success for DEVYANI.NS rows=250 cols=['adj close', 'Close', 'High', 'Low', 'Open', 'Volume']
2026-08-15 15:33:27,916 DEBUG AlphaScanner.Data download_history(ticker=DOMS.NS, period=1y, interval=1d, use_cache=False)
2026-08-15 15:33:28,071 DEBUG AlphaScanner.Data download_history success for DOMS.NS rows=249 cols=['adj close', 'Close', 'High', 'Low', 'Open', 'Volume']
2026-08-15 15:33:28,073 DEBUG AlphaScanner.Data download_history(ticker=DYNAMATECH.NS, period=1y, interval=1d, use_cache=False)
2026-08-15 15:33:28,236 DEBUG AlphaScanner.Data download_history success for DYNAMATECH.NS rows=249 cols=['adj close', 'Close', 'High', 'Low', 'Open', 'Volume']
2026-08-15 15:33:28,238 DEBUG AlphaScanner.Data download_history(ticker=ECLERX.NS, period=1y, interval=1d, use_cache=False)
2026-08-15 15:33:28,389 DEBUG AlphaScanner.Data download_history success for ECLERX.NS rows=250 cols=['adj close', 'Close', 'High', 'Low', 'Open', 'Volume']
2026-08-15 15:33:28,390 DEBUG AlphaScanner.Data download_history(ticker=EDELWEISS.NS, period=1y, interval=1d, use_cache=False)
2026-08-15 15:33:28,531 DEBUG AlphaScanner.Data download_history success for EDELWEISS.NS rows=250 cols=['adj close', 'Close', 'High', 'Low', 'Open', 'Volume']
2026-08-15 15:33:28,534 DEBUG AlphaScanner.Data download_history(ticker=EIDPARRY.NS, period=1y, interval=1d, use_cache=False)
2026-08-15 15:33:28,690 DEBUG AlphaScanner.Data download_history success for EIDPARRY.NS rows=249 cols=['adj close', 'Close', 'High', 'Low', 'Open', 'Volume']
2026-08-15 15:33:28,692 DEBUG AlphaScanner.Data download_history(ticker=EIEL.NS, period=1y, interval=1d, use_cache=False)
2026-08-15 15:33:28,932 DEBUG AlphaScanner.Data download_history success for EIEL.NS rows=250 cols=['adj close', 'Close', 'High', 'Low', 'Open', 'Volume']
2026-08-15 15:33:28,935 DEBUG AlphaScanner.Data download_history(ticker=EIHOTEL.NS, period=1y, interval=1d, use_cache=False)
2026-08-15 15:33:29,171 DEBUG AlphaScanner.Data download_history success for EIHOTEL.NS rows=250 cols=['adj close', 'Close', 'High', 'Low', 'Open', 'Volume']
2026-08-15 15:33:29,175 DEBUG AlphaScanner.Data download_history(ticker=ELECON.NS, period=1y, interval=1d, use_cache=False)
2026-08-15 15:33:29,320 DEBUG AlphaScanner.Data download_history success for ELECON.NS rows=250 cols=['adj close', 'Close', 'High', 'Low', 'Open', 'Volume']
2026-08-15 15:33:29,323 DEBUG AlphaScanner.Data download_history(ticker=ELECTCAST.NS, period=1y, interval=1d, use_cache=False)
2026-08-15 15:33:29,641 DEBUG AlphaScanner.Data download_history success for ELECTCAST.NS rows=250 cols=['adj close', 'Close', 'High', 'Low', 'Open', 'Volume']
2026-08-15 15:33:29,643 DEBUG AlphaScanner.Data download_history(ticker=ELGIEQUIP.NS, period=1y, interval=1d, use_cache=False)
2026-08-15 15:33:29,818 DEBUG AlphaScanner.Data download_history success for ELGIEQUIP.NS rows=250 cols=['adj close', 'Close', 'High', 'Low', 'Open', 'Volume']
2026-08-15 15:33:29,821 DEBUG AlphaScanner.Data download_history(ticker=ELLEN.NS, period=1y, interval=1d, use_cache=False)
2026-08-15 15:33:29,948 DEBUG AlphaScanner.Data download_history success for ELLEN.NS rows=249 cols=['adj close', 'Close', 'High', 'Low', 'Open', 'Volume']
2026-08-15 15:33:29,952 DEBUG AlphaScanner.Data download_history(ticker=EMAMILTD.NS, period=1y, interval=1d, use_cache=False)
2026-08-15 15:33:30,103 DEBUG AlphaScanner.Data download_history success for EMAMILTD.NS rows=250 cols=['adj close', 'Close', 'High', 'Low', 'Open', 'Volume']
2026-08-15 15:33:30,105 DEBUG AlphaScanner.Data download_history(ticker=EMBDL.NS, period=1y, interval=1d, use_cache=False)
2026-08-15 15:33:30,226 DEBUG AlphaScanner.Data download_history success for EMBDL.NS rows=250 cols=['adj close', 'Close', 'High', 'Low', 'Open', 'Volume']
2026-08-15 15:33:30,230 DEBUG AlphaScanner.Data download_history(ticker=EPL.NS, period=1y, interval=1d, use_cache=False)
2026-08-15 15:33:30,561 DEBUG AlphaScanner.Data download_history success for EPL.NS rows=249 cols=['adj close', 'Close', 'High', 'Low', 'Open', 'Volume']
2026-08-15 15:33:30,564 DEBUG AlphaScanner.Data download_history(ticker=ERIS.NS, period=1y, interval=1d, use_cache=False)
2026-08-15 15:33:30,704 DEBUG AlphaScanner.Data download_history success for ERIS.NS rows=248 cols=['adj close', 'Close', 'High', 'Low', 'Open', 'Volume']
2026-08-15 15:33:30,707 DEBUG AlphaScanner.Data download_history(ticker=FEDFINA.NS, period=1y, interval=1d, use_cache=False)
2026-08-15 15:33:30,824 DEBUG AlphaScanner.Data download_history success for FEDFINA.NS rows=250 cols=['adj close', 'Close', 'High', 'Low', 'Open', 'Volume']
2026-08-15 15:33:30,828 DEBUG AlphaScanner.Data download_history(ticker=FIRSTCRY.NS, period=1y, interval=1d, use_cache=False)
2026-08-15 15:33:30,950 DEBUG AlphaScanner.Data download_history success for FIRSTCRY.NS rows=250 cols=['adj close', 'Close', 'High', 'Low', 'Open', 'Volume']
2026-08-15 15:33:30,952 DEBUG AlphaScanner.Data download_history(ticker=FSL.NS, period=1y, interval=1d, use_cache=False)
2026-08-15 15:33:31,086 DEBUG AlphaScanner.Data download_history success for FSL.NS rows=250 cols=['adj close', 'Close', 'High', 'Low', 'Open', 'Volume']
2026-08-15 15:33:31,088 DEBUG AlphaScanner.Data download_history(ticker=GAEL.NS, period=1y, interval=1d, use_cache=False)
2026-08-15 15:33:31,246 DEBUG AlphaScanner.Data download_history success for GAEL.NS rows=250 cols=['adj close', 'Close', 'High', 'Low', 'Open', 'Volume']
2026-08-15 15:33:31,251 DEBUG AlphaScanner.Data download_history(ticker=GMMPFAUDLR.NS, period=1y, interval=1d, use_cache=False)
2026-08-15 15:33:31,519 DEBUG AlphaScanner.Data download_history success for GMMPFAUDLR.NS rows=249 cols=['adj close', 'Close', 'High', 'Low', 'Open', 'Volume']
2026-08-15 15:33:31,524 DEBUG AlphaScanner.Data download_history(ticker=GPIL.NS, period=1y, interval=1d, use_cache=False)
2026-08-15 15:33:31,715 DEBUG AlphaScanner.Data download_history success for GPIL.NS rows=250 cols=['adj close', 'Close', 'High', 'Low', 'Open', 'Volume']
2026-08-15 15:33:31,720 DEBUG AlphaScanner.Data download_history(ticker=GRAVITA.NS, period=1y, interval=1d, use_cache=False)
2026-08-15 15:33:31,880 DEBUG AlphaScanner.Data download_history success for GRAVITA.NS rows=250 cols=['adj close', 'Close', 'High', 'Low', 'Open', 'Volume']
2026-08-15 15:33:31,882 DEBUG AlphaScanner.Data download_history(ticker=GREAVESCOT.NS, period=1y, interval=1d, use_cache=False)
2026-08-15 15:33:32,057 DEBUG AlphaScanner.Data download_history success for GREAVESCOT.NS rows=250 cols=['adj close', 'Close', 'High', 'Low', 'Open', 'Volume']
2026-08-15 15:33:32,059 DEBUG AlphaScanner.Data download_history(ticker=GRWRHITECH.NS, period=1y, interval=1d, use_cache=False)
2026-08-15 15:33:32,285 DEBUG AlphaScanner.Data download_history success for GRWRHITECH.NS rows=250 cols=['adj close', 'Close', 'High', 'Low', 'Open', 'Volume']
2026-08-15 15:33:32,287 DEBUG AlphaScanner.Data download_history(ticker=HAPPSTMNDS.NS, period=1y, interval=1d, use_cache=False)
2026-08-15 15:33:32,479 DEBUG AlphaScanner.Data download_history success for HAPPSTMNDS.NS rows=250 cols=['adj close', 'Close', 'High', 'Low', 'Open', 'Volume']
2026-08-15 15:33:32,480 DEBUG AlphaScanner.Data download_history(ticker=HBLENGINE.NS, period=1y, interval=1d, use_cache=False)
2026-08-15 15:33:32,651 DEBUG AlphaScanner.Data download_history success for HBLENGINE.NS rows=250 cols=['adj close', 'Close', 'High', 'Low', 'Open', 'Volume']
2026-08-15 15:33:32,653 DEBUG AlphaScanner.Data download_history(ticker=HCC.NS, period=1y, interval=1d, use_cache=False)
2026-08-15 15:33:32,813 DEBUG AlphaScanner.Data download_history success for HCC.NS rows=250 cols=['adj close', 'Close', 'High', 'Low', 'Open', 'Volume']
2026-08-15 15:33:32,815 DEBUG AlphaScanner.Data download_history(ticker=HCG.NS, period=1y, interval=1d, use_cache=False)
2026-08-15 15:33:32,947 DEBUG AlphaScanner.Data download_history success for HCG.NS rows=250 cols=['adj close', 'Close', 'High', 'Low', 'Open', 'Volume']
2026-08-15 15:33:32,951 DEBUG AlphaScanner.Data download_history(ticker=HEG.NS, period=1y, interval=1d, use_cache=False)
2026-08-15 15:33:33,227 DEBUG AlphaScanner.Data download_history success for HEG.NS rows=250 cols=['adj close', 'Close', 'High', 'Low', 'Open', 'Volume']
2026-08-15 15:33:33,228 DEBUG AlphaScanner.Data download_history(ticker=HEMIPROP.NS, period=1y, interval=1d, use_cache=False)
2026-08-15 15:33:33,358 DEBUG AlphaScanner.Data download_history success for HEMIPROP.NS rows=250 cols=['adj close', 'Close', 'High', 'Low', 'Open', 'Volume']
2026-08-15 15:33:33,361 DEBUG AlphaScanner.Data download_history(ticker=HERITGFOOD.NS, period=1y, interval=1d, use_cache=False)
2026-08-15 15:33:33,605 DEBUG AlphaScanner.Data download_history success for HERITGFOOD.NS rows=250 cols=['adj close', 'Close', 'High', 'Low', 'Open', 'Volume']
2026-08-15 15:33:33,607 DEBUG AlphaScanner.Data download_history(ticker=HGINFRA.NS, period=1y, interval=1d, use_cache=False)
2026-08-15 15:33:33,751 DEBUG AlphaScanner.Data download_history success for HGINFRA.NS rows=250 cols=['adj close', 'Close', 'High', 'Low', 'Open', 'Volume']
2026-08-15 15:33:33,755 DEBUG AlphaScanner.Data download_history(ticker=IEX.NS, period=1y, interval=1d, use_cache=False)
2026-08-15 15:33:33,903 DEBUG AlphaScanner.Data download_history success for IEX.NS rows=250 cols=['adj close', 'Close', 'High', 'Low', 'Open', 'Volume']
2026-08-15 15:33:33,907 DEBUG AlphaScanner.Data download_history(ticker=IIFLCAPS.NS, period=1y, interval=1d, use_cache=False)
2026-08-15 15:33:34,165 DEBUG AlphaScanner.Data download_history success for IIFLCAPS.NS rows=250 cols=['adj close', 'Close', 'High', 'Low', 'Open', 'Volume']
2026-08-15 15:33:34,169 DEBUG AlphaScanner.Data download_history(ticker=INDGN.NS, period=1y, interval=1d, use_cache=False)
2026-08-15 15:33:34,312 DEBUG AlphaScanner.Data download_history success for INDGN.NS rows=250 cols=['adj close', 'Close', 'High', 'Low', 'Open', 'Volume']
2026-08-15 15:33:34,318 DEBUG AlphaScanner.Data download_history(ticker=INDIASHLTR.NS, period=1y, interval=1d, use_cache=False)
2026-08-15 15:33:34,464 DEBUG AlphaScanner.Data download_history success for INDIASHLTR.NS rows=248 cols=['adj close', 'Close', 'High', 'Low', 'Open', 'Volume']
2026-08-15 15:33:34,466 DEBUG AlphaScanner.Data download_history(ticker=INDIGOPNTS.NS, period=1y, interval=1d, use_cache=False)
2026-08-15 15:33:34,777 DEBUG AlphaScanner.Data download_history success for INDIGOPNTS.NS rows=250 cols=['adj close', 'Close', 'High', 'Low', 'Open', 'Volume']
2026-08-15 15:33:34,780 DEBUG AlphaScanner.Data download_history(ticker=INOXGREEN.NS, period=1y, interval=1d, use_cache=False)
2026-08-15 15:33:34,915 DEBUG AlphaScanner.Data download_history success for INOXGREEN.NS rows=250 cols=['adj close', 'Close', 'High', 'Low', 'Open', 'Volume']
2026-08-15 15:33:34,918 DEBUG AlphaScanner.Data download_history(ticker=INOXINDIA.NS, period=1y, interval=1d, use_cache=False)
2026-08-15 15:33:35,071 DEBUG AlphaScanner.Data download_history success for INOXINDIA.NS rows=249 cols=['adj close', 'Close', 'High', 'Low', 'Open', 'Volume']
2026-08-15 15:33:35,074 DEBUG AlphaScanner.Data download_history(ticker=INOXWIND.NS, period=1y, interval=1d, use_cache=False)
2026-08-15 15:33:35,231 DEBUG AlphaScanner.Data download_history success for INOXWIND.NS rows=250 cols=['adj close', 'Close', 'High', 'Low', 'Open', 'Volume']
2026-08-15 15:33:35,234 DEBUG AlphaScanner.Data download_history(ticker=INTELLECT.NS, period=1y, interval=1d, use_cache=False)
2026-08-15 15:33:35,358 DEBUG AlphaScanner.Data download_history success for INTELLECT.NS rows=250 cols=['adj close', 'Close', 'High', 'Low', 'Open', 'Volume']
2026-08-15 15:33:35,360 DEBUG AlphaScanner.Data download_history(ticker=IONEXCHANG.NS, period=1y, interval=1d, use_cache=False)
2026-08-15 15:33:35,496 DEBUG AlphaScanner.Data download_history success for IONEXCHANG.NS rows=249 cols=['adj close', 'Close', 'High', 'Low', 'Open', 'Volume']
2026-08-15 15:33:35,499 DEBUG AlphaScanner.Data download_history(ticker=IRCON.NS, period=1y, interval=1d, use_cache=False)
2026-08-15 15:33:35,640 DEBUG AlphaScanner.Data download_history success for IRCON.NS rows=250 cols=['adj close', 'Close', 'High', 'Low', 'Open', 'Volume']
2026-08-15 15:33:35,642 DEBUG AlphaScanner.Data download_history(ticker=IXIGO.NS, period=1y, interval=1d, use_cache=False)
2026-08-15 15:33:36,209 DEBUG AlphaScanner.Data download_history success for IXIGO.NS rows=250 cols=['adj close', 'Close', 'High', 'Low', 'Open', 'Volume']
2026-08-15 15:33:36,211 DEBUG AlphaScanner.Data download_history(ticker=J&KBANK.NS, period=1y, interval=1d, use_cache=False)
2026-08-15 15:33:36,392 DEBUG AlphaScanner.Data download_history success for J&KBANK.NS rows=250 cols=['adj close', 'Close', 'High', 'Low', 'Open', 'Volume']
2026-08-15 15:33:36,395 DEBUG AlphaScanner.Data download_history(ticker=JAIBALAJI.NS, period=1y, interval=1d, use_cache=False)
2026-08-15 15:33:36,543 DEBUG AlphaScanner.Data download_history success for JAIBALAJI.NS rows=250 cols=['adj close', 'Close', 'High', 'Low', 'Open', 'Volume']
2026-08-15 15:33:36,546 DEBUG AlphaScanner.Data download_history(ticker=JAINREC.NS, period=1y, interval=1d, use_cache=False)
2026-08-15 15:33:36,825 DEBUG AlphaScanner.Data download_history success for JAINREC.NS rows=216 cols=['adj close', 'Close', 'High', 'Low', 'Open', 'Volume']
2026-08-15 15:33:36,827 DEBUG AlphaScanner.Data download_history(ticker=JAMNAAUTO.NS, period=1y, interval=1d, use_cache=False)
2026-08-15 15:33:36,993 DEBUG AlphaScanner.Data download_history success for JAMNAAUTO.NS rows=250 cols=['adj close', 'Close', 'High', 'Low', 'Open', 'Volume']
2026-08-15 15:33:36,995 DEBUG AlphaScanner.Data download_history(ticker=JAYNECOIND.NS, period=1y, interval=1d, use_cache=False)
2026-08-15 15:33:37,109 DEBUG AlphaScanner.Data download_history success for JAYNECOIND.NS rows=250 cols=['adj close', 'Close', 'High', 'Low', 'Open', 'Volume']
2026-08-15 15:33:37,111 DEBUG AlphaScanner.Data download_history(ticker=JBMA.NS, period=1y, interval=1d, use_cache=False)
2026-08-15 15:33:37,422 DEBUG AlphaScanner.Data download_history success for JBMA.NS rows=250 cols=['adj close', 'Close', 'High', 'Low', 'Open', 'Volume']
2026-08-15 15:33:37,424 DEBUG AlphaScanner.Data download_history(ticker=JINDALSAW.NS, period=1y, interval=1d, use_cache=False)
2026-08-15 15:33:37,579 DEBUG AlphaScanner.Data download_history success for JINDALSAW.NS rows=250 cols=['adj close', 'Close', 'High', 'Low', 'Open', 'Volume']
2026-08-15 15:33:37,582 DEBUG AlphaScanner.Data download_history(ticker=JKPAPER.NS, period=1y, interval=1d, use_cache=False)
2026-08-15 15:33:37,718 DEBUG AlphaScanner.Data download_history success for JKPAPER.NS rows=249 cols=['adj close', 'Close', 'High', 'Low', 'Open', 'Volume']
2026-08-15 15:33:37,720 DEBUG AlphaScanner.Data download_history(ticker=JKTYRE.NS, period=1y, interval=1d, use_cache=False)
2026-08-15 15:33:37,872 DEBUG AlphaScanner.Data download_history success for JKTYRE.NS rows=250 cols=['adj close', 'Close', 'High', 'Low', 'Open', 'Volume']
2026-08-15 15:33:37,874 DEBUG AlphaScanner.Data download_history(ticker=JLHL.NS, period=1y, interval=1d, use_cache=False)
2026-08-15 15:33:38,007 DEBUG AlphaScanner.Data download_history success for JLHL.NS rows=250 cols=['adj close', 'Close', 'High', 'Low', 'Open', 'Volume']
2026-08-15 15:33:38,009 DEBUG AlphaScanner.Data download_history(ticker=JMFINANCIL.NS, period=1y, interval=1d, use_cache=False)
2026-08-15 15:33:38,160 DEBUG AlphaScanner.Data download_history success for JMFINANCIL.NS rows=250 cols=['adj close', 'Close', 'High', 'Low', 'Open', 'Volume']
2026-08-15 15:33:38,162 DEBUG AlphaScanner.Data download_history(ticker=JPPOWER.NS, period=1y, interval=1d, use_cache=False)
2026-08-15 15:33:38,298 DEBUG AlphaScanner.Data download_history success for JPPOWER.NS rows=250 cols=['adj close', 'Close', 'High', 'Low', 'Open', 'Volume']
2026-08-15 15:33:38,301 DEBUG AlphaScanner.Data download_history(ticker=JSFB.NS, period=1y, interval=1d, use_cache=False)
2026-08-15 15:33:38,424 DEBUG AlphaScanner.Data download_history success for JSFB.NS rows=250 cols=['adj close', 'Close', 'High', 'Low', 'Open', 'Volume']
2026-08-15 15:33:38,427 DEBUG AlphaScanner.Data download_history(ticker=JSLL.NS, period=1y, interval=1d, use_cache=False)
2026-08-15 15:33:38,756 DEBUG AlphaScanner.Data download_history success for JSLL.NS rows=250 cols=['adj close', 'Close', 'High', 'Low', 'Open', 'Volume']
2026-08-15 15:33:38,759 DEBUG AlphaScanner.Data download_history(ticker=JSWDULUX.NS, period=1y, interval=1d, use_cache=False)
2026-08-15 15:33:38,930 DEBUG AlphaScanner.Data download_history success for JSWDULUX.NS rows=250 cols=['adj close', 'Close', 'High', 'Low', 'Open', 'Volume']
2026-08-15 15:33:38,932 DEBUG AlphaScanner.Data download_history(ticker=JUBLINGREA.NS, period=1y, interval=1d, use_cache=False)
2026-08-15 15:33:39,074 DEBUG AlphaScanner.Data download_history success for JUBLINGREA.NS rows=250 cols=['adj close', 'Close', 'High', 'Low', 'Open', 'Volume']
2026-08-15 15:33:39,076 DEBUG AlphaScanner.Data download_history(ticker=JUBLPHARMA.NS, period=1y, interval=1d, use_cache=False)
2026-08-15 15:33:39,279 DEBUG AlphaScanner.Data download_history success for JUBLPHARMA.NS rows=249 cols=['adj close', 'Close', 'High', 'Low', 'Open', 'Volume']
2026-08-15 15:33:39,283 DEBUG AlphaScanner.Data download_history(ticker=JUSTDIAL.NS, period=1y, interval=1d, use_cache=False)
2026-08-15 15:33:39,571 DEBUG AlphaScanner.Data download_history success for JUSTDIAL.NS rows=250 cols=['adj close', 'Close', 'High', 'Low', 'Open', 'Volume']
2026-08-15 15:33:39,573 DEBUG AlphaScanner.Data download_history(ticker=JWL.NS, period=1y, interval=1d, use_cache=False)
2026-08-15 15:33:39,694 DEBUG AlphaScanner.Data download_history success for JWL.NS rows=250 cols=['adj close', 'Close', 'High', 'Low', 'Open', 'Volume']
2026-08-15 15:33:39,696 DEBUG AlphaScanner.Data download_history(ticker=JYOTHYLAB.NS, period=1y, interval=1d, use_cache=False)
2026-08-15 15:33:39,989 DEBUG AlphaScanner.Data download_history success for JYOTHYLAB.NS rows=250 cols=['adj close', 'Close', 'High', 'Low', 'Open', 'Volume']
2026-08-15 15:33:39,991 DEBUG AlphaScanner.Data download_history(ticker=JYOTICNC.NS, period=1y, interval=1d, use_cache=False)
2026-08-15 15:33:40,107 DEBUG AlphaScanner.Data download_history success for JYOTICNC.NS rows=250 cols=['adj close', 'Close', 'High', 'Low', 'Open', 'Volume']
2026-08-15 15:33:40,109 DEBUG AlphaScanner.Data download_history(ticker=KAJARIACER.NS, period=1y, interval=1d, use_cache=False)
2026-08-15 15:33:40,244 DEBUG AlphaScanner.Data download_history success for KAJARIACER.NS rows=250 cols=['adj close', 'Close', 'High', 'Low', 'Open', 'Volume']
2026-08-15 15:33:40,247 DEBUG AlphaScanner.Data download_history(ticker=KEC.NS, period=1y, interval=1d, use_cache=False)
2026-08-15 15:33:40,458 DEBUG AlphaScanner.Data download_history success for KEC.NS rows=250 cols=['adj close', 'Close', 'High', 'Low', 'Open', 'Volume']
2026-08-15 15:33:40,459 DEBUG AlphaScanner.Data download_history(ticker=KFINTECH.NS, period=1y, interval=1d, use_cache=False)
2026-08-15 15:33:40,593 DEBUG AlphaScanner.Data download_history success for KFINTECH.NS rows=250 cols=['adj close', 'Close', 'High', 'Low', 'Open', 'Volume']
2026-08-15 15:33:40,595 DEBUG AlphaScanner.Data download_history(ticker=KIRLOSBROS.NS, period=1y, interval=1d, use_cache=False)
2026-08-15 15:33:40,903 DEBUG AlphaScanner.Data download_history success for KIRLOSBROS.NS rows=250 cols=['adj close', 'Close', 'High', 'Low', 'Open', 'Volume']
2026-08-15 15:33:40,905 DEBUG AlphaScanner.Data download_history(ticker=KIRLPNU.NS, period=1y, interval=1d, use_cache=False)
2026-08-15 15:33:41,048 DEBUG AlphaScanner.Data download_history success for KIRLPNU.NS rows=249 cols=['adj close', 'Close', 'High', 'Low', 'Open', 'Volume']
2026-08-15 15:33:41,050 DEBUG AlphaScanner.Data download_history(ticker=KITEX.NS, period=1y, interval=1d, use_cache=False)
2026-08-15 15:33:41,212 DEBUG AlphaScanner.Data download_history success for KITEX.NS rows=250 cols=['adj close', 'Close', 'High', 'Low', 'Open', 'Volume']
2026-08-15 15:33:41,215 DEBUG AlphaScanner.Data download_history(ticker=KNRCON.NS, period=1y, interval=1d, use_cache=False)
2026-08-15 15:33:41,380 DEBUG AlphaScanner.Data download_history success for KNRCON.NS rows=250 cols=['adj close', 'Close', 'High', 'Low', 'Open', 'Volume']
2026-08-15 15:33:41,388 DEBUG AlphaScanner.Data download_history(ticker=KSCL.NS, period=1y, interval=1d, use_cache=False)
2026-08-15 15:33:41,558 DEBUG AlphaScanner.Data download_history success for KSCL.NS rows=249 cols=['adj close', 'Close', 'High', 'Low', 'Open', 'Volume']
2026-08-15 15:33:41,560 DEBUG AlphaScanner.Data download_history(ticker=KTKBANK.NS, period=1y, interval=1d, use_cache=False)
2026-08-15 15:33:41,724 DEBUG AlphaScanner.Data download_history success for KTKBANK.NS rows=250 cols=['adj close', 'Close', 'High', 'Low', 'Open', 'Volume']
2026-08-15 15:33:41,729 DEBUG AlphaScanner.Data download_history(ticker=LLOYDSENGG.NS, period=1y, interval=1d, use_cache=False)
2026-08-15 15:33:41,879 DEBUG AlphaScanner.Data download_history success for LLOYDSENGG.NS rows=250 cols=['adj close', 'Close', 'High', 'Low', 'Open', 'Volume']
2026-08-15 15:33:41,881 DEBUG AlphaScanner.Data download_history(ticker=LLOYDSENT.NS, period=1y, interval=1d, use_cache=False)
2026-08-15 15:33:42,041 DEBUG AlphaScanner.Data download_history success for LLOYDSENT.NS rows=249 cols=['adj close', 'Close', 'High', 'Low', 'Open', 'Volume']
2026-08-15 15:33:42,044 DEBUG AlphaScanner.Data download_history(ticker=LTFOODS.NS, period=1y, interval=1d, use_cache=False)
2026-08-15 15:33:42,179 DEBUG AlphaScanner.Data download_history success for LTFOODS.NS rows=250 cols=['adj close', 'Close', 'High', 'Low', 'Open', 'Volume']
2026-08-15 15:33:42,180 DEBUG AlphaScanner.Data download_history(ticker=LUMAXTECH.NS, period=1y, interval=1d, use_cache=False)
2026-08-15 15:33:42,566 DEBUG AlphaScanner.Data download_history success for LUMAXTECH.NS rows=249 cols=['adj close', 'Close', 'High', 'Low', 'Open', 'Volume']
2026-08-15 15:33:42,568 DEBUG AlphaScanner.Data download_history(ticker=LXCHEM.NS, period=1y, interval=1d, use_cache=False)
2026-08-15 15:33:42,729 DEBUG AlphaScanner.Data download_history success for LXCHEM.NS rows=250 cols=['adj close', 'Close', 'High', 'Low', 'Open', 'Volume']
2026-08-15 15:33:42,731 DEBUG AlphaScanner.Data download_history(ticker=MAHSCOOTER.NS, period=1y, interval=1d, use_cache=False)
2026-08-15 15:33:42,974 DEBUG AlphaScanner.Data download_history success for MAHSCOOTER.NS rows=249 cols=['adj close', 'Close', 'High', 'Low', 'Open', 'Volume']
2026-08-15 15:33:42,976 DEBUG AlphaScanner.Data download_history(ticker=MAHSEAMLES.NS, period=1y, interval=1d, use_cache=False)
2026-08-15 15:33:43,146 DEBUG AlphaScanner.Data download_history success for MAHSEAMLES.NS rows=250 cols=['adj close', 'Close', 'High', 'Low', 'Open', 'Volume']
2026-08-15 15:33:43,148 DEBUG AlphaScanner.Data download_history(ticker=MANORAMA.NS, period=1y, interval=1d, use_cache=False)
2026-08-15 15:33:43,303 DEBUG AlphaScanner.Data download_history success for MANORAMA.NS rows=250 cols=['adj close', 'Close', 'High', 'Low', 'Open', 'Volume']
2026-08-15 15:33:43,305 DEBUG AlphaScanner.Data download_history(ticker=MANYAVAR.NS, period=1y, interval=1d, use_cache=False)
2026-08-15 15:33:43,455 DEBUG AlphaScanner.Data download_history success for MANYAVAR.NS rows=249 cols=['adj close', 'Close', 'High', 'Low', 'Open', 'Volume']
2026-08-15 15:33:43,458 DEBUG AlphaScanner.Data download_history(ticker=MARKSANS.NS, period=1y, interval=1d, use_cache=False)
2026-08-15 15:33:43,768 DEBUG AlphaScanner.Data download_history success for MARKSANS.NS rows=250 cols=['adj close', 'Close', 'High', 'Low', 'Open', 'Volume']
2026-08-15 15:33:43,770 DEBUG AlphaScanner.Data download_history(ticker=MASTEK.NS, period=1y, interval=1d, use_cache=False)
2026-08-15 15:33:43,958 DEBUG AlphaScanner.Data download_history success for MASTEK.NS rows=250 cols=['adj close', 'Close', 'High', 'Low', 'Open', 'Volume']
2026-08-15 15:33:43,960 DEBUG AlphaScanner.Data download_history(ticker=MEDPLUS.NS, period=1y, interval=1d, use_cache=False)
2026-08-15 15:33:44,147 DEBUG AlphaScanner.Data download_history success for MEDPLUS.NS rows=248 cols=['adj close', 'Close', 'High', 'Low', 'Open', 'Volume']
2026-08-15 15:33:44,157 DEBUG AlphaScanner.Data download_history(ticker=MSTCLTD.NS, period=1y, interval=1d, use_cache=False)
2026-08-15 15:33:44,317 DEBUG AlphaScanner.Data download_history success for MSTCLTD.NS rows=250 cols=['adj close', 'Close', 'High', 'Low', 'Open', 'Volume']
2026-08-15 15:33:44,320 DEBUG AlphaScanner.Data download_history(ticker=NATCOPHARM.NS, period=1y, interval=1d, use_cache=False)
2026-08-15 15:33:44,494 DEBUG AlphaScanner.Data download_history success for NATCOPHARM.NS rows=250 cols=['adj close', 'Close', 'High', 'Low', 'Open', 'Volume']
2026-08-15 15:33:44,503 DEBUG AlphaScanner.Data download_history(ticker=NIVABUPA.NS, period=1y, interval=1d, use_cache=False)
2026-08-15 15:33:44,653 DEBUG AlphaScanner.Data download_history success for NIVABUPA.NS rows=249 cols=['adj close', 'Close', 'High', 'Low', 'Open', 'Volume']
2026-08-15 15:33:44,656 DEBUG AlphaScanner.Data download_history(ticker=NSLNISP.NS, period=1y, interval=1d, use_cache=False)
2026-08-15 15:33:44,804 DEBUG AlphaScanner.Data download_history success for NSLNISP.NS rows=250 cols=['adj close', 'Close', 'High', 'Low', 'Open', 'Volume']
2026-08-15 15:33:44,807 DEBUG AlphaScanner.Data download_history(ticker=NUVOCO.NS, period=1y, interval=1d, use_cache=False)
2026-08-15 15:33:45,118 DEBUG AlphaScanner.Data download_history success for NUVOCO.NS rows=250 cols=['adj close', 'Close', 'High', 'Low', 'Open', 'Volume']
2026-08-15 15:33:45,120 DEBUG AlphaScanner.Data download_history(ticker=OLAELEC.NS, period=1y, interval=1d, use_cache=False)
2026-08-15 15:33:45,269 DEBUG AlphaScanner.Data download_history success for OLAELEC.NS rows=250 cols=['adj close', 'Close', 'High', 'Low', 'Open', 'Volume']
2026-08-15 15:33:45,272 DEBUG AlphaScanner.Data download_history(ticker=OLECTRA.NS, period=1y, interval=1d, use_cache=False)
2026-08-15 15:33:45,447 DEBUG AlphaScanner.Data download_history success for OLECTRA.NS rows=250 cols=['adj close', 'Close', 'High', 'Low', 'Open', 'Volume']
2026-08-15 15:33:45,449 DEBUG AlphaScanner.Data download_history(ticker=ONESOURCE.NS, period=1y, interval=1d, use_cache=False)
2026-08-15 15:33:45,599 DEBUG AlphaScanner.Data download_history success for ONESOURCE.NS rows=250 cols=['adj close', 'Close', 'High', 'Low', 'Open', 'Volume']
2026-08-15 15:33:45,602 DEBUG AlphaScanner.Data download_history(ticker=OPTIEMUS.NS, period=1y, interval=1d, use_cache=False)
2026-08-15 15:33:45,758 DEBUG AlphaScanner.Data download_history success for OPTIEMUS.NS rows=249 cols=['adj close', 'Close', 'High', 'Low', 'Open', 'Volume']
2026-08-15 15:33:45,763 DEBUG AlphaScanner.Data download_history(ticker=ORKLAINDIA.NS, period=1y, interval=1d, use_cache=False)
2026-08-15 15:33:45,920 DEBUG AlphaScanner.Data download_history success for ORKLAINDIA.NS rows=195 cols=['adj close', 'Close', 'High', 'Low', 'Open', 'Volume']
2026-08-15 15:33:45,924 DEBUG AlphaScanner.Data download_history(ticker=OSWALPUMPS.NS, period=1y, interval=1d, use_cache=False)
2026-08-15 15:33:46,096 DEBUG AlphaScanner.Data download_history success for OSWALPUMPS.NS rows=250 cols=['adj close', 'Close', 'High', 'Low', 'Open', 'Volume']
2026-08-15 15:33:46,100 DEBUG AlphaScanner.Data download_history(ticker=PARADEEP.NS, period=1y, interval=1d, use_cache=False)
2026-08-15 15:33:46,253 DEBUG AlphaScanner.Data download_history success for PARADEEP.NS rows=250 cols=['adj close', 'Close', 'High', 'Low', 'Open', 'Volume']
2026-08-15 15:33:46,257 DEBUG AlphaScanner.Data download_history(ticker=PARKHOSPS.NS, period=1y, interval=1d, use_cache=False)
2026-08-15 15:33:46,423 DEBUG AlphaScanner.Data download_history success for PARKHOSPS.NS rows=166 cols=['adj close', 'Close', 'High', 'Low', 'Open', 'Volume']
2026-08-15 15:33:46,426 DEBUG AlphaScanner.Data download_history(ticker=PCBL.NS, period=1y, interval=1d, use_cache=False)
2026-08-15 15:33:46,664 DEBUG AlphaScanner.Data download_history success for PCBL.NS rows=250 cols=['adj close', 'Close', 'High', 'Low', 'Open', 'Volume']
2026-08-15 15:33:46,667 DEBUG AlphaScanner.Data download_history(ticker=PCJEWELLER.NS, period=1y, interval=1d, use_cache=False)
2026-08-15 15:33:46,814 DEBUG AlphaScanner.Data download_history success for PCJEWELLER.NS rows=250 cols=['adj close', 'Close', 'High', 'Low', 'Open', 'Volume']
2026-08-15 15:33:46,817 DEBUG AlphaScanner.Data download_history(ticker=PGEL.NS, period=1y, interval=1d, use_cache=False)
2026-08-15 15:33:47,073 DEBUG AlphaScanner.Data download_history success for PGEL.NS rows=250 cols=['adj close', 'Close', 'High', 'Low', 'Open', 'Volume']
2026-08-15 15:33:47,076 DEBUG AlphaScanner.Data download_history(ticker=PGIL.NS, period=1y, interval=1d, use_cache=False)
2026-08-15 15:33:47,278 DEBUG AlphaScanner.Data download_history success for PGIL.NS rows=249 cols=['adj close', 'Close', 'High', 'Low', 'Open', 'Volume']
2026-08-15 15:33:47,280 DEBUG AlphaScanner.Data download_history(ticker=PICCADIL.NS, period=1y, interval=1d, use_cache=False)
2026-08-15 15:33:47,415 DEBUG AlphaScanner.Data download_history success for PICCADIL.NS rows=250 cols=['adj close', 'Close', 'High', 'Low', 'Open', 'Volume']
2026-08-15 15:33:47,417 DEBUG AlphaScanner.Data download_history(ticker=PINELABS.NS, period=1y, interval=1d, use_cache=False)
2026-08-15 15:33:47,609 DEBUG AlphaScanner.Data download_history success for PINELABS.NS rows=189 cols=['adj close', 'Close', 'High', 'Low', 'Open', 'Volume']
2026-08-15 15:33:47,613 DEBUG AlphaScanner.Data download_history(ticker=PNCINFRA.NS, period=1y, interval=1d, use_cache=False)
2026-08-15 15:33:47,774 DEBUG AlphaScanner.Data download_history success for PNCINFRA.NS rows=250 cols=['adj close', 'Close', 'High', 'Low', 'Open', 'Volume']
2026-08-15 15:33:47,778 DEBUG AlphaScanner.Data download_history(ticker=POLYMED.NS, period=1y, interval=1d, use_cache=False)
2026-08-15 15:33:47,946 DEBUG AlphaScanner.Data download_history success for POLYMED.NS rows=250 cols=['adj close', 'Close', 'High', 'Low', 'Open', 'Volume']
2026-08-15 15:33:47,948 DEBUG AlphaScanner.Data download_history(ticker=POWERMECH.NS, period=1y, interval=1d, use_cache=False)
2026-08-15 15:33:48,301 DEBUG AlphaScanner.Data download_history success for POWERMECH.NS rows=249 cols=['adj close', 'Close', 'High', 'Low', 'Open', 'Volume']
2026-08-15 15:33:48,303 DEBUG AlphaScanner.Data download_history(ticker=PRAJIND.NS, period=1y, interval=1d, use_cache=False)
2026-08-15 15:33:48,478 DEBUG AlphaScanner.Data download_history success for PRAJIND.NS rows=250 cols=['adj close', 'Close', 'High', 'Low', 'Open', 'Volume']
2026-08-15 15:33:48,480 DEBUG AlphaScanner.Data download_history(ticker=PRICOLLTD.NS, period=1y, interval=1d, use_cache=False)
2026-08-15 15:33:48,633 DEBUG AlphaScanner.Data download_history success for PRICOLLTD.NS rows=249 cols=['adj close', 'Close', 'High', 'Low', 'Open', 'Volume']
2026-08-15 15:33:48,635 DEBUG AlphaScanner.Data download_history(ticker=PRIVISCL.NS, period=1y, interval=1d, use_cache=False)
2026-08-15 15:33:49,019 DEBUG AlphaScanner.Data download_history success for PRIVISCL.NS rows=249 cols=['adj close', 'Close', 'High', 'Low', 'Open', 'Volume']
2026-08-15 15:33:49,022 DEBUG AlphaScanner.Data download_history(ticker=PRSMJOHNSN.NS, period=1y, interval=1d, use_cache=False)
2026-08-15 15:33:49,182 DEBUG AlphaScanner.Data download_history success for PRSMJOHNSN.NS rows=248 cols=['adj close', 'Close', 'High', 'Low', 'Open', 'Volume']
2026-08-15 15:33:49,185 DEBUG AlphaScanner.Data download_history(ticker=PRUDENT.NS, period=1y, interval=1d, use_cache=False)
2026-08-15 15:33:49,351 DEBUG AlphaScanner.Data download_history success for PRUDENT.NS rows=249 cols=['adj close', 'Close', 'High', 'Low', 'Open', 'Volume']
2026-08-15 15:33:49,353 DEBUG AlphaScanner.Data download_history(ticker=PTC.NS, period=1y, interval=1d, use_cache=False)
2026-08-15 15:33:49,560 DEBUG AlphaScanner.Data download_history success for PTC.NS rows=250 cols=['adj close', 'Close', 'High', 'Low', 'Open', 'Volume']
2026-08-15 15:33:49,563 DEBUG AlphaScanner.Data download_history(ticker=PURVA.NS, period=1y, interval=1d, use_cache=False)
2026-08-15 15:33:49,935 DEBUG AlphaScanner.Data download_history success for PURVA.NS rows=249 cols=['adj close', 'Close', 'High', 'Low', 'Open', 'Volume']
2026-08-15 15:33:49,938 DEBUG AlphaScanner.Data download_history(ticker=PVRINOX.NS, period=1y, interval=1d, use_cache=False)
2026-08-15 15:33:50,100 DEBUG AlphaScanner.Data download_history success for PVRINOX.NS rows=250 cols=['adj close', 'Close', 'High', 'Low', 'Open', 'Volume']
2026-08-15 15:33:50,103 DEBUG AlphaScanner.Data download_history(ticker=QPOWER.NS, period=1y, interval=1d, use_cache=False)
2026-08-15 15:33:50,360 DEBUG AlphaScanner.Data download_history success for QPOWER.NS rows=250 cols=['adj close', 'Close', 'High', 'Low', 'Open', 'Volume']
2026-08-15 15:33:50,362 DEBUG AlphaScanner.Data download_history(ticker=QUESS.NS, period=1y, interval=1d, use_cache=False)
2026-08-15 15:33:50,505 DEBUG AlphaScanner.Data download_history success for QUESS.NS rows=250 cols=['adj close', 'Close', 'High', 'Low', 'Open', 'Volume']
2026-08-15 15:33:50,508 DEBUG AlphaScanner.Data download_history(ticker=RAILTEL.NS, period=1y, interval=1d, use_cache=False)
2026-08-15 15:33:50,638 DEBUG AlphaScanner.Data download_history success for RAILTEL.NS rows=250 cols=['adj close', 'Close', 'High', 'Low', 'Open', 'Volume']
2026-08-15 15:33:50,640 DEBUG AlphaScanner.Data download_history(ticker=RAIN.NS, period=1y, interval=1d, use_cache=False)
2026-08-15 15:33:50,786 DEBUG AlphaScanner.Data download_history success for RAIN.NS rows=250 cols=['adj close', 'Close', 'High', 'Low', 'Open', 'Volume']
2026-08-15 15:33:50,788 DEBUG AlphaScanner.Data download_history(ticker=RAINBOW.NS, period=1y, interval=1d, use_cache=False)
2026-08-15 15:33:50,943 DEBUG AlphaScanner.Data download_history success for RAINBOW.NS rows=249 cols=['adj close', 'Close', 'High', 'Low', 'Open', 'Volume']
2026-08-15 15:33:50,946 DEBUG AlphaScanner.Data download_history(ticker=RALLIS.NS, period=1y, interval=1d, use_cache=False)
2026-08-15 15:33:51,130 DEBUG AlphaScanner.Data download_history success for RALLIS.NS rows=250 cols=['adj close', 'Close', 'High', 'Low', 'Open', 'Volume']
2026-08-15 15:33:51,132 DEBUG AlphaScanner.Data download_history(ticker=RATEGAIN.NS, period=1y, interval=1d, use_cache=False)
2026-08-15 15:33:51,273 DEBUG AlphaScanner.Data download_history success for RATEGAIN.NS rows=249 cols=['adj close', 'Close', 'High', 'Low', 'Open', 'Volume']
2026-08-15 15:33:51,276 DEBUG AlphaScanner.Data download_history(ticker=RATNAMANI.NS, period=1y, interval=1d, use_cache=False)
2026-08-15 15:33:51,420 DEBUG AlphaScanner.Data download_history success for RATNAMANI.NS rows=249 cols=['adj close', 'Close', 'High', 'Low', 'Open', 'Volume']
2026-08-15 15:33:51,422 DEBUG AlphaScanner.Data download_history(ticker=RBA.NS, period=1y, interval=1d, use_cache=False)
2026-08-15 15:33:51,592 DEBUG AlphaScanner.Data download_history success for RBA.NS rows=249 cols=['adj close', 'Close', 'High', 'Low', 'Open', 'Volume']
2026-08-15 15:33:51,594 DEBUG AlphaScanner.Data download_history(ticker=RCF.NS, period=1y, interval=1d, use_cache=False)
2026-08-15 15:33:51,752 DEBUG AlphaScanner.Data download_history success for RCF.NS rows=250 cols=['adj close', 'Close', 'High', 'Low', 'Open', 'Volume']
2026-08-15 15:33:51,754 DEBUG AlphaScanner.Data download_history(ticker=REDTAPE.NS, period=1y, interval=1d, use_cache=False)
2026-08-15 15:33:51,935 DEBUG AlphaScanner.Data download_history success for REDTAPE.NS rows=250 cols=['adj close', 'Close', 'High', 'Low', 'Open', 'Volume']
2026-08-15 15:33:51,938 DEBUG AlphaScanner.Data download_history(ticker=RELAXO.NS, period=1y, interval=1d, use_cache=False)
2026-08-15 15:33:52,114 DEBUG AlphaScanner.Data download_history success for RELAXO.NS rows=249 cols=['adj close', 'Close', 'High', 'Low', 'Open', 'Volume']
2026-08-15 15:33:52,117 DEBUG AlphaScanner.Data download_history(ticker=RELIGARE.NS, period=1y, interval=1d, use_cache=False)
2026-08-15 15:33:52,274 DEBUG AlphaScanner.Data download_history success for RELIGARE.NS rows=249 cols=['adj close', 'Close', 'High', 'Low', 'Open', 'Volume']
2026-08-15 15:33:52,277 DEBUG AlphaScanner.Data download_history(ticker=RENUKA.NS, period=1y, interval=1d, use_cache=False)
2026-08-15 15:33:52,426 DEBUG AlphaScanner.Data download_history success for RENUKA.NS rows=250 cols=['adj close', 'Close', 'High', 'Low', 'Open', 'Volume']
2026-08-15 15:33:52,429 DEBUG AlphaScanner.Data download_history(ticker=RHIM.NS, period=1y, interval=1d, use_cache=False)
2026-08-15 15:33:52,808 DEBUG AlphaScanner.Data download_history success for RHIM.NS rows=249 cols=['adj close', 'Close', 'High', 'Low', 'Open', 'Volume']
2026-08-15 15:33:52,811 DEBUG AlphaScanner.Data download_history(ticker=RITES.NS, period=1y, interval=1d, use_cache=False)
2026-08-15 15:33:52,975 DEBUG AlphaScanner.Data download_history success for RITES.NS rows=250 cols=['adj close', 'Close', 'High', 'Low', 'Open', 'Volume']
2026-08-15 15:33:52,978 DEBUG AlphaScanner.Data download_history(ticker=RKFORGE.NS, period=1y, interval=1d, use_cache=False)
2026-08-15 15:33:53,127 DEBUG AlphaScanner.Data download_history success for RKFORGE.NS rows=250 cols=['adj close', 'Close', 'High', 'Low', 'Open', 'Volume']
2026-08-15 15:33:53,128 DEBUG AlphaScanner.Data download_history(ticker=ROUTE.NS, period=1y, interval=1d, use_cache=False)
2026-08-15 15:33:53,301 DEBUG AlphaScanner.Data download_history success for ROUTE.NS rows=250 cols=['adj close', 'Close', 'High', 'Low', 'Open', 'Volume']
2026-08-15 15:33:53,304 DEBUG AlphaScanner.Data download_history(ticker=RPOWER.NS, period=1y, interval=1d, use_cache=False)
2026-08-15 15:33:53,448 DEBUG AlphaScanner.Data download_history success for RPOWER.NS rows=250 cols=['adj close', 'Close', 'High', 'Low', 'Open', 'Volume']
2026-08-15 15:33:53,451 DEBUG AlphaScanner.Data download_history(ticker=RTNINDIA.NS, period=1y, interval=1d, use_cache=False)
2026-08-15 15:33:53,599 DEBUG AlphaScanner.Data download_history success for RTNINDIA.NS rows=250 cols=['adj close', 'Close', 'High', 'Low', 'Open', 'Volume']
2026-08-15 15:33:53,602 DEBUG AlphaScanner.Data download_history(ticker=RTNPOWER.NS, period=1y, interval=1d, use_cache=False)
2026-08-15 15:33:53,744 DEBUG AlphaScanner.Data download_history success for RTNPOWER.NS rows=250 cols=['adj close', 'Close', 'High', 'Low', 'Open', 'Volume']
2026-08-15 15:33:53,746 DEBUG AlphaScanner.Data download_history(ticker=SAATVIKGL.NS, period=1y, interval=1d, use_cache=False)
2026-08-15 15:33:53,887 DEBUG AlphaScanner.Data download_history success for SAATVIKGL.NS rows=221 cols=['adj close', 'Close', 'High', 'Low', 'Open', 'Volume']
2026-08-15 15:33:53,892 DEBUG AlphaScanner.Data download_history(ticker=SAGILITY.NS, period=1y, interval=1d, use_cache=False)
2026-08-15 15:33:54,037 DEBUG AlphaScanner.Data download_history success for SAGILITY.NS rows=250 cols=['adj close', 'Close', 'High', 'Low', 'Open', 'Volume']
2026-08-15 15:33:54,039 DEBUG AlphaScanner.Data download_history(ticker=SAMHI.NS, period=1y, interval=1d, use_cache=False)
2026-08-15 15:33:54,201 DEBUG AlphaScanner.Data download_history success for SAMHI.NS rows=250 cols=['adj close', 'Close', 'High', 'Low', 'Open', 'Volume']
2026-08-15 15:33:54,203 DEBUG AlphaScanner.Data download_history(ticker=SAMMAANCAP.NS, period=1y, interval=1d, use_cache=False)
2026-08-15 15:33:54,542 DEBUG AlphaScanner.Data download_history success for SAMMAANCAP.NS rows=250 cols=['adj close', 'Close', 'High', 'Low', 'Open', 'Volume']
2026-08-15 15:33:54,545 DEBUG AlphaScanner.Data download_history(ticker=SANDUMA.NS, period=1y, interval=1d, use_cache=False)
2026-08-15 15:33:54,860 DEBUG AlphaScanner.Data download_history success for SANDUMA.NS rows=250 cols=['adj close', 'Close', 'High', 'Low', 'Open', 'Volume']
2026-08-15 15:33:54,862 DEBUG AlphaScanner.Data download_history(ticker=SANOFICONR.NS, period=1y, interval=1d, use_cache=False)
2026-08-15 15:33:55,011 DEBUG AlphaScanner.Data download_history success for SANOFICONR.NS rows=250 cols=['adj close', 'Close', 'High', 'Low', 'Open', 'Volume']
2026-08-15 15:33:55,015 DEBUG AlphaScanner.Data download_history(ticker=SAREGAMA.NS, period=1y, interval=1d, use_cache=False)
2026-08-15 15:33:55,305 DEBUG AlphaScanner.Data download_history success for SAREGAMA.NS rows=249 cols=['adj close', 'Close', 'High', 'Low', 'Open', 'Volume']
2026-08-15 15:33:55,321 DEBUG AlphaScanner.Data download_history(ticker=SKIPPER.NS, period=1y, interval=1d, use_cache=False)
2026-08-15 15:33:55,464 DEBUG AlphaScanner.Data download_history success for SKIPPER.NS rows=249 cols=['adj close', 'Close', 'High', 'Low', 'Open', 'Volume']
2026-08-15 15:33:55,466 DEBUG AlphaScanner.Data download_history(ticker=SKYGOLD.NS, period=1y, interval=1d, use_cache=False)
2026-08-15 15:33:55,762 DEBUG AlphaScanner.Data download_history success for SKYGOLD.NS rows=250 cols=['adj close', 'Close', 'High', 'Low', 'Open', 'Volume']
2026-08-15 15:33:55,765 DEBUG AlphaScanner.Data download_history(ticker=SMLMAH.NS, period=1y, interval=1d, use_cache=False)
2026-08-15 15:33:56,080 DEBUG AlphaScanner.Data download_history success for SMLMAH.NS rows=250 cols=['adj close', 'Close', 'High', 'Low', 'Open', 'Volume']
2026-08-15 15:33:56,083 DEBUG AlphaScanner.Data download_history(ticker=SOBHA.NS, period=1y, interval=1d, use_cache=False)
2026-08-15 15:33:56,258 DEBUG AlphaScanner.Data download_history success for SOBHA.NS rows=249 cols=['adj close', 'Close', 'High', 'Low', 'Open', 'Volume']
2026-08-15 15:33:56,274 DEBUG AlphaScanner.Data download_history(ticker=SWSOLAR.NS, period=1y, interval=1d, use_cache=False)
2026-08-15 15:33:56,391 DEBUG AlphaScanner.Data download_history success for SWSOLAR.NS rows=250 cols=['adj close', 'Close', 'High', 'Low', 'Open', 'Volume']
2026-08-15 15:33:56,393 DEBUG AlphaScanner.Data download_history(ticker=SYNGENE.NS, period=1y, interval=1d, use_cache=False)
2026-08-15 15:33:56,570 DEBUG AlphaScanner.Data download_history success for SYNGENE.NS rows=250 cols=['adj close', 'Close', 'High', 'Low', 'Open', 'Volume']
2026-08-15 15:33:56,578 DEBUG AlphaScanner.Data download_history(ticker=TECHNOE.NS, period=1y, interval=1d, use_cache=False)
2026-08-15 15:33:56,745 DEBUG AlphaScanner.Data download_history success for TECHNOE.NS rows=250 cols=['adj close', 'Close', 'High', 'Low', 'Open', 'Volume']
2026-08-15 15:33:56,756 DEBUG AlphaScanner.Data download_history(ticker=TIPSMUSIC.NS, period=1y, interval=1d, use_cache=False)
2026-08-15 15:33:56,931 DEBUG AlphaScanner.Data download_history success for TIPSMUSIC.NS rows=250 cols=['adj close', 'Close', 'High', 'Low', 'Open', 'Volume']
2026-08-15 15:33:56,937 DEBUG AlphaScanner.Data download_history(ticker=TRIDENT.NS, period=1y, interval=1d, use_cache=False)
2026-08-15 15:33:57,107 DEBUG AlphaScanner.Data download_history success for TRIDENT.NS rows=250 cols=['adj close', 'Close', 'High', 'Low', 'Open', 'Volume']
2026-08-15 15:33:57,118 DEBUG AlphaScanner.Data download_history(ticker=UTLSOLAR.NS, period=1y, interval=1d, use_cache=False)
2026-08-15 15:33:57,232 DEBUG AlphaScanner.Data download_history success for UTLSOLAR.NS rows=185 cols=['adj close', 'Close', 'High', 'Low', 'Open', 'Volume']
2026-08-15 15:33:57,261 DEBUG AlphaScanner.Engine Legacy scan reached evaluation phase after 207.14s
2026-08-15 15:33:57,363 DEBUG AlphaScanner.Engine Concatenated legacy data shape=(250, 2382)
2026-08-15 15:33:57,395 DEBUG AlphaScanner.Engine Post-align data shape=(246, 2382) benchmark_rows=246
2026-08-15 15:34:07,007 DEBUG AlphaScanner.Engine Legacy scan completed: hits=11 scanned=387 fail_counts={'trend_fail': 229, 'momentum_fail': 33, 'volume_fail': 0, 'breakout_fail': 57, 'rs_fail': 0, 'adx_fail': 1, 'liquidity_fail': 31, 'error_fail': 10}
2026-08-15 15:34:07,008 INFO AlphaScanner.Engine Legacy scan total elapsed 216.88s for universe=Total Market (Cap Focused) timeframe=1d
2026-08-15 15:34:07,028 INFO AlphaScanner.Service Legacy scan finished in 216.90s for universe=Total Market (Cap Focused) interval=1d scanner_type=Pre-Breakout
2026-08-15 15:34:07,029 DEBUG AlphaScanner.Service perform_fresh_scan completed: rows=11 stats_keys=['adx_fail', 'bank_nifty_change', 'bb_fail', 'breakout_fail', 'dii_net', 'error_fail', 'fakeout_trap', 'fii_net', 'liquidity_fail', 'macd_fail', 'market_bias', 'market_bias_score', 'market_breadth_50', 'market_health', 'momentum_fail', 'nifty_change', 'rs_fail', 'scanned', 'scanner_type', 'sector_sentiment', 'timeframe', 'trend_fail', 'trending_sectors', 'universe', 'universe_size', 'volume_fail']
2026-08-15 15:34:07,029 DEBUG AlphaScanner.Service perform_fresh_scan total elapsed=216.91s
2026-08-15 15:35:03,017 DEBUG AlphaScanner.UI.Scanner render_tab(scan_type=Pre-Breakout, universe=Total Market (Cap Focused), scan_mode=Entry Scanner, timeframe=1d, use_cache=False, run_scan=False)
2026-08-15 15:35:03,152 DEBUG AlphaScanner.UI.Scanner render_tab(scan_type=Pre-Breakout, universe=Total Market (Cap Focused), scan_mode=Entry Scanner, timeframe=1d, use_cache=False, run_scan=False)
2026-08-15 15:35:15,476 DEBUG AlphaScanner.UI.Scanner render_tab(scan_type=Modular Momentum, universe=Total Market (Cap Focused), scan_mode=Entry Scanner, timeframe=1d, use_cache=False, run_scan=False)
2026-08-15 15:35:19,527 DEBUG AlphaScanner.UI.Scanner render_tab(scan_type=Modular Momentum, universe=Total Market (Cap Focused), scan_mode=Entry Scanner, timeframe=1d, use_cache=False, run_scan=True)
2026-08-15 15:35:19,535 DEBUG AlphaScanner.UI.Scanner Starting fresh scan with min_cap=500 max_cap=20000 sector_map_size=752
2026-08-15 15:35:19,535 DEBUG AlphaScanner.Service perform_fresh_scan(scanner_type=Modular Momentum, universe=Total Market (Cap Focused), timeframe=1d, scan_mode=Entry Scanner, use_cache=False, vol_thresh=0.6, rsi_min=35, rsi_max=75, dist_thresh=5.0, min_mkt_cap_cr=500, max_mkt_cap_cr=20000)
2026-08-15 15:35:19,535 DEBUG AlphaScanner.Service Routing to modular scanner with config={'universe': 'Total Market (Cap Focused)', 'min_candles': 300, 'interval': '1d', 'lookback_period': '2y', 'max_candidates': 15, 'min_total_score': 25.0, 'watchlist_min_score': 60.0, 'entry_min_score': 70.0, 'scan_max_workers': 8, 'scan_download_threads': 10, 'scan_download_chunk_size': 25, 'diagnostics_enabled': False, 'diagnostics_persist': True, 'diagnostics_top_rules': 3, 'watchlist_setup_weight': 0.6, 'watchlist_transition_weight': 0.4, 'entry_setup_weight': 0.3, 'entry_transition_weight': 0.3, 'entry_trigger_weight': 0.4, 'watchlist_price_above_ema200': True, 'watchlist_base_high_pct': 5.0, 'watchlist_base_range_pct': 10.0, 'watchlist_base_days_min': 10, 'watchlist_atr_contraction_pct': -15.0, 'watchlist_bbw_contraction_pct': -20.0, 'watchlist_volume_dryup_pct': -25.0, 'watchlist_rs_min': 60.0, 'watchlist_sector_strength_min': 0.0, 'entry_breakout_volume_ratio': 2.0, 'entry_rs_rank_min': 80.0, 'entry_risk_reward_min': 2.0, 'entry_extension_pct': 10.0, 'entry_atr_expansion_pct': 1.8, 'quality_filter_enabled': True, 'quality_min_avg_volume': 0.0, 'quality_min_avg_turnover': 0.0, 'quality_min_market_cap_cr': 500, 'quality_max_market_cap_cr': 20000, 'quality_market_cap_mode': 'Custom', 'quality_market_cap_custom_symbols': [], 'quality_min_relative_strength': 0.0, 'quality_min_sector_strength': 0.0, 'quality_require_price_above_ema200': False, 'quality_require_ema_alignment': False, 'quality_require_trend_template': False, 'quality_require_higher_highs': False, 'quality_require_higher_lows': False, 'quality_market_bearish_multiplier': 1.25, 'quality_market_bullish_multiplier': 1.0, 'quality_market_neutral_multiplier': 1.0, 'quality_market_caution_multiplier': 1.1, 'setup_engine_enabled': True, 'setup_min_base_quality_score': 60.0, 'setup_min_base_weeks': 8, 'setup_max_base_depth_pct': 18.0, 'setup_max_base_duration_weeks': 24, 'setup_max_distance_to_high_pct': 8.0, 'setup_volume_long_window': 50, 'setup_volume_short_window': 20, 'setup_min_compression_score': 40.0, 'setup_min_volume_score': 35.0, 'setup_min_resistance_score': 35.0, 'setup_min_structure_score': 40.0, 'setup_min_risk_score': 35.0, 'setup_weight_base': 0.2, 'setup_weight_compression': 0.2, 'setup_weight_volume': 0.15, 'setup_weight_resistance': 0.2, 'setup_weight_structure': 0.15, 'setup_weight_risk': 0.1, 'setup_professional_threshold': 90.0, 'setup_excellent_threshold': 80.0, 'setup_good_threshold': 70.0, 'setup_average_threshold': 55.0, 'transition_engine_enabled': True, 'transition_history_window': 10, 'transition_min_setup_velocity_score': 55.0, 'transition_min_rs_acceleration_score': 55.0, 'transition_min_volume_transition_score': 55.0, 'transition_min_compression_evolution_score': 55.0, 'transition_min_resistance_pressure_score': 50.0, 'transition_min_price_acceptance_score': 50.0, 'transition_min_opportunity_velocity_score': 60.0, 'transition_weight_setup_velocity': 0.18, 'transition_weight_rs_acceleration': 0.14, 'transition_weight_volume_transition': 0.18, 'transition_weight_compression_evolution': 0.14, 'transition_weight_resistance_pressure': 0.12, 'transition_weight_price_acceptance': 0.1, 'transition_weight_opportunity_velocity': 0.14, 'transition_professional_threshold': 90.0, 'transition_strong_threshold': 80.0, 'transition_building_threshold': 70.0, 'transition_watch_threshold': 55.0, 'trigger_engine_enabled': True, 'trigger_enable_pocket_pivot': True, 'trigger_enable_relative_volume': True, 'trigger_enable_breakout_confirmation': True, 'trigger_enable_closing_strength': True, 'trigger_enable_rs_confirmation': True, 'trigger_enable_volume_confirmation': True, 'trigger_enable_intraday_confirmation': False, 'trigger_min_setup_score': 80.0, 'trigger_min_transition_score': 80.0, 'trigger_min_trigger_score': 75.0, 'trigger_pocket_pivot_volume_ratio': 1.5, 'trigger_pocket_pivot_close_location_min': 0.7, 'trigger_relative_volume_5d_min': 1.2, 'trigger_relative_volume_10d_min': 1.1, 'trigger_relative_volume_20d_min': 1.0, 'trigger_breakout_buffer_pct': 0.25, 'trigger_breakout_volume_ratio_min': 1.8, 'trigger_close_location_min': 0.8, 'trigger_close_strength_min': 0.75, 'trigger_rs_proxy_min': 105.0, 'trigger_rs_transition_min': 55.0, 'trigger_volume_transition_min': 60.0, 'trigger_intraday_vwap_hold_min': 0.0, 'trigger_intraday_rvol_min': 1.2, 'trigger_intraday_high_hold_min': 0.95, 'trigger_buy_now_top_percentile': 2.0, 'trigger_early_buy_top_percentile': 5.0, 'trigger_watch_top_percentile': 10.0, 'trigger_early_buy_soft_miss_max': 1, 'trigger_calibration_mode': False, 'market_regime_trend_weight': 0.3, 'market_regime_breadth_weight': 0.25, 'market_regime_momentum_weight': 0.2, 'market_regime_volume_weight': 0.15, 'market_regime_volatility_weight': 0.1, 'market_regime_bullish_threshold': 75.0, 'market_regime_neutral_threshold': 55.0, 'market_regime_caution_threshold': 40.0, 'market_regime_bearish_threshold': 0.0, 'market_regime_bullish_penalty': 1.0, 'market_regime_neutral_penalty': 0.95, 'market_regime_caution_penalty': 0.85, 'market_regime_bearish_penalty': 0.7, 'market_regime_buy_min_bullish': 80.0, 'market_regime_buy_min_neutral': 85.0, 'market_regime_buy_min_caution': 90.0, 'market_regime_buy_min_bearish': 95.0, 'market_regime_nifty50_period': '2y', 'market_regime_nifty500_period': '2y', 'market_regime_breadth_min_above_ema20': 45.0, 'market_regime_breadth_min_above_ema50': 40.0, 'market_regime_breadth_min_above_ema200': 25.0, 'market_regime_atr_window': 14, 'market_regime_volume_window': 20, 'market_regime_volatility_window': 20, 'market_regime_momentum_return_cap_pct': 10.0, 'market_regime_ema_buffer_pct': 0.5, 'market_regime_distribution_day_window': 20, 'market_regime_accumulation_day_window': 20, 'market_regime_volume_trend_threshold_pct': 10.0, 'market_regime_volatility_high_threshold_pct': 15.0, 'market_regime_volatility_mid_threshold_pct': 8.0, 'market_regime_accumulation_edge_days': 2, 'market_regime_distribution_edge_days': 2, 'mtf_weekly_weight': 20.0, 'mtf_daily_weight': 50.0, 'mtf_hourly_weight': 30.0, 'mtf_weekly_max_points': 20.0, 'mtf_daily_max_points': 50.0, 'mtf_hourly_max_points': 30.0, 'mtf_strong_buy_threshold': 90.0, 'mtf_buy_threshold': 80.0, 'mtf_watch_threshold': 65.0, 'mtf_wait_threshold': 50.0, 'mtf_weekly_bullish_threshold': 14.0, 'mtf_weekly_neutral_threshold': 10.0, 'mtf_weekly_bearish_threshold': 6.0, 'mtf_daily_bullish_threshold': 35.0, 'mtf_daily_neutral_threshold': 25.0, 'mtf_hourly_bullish_threshold': 20.0, 'mtf_hourly_neutral_threshold': 12.0, 'mtf_weekly_lookback_period': '2y', 'mtf_daily_lookback_period': '1y', 'mtf_hourly_lookback_period': '60d', 'mtf_hourly_ema_fast': 20, 'mtf_hourly_ema_slow': 50, 'mtf_weekly_veto_enabled': True, 'mtf_enable_confirmation': False, 'ema_fast': 20, 'ema_medium': 50, 'ema_slow': 200, 'atr_window': 20, 'contraction_window': 20, 'volume_sma_window': 20, 'volume_contraction_lookback': 20, 'volume_multiplier': 1.6, 'relative_strength_window': 90, 'relative_strength_period_1': 30, 'relative_strength_period_2': 60, 'relative_strength_period_3': 90, 'relative_strength_min_data': 30, 'sector_lookback': 60, 'risk_atr_multiplier': 2.5, 'sector_blacklist': ['Financial Services', 'Utilities'], 'required_columns': ['Open', 'High', 'Low', 'Close', 'Volume']}
2026-08-15 15:35:19,537 INFO AlphaScanner.Scanner Starting dual-mode scanner with config {'universe': 'Total Market (Cap Focused)', 'min_candles': 300, 'interval': '1d', 'lookback_period': '2y', 'max_candidates': 15, 'min_total_score': 25.0, 'watchlist_min_score': 60.0, 'entry_min_score': 70.0, 'scan_max_workers': 8, 'scan_download_threads': 10, 'scan_download_chunk_size': 25, 'diagnostics_enabled': False, 'diagnostics_persist': True, 'diagnostics_top_rules': 3, 'watchlist_setup_weight': 0.6, 'watchlist_transition_weight': 0.4, 'entry_setup_weight': 0.3, 'entry_transition_weight': 0.3, 'entry_trigger_weight': 0.4, 'watchlist_price_above_ema200': True, 'watchlist_base_high_pct': 5.0, 'watchlist_base_range_pct': 10.0, 'watchlist_base_days_min': 10, 'watchlist_atr_contraction_pct': -15.0, 'watchlist_bbw_contraction_pct': -20.0, 'watchlist_volume_dryup_pct': -25.0, 'watchlist_rs_min': 60.0, 'watchlist_sector_strength_min': 0.0, 'entry_breakout_volume_ratio': 2.0, 'entry_rs_rank_min': 80.0, 'entry_risk_reward_min': 2.0, 'entry_extension_pct': 10.0, 'entry_atr_expansion_pct': 1.8, 'quality_filter_enabled': True, 'quality_min_avg_volume': 0.0, 'quality_min_avg_turnover': 0.0, 'quality_min_market_cap_cr': 500, 'quality_max_market_cap_cr': 20000, 'quality_market_cap_mode': 'Custom', 'quality_market_cap_custom_symbols': [], 'quality_min_relative_strength': 35.0, 'quality_min_sector_strength': 0.0, 'quality_require_price_above_ema200': False, 'quality_require_ema_alignment': False, 'quality_require_trend_template': False, 'quality_require_higher_highs': False, 'quality_require_higher_lows': False, 'quality_market_bearish_multiplier': 1.25, 'quality_market_bullish_multiplier': 1.0, 'quality_market_neutral_multiplier': 1.0, 'quality_market_caution_multiplier': 1.1, 'setup_engine_enabled': True, 'setup_min_base_quality_score': 60.0, 'setup_min_base_weeks': 8, 'setup_max_base_depth_pct': 18.0, 'setup_max_base_duration_weeks': 24, 'setup_max_distance_to_high_pct': 5.0, 'setup_volume_long_window': 50, 'setup_volume_short_window': 20, 'setup_min_compression_score': 40.0, 'setup_min_volume_score': 35.0, 'setup_min_resistance_score': 35.0, 'setup_min_structure_score': 40.0, 'setup_min_risk_score': 35.0, 'setup_weight_base': 0.2, 'setup_weight_compression': 0.2, 'setup_weight_volume': 0.15, 'setup_weight_resistance': 0.2, 'setup_weight_structure': 0.15, 'setup_weight_risk': 0.1, 'setup_professional_threshold': 90.0, 'setup_excellent_threshold': 80.0, 'setup_good_threshold': 70.0, 'setup_average_threshold': 55.0, 'transition_engine_enabled': True, 'transition_history_window': 10, 'transition_min_setup_velocity_score': 55.0, 'transition_min_rs_acceleration_score': 55.0, 'transition_min_volume_transition_score': 55.0, 'transition_min_compression_evolution_score': 55.0, 'transition_min_resistance_pressure_score': 50.0, 'transition_min_price_acceptance_score': 50.0, 'transition_min_opportunity_velocity_score': 60.0, 'transition_weight_setup_velocity': 0.18, 'transition_weight_rs_acceleration': 0.14, 'transition_weight_volume_transition': 0.18, 'transition_weight_compression_evolution': 0.14, 'transition_weight_resistance_pressure': 0.12, 'transition_weight_price_acceptance': 0.1, 'transition_weight_opportunity_velocity': 0.14, 'transition_professional_threshold': 90.0, 'transition_strong_threshold': 80.0, 'transition_building_threshold': 70.0, 'transition_watch_threshold': 55.0, 'trigger_engine_enabled': True, 'trigger_enable_pocket_pivot': True, 'trigger_enable_relative_volume': True, 'trigger_enable_breakout_confirmation': True, 'trigger_enable_closing_strength': True, 'trigger_enable_rs_confirmation': True, 'trigger_enable_volume_confirmation': True, 'trigger_enable_intraday_confirmation': False, 'trigger_min_setup_score': 80.0, 'trigger_min_transition_score': 80.0, 'trigger_min_trigger_score': 75.0, 'trigger_pocket_pivot_volume_ratio': 1.5, 'trigger_pocket_pivot_close_location_min': 0.7, 'trigger_relative_volume_5d_min': 0.6, 'trigger_relative_volume_10d_min': 1.1, 'trigger_relative_volume_20d_min': 1.0, 'trigger_breakout_buffer_pct': 0.25, 'trigger_breakout_volume_ratio_min': 1.8, 'trigger_close_location_min': 0.8, 'trigger_close_strength_min': 0.75, 'trigger_rs_proxy_min': 105.0, 'trigger_rs_transition_min': 55.0, 'trigger_volume_transition_min': 60.0, 'trigger_intraday_vwap_hold_min': 0.0, 'trigger_intraday_rvol_min': 1.2, 'trigger_intraday_high_hold_min': 0.95, 'trigger_buy_now_top_percentile': 2.0, 'trigger_early_buy_top_percentile': 5.0, 'trigger_watch_top_percentile': 10.0, 'trigger_early_buy_soft_miss_max': 1, 'trigger_calibration_mode': False, 'market_regime_trend_weight': 0.3, 'market_regime_breadth_weight': 0.25, 'market_regime_momentum_weight': 0.2, 'market_regime_volume_weight': 0.15, 'market_regime_volatility_weight': 0.1, 'market_regime_bullish_threshold': 75.0, 'market_regime_neutral_threshold': 55.0, 'market_regime_caution_threshold': 40.0, 'market_regime_bearish_threshold': 0.0, 'market_regime_bullish_penalty': 1.0, 'market_regime_neutral_penalty': 0.95, 'market_regime_caution_penalty': 0.85, 'market_regime_bearish_penalty': 0.7, 'market_regime_buy_min_bullish': 80.0, 'market_regime_buy_min_neutral': 85.0, 'market_regime_buy_min_caution': 90.0, 'market_regime_buy_min_bearish': 95.0, 'market_regime_nifty50_period': '2y', 'market_regime_nifty500_period': '2y', 'market_regime_breadth_min_above_ema20': 45.0, 'market_regime_breadth_min_above_ema50': 40.0, 'market_regime_breadth_min_above_ema200': 25.0, 'market_regime_atr_window': 14, 'market_regime_volume_window': 20, 'market_regime_volatility_window': 20, 'market_regime_momentum_return_cap_pct': 10.0, 'market_regime_ema_buffer_pct': 0.5, 'market_regime_distribution_day_window': 20, 'market_regime_accumulation_day_window': 20, 'market_regime_volume_trend_threshold_pct': 10.0, 'market_regime_volatility_high_threshold_pct': 15.0, 'market_regime_volatility_mid_threshold_pct': 8.0, 'market_regime_accumulation_edge_days': 2, 'market_regime_distribution_edge_days': 2, 'mtf_weekly_weight': 20.0, 'mtf_daily_weight': 50.0, 'mtf_hourly_weight': 30.0, 'mtf_weekly_max_points': 20.0, 'mtf_daily_max_points': 50.0, 'mtf_hourly_max_points': 30.0, 'mtf_strong_buy_threshold': 90.0, 'mtf_buy_threshold': 80.0, 'mtf_watch_threshold': 65.0, 'mtf_wait_threshold': 50.0, 'mtf_weekly_bullish_threshold': 14.0, 'mtf_weekly_neutral_threshold': 10.0, 'mtf_weekly_bearish_threshold': 6.0, 'mtf_daily_bullish_threshold': 35.0, 'mtf_daily_neutral_threshold': 25.0, 'mtf_hourly_bullish_threshold': 20.0, 'mtf_hourly_neutral_threshold': 12.0, 'mtf_weekly_lookback_period': '2y', 'mtf_daily_lookback_period': '1y', 'mtf_hourly_lookback_period': '60d', 'mtf_hourly_ema_fast': 20, 'mtf_hourly_ema_slow': 50, 'mtf_weekly_veto_enabled': True, 'mtf_enable_confirmation': False, 'ema_fast': 20, 'ema_medium': 50, 'ema_slow': 200, 'atr_window': 20, 'contraction_window': 20, 'volume_sma_window': 20, 'volume_contraction_lookback': 20, 'volume_multiplier': 1.6, 'relative_strength_window': 90, 'relative_strength_period_1': 30, 'relative_strength_period_2': 60, 'relative_strength_period_3': 90, 'relative_strength_min_data': 30, 'sector_lookback': 60, 'risk_atr_multiplier': 2.5, 'sector_blacklist': ['Financial Services', 'Utilities'], 'required_columns': ['Open', 'High', 'Low', 'Close', 'Volume']}
2026-08-15 15:35:19,538 DEBUG AlphaScanner.Scanner Dual-mode scan requested with universe=Total Market (Cap Focused) interval=1d min_candles=300 use_cache=False
2026-08-15 15:35:19,538 DEBUG AlphaScanner.Data get_universe(Total Market (Cap Focused)) -> 755 symbols
2026-08-15 15:35:19,538 DEBUG AlphaScanner.Scanner Resolved universe size=755 head=['360ONE.NS', '3MINDIA.NS', 'AADHARHFC.NS', 'AARTIDRUGS.NS', 'AARTIIND.NS']
2026-08-15 15:35:19,539 INFO AlphaScanner.Scanner Universe resolution finished in 0.00s for Total Market (Cap Focused)
2026-08-15 15:35:19,539 INFO AlphaScanner.Scanner Prefiltering universe of 755 tickers by market cap (Min: 500 Cr, Max: 20000 Cr)...
2026-08-15 15:35:19,550 DEBUG AlphaScanner.Engine Metadata cache is up to date. Skipping prefetch.
2026-08-15 15:35:19,560 INFO AlphaScanner.Scanner Market cap pre-filter reduced universe from 755 to 397 tickers.
2026-08-15 15:35:19,561 INFO AlphaScanner.Scanner Market-cap prefilter finished in 0.02s and left 397 tickers
2026-08-15 15:35:19,562 INFO AlphaScanner.Scanner Downloading history for 397 tickers...
2026-08-15 15:35:19,563 DEBUG AlphaScanner.Data download_history_batch(size=397, period=2y, interval=1d, use_cache=False, head=['AARTIDRUGS.NS', 'AARTIIND.NS', 'AARTIPHARM.NS', 'AAVAS.NS', 'ABDL.NS'])
2026-08-15 15:35:19,563 INFO AlphaScanner.Data download_history_batch fetching 40 live chunks with 10 workers (chunk_size=10).
2026-08-15 15:35:22,622 WARNING AlphaScanner.Data Batch download attempt 1/3 failed for chunk size=10: No objects to concatenate
2026-08-15 15:35:22,699 DEBUG AlphaScanner.Data No data for ticker AARTIDRUGS.NS in batch result.
2026-08-15 15:35:22,705 DEBUG AlphaScanner.Data No data for ticker AARTIIND.NS in batch result.
2026-08-15 15:35:22,706 DEBUG AlphaScanner.Data No data for ticker AARTIPHARM.NS in batch result.
2026-08-15 15:35:22,712 DEBUG AlphaScanner.Data No data for ticker AAVAS.NS in batch result.
2026-08-15 15:35:22,712 DEBUG AlphaScanner.Data No data for ticker ABDL.NS in batch result.
2026-08-15 15:35:22,713 DEBUG AlphaScanner.Data No data for ticker ABFRL.NS in batch result.
2026-08-15 15:35:22,716 DEBUG AlphaScanner.Data No data for ticker ABLBL.NS in batch result.
2026-08-15 15:35:22,721 DEBUG AlphaScanner.Data No data for ticker ACE.NS in batch result.
2026-08-15 15:35:22,726 DEBUG AlphaScanner.Data No data for ticker ACI.NS in batch result.
2026-08-15 15:35:22,906 DEBUG AlphaScanner.Data No data for ticker DBL.NS in batch result.
2026-08-15 15:35:22,906 DEBUG AlphaScanner.Data No data for ticker DBREALTY.NS in batch result.
2026-08-15 15:35:22,908 DEBUG AlphaScanner.Data No data for ticker DCBBANK.NS in batch result.
2026-08-15 15:35:22,908 DEBUG AlphaScanner.Data No data for ticker DCMSHRIRAM.NS in batch result.
2026-08-15 15:35:22,917 DEBUG AlphaScanner.Data No data for ticker DEVYANI.NS in batch result.
2026-08-15 15:35:22,917 DEBUG AlphaScanner.Data No data for ticker DOMS.NS in batch result.
2026-08-15 15:35:22,918 DEBUG AlphaScanner.Data No data for ticker DYNAMATECH.NS in batch result.
2026-08-15 15:35:22,918 DEBUG AlphaScanner.Data No data for ticker ECLERX.NS in batch result.
2026-08-15 15:35:22,923 DEBUG AlphaScanner.Data No data for ticker EDELWEISS.NS in batch result.
2026-08-15 15:35:22,923 DEBUG AlphaScanner.Data No data for ticker BEML.NS in batch result.
2026-08-15 15:35:22,926 DEBUG AlphaScanner.Data No data for ticker BIKAJI.NS in batch result.
2026-08-15 15:35:22,936 DEBUG AlphaScanner.Data No data for ticker BIRLACORPN.NS in batch result.
2026-08-15 15:35:22,945 DEBUG AlphaScanner.Data No data for ticker BLACKBUCK.NS in batch result.
2026-08-15 15:35:22,968 DEBUG AlphaScanner.Data No data for ticker BLS.NS in batch result.
2026-08-15 15:35:22,969 DEBUG AlphaScanner.Data No data for ticker BLUEDART.NS in batch result.
2026-08-15 15:35:22,969 DEBUG AlphaScanner.Data No data for ticker BLUEJET.NS in batch result.
2026-08-15 15:35:22,969 DEBUG AlphaScanner.Data No data for ticker BLUESTONE.NS in batch result.
2026-08-15 15:35:22,973 DEBUG AlphaScanner.Data No data for ticker BRIGADE.NS in batch result.
2026-08-15 15:35:25,487 DEBUG AlphaScanner.Data No data for ticker EIDPARRY.NS in batch result.
2026-08-15 15:35:25,492 DEBUG AlphaScanner.Data No data for ticker EIHOTEL.NS in batch result.
2026-08-15 15:35:25,503 DEBUG AlphaScanner.Data No data for ticker ELLEN.NS in batch result.
2026-08-15 15:35:25,727 DEBUG AlphaScanner.Data No data for ticker INDIASHLTR.NS in batch result.
2026-08-15 15:35:25,729 DEBUG AlphaScanner.Data No data for ticker INDIGOPNTS.NS in batch result.
2026-08-15 15:35:25,741 DEBUG AlphaScanner.Data No data for ticker INOXGREEN.NS in batch result.
2026-08-15 15:35:25,742 DEBUG AlphaScanner.Data No data for ticker INOXINDIA.NS in batch result.
2026-08-15 15:35:25,749 DEBUG AlphaScanner.Data No data for ticker INOXWIND.NS in batch result.
2026-08-15 15:35:25,749 DEBUG AlphaScanner.Data No data for ticker INTELLECT.NS in batch result.
2026-08-15 15:35:25,749 DEBUG AlphaScanner.Data No data for ticker IONEXCHANG.NS in batch result.
2026-08-15 15:35:25,749 DEBUG AlphaScanner.Data No data for ticker IRCON.NS in batch result.
2026-08-15 15:35:25,753 DEBUG AlphaScanner.Data No data for ticker IXIGO.NS in batch result.
2026-08-15 15:35:25,823 DEBUG AlphaScanner.Data No data for ticker HOMEFIRST.NS in batch result.
2026-08-15 15:35:25,823 DEBUG AlphaScanner.Data No data for ticker HONASA.NS in batch result.
2026-08-15 15:35:25,823 DEBUG AlphaScanner.Data No data for ticker ICIL.NS in batch result.
2026-08-15 15:35:25,824 DEBUG AlphaScanner.Data No data for ticker IEX.NS in batch result.
2026-08-15 15:35:25,829 DEBUG AlphaScanner.Data No data for ticker IFBIND.NS in batch result.
2026-08-15 15:35:25,861 DEBUG AlphaScanner.Data No data for ticker IGIL.NS in batch result.
2026-08-15 15:35:25,864 DEBUG AlphaScanner.Data No data for ticker IIFLCAPS.NS in batch result.
2026-08-15 15:35:25,882 DEBUG AlphaScanner.Data No data for ticker INDGN.NS in batch result.
2026-08-15 15:35:25,883 DEBUG AlphaScanner.Data No data for ticker INDIACEM.NS in batch result.
2026-08-15 15:35:25,896 DEBUG AlphaScanner.Data No data for ticker ENGINERSIN.NS in batch result.
2026-08-15 15:35:25,896 DEBUG AlphaScanner.Data No data for ticker ENTERO.NS in batch result.
2026-08-15 15:35:25,899 DEBUG AlphaScanner.Data No data for ticker EPL.NS in batch result.
2026-08-15 15:35:25,906 DEBUG AlphaScanner.Data No data for ticker ERIS.NS in batch result.
2026-08-15 15:35:25,911 DEBUG AlphaScanner.Data No data for ticker ETHOSLTD.NS in batch result.
2026-08-15 15:35:25,913 DEBUG AlphaScanner.Data No data for ticker EUREKAFORB.NS in batch result.
2026-08-15 15:35:25,916 DEBUG AlphaScanner.Data No data for ticker FEDFINA.NS in batch result.
2026-08-15 15:35:25,916 DEBUG AlphaScanner.Data No data for ticker FIEMIND.NS in batch result.
2026-08-15 15:35:25,918 DEBUG AlphaScanner.Data No data for ticker FINCABLES.NS in batch result.
2026-08-15 15:35:25,918 DEBUG AlphaScanner.Data No data for ticker FINPIPE.NS in batch result.
2026-08-15 15:35:25,918 DEBUG AlphaScanner.Data No data for ticker FIRSTCRY.NS in batch result.
2026-08-15 15:35:25,919 DEBUG AlphaScanner.Data No data for ticker FIVESTAR.NS in batch result.
2026-08-15 15:35:25,920 DEBUG AlphaScanner.Data No data for ticker FSL.NS in batch result.
2026-08-15 15:35:25,920 DEBUG AlphaScanner.Data No data for ticker GAEL.NS in batch result.
2026-08-15 15:35:25,935 DEBUG AlphaScanner.Data No data for ticker GESHIP.NS in batch result.
2026-08-15 15:35:25,937 DEBUG AlphaScanner.Data No data for ticker GHCL.NS in batch result.
2026-08-15 15:35:25,937 DEBUG AlphaScanner.Data No data for ticker GMDCLTD.NS in batch result.
2026-08-15 15:35:25,937 DEBUG AlphaScanner.Data No data for ticker GMMPFAUDLR.NS in batch result.
2026-08-15 15:35:25,938 DEBUG AlphaScanner.Data No data for ticker GMRP&UI.NS in batch result.
2026-08-15 15:35:25,938 DEBUG AlphaScanner.Data No data for ticker GNFC.NS in batch result.
2026-08-15 15:35:25,938 DEBUG AlphaScanner.Data No data for ticker GODREJAGRO.NS in batch result.
2026-08-15 15:35:25,938 DEBUG AlphaScanner.Data No data for ticker GOKEX.NS in batch result.
2026-08-15 15:35:25,973 DEBUG AlphaScanner.Data No data for ticker GPIL.NS in batch result.
2026-08-15 15:35:25,980 DEBUG AlphaScanner.Data No data for ticker GPPL.NS in batch result.
2026-08-15 15:35:25,980 DEBUG AlphaScanner.Data No data for ticker GRAPHITE.NS in batch result.
2026-08-15 15:35:25,986 DEBUG AlphaScanner.Data No data for ticker GRAVITA.NS in batch result.
2026-08-15 15:35:25,987 DEBUG AlphaScanner.Data No data for ticker GREAVESCOT.NS in batch result.
2026-08-15 15:35:26,022 DEBUG AlphaScanner.Data No data for ticker GRWRHITECH.NS in batch result.
2026-08-15 15:35:26,040 DEBUG AlphaScanner.Data No data for ticker HAPPSTMNDS.NS in batch result.
2026-08-15 15:35:26,040 DEBUG AlphaScanner.Data No data for ticker HBLENGINE.NS in batch result.
2026-08-15 15:35:26,041 DEBUG AlphaScanner.Data No data for ticker HCC.NS in batch result.
2026-08-15 15:35:26,041 DEBUG AlphaScanner.Data No data for ticker HCG.NS in batch result.
2026-08-15 15:35:26,043 DEBUG AlphaScanner.Data No data for ticker HEG.NS in batch result.
2026-08-15 15:35:26,043 DEBUG AlphaScanner.Data No data for ticker HEMIPROP.NS in batch result.
2026-08-15 15:35:26,044 DEBUG AlphaScanner.Data No data for ticker HERITGFOOD.NS in batch result.
2026-08-15 15:35:26,049 DEBUG AlphaScanner.Data No data for ticker HGINFRA.NS in batch result.
2026-08-15 15:35:26,049 DEBUG AlphaScanner.Data No data for ticker J&KBANK.NS in batch result.
2026-08-15 15:35:26,051 DEBUG AlphaScanner.Data No data for ticker JAIBALAJI.NS in batch result.
2026-08-15 15:35:26,051 DEBUG AlphaScanner.Data No data for ticker JAINREC.NS in batch result.
2026-08-15 15:35:26,051 DEBUG AlphaScanner.Data No data for ticker JAMNAAUTO.NS in batch result.
2026-08-15 15:35:26,051 DEBUG AlphaScanner.Data No data for ticker JAYNECOIND.NS in batch result.
2026-08-15 15:35:26,051 DEBUG AlphaScanner.Data No data for ticker JBMA.NS in batch result.
2026-08-15 15:35:26,052 DEBUG AlphaScanner.Data No data for ticker JINDALSAW.NS in batch result.
2026-08-15 15:35:26,055 DEBUG AlphaScanner.Data No data for ticker JKPAPER.NS in batch result.
2026-08-15 15:35:26,055 DEBUG AlphaScanner.Data No data for ticker JKTYRE.NS in batch result.
2026-08-15 15:35:26,107 DEBUG AlphaScanner.Data No data for ticker JLHL.NS in batch result.
2026-08-15 15:35:26,143 DEBUG AlphaScanner.Data No data for ticker JMFINANCIL.NS in batch result.
2026-08-15 15:35:26,160 DEBUG AlphaScanner.Data No data for ticker JPPOWER.NS in batch result.
2026-08-15 15:35:26,164 DEBUG AlphaScanner.Data No data for ticker JSFB.NS in batch result.
2026-08-15 15:35:26,165 DEBUG AlphaScanner.Data No data for ticker JSLL.NS in batch result.
2026-08-15 15:35:26,171 DEBUG AlphaScanner.Data No data for ticker JSWDULUX.NS in batch result.
2026-08-15 15:35:26,172 DEBUG AlphaScanner.Data No data for ticker JUBLINGREA.NS in batch result.
2026-08-15 15:35:26,172 DEBUG AlphaScanner.Data No data for ticker JUBLPHARMA.NS in batch result.
2026-08-15 15:35:26,180 DEBUG AlphaScanner.Data No data for ticker JUSTDIAL.NS in batch result.
2026-08-15 15:35:26,867 DEBUG AlphaScanner.Data No data for ticker ANURAS.NS in batch result.
2026-08-15 15:35:26,868 DEBUG AlphaScanner.Data No data for ticker APLLTD.NS in batch result.
2026-08-15 15:35:26,873 DEBUG AlphaScanner.Data No data for ticker APTUS.NS in batch result.
2026-08-15 15:35:26,883 DEBUG AlphaScanner.Data No data for ticker ARVIND.NS in batch result.
2026-08-15 15:35:26,884 DEBUG AlphaScanner.Data No data for ticker ARVINDFASN.NS in batch result.
2026-08-15 15:35:26,885 DEBUG AlphaScanner.Data No data for ticker ASHAPURMIN.NS in batch result.
2026-08-15 15:35:26,886 DEBUG AlphaScanner.Data No data for ticker ASHOKA.NS in batch result.
2026-08-15 15:35:26,886 DEBUG AlphaScanner.Data No data for ticker ASKAUTOLTD.NS in batch result.
2026-08-15 15:35:28,823 DEBUG AlphaScanner.Data No data for ticker KNRCON.NS in batch result.
2026-08-15 15:35:28,859 DEBUG AlphaScanner.Data No data for ticker KSCL.NS in batch result.
2026-08-15 15:35:28,864 DEBUG AlphaScanner.Data No data for ticker KTKBANK.NS in batch result.
2026-08-15 15:35:28,973 DEBUG AlphaScanner.Data No data for ticker PVRINOX.NS in batch result.
2026-08-15 15:35:28,973 DEBUG AlphaScanner.Data No data for ticker QPOWER.NS in batch result.
2026-08-15 15:35:28,980 DEBUG AlphaScanner.Data No data for ticker QUESS.NS in batch result.
2026-08-15 15:35:28,980 DEBUG AlphaScanner.Data No data for ticker RAILTEL.NS in batch result.
2026-08-15 15:35:28,980 DEBUG AlphaScanner.Data No data for ticker RAIN.NS in batch result.
2026-08-15 15:35:28,980 DEBUG AlphaScanner.Data No data for ticker RAINBOW.NS in batch result.
2026-08-15 15:35:28,980 DEBUG AlphaScanner.Data No data for ticker RALLIS.NS in batch result.
2026-08-15 15:35:28,980 DEBUG AlphaScanner.Data No data for ticker RATEGAIN.NS in batch result.
2026-08-15 15:35:28,981 DEBUG AlphaScanner.Data No data for ticker RATNAMANI.NS in batch result.
2026-08-15 15:35:29,037 DEBUG AlphaScanner.Data No data for ticker JWL.NS in batch result.
2026-08-15 15:35:29,037 DEBUG AlphaScanner.Data No data for ticker JYOTHYLAB.NS in batch result.
2026-08-15 15:35:29,037 DEBUG AlphaScanner.Data No data for ticker JYOTICNC.NS in batch result.
2026-08-15 15:35:29,037 DEBUG AlphaScanner.Data No data for ticker KAJARIACER.NS in batch result.
2026-08-15 15:35:29,040 DEBUG AlphaScanner.Data No data for ticker KEC.NS in batch result.
2026-08-15 15:35:29,040 DEBUG AlphaScanner.Data No data for ticker KFINTECH.NS in batch result.
2026-08-15 15:35:29,041 DEBUG AlphaScanner.Data No data for ticker KIRLOSBROS.NS in batch result.
2026-08-15 15:35:29,042 DEBUG AlphaScanner.Data No data for ticker KIRLPNU.NS in batch result.
2026-08-15 15:35:29,042 DEBUG AlphaScanner.Data No data for ticker KITEX.NS in batch result.
2026-08-15 15:35:29,046 DEBUG AlphaScanner.Data No data for ticker MAPMYINDIA.NS in batch result.
2026-08-15 15:35:29,047 DEBUG AlphaScanner.Data No data for ticker MARKSANS.NS in batch result.
2026-08-15 15:35:29,048 DEBUG AlphaScanner.Data No data for ticker MASTEK.NS in batch result.
2026-08-15 15:35:29,048 DEBUG AlphaScanner.Data No data for ticker MEDPLUS.NS in batch result.
2026-08-15 15:35:29,071 DEBUG AlphaScanner.Data No data for ticker METROPOLIS.NS in batch result.
2026-08-15 15:35:29,081 DEBUG AlphaScanner.Data No data for ticker MIDHANI.NS in batch result.
2026-08-15 15:35:29,081 DEBUG AlphaScanner.Data No data for ticker MINDACORP.NS in batch result.
2026-08-15 15:35:29,081 DEBUG AlphaScanner.Data No data for ticker MMTC.NS in batch result.
2026-08-15 15:35:29,082 DEBUG AlphaScanner.Data No data for ticker MOIL.NS in batch result.
2026-08-15 15:35:29,084 DEBUG AlphaScanner.Data No data for ticker LLOYDSENGG.NS in batch result.
2026-08-15 15:35:29,085 DEBUG AlphaScanner.Data No data for ticker LLOYDSENT.NS in batch result.
2026-08-15 15:35:29,091 DEBUG AlphaScanner.Data No data for ticker LTFOODS.NS in batch result.
2026-08-15 15:35:29,091 DEBUG AlphaScanner.Data No data for ticker LUMAXTECH.NS in batch result.
2026-08-15 15:35:29,091 DEBUG AlphaScanner.Data No data for ticker LXCHEM.NS in batch result.
2026-08-15 15:35:29,091 DEBUG AlphaScanner.Data No data for ticker MAHSCOOTER.NS in batch result.
2026-08-15 15:35:29,092 DEBUG AlphaScanner.Data No data for ticker MAHSEAMLES.NS in batch result.
2026-08-15 15:35:29,095 DEBUG AlphaScanner.Data No data for ticker MANORAMA.NS in batch result.
2026-08-15 15:35:29,096 DEBUG AlphaScanner.Data No data for ticker MANYAVAR.NS in batch result.
2026-08-15 15:35:29,109 DEBUG AlphaScanner.Data No data for ticker PGEL.NS in batch result.
2026-08-15 15:35:29,128 DEBUG AlphaScanner.Data No data for ticker PNCINFRA.NS in batch result.
2026-08-15 15:35:29,136 DEBUG AlphaScanner.Data No data for ticker NUVOCO.NS in batch result.
2026-08-15 15:35:29,143 DEBUG AlphaScanner.Data No data for ticker OPTIEMUS.NS in batch result.
2026-08-15 15:35:29,201 DEBUG AlphaScanner.Data No data for ticker POLYMED.NS in batch result.
2026-08-15 15:35:29,211 DEBUG AlphaScanner.Data No data for ticker POWERMECH.NS in batch result.
2026-08-15 15:35:29,216 DEBUG AlphaScanner.Data No data for ticker PRAJIND.NS in batch result.
2026-08-15 15:35:29,229 DEBUG AlphaScanner.Data No data for ticker PRICOLLTD.NS in batch result.
2026-08-15 15:35:29,229 DEBUG AlphaScanner.Data No data for ticker PRIVISCL.NS in batch result.
2026-08-15 15:35:29,238 DEBUG AlphaScanner.Data No data for ticker PRSMJOHNSN.NS in batch result.
2026-08-15 15:35:29,238 DEBUG AlphaScanner.Data No data for ticker PRUDENT.NS in batch result.
2026-08-15 15:35:29,238 DEBUG AlphaScanner.Data No data for ticker PTC.NS in batch result.
2026-08-15 15:35:29,238 DEBUG AlphaScanner.Data No data for ticker PURVA.NS in batch result.
2026-08-15 15:35:29,246 DEBUG AlphaScanner.Data No data for ticker MSTCLTD.NS in batch result.
2026-08-15 15:35:29,247 DEBUG AlphaScanner.Data No data for ticker NATCOPHARM.NS in batch result.
2026-08-15 15:35:29,260 DEBUG AlphaScanner.Data No data for ticker NAVA.NS in batch result.
2026-08-15 15:35:29,261 DEBUG AlphaScanner.Data No data for ticker NAZARA.NS in batch result.
2026-08-15 15:35:29,270 DEBUG AlphaScanner.Data No data for ticker NEOGEN.NS in batch result.
2026-08-15 15:35:29,270 DEBUG AlphaScanner.Data No data for ticker NESCO.NS in batch result.
2026-08-15 15:35:29,270 DEBUG AlphaScanner.Data No data for ticker NETWORK18.NS in batch result.
2026-08-15 15:35:29,270 DEBUG AlphaScanner.Data No data for ticker NEWGEN.NS in batch result.
2026-08-15 15:35:29,270 DEBUG AlphaScanner.Data No data for ticker NFL.NS in batch result.
2026-08-15 15:35:29,457 DEBUG AlphaScanner.Data No data for ticker RBA.NS in batch result.
2026-08-15 15:35:29,461 DEBUG AlphaScanner.Data No data for ticker RCF.NS in batch result.
2026-08-15 15:35:29,464 DEBUG AlphaScanner.Data No data for ticker REDTAPE.NS in batch result.
2026-08-15 15:35:29,469 DEBUG AlphaScanner.Data No data for ticker RELAXO.NS in batch result.
2026-08-15 15:35:29,469 DEBUG AlphaScanner.Data No data for ticker RELIGARE.NS in batch result.
2026-08-15 15:35:29,469 DEBUG AlphaScanner.Data No data for ticker RENUKA.NS in batch result.
2026-08-15 15:35:29,469 DEBUG AlphaScanner.Data No data for ticker RHIM.NS in batch result.
2026-08-15 15:35:29,470 DEBUG AlphaScanner.Data No data for ticker RITES.NS in batch result.
2026-08-15 15:35:29,470 DEBUG AlphaScanner.Data No data for ticker RKFORGE.NS in batch result.
2026-08-15 15:35:31,297 DEBUG AlphaScanner.Data No data for ticker RPOWER.NS in batch result.
2026-08-15 15:35:31,302 DEBUG AlphaScanner.Data No data for ticker SAATVIKGL.NS in batch result.
2026-08-15 15:35:31,343 DEBUG AlphaScanner.Data No data for ticker SHARDACROP.NS in batch result.
2026-08-15 15:35:31,362 DEBUG AlphaScanner.Data No data for ticker SHAREINDIA.NS in batch result.
2026-08-15 15:35:31,363 DEBUG AlphaScanner.Data No data for ticker SHILPAMED.NS in batch result.
2026-08-15 15:35:31,365 DEBUG AlphaScanner.Data No data for ticker SIGNATURE.NS in batch result.
2026-08-15 15:35:31,365 DEBUG AlphaScanner.Data No data for ticker SKFINDIA.NS in batch result.
2026-08-15 15:35:31,367 DEBUG AlphaScanner.Data No data for ticker SKFINDUS.NS in batch result.
2026-08-15 15:35:31,367 DEBUG AlphaScanner.Data No data for ticker SKIPPER.NS in batch result.
2026-08-15 15:35:31,367 DEBUG AlphaScanner.Data No data for ticker SKYGOLD.NS in batch result.
2026-08-15 15:35:31,367 DEBUG AlphaScanner.Data No data for ticker SMARTWORKS.NS in batch result.
2026-08-15 15:35:31,384 DEBUG AlphaScanner.Data No data for ticker THOMASCOOK.NS in batch result.
2026-08-15 15:35:31,384 DEBUG AlphaScanner.Data No data for ticker THYROCARE.NS in batch result.
2026-08-15 15:35:31,384 DEBUG AlphaScanner.Data No data for ticker TI.NS in batch result.
2026-08-15 15:35:31,384 DEBUG AlphaScanner.Data No data for ticker TIMETECHNO.NS in batch result.
2026-08-15 15:35:31,384 DEBUG AlphaScanner.Data No data for ticker TIPSMUSIC.NS in batch result.
2026-08-15 15:35:31,384 DEBUG AlphaScanner.Data No data for ticker TITAGARH.NS in batch result.
2026-08-15 15:35:31,384 DEBUG AlphaScanner.Data No data for ticker TMB.NS in batch result.
2026-08-15 15:35:31,384 DEBUG AlphaScanner.Data No data for ticker TRANSRAILL.NS in batch result.
2026-08-15 15:35:31,388 DEBUG AlphaScanner.Data No data for ticker TRAVELFOOD.NS in batch result.
2026-08-15 15:35:31,469 DEBUG AlphaScanner.Data No data for ticker SANOFICONR.NS in batch result.
2026-08-15 15:35:31,470 DEBUG AlphaScanner.Data No data for ticker SAPPHIRE.NS in batch result.
2026-08-15 15:35:31,471 DEBUG AlphaScanner.Data No data for ticker SARDAEN.NS in batch result.
2026-08-15 15:35:31,471 DEBUG AlphaScanner.Data No data for ticker SAREGAMA.NS in batch result.
2026-08-15 15:35:31,471 DEBUG AlphaScanner.Data No data for ticker SBFC.NS in batch result.
2026-08-15 15:35:31,472 DEBUG AlphaScanner.Data No data for ticker SCI.NS in batch result.
2026-08-15 15:35:31,472 DEBUG AlphaScanner.Data No data for ticker SENCO.NS in batch result.
2026-08-15 15:35:31,483 DEBUG AlphaScanner.Data No data for ticker SFL.NS in batch result.
2026-08-15 15:35:31,485 DEBUG AlphaScanner.Data No data for ticker SHAILY.NS in batch result.
2026-08-15 15:35:31,549 DEBUG AlphaScanner.Data No data for ticker UTLSOLAR.NS in batch result.
2026-08-15 15:35:31,603 DEBUG AlphaScanner.Data No data for ticker SWSOLAR.NS in batch result.
2026-08-15 15:35:31,613 DEBUG AlphaScanner.Data No data for ticker TANLA.NS in batch result.
2026-08-15 15:35:31,613 DEBUG AlphaScanner.Data No data for ticker TARC.NS in batch result.
2026-08-15 15:35:31,613 DEBUG AlphaScanner.Data No data for ticker TARIL.NS in batch result.
2026-08-15 15:35:31,613 DEBUG AlphaScanner.Data No data for ticker TATACHEM.NS in batch result.
2026-08-15 15:35:31,616 DEBUG AlphaScanner.Data No data for ticker TBOTEK.NS in batch result.
2026-08-15 15:35:31,616 DEBUG AlphaScanner.Data No data for ticker TECHNOE.NS in batch result.
2026-08-15 15:35:31,616 DEBUG AlphaScanner.Data No data for ticker TEGA.NS in batch result.
2026-08-15 15:35:31,616 DEBUG AlphaScanner.Data No data for ticker TEJASNET.NS in batch result.
2026-08-15 15:35:31,619 DEBUG AlphaScanner.Data No data for ticker THANGAMAYL.NS in batch result.
2026-08-15 15:35:31,678 DEBUG AlphaScanner.Data No data for ticker SMLMAH.NS in batch result.
2026-08-15 15:35:31,678 DEBUG AlphaScanner.Data No data for ticker SOBHA.NS in batch result.
2026-08-15 15:35:31,678 DEBUG AlphaScanner.Data No data for ticker SONATSOFTW.NS in batch result.
2026-08-15 15:35:31,678 DEBUG AlphaScanner.Data No data for ticker SOUTHBANK.NS in batch result.
2026-08-15 15:35:31,681 DEBUG AlphaScanner.Data No data for ticker SPLPETRO.NS in batch result.
2026-08-15 15:35:31,684 DEBUG AlphaScanner.Data No data for ticker STARCEMENT.NS in batch result.
2026-08-15 15:35:31,684 DEBUG AlphaScanner.Data No data for ticker STYL.NS in batch result.
2026-08-15 15:35:31,684 DEBUG AlphaScanner.Data No data for ticker STYRENIX.NS in batch result.
2026-08-15 15:35:31,684 DEBUG AlphaScanner.Data No data for ticker V2RETAIL.NS in batch result.
2026-08-15 15:35:31,684 DEBUG AlphaScanner.Data No data for ticker VAIBHAVGBL.NS in batch result.
2026-08-15 15:35:31,687 DEBUG AlphaScanner.Data No data for ticker VGUARD.NS in batch result.
2026-08-15 15:35:31,687 DEBUG AlphaScanner.Data No data for ticker VIJAYA.NS in batch result.
2026-08-15 15:35:31,689 DEBUG AlphaScanner.Data No data for ticker VIPIND.NS in batch result.
2026-08-15 15:35:31,689 DEBUG AlphaScanner.Data No data for ticker VIYASH.NS in batch result.
2026-08-15 15:35:31,689 DEBUG AlphaScanner.Data No data for ticker VMART.NS in batch result.
2026-08-15 15:35:31,689 DEBUG AlphaScanner.Data No data for ticker VOGL.NS in batch result.
2026-08-15 15:35:31,824 DEBUG AlphaScanner.Data No data for ticker VTL.NS in batch result.
2026-08-15 15:35:31,824 DEBUG AlphaScanner.Data No data for ticker WAAREERTL.NS in batch result.
2026-08-15 15:35:31,824 DEBUG AlphaScanner.Data No data for ticker WABAG.NS in batch result.
2026-08-15 15:35:31,824 DEBUG AlphaScanner.Data No data for ticker WAKEFIT.NS in batch result.
2026-08-15 15:35:31,824 DEBUG AlphaScanner.Data No data for ticker WEBELSOLAR.NS in batch result.
2026-08-15 15:35:31,824 DEBUG AlphaScanner.Data No data for ticker WELENT.NS in batch result.
2026-08-15 15:35:31,824 DEBUG AlphaScanner.Data No data for ticker WELSPUNLIV.NS in batch result.
2026-08-15 15:35:32,700 DEBUG AlphaScanner.Data download_history_batch result count=154
2026-08-15 15:35:32,704 INFO AlphaScanner.Scanner History download finished in 13.14s for 397 tickers
2026-08-15 15:35:32,704 INFO AlphaScanner.Scanner Downloaded history for 154 tickers.
2026-08-15 15:35:32,705 INFO AlphaScanner.Scanner Processing 154 tickers...
2026-08-15 15:35:33,427 WARNING AlphaScanner.QualityFilter Quality rejection ticker=CSBBANK.NS sector=Unknown failed_checks=['Relative Strength Below Threshold']
2026-08-15 15:35:33,428 WARNING AlphaScanner.QualityFilter Quality rejection ticker=CSBBANK.NS sector=Unknown failed_checks=['Relative Strength Below Threshold']
2026-08-15 15:35:33,702 WARNING AlphaScanner.QualityFilter Quality rejection ticker=CROMPTON.NS sector=Unknown failed_checks=['Relative Strength Below Threshold']
2026-08-15 15:35:33,841 WARNING AlphaScanner.QualityFilter Quality rejection ticker=CROMPTON.NS sector=Unknown failed_checks=['Relative Strength Below Threshold']
2026-08-15 15:35:35,317 WARNING AlphaScanner.QualityFilter Quality rejection ticker=AFCONS.NS sector=Unknown failed_checks=['Relative Strength Below Threshold']
2026-08-15 15:35:35,318 WARNING AlphaScanner.QualityFilter Quality rejection ticker=AFCONS.NS sector=Unknown failed_checks=['Relative Strength Below Threshold']
2026-08-15 15:35:36,421 WARNING AlphaScanner.QualityFilter Quality rejection ticker=ANUP.NS sector=Unknown failed_checks=['Relative Strength Below Threshold']
2026-08-15 15:35:36,449 WARNING AlphaScanner.QualityFilter Quality rejection ticker=ANUP.NS sector=Unknown failed_checks=['Relative Strength Below Threshold']
2026-08-15 15:35:36,459 WARNING AlphaScanner.QualityFilter Quality rejection ticker=ALOKINDS.NS sector=Unknown failed_checks=['Relative Strength Below Threshold']
2026-08-15 15:35:36,469 WARNING AlphaScanner.QualityFilter Quality rejection ticker=ALOKINDS.NS sector=Unknown failed_checks=['Relative Strength Below Threshold']
2026-08-15 15:35:36,542 WARNING AlphaScanner.QualityFilter Quality rejection ticker=DEEPAKFERT.NS sector=Unknown failed_checks=['Relative Strength Below Threshold']
2026-08-15 15:35:36,549 WARNING AlphaScanner.QualityFilter Quality rejection ticker=DEEPAKFERT.NS sector=Unknown failed_checks=['Relative Strength Below Threshold']
2026-08-15 15:35:37,075 WARNING AlphaScanner.QualityFilter Quality rejection ticker=CCL.NS sector=Unknown failed_checks=['Relative Strength Below Threshold']
2026-08-15 15:35:37,076 WARNING AlphaScanner.QualityFilter Quality rejection ticker=CCL.NS sector=Unknown failed_checks=['Relative Strength Below Threshold']
2026-08-15 15:35:37,151 WARNING AlphaScanner.QualityFilter Quality rejection ticker=CENTURYPLY.NS sector=Unknown failed_checks=['Relative Strength Below Threshold']
2026-08-15 15:35:37,151 WARNING AlphaScanner.QualityFilter Quality rejection ticker=CENTURYPLY.NS sector=Unknown failed_checks=['Relative Strength Below Threshold']
2026-08-15 15:35:37,219 WARNING AlphaScanner.QualityFilter Quality rejection ticker=CHAMBLFERT.NS sector=Unknown failed_checks=['Relative Strength Below Threshold']
2026-08-15 15:35:37,219 WARNING AlphaScanner.QualityFilter Quality rejection ticker=CHAMBLFERT.NS sector=Unknown failed_checks=['Relative Strength Below Threshold']
2026-08-15 15:35:37,318 WARNING AlphaScanner.QualityFilter Quality rejection ticker=CERA.NS sector=Unknown failed_checks=['Relative Strength Below Threshold']
2026-08-15 15:35:37,321 WARNING AlphaScanner.QualityFilter Quality rejection ticker=CERA.NS sector=Unknown failed_checks=['Relative Strength Below Threshold']
2026-08-15 15:35:37,371 WARNING AlphaScanner.QualityFilter Quality rejection ticker=CHALET.NS sector=Unknown failed_checks=['Relative Strength Below Threshold']
2026-08-15 15:35:37,372 WARNING AlphaScanner.QualityFilter Quality rejection ticker=CHALET.NS sector=Unknown failed_checks=['Relative Strength Below Threshold']
2026-08-15 15:35:37,903 WARNING AlphaScanner.QualityFilter Quality rejection ticker=CIEINDIA.NS sector=Unknown failed_checks=['Relative Strength Below Threshold']
2026-08-15 15:35:37,903 WARNING AlphaScanner.QualityFilter Quality rejection ticker=CIEINDIA.NS sector=Unknown failed_checks=['Relative Strength Below Threshold']
2026-08-15 15:35:37,973 WARNING AlphaScanner.QualityFilter Quality rejection ticker=CHOICEIN.NS sector=Unknown failed_checks=['Relative Strength Below Threshold']
2026-08-15 15:35:37,973 WARNING AlphaScanner.QualityFilter Quality rejection ticker=CHOICEIN.NS sector=Unknown failed_checks=['Relative Strength Below Threshold']
2026-08-15 15:35:38,093 WARNING AlphaScanner.QualityFilter Quality rejection ticker=CAMPUS.NS sector=Unknown failed_checks=['Relative Strength Below Threshold']
2026-08-15 15:35:38,094 WARNING AlphaScanner.QualityFilter Quality rejection ticker=CAMPUS.NS sector=Unknown failed_checks=['Relative Strength Below Threshold']
2026-08-15 15:35:38,171 WARNING AlphaScanner.QualityFilter Quality rejection ticker=CAMS.NS sector=Unknown failed_checks=['Relative Strength Below Threshold']
2026-08-15 15:35:38,171 WARNING AlphaScanner.QualityFilter Quality rejection ticker=CAMS.NS sector=Unknown failed_checks=['Relative Strength Below Threshold']
2026-08-15 15:35:38,355 WARNING AlphaScanner.QualityFilter Quality rejection ticker=CANFINHOME.NS sector=Unknown failed_checks=['Relative Strength Below Threshold']
2026-08-15 15:35:38,355 WARNING AlphaScanner.QualityFilter Quality rejection ticker=CANFINHOME.NS sector=Unknown failed_checks=['Relative Strength Below Threshold']
2026-08-15 15:35:38,411 WARNING AlphaScanner.QualityFilter Quality rejection ticker=CAPLIPOINT.NS sector=Unknown failed_checks=['Relative Strength Below Threshold']
2026-08-15 15:35:38,412 WARNING AlphaScanner.QualityFilter Quality rejection ticker=CAPLIPOINT.NS sector=Unknown failed_checks=['Relative Strength Below Threshold']
2026-08-15 15:35:38,617 WARNING AlphaScanner.QualityFilter Quality rejection ticker=CASTROLIND.NS sector=Unknown failed_checks=['Relative Strength Below Threshold']
2026-08-15 15:35:38,617 WARNING AlphaScanner.QualityFilter Quality rejection ticker=CASTROLIND.NS sector=Unknown failed_checks=['Relative Strength Below Threshold']
2026-08-15 15:35:38,715 WARNING AlphaScanner.QualityFilter Quality rejection ticker=CCAVENUE.NS sector=Unknown failed_checks=['Relative Strength Below Threshold']
2026-08-15 15:35:38,715 WARNING AlphaScanner.QualityFilter Quality rejection ticker=CCAVENUE.NS sector=Unknown failed_checks=['Relative Strength Below Threshold']
2026-08-15 15:35:39,276 WARNING AlphaScanner.QualityFilter Quality rejection ticker=BANCOINDIA.NS sector=Unknown failed_checks=['Relative Strength Below Threshold']
2026-08-15 15:35:39,309 WARNING AlphaScanner.QualityFilter Quality rejection ticker=BANCOINDIA.NS sector=Unknown failed_checks=['Relative Strength Below Threshold']
2026-08-15 15:35:39,561 WARNING AlphaScanner.QualityFilter Quality rejection ticker=BAYERCROP.NS sector=Unknown failed_checks=['Relative Strength Below Threshold']
2026-08-15 15:35:39,561 WARNING AlphaScanner.QualityFilter Quality rejection ticker=BAYERCROP.NS sector=Unknown failed_checks=['Relative Strength Below Threshold']
2026-08-15 15:35:40,153 WARNING AlphaScanner.QualityFilter Quality rejection ticker=AURIONPRO.NS sector=Unknown failed_checks=['Relative Strength Below Threshold']
2026-08-15 15:35:40,153 WARNING AlphaScanner.QualityFilter Quality rejection ticker=AURIONPRO.NS sector=Unknown failed_checks=['Relative Strength Below Threshold']
2026-08-15 15:35:40,219 WARNING AlphaScanner.QualityFilter Quality rejection ticker=BBTC.NS sector=Unknown failed_checks=['Relative Strength Below Threshold']
2026-08-15 15:35:40,219 WARNING AlphaScanner.QualityFilter Quality rejection ticker=BBTC.NS sector=Unknown failed_checks=['Relative Strength Below Threshold']
2026-08-15 15:35:40,739 WARNING AlphaScanner.QualityFilter Quality rejection ticker=AVANTIFEED.NS sector=Unknown failed_checks=['Relative Strength Below Threshold']
2026-08-15 15:35:40,753 WARNING AlphaScanner.QualityFilter Quality rejection ticker=AVANTIFEED.NS sector=Unknown failed_checks=['Relative Strength Below Threshold']
2026-08-15 15:35:40,801 WARNING AlphaScanner.QualityFilter Quality rejection ticker=AVL.NS sector=Unknown failed_checks=['Relative Strength Below Threshold']
2026-08-15 15:35:40,805 WARNING AlphaScanner.QualityFilter Quality rejection ticker=AVL.NS sector=Unknown failed_checks=['Relative Strength Below Threshold']
2026-08-15 15:35:40,994 WARNING AlphaScanner.QualityFilter Quality rejection ticker=AXISCADES.NS sector=Unknown failed_checks=['Relative Strength Below Threshold']
2026-08-15 15:35:40,995 WARNING AlphaScanner.QualityFilter Quality rejection ticker=AXISCADES.NS sector=Unknown failed_checks=['Relative Strength Below Threshold']
2026-08-15 15:35:41,035 WARNING AlphaScanner.QualityFilter Quality rejection ticker=AWFIS.NS sector=Unknown failed_checks=['Relative Strength Below Threshold']
2026-08-15 15:35:41,036 WARNING AlphaScanner.QualityFilter Quality rejection ticker=AWFIS.NS sector=Unknown failed_checks=['Relative Strength Below Threshold']
2026-08-15 15:35:41,342 WARNING AlphaScanner.QualityFilter Quality rejection ticker=EIEL.NS sector=Unknown failed_checks=['Relative Strength Below Threshold']
2026-08-15 15:35:41,342 WARNING AlphaScanner.QualityFilter Quality rejection ticker=EIEL.NS sector=Unknown failed_checks=['Relative Strength Below Threshold']
2026-08-15 15:35:41,675 WARNING AlphaScanner.QualityFilter Quality rejection ticker=EMAMILTD.NS sector=Unknown failed_checks=['Relative Strength Below Threshold']
2026-08-15 15:35:41,675 WARNING AlphaScanner.QualityFilter Quality rejection ticker=EMAMILTD.NS sector=Unknown failed_checks=['Relative Strength Below Threshold']
2026-08-15 15:35:41,983 WARNING AlphaScanner.QualityFilter Quality rejection ticker=ELECTCAST.NS sector=Unknown failed_checks=['Relative Strength Below Threshold']
2026-08-15 15:35:41,984 WARNING AlphaScanner.QualityFilter Quality rejection ticker=ELECTCAST.NS sector=Unknown failed_checks=['Relative Strength Below Threshold']
2026-08-15 15:35:42,120 WARNING AlphaScanner.QualityFilter Quality rejection ticker=EMBDL.NS sector=Unknown failed_checks=['Relative Strength Below Threshold']
2026-08-15 15:35:42,120 WARNING AlphaScanner.QualityFilter Quality rejection ticker=EMBDL.NS sector=Unknown failed_checks=['Relative Strength Below Threshold']
2026-08-15 15:35:42,208 WARNING AlphaScanner.QualityFilter Quality rejection ticker=EQUITASBNK.NS sector=Unknown failed_checks=['Relative Strength Below Threshold']
2026-08-15 15:35:42,208 WARNING AlphaScanner.QualityFilter Quality rejection ticker=EQUITASBNK.NS sector=Unknown failed_checks=['Relative Strength Below Threshold']
2026-08-15 15:35:42,256 WARNING AlphaScanner.QualityFilter Quality rejection ticker=INDIAGLYCO.NS sector=Unknown failed_checks=['Relative Strength Below Threshold']
2026-08-15 15:35:42,256 WARNING AlphaScanner.QualityFilter Quality rejection ticker=INDIAGLYCO.NS sector=Unknown failed_checks=['Relative Strength Below Threshold']
2026-08-15 15:35:43,102 WARNING AlphaScanner.QualityFilter Quality rejection ticker=JKLAKSHMI.NS sector=Unknown failed_checks=['Relative Strength Below Threshold']
2026-08-15 15:35:43,142 WARNING AlphaScanner.QualityFilter Quality rejection ticker=JKLAKSHMI.NS sector=Unknown failed_checks=['Relative Strength Below Threshold']
2026-08-15 15:35:43,427 WARNING AlphaScanner.QualityFilter Quality rejection ticker=KPIGREEN.NS sector=Unknown failed_checks=['Relative Strength Below Threshold']
2026-08-15 15:35:43,427 WARNING AlphaScanner.QualityFilter Quality rejection ticker=KPIGREEN.NS sector=Unknown failed_checks=['Relative Strength Below Threshold']
2026-08-15 15:35:44,015 WARNING AlphaScanner.QualityFilter Quality rejection ticker=LATENTVIEW.NS sector=Unknown failed_checks=['Relative Strength Below Threshold']
2026-08-15 15:35:44,016 WARNING AlphaScanner.QualityFilter Quality rejection ticker=LATENTVIEW.NS sector=Unknown failed_checks=['Relative Strength Below Threshold']
2026-08-15 15:35:44,075 WARNING AlphaScanner.QualityFilter Quality rejection ticker=LEMONTREE.NS sector=Unknown failed_checks=['Relative Strength Below Threshold']
2026-08-15 15:35:44,075 WARNING AlphaScanner.QualityFilter Quality rejection ticker=LEMONTREE.NS sector=Unknown failed_checks=['Relative Strength Below Threshold']
2026-08-15 15:35:44,111 WARNING AlphaScanner.QualityFilter Quality rejection ticker=KSB.NS sector=Unknown failed_checks=['Relative Strength Below Threshold']
2026-08-15 15:35:44,111 WARNING AlphaScanner.QualityFilter Quality rejection ticker=KSB.NS sector=Unknown failed_checks=['Relative Strength Below Threshold']
2026-08-15 15:35:44,958 WARNING AlphaScanner.QualityFilter Quality rejection ticker=PCBL.NS sector=Unknown failed_checks=['Relative Strength Below Threshold']
2026-08-15 15:35:44,987 WARNING AlphaScanner.QualityFilter Quality rejection ticker=PCBL.NS sector=Unknown failed_checks=['Relative Strength Below Threshold']
2026-08-15 15:35:45,304 WARNING AlphaScanner.QualityFilter Quality rejection ticker=NIVABUPA.NS sector=Unknown failed_checks=['Relative Strength Below Threshold']
2026-08-15 15:35:45,333 WARNING AlphaScanner.QualityFilter Quality rejection ticker=NIVABUPA.NS sector=Unknown failed_checks=['Relative Strength Below Threshold']
2026-08-15 15:35:45,895 WARNING AlphaScanner.QualityFilter Quality rejection ticker=ONESOURCE.NS sector=Unknown failed_checks=['Relative Strength Below Threshold']
2026-08-15 15:35:45,901 WARNING AlphaScanner.QualityFilter Quality rejection ticker=ONESOURCE.NS sector=Unknown failed_checks=['Relative Strength Below Threshold']
2026-08-15 15:35:46,014 WARNING AlphaScanner.QualityFilter Quality rejection ticker=ORIENTCEM.NS sector=Unknown failed_checks=['Relative Strength Below Threshold']
2026-08-15 15:35:46,014 WARNING AlphaScanner.QualityFilter Quality rejection ticker=ORIENTCEM.NS sector=Unknown failed_checks=['Relative Strength Below Threshold']
2026-08-15 15:35:46,476 WARNING AlphaScanner.QualityFilter Quality rejection ticker=OLECTRA.NS sector=Unknown failed_checks=['Relative Strength Below Threshold']
2026-08-15 15:35:46,490 WARNING AlphaScanner.QualityFilter Quality rejection ticker=OLECTRA.NS sector=Unknown failed_checks=['Relative Strength Below Threshold']
2026-08-15 15:35:46,831 WARNING AlphaScanner.QualityFilter Quality rejection ticker=REFEX.NS sector=Unknown failed_checks=['Relative Strength Below Threshold']
2026-08-15 15:35:46,849 WARNING AlphaScanner.QualityFilter Quality rejection ticker=REFEX.NS sector=Unknown failed_checks=['Relative Strength Below Threshold']
2026-08-15 15:35:46,951 WARNING AlphaScanner.QualityFilter Quality rejection ticker=RTNINDIA.NS sector=Unknown failed_checks=['Relative Strength Below Threshold']
2026-08-15 15:35:46,951 WARNING AlphaScanner.QualityFilter Quality rejection ticker=RTNINDIA.NS sector=Unknown failed_checks=['Relative Strength Below Threshold']
2026-08-15 15:35:46,967 WARNING AlphaScanner.QualityFilter Quality rejection ticker=ROUTE.NS sector=Unknown failed_checks=['Relative Strength Below Threshold']
2026-08-15 15:35:46,980 WARNING AlphaScanner.QualityFilter Quality rejection ticker=ROUTE.NS sector=Unknown failed_checks=['Relative Strength Below Threshold']
2026-08-15 15:35:47,120 WARNING AlphaScanner.QualityFilter Quality rejection ticker=SAFARI.NS sector=Unknown failed_checks=['Relative Strength Below Threshold']
2026-08-15 15:35:47,121 WARNING AlphaScanner.QualityFilter Quality rejection ticker=SAFARI.NS sector=Unknown failed_checks=['Relative Strength Below Threshold']
2026-08-15 15:35:47,165 WARNING AlphaScanner.QualityFilter Quality rejection ticker=RTNPOWER.NS sector=Unknown failed_checks=['Relative Strength Below Threshold']
2026-08-15 15:35:47,169 WARNING AlphaScanner.QualityFilter Quality rejection ticker=RTNPOWER.NS sector=Unknown failed_checks=['Relative Strength Below Threshold']
2026-08-15 15:35:47,368 WARNING AlphaScanner.QualityFilter Quality rejection ticker=SAMMAANCAP.NS sector=Unknown failed_checks=['Relative Strength Below Threshold']
2026-08-15 15:35:47,415 WARNING AlphaScanner.QualityFilter Quality rejection ticker=SAMMAANCAP.NS sector=Unknown failed_checks=['Relative Strength Below Threshold']
2026-08-15 15:35:47,420 WARNING AlphaScanner.QualityFilter Quality rejection ticker=SAMHI.NS sector=Unknown failed_checks=['Relative Strength Below Threshold']
2026-08-15 15:35:47,428 WARNING AlphaScanner.QualityFilter Quality rejection ticker=SAMHI.NS sector=Unknown failed_checks=['Relative Strength Below Threshold']
2026-08-15 15:35:47,769 WARNING AlphaScanner.QualityFilter Quality rejection ticker=SANDUMA.NS sector=Unknown failed_checks=['Relative Strength Below Threshold']
2026-08-15 15:35:47,784 WARNING AlphaScanner.QualityFilter Quality rejection ticker=SANDUMA.NS sector=Unknown failed_checks=['Relative Strength Below Threshold']
2026-08-15 15:35:47,957 WARNING AlphaScanner.QualityFilter Quality rejection ticker=SHAKTIPUMP.NS sector=Unknown failed_checks=['Relative Strength Below Threshold']
2026-08-15 15:35:47,959 WARNING AlphaScanner.QualityFilter Quality rejection ticker=SHAKTIPUMP.NS sector=Unknown failed_checks=['Relative Strength Below Threshold']
2026-08-15 15:35:48,143 WARNING AlphaScanner.QualityFilter Quality rejection ticker=TRIDENT.NS sector=Unknown failed_checks=['Relative Strength Below Threshold']
2026-08-15 15:35:48,143 WARNING AlphaScanner.QualityFilter Quality rejection ticker=TRIDENT.NS sector=Unknown failed_checks=['Relative Strength Below Threshold']
2026-08-15 15:35:48,292 WARNING AlphaScanner.QualityFilter Quality rejection ticker=TRITURBINE.NS sector=Unknown failed_checks=['Relative Strength Below Threshold']
2026-08-15 15:35:48,293 WARNING AlphaScanner.QualityFilter Quality rejection ticker=TRITURBINE.NS sector=Unknown failed_checks=['Relative Strength Below Threshold']
2026-08-15 15:35:48,429 WARNING AlphaScanner.QualityFilter Quality rejection ticker=TSFINV.NS sector=Unknown failed_checks=['Relative Strength Below Threshold']
2026-08-15 15:35:48,453 WARNING AlphaScanner.QualityFilter Quality rejection ticker=TSFINV.NS sector=Unknown failed_checks=['Relative Strength Below Threshold']
2026-08-15 15:35:48,683 WARNING AlphaScanner.QualityFilter Quality rejection ticker=TTML.NS sector=Unknown failed_checks=['Relative Strength Below Threshold']
2026-08-15 15:35:48,773 WARNING AlphaScanner.QualityFilter Quality rejection ticker=TTML.NS sector=Unknown failed_checks=['Relative Strength Below Threshold']
2026-08-15 15:35:48,894 WARNING AlphaScanner.QualityFilter Quality rejection ticker=SUBROS.NS sector=Unknown failed_checks=['Relative Strength Below Threshold']
2026-08-15 15:35:48,896 WARNING AlphaScanner.QualityFilter Quality rejection ticker=SUBROS.NS sector=Unknown failed_checks=['Relative Strength Below Threshold']
2026-08-15 15:35:49,043 WARNING AlphaScanner.QualityFilter Quality rejection ticker=TVSSCS.NS sector=Unknown failed_checks=['Relative Strength Below Threshold']
2026-08-15 15:35:49,088 WARNING AlphaScanner.QualityFilter Quality rejection ticker=USHAMART.NS sector=Unknown failed_checks=['Relative Strength Below Threshold']
2026-08-15 15:35:49,131 WARNING AlphaScanner.QualityFilter Quality rejection ticker=TVSSCS.NS sector=Unknown failed_checks=['Relative Strength Below Threshold']
2026-08-15 15:35:49,151 WARNING AlphaScanner.QualityFilter Quality rejection ticker=USHAMART.NS sector=Unknown failed_checks=['Relative Strength Below Threshold']
2026-08-15 15:35:49,390 WARNING AlphaScanner.QualityFilter Quality rejection ticker=SUNTECK.NS sector=Unknown failed_checks=['Relative Strength Below Threshold']
2026-08-15 15:35:49,391 WARNING AlphaScanner.QualityFilter Quality rejection ticker=SUNTECK.NS sector=Unknown failed_checks=['Relative Strength Below Threshold']
2026-08-15 15:35:49,545 WARNING AlphaScanner.QualityFilter Quality rejection ticker=SUNTV.NS sector=Unknown failed_checks=['Relative Strength Below Threshold']
2026-08-15 15:35:49,545 WARNING AlphaScanner.QualityFilter Quality rejection ticker=SUNTV.NS sector=Unknown failed_checks=['Relative Strength Below Threshold']
2026-08-15 15:35:49,762 WARNING AlphaScanner.QualityFilter Quality rejection ticker=SUPRIYA.NS sector=Unknown failed_checks=['Relative Strength Below Threshold']
2026-08-15 15:35:49,829 WARNING AlphaScanner.QualityFilter Quality rejection ticker=SURYAROSNI.NS sector=Unknown failed_checks=['Relative Strength Below Threshold']
2026-08-15 15:35:49,830 WARNING AlphaScanner.QualityFilter Quality rejection ticker=SUPRIYA.NS sector=Unknown failed_checks=['Relative Strength Below Threshold']
2026-08-15 15:35:49,830 WARNING AlphaScanner.QualityFilter Quality rejection ticker=SURYAROSNI.NS sector=Unknown failed_checks=['Relative Strength Below Threshold']
2026-08-15 15:35:49,904 WARNING AlphaScanner.QualityFilter Quality rejection ticker=SPARC.NS sector=Unknown failed_checks=['Relative Strength Below Threshold']
2026-08-15 15:35:49,905 WARNING AlphaScanner.QualityFilter Quality rejection ticker=SPARC.NS sector=Unknown failed_checks=['Relative Strength Below Threshold']
2026-08-15 15:35:49,951 WARNING AlphaScanner.QualityFilter Quality rejection ticker=TEXRAIL.NS sector=Unknown failed_checks=['Relative Strength Below Threshold']
2026-08-15 15:35:49,952 WARNING AlphaScanner.QualityFilter Quality rejection ticker=TEXRAIL.NS sector=Unknown failed_checks=['Relative Strength Below Threshold']
2026-08-15 15:35:50,062 WARNING AlphaScanner.QualityFilter Quality rejection ticker=SWANCORP.NS sector=Unknown failed_checks=['Relative Strength Below Threshold']
2026-08-15 15:35:50,084 WARNING AlphaScanner.QualityFilter Quality rejection ticker=SWANCORP.NS sector=Unknown failed_checks=['Relative Strength Below Threshold']
2026-08-15 15:35:50,311 WARNING AlphaScanner.QualityFilter Quality rejection ticker=STAR.NS sector=Unknown failed_checks=['Relative Strength Below Threshold']
2026-08-15 15:35:50,312 WARNING AlphaScanner.QualityFilter Quality rejection ticker=STAR.NS sector=Unknown failed_checks=['Relative Strength Below Threshold']
2026-08-15 15:35:50,628 WARNING AlphaScanner.QualityFilter Quality rejection ticker=WHIRLPOOL.NS sector=Unknown failed_checks=['Relative Strength Below Threshold']
2026-08-15 15:35:50,653 WARNING AlphaScanner.QualityFilter Quality rejection ticker=WHIRLPOOL.NS sector=Unknown failed_checks=['Relative Strength Below Threshold']
2026-08-15 15:35:51,127 WARNING AlphaScanner.QualityFilter Quality rejection ticker=ZAGGLE.NS sector=Unknown failed_checks=['Relative Strength Below Threshold']
2026-08-15 15:35:51,158 WARNING AlphaScanner.QualityFilter Quality rejection ticker=ZAGGLE.NS sector=Unknown failed_checks=['Relative Strength Below Threshold']
2026-08-15 15:35:51,288 WARNING AlphaScanner.QualityFilter Quality rejection ticker=ZENSARTECH.NS sector=Unknown failed_checks=['Relative Strength Below Threshold']
2026-08-15 15:35:51,289 WARNING AlphaScanner.QualityFilter Quality rejection ticker=ZENSARTECH.NS sector=Unknown failed_checks=['Relative Strength Below Threshold']
2026-08-15 15:35:51,584 WARNING AlphaScanner.QualityFilter Quality rejection ticker=ZYDUSWELL.NS sector=Unknown failed_checks=['Relative Strength Below Threshold']
2026-08-15 15:35:51,585 WARNING AlphaScanner.QualityFilter Quality rejection ticker=ZYDUSWELL.NS sector=Unknown failed_checks=['Relative Strength Below Threshold']
2026-08-15 15:35:51,642 INFO AlphaScanner.Scanner Ticker evaluation finished in 18.94s for 154 tickers
2026-08-15 15:35:51,647 DEBUG AlphaScanner.Scanner Dual-mode scan finished: watchlist_rows=4 entry_rows=0
2026-08-15 15:35:58,561 INFO AlphaScanner.Scanner Watchlist candidates: 4 | Entry candidates: 0
2026-08-15 15:35:58,561 INFO AlphaScanner.Scanner Dual-mode scan total elapsed 39.02s
2026-08-15 15:35:58,571 INFO AlphaScanner.Service Modular scan finished in 39.03s for universe=Total Market (Cap Focused) interval=1d mode=Entry Scanner
2026-08-15 16:47:41,172 DEBUG AlphaScanner.UI.Scanner render_tab(scan_type=Breakout, universe=Nifty 500, scan_mode=Entry Scanner, timeframe=1d, use_cache=False, run_scan=False)
2026-08-15 16:47:47,554 DEBUG AlphaScanner.UI.Scanner render_tab(scan_type=Breakout, universe=Total Market (Cap Focused), scan_mode=Entry Scanner, timeframe=1d, use_cache=False, run_scan=False)
2026-08-15 16:47:52,338 DEBUG AlphaScanner.UI.Scanner render_tab(scan_type=Breakout, universe=Total Market (Cap Focused), scan_mode=Entry Scanner, timeframe=1d, use_cache=False, run_scan=False)
2026-08-15 16:47:57,618 DEBUG AlphaScanner.UI.Scanner render_tab(scan_type=Breakout, universe=Total Market (Cap Focused), scan_mode=Entry Scanner, timeframe=1d, use_cache=False, run_scan=True)
2026-08-15 16:48:00,975 WARNING AlphaScanner Failed to fetch NSE CSV from https://www1.nseindia.com/content/indices/ind_nifty500list.csv after 3 attempts: HTTPSConnectionPool(host='www1.nseindia.com', port=443): Max retries exceeded with url: /content/indices/ind_nifty500list.csv (Caused by SSLError(SSLError(1, '[SSL: TLSV1_ALERT_INTERNAL_ERROR] tlsv1 alert internal error (_ssl.c:1145)')))
2026-08-15 16:48:04,889 WARNING AlphaScanner Failed to fetch NSE CSV from https://www1.nseindia.com/content/indices/ind_niftymicrocap250_list.csv after 3 attempts: HTTPSConnectionPool(host='www1.nseindia.com', port=443): Max retries exceeded with url: /content/indices/ind_niftymicrocap250_list.csv (Caused by SSLError(SSLError(1, '[SSL: TLSV1_ALERT_INTERNAL_ERROR] tlsv1 alert internal error (_ssl.c:1145)')))
2026-08-15 16:48:05,291 DEBUG AlphaScanner.UI.Scanner Starting fresh scan with min_cap=500 max_cap=20000 sector_map_size=752
2026-08-15 16:48:05,291 DEBUG AlphaScanner.Service perform_fresh_scan(scanner_type=Breakout, universe=Total Market (Cap Focused), timeframe=1d, scan_mode=Entry Scanner, use_cache=False, vol_thresh=1.0, rsi_min=50, rsi_max=85, dist_thresh=1.5, min_mkt_cap_cr=500, max_mkt_cap_cr=20000)
2026-08-15 16:48:05,292 DEBUG AlphaScanner.Service Routing to legacy breakout scanner with normalized timeframe=1d
2026-08-15 16:48:05,293 DEBUG AlphaScanner.Engine run_scanner(scanner_type=Breakout, universe=Total Market (Cap Focused), timeframe=1d, use_cache=False, incremental_fetch=False, vol_thresh=1.0, rsi_range=50-85, dist_thresh=1.5, min_cap=500, max_cap=20000)
2026-08-15 16:48:05,300 DEBUG AlphaScanner.Engine Resolved legacy universe 'Total Market (Cap Focused)' to 755 tickers
2026-08-15 16:48:05,300 INFO AlphaScanner.Engine Universe resolution finished in 0.01s for Total Market (Cap Focused)
2026-08-15 16:48:05,300 INFO AlphaScanner.Engine Prefiltering universe of 755 tickers by market cap (Min: 500 Cr, Max: 20000 Cr)...
2026-08-15 16:48:05,309 DEBUG AlphaScanner.Engine Metadata cache is up to date. Skipping prefetch.
2026-08-15 16:48:05,317 INFO AlphaScanner.Engine Market cap pre-filter reduced universe from 755 to 397 tickers.
2026-08-15 16:48:05,317 INFO AlphaScanner.Engine Market-cap prefilter finished in 0.02s and reduced universe to 397 tickers
2026-08-15 16:48:05,529 DEBUG AlphaScanner.Engine Loaded benchmark close series with 496 rows
2026-08-15 16:48:05,529 INFO AlphaScanner.Engine Benchmark download finished in 0.21s
2026-08-15 16:48:05,546 DEBUG AlphaScanner.Engine Metadata cache is up to date. Skipping prefetch.
2026-08-15 16:48:05,554 DEBUG AlphaScanner.Engine Metadata cache primed with 397 entries
2026-08-15 16:48:05,555 INFO AlphaScanner.Engine Metadata prefetch finished in 0.02s
2026-08-15 16:48:05,556 DEBUG AlphaScanner.Data download_history_batch(size=397, period=2y, interval=1d, use_cache=False, head=['AARTIDRUGS.NS', 'AARTIIND.NS', 'AARTIPHARM.NS', 'AAVAS.NS', 'ABDL.NS'])
2026-08-15 16:48:05,556 INFO AlphaScanner.Data download_history_batch fetching 40 live chunks with 10 workers (chunk_size=10).
2026-08-15 16:48:07,879 WARNING AlphaScanner.Data Batch download attempt 1/3 failed for chunk size=10: dictionary changed size during iteration
2026-08-15 16:48:08,110 WARNING AlphaScanner.Data Batch download attempt 1/3 failed for chunk size=10: 'CANHLIFE.NS'
2026-08-15 16:48:08,595 DEBUG AlphaScanner.Data No data for ticker ANURAS.NS in batch result.
2026-08-15 16:48:08,595 DEBUG AlphaScanner.Data No data for ticker APLLTD.NS in batch result.
2026-08-15 16:48:08,608 DEBUG AlphaScanner.Data No data for ticker APOLLO.NS in batch result.
2026-08-15 16:48:08,613 DEBUG AlphaScanner.Data No data for ticker APTUS.NS in batch result.
2026-08-15 16:48:08,615 DEBUG AlphaScanner.Data No data for ticker ARVIND.NS in batch result.
2026-08-15 16:48:08,616 DEBUG AlphaScanner.Data No data for ticker ARVINDFASN.NS in batch result.
2026-08-15 16:48:08,616 DEBUG AlphaScanner.Data No data for ticker ASHAPURMIN.NS in batch result.
2026-08-15 16:48:08,616 DEBUG AlphaScanner.Data No data for ticker ASHOKA.NS in batch result.
2026-08-15 16:48:08,616 DEBUG AlphaScanner.Data No data for ticker ASKAUTOLTD.NS in batch result.
2026-08-15 16:48:10,764 DEBUG AlphaScanner.Data No data for ticker HONASA.NS in batch result.
2026-08-15 16:48:10,770 DEBUG AlphaScanner.Data No data for ticker IFBIND.NS in batch result.
2026-08-15 16:48:10,788 DEBUG AlphaScanner.Data No data for ticker IIFLCAPS.NS in batch result.
2026-08-15 16:48:10,788 DEBUG AlphaScanner.Data No data for ticker IMFA.NS in batch result.
2026-08-15 16:48:10,812 DEBUG AlphaScanner.Data No data for ticker INDIGOPNTS.NS in batch result.
2026-08-15 16:48:10,825 DEBUG AlphaScanner.Data No data for ticker INOXWIND.NS in batch result.
2026-08-15 16:48:10,827 DEBUG AlphaScanner.Data No data for ticker IONEXCHANG.NS in batch result.
2026-08-15 16:48:10,837 DEBUG AlphaScanner.Data No data for ticker ENTERO.NS in batch result.
2026-08-15 16:48:10,841 DEBUG AlphaScanner.Data No data for ticker EQUITASBNK.NS in batch result.
2026-08-15 16:48:10,847 DEBUG AlphaScanner.Data No data for ticker EUREKAFORB.NS in batch result.
2026-08-15 16:48:10,853 DEBUG AlphaScanner.Data No data for ticker FINCABLES.NS in batch result.
2026-08-15 16:48:10,895 DEBUG AlphaScanner.Data No data for ticker EIEL.NS in batch result.
2026-08-15 16:48:10,909 DEBUG AlphaScanner.Data No data for ticker ELECON.NS in batch result.
2026-08-15 16:48:10,946 DEBUG AlphaScanner.Data No data for ticker EMAMILTD.NS in batch result.
2026-08-15 16:48:10,946 DEBUG AlphaScanner.Data No data for ticker EMBDL.NS in batch result.
2026-08-15 16:48:10,948 DEBUG AlphaScanner.Data No data for ticker GRWRHITECH.NS in batch result.
2026-08-15 16:48:10,948 DEBUG AlphaScanner.Data No data for ticker GSFC.NS in batch result.
2026-08-15 16:48:10,948 DEBUG AlphaScanner.Data No data for ticker HAPPSTMNDS.NS in batch result.
2026-08-15 16:48:10,949 DEBUG AlphaScanner.Data No data for ticker HBLENGINE.NS in batch result.
2026-08-15 16:48:10,967 DEBUG AlphaScanner.Data No data for ticker HCC.NS in batch result.
2026-08-15 16:48:10,968 DEBUG AlphaScanner.Data No data for ticker HCG.NS in batch result.
2026-08-15 16:48:10,971 DEBUG AlphaScanner.Data No data for ticker HEG.NS in batch result.
2026-08-15 16:48:10,974 DEBUG AlphaScanner.Data No data for ticker HERITGFOOD.NS in batch result.
2026-08-15 16:48:10,975 DEBUG AlphaScanner.Data No data for ticker HGINFRA.NS in batch result.
2026-08-15 16:48:11,016 DEBUG AlphaScanner.Data No data for ticker GMRP&UI.NS in batch result.
2026-08-15 16:48:11,040 DEBUG AlphaScanner.Data No data for ticker GNFC.NS in batch result.
2026-08-15 16:48:11,041 DEBUG AlphaScanner.Data No data for ticker GODREJAGRO.NS in batch result.
2026-08-15 16:48:11,043 DEBUG AlphaScanner.Data No data for ticker GOKEX.NS in batch result.
2026-08-15 16:48:11,043 DEBUG AlphaScanner.Data No data for ticker GOKULAGRO.NS in batch result.
2026-08-15 16:48:11,043 DEBUG AlphaScanner.Data No data for ticker GPIL.NS in batch result.
2026-08-15 16:48:11,046 DEBUG AlphaScanner.Data No data for ticker GPPL.NS in batch result.
2026-08-15 16:48:11,049 DEBUG AlphaScanner.Data No data for ticker GRAVITA.NS in batch result.
2026-08-15 16:48:11,057 DEBUG AlphaScanner.Data No data for ticker GREAVESCOT.NS in batch result.
2026-08-15 16:48:11,180 DEBUG AlphaScanner.Data No data for ticker J&KBANK.NS in batch result.
2026-08-15 16:48:11,180 DEBUG AlphaScanner.Data No data for ticker JAIBALAJI.NS in batch result.
2026-08-15 16:48:11,185 DEBUG AlphaScanner.Data No data for ticker JAINREC.NS in batch result.
2026-08-15 16:48:11,186 DEBUG AlphaScanner.Data No data for ticker JAMNAAUTO.NS in batch result.
2026-08-15 16:48:11,188 DEBUG AlphaScanner.Data No data for ticker JAYNECOIND.NS in batch result.
2026-08-15 16:48:11,188 DEBUG AlphaScanner.Data No data for ticker JBMA.NS in batch result.
2026-08-15 16:48:11,189 DEBUG AlphaScanner.Data No data for ticker JINDALSAW.NS in batch result.
2026-08-15 16:48:11,192 DEBUG AlphaScanner.Data No data for ticker JKPAPER.NS in batch result.
2026-08-15 16:48:11,193 DEBUG AlphaScanner.Data No data for ticker JKTYRE.NS in batch result.
2026-08-15 16:48:11,281 DEBUG AlphaScanner.Data No data for ticker CCL.NS in batch result.
2026-08-15 16:48:11,281 DEBUG AlphaScanner.Data No data for ticker CEATLTD.NS in batch result.
2026-08-15 16:48:11,291 DEBUG AlphaScanner.Data No data for ticker CENTURYPLY.NS in batch result.
2026-08-15 16:48:11,292 DEBUG AlphaScanner.Data No data for ticker CERA.NS in batch result.
2026-08-15 16:48:11,294 DEBUG AlphaScanner.Data No data for ticker CHALET.NS in batch result.
2026-08-15 16:48:11,294 DEBUG AlphaScanner.Data No data for ticker CHAMBLFERT.NS in batch result.
2026-08-15 16:48:11,294 DEBUG AlphaScanner.Data No data for ticker CHENNPETRO.NS in batch result.
2026-08-15 16:48:11,295 DEBUG AlphaScanner.Data No data for ticker CHOICEIN.NS in batch result.
2026-08-15 16:48:11,295 DEBUG AlphaScanner.Data No data for ticker CIEINDIA.NS in batch result.
2026-08-15 16:48:11,295 DEBUG AlphaScanner.Data No data for ticker FINPIPE.NS in batch result.
2026-08-15 16:48:11,295 DEBUG AlphaScanner.Data No data for ticker FIRSTCRY.NS in batch result.
2026-08-15 16:48:11,295 DEBUG AlphaScanner.Data No data for ticker FIVESTAR.NS in batch result.
2026-08-15 16:48:11,296 DEBUG AlphaScanner.Data No data for ticker FSL.NS in batch result.
2026-08-15 16:48:11,298 DEBUG AlphaScanner.Data No data for ticker GALLANTT.NS in batch result.
2026-08-15 16:48:11,298 DEBUG AlphaScanner.Data No data for ticker GESHIP.NS in batch result.
2026-08-15 16:48:11,299 DEBUG AlphaScanner.Data No data for ticker GHCL.NS in batch result.
2026-08-15 16:48:11,304 DEBUG AlphaScanner.Data No data for ticker GMDCLTD.NS in batch result.
2026-08-15 16:48:11,308 DEBUG AlphaScanner.Data No data for ticker GMMPFAUDLR.NS in batch result.
2026-08-15 16:48:11,441 DEBUG AlphaScanner.Data No data for ticker ADVENZYMES.NS in batch result.
2026-08-15 16:48:11,441 DEBUG AlphaScanner.Data No data for ticker AEQUS.NS in batch result.
2026-08-15 16:48:11,441 DEBUG AlphaScanner.Data No data for ticker AFCONS.NS in batch result.
2026-08-15 16:48:11,441 DEBUG AlphaScanner.Data No data for ticker AGARWALEYE.NS in batch result.
2026-08-15 16:48:11,441 DEBUG AlphaScanner.Data No data for ticker AHLUCONT.NS in batch result.
2026-08-15 16:48:11,442 DEBUG AlphaScanner.Data No data for ticker AKUMS.NS in batch result.
2026-08-15 16:48:11,442 DEBUG AlphaScanner.Data No data for ticker ALIVUS.NS in batch result.
2026-08-15 16:48:11,442 DEBUG AlphaScanner.Data No data for ticker ALKYLAMINE.NS in batch result.
2026-08-15 16:48:11,444 DEBUG AlphaScanner.Data No data for ticker ANUP.NS in batch result.
2026-08-15 16:48:13,293 WARNING AlphaScanner.Data Batch download attempt 1/3 failed for chunk size=10: dictionary changed size during iteration
2026-08-15 16:48:13,568 DEBUG AlphaScanner.Data No data for ticker MANORAMA.NS in batch result.
2026-08-15 16:48:13,569 DEBUG AlphaScanner.Data No data for ticker MANYAVAR.NS in batch result.
2026-08-15 16:48:13,610 DEBUG AlphaScanner.Data No data for ticker PNGJL.NS in batch result.
2026-08-15 16:48:13,610 DEBUG AlphaScanner.Data No data for ticker POLYMED.NS in batch result.
2026-08-15 16:48:13,610 DEBUG AlphaScanner.Data No data for ticker POWERMECH.NS in batch result.
2026-08-15 16:48:13,610 DEBUG AlphaScanner.Data No data for ticker PRAJIND.NS in batch result.
2026-08-15 16:48:13,613 DEBUG AlphaScanner.Data No data for ticker PRICOLLTD.NS in batch result.
2026-08-15 16:48:13,613 DEBUG AlphaScanner.Data No data for ticker PRIVISCL.NS in batch result.
2026-08-15 16:48:13,613 DEBUG AlphaScanner.Data No data for ticker PRSMJOHNSN.NS in batch result.
2026-08-15 16:48:13,613 DEBUG AlphaScanner.Data No data for ticker PRUDENT.NS in batch result.
2026-08-15 16:48:13,616 DEBUG AlphaScanner.Data No data for ticker PURVA.NS in batch result.
2026-08-15 16:48:13,639 DEBUG AlphaScanner.Data No data for ticker MSTCLTD.NS in batch result.
2026-08-15 16:48:13,640 DEBUG AlphaScanner.Data No data for ticker NATCOPHARM.NS in batch result.
2026-08-15 16:48:13,640 DEBUG AlphaScanner.Data No data for ticker NAVA.NS in batch result.
2026-08-15 16:48:13,646 DEBUG AlphaScanner.Data No data for ticker NAZARA.NS in batch result.
2026-08-15 16:48:13,649 DEBUG AlphaScanner.Data No data for ticker NEOGEN.NS in batch result.
2026-08-15 16:48:13,653 DEBUG AlphaScanner.Data No data for ticker NESCO.NS in batch result.
2026-08-15 16:48:13,659 DEBUG AlphaScanner.Data No data for ticker NETWORK18.NS in batch result.
2026-08-15 16:48:13,659 DEBUG AlphaScanner.Data No data for ticker NEWGEN.NS in batch result.
2026-08-15 16:48:13,661 DEBUG AlphaScanner.Data No data for ticker NFL.NS in batch result.
2026-08-15 16:48:13,661 DEBUG AlphaScanner.Data No data for ticker KNRCON.NS in batch result.
2026-08-15 16:48:13,743 DEBUG AlphaScanner.Data No data for ticker LATENTVIEW.NS in batch result.
2026-08-15 16:48:13,763 DEBUG AlphaScanner.Data No data for ticker JSLL.NS in batch result.
2026-08-15 16:48:13,774 DEBUG AlphaScanner.Data No data for ticker JUBLPHARMA.NS in batch result.
2026-08-15 16:48:13,807 DEBUG AlphaScanner.Data No data for ticker MARKSANS.NS in batch result.
2026-08-15 16:48:13,862 DEBUG AlphaScanner.Data No data for ticker MMTC.NS in batch result.
2026-08-15 16:48:13,895 DEBUG AlphaScanner.Data No data for ticker ONESOURCE.NS in batch result.
2026-08-15 16:48:14,018 DEBUG AlphaScanner.Data No data for ticker PVRINOX.NS in batch result.
2026-08-15 16:48:14,020 DEBUG AlphaScanner.Data No data for ticker QPOWER.NS in batch result.
2026-08-15 16:48:14,020 DEBUG AlphaScanner.Data No data for ticker QUESS.NS in batch result.
2026-08-15 16:48:14,021 DEBUG AlphaScanner.Data No data for ticker RAILTEL.NS in batch result.
2026-08-15 16:48:14,021 DEBUG AlphaScanner.Data No data for ticker RAIN.NS in batch result.
2026-08-15 16:48:14,024 DEBUG AlphaScanner.Data No data for ticker RALLIS.NS in batch result.
2026-08-15 16:48:14,025 DEBUG AlphaScanner.Data No data for ticker RATEGAIN.NS in batch result.
2026-08-15 16:48:14,026 DEBUG AlphaScanner.Data No data for ticker RATNAMANI.NS in batch result.
2026-08-15 16:48:14,026 DEBUG AlphaScanner.Data No data for ticker RAYMONDLSL.NS in batch result.
2026-08-15 16:48:16,572 DEBUG AlphaScanner.Data No data for ticker SHAILY.NS in batch result.
2026-08-15 16:48:16,587 DEBUG AlphaScanner.Data No data for ticker SMLMAH.NS in batch result.
2026-08-15 16:48:16,588 DEBUG AlphaScanner.Data No data for ticker SOBHA.NS in batch result.
2026-08-15 16:48:16,591 DEBUG AlphaScanner.Data No data for ticker SONATSOFTW.NS in batch result.
2026-08-15 16:48:16,592 DEBUG AlphaScanner.Data No data for ticker SOUTHBANK.NS in batch result.
2026-08-15 16:48:16,594 DEBUG AlphaScanner.Data No data for ticker SPARC.NS in batch result.
2026-08-15 16:48:16,595 DEBUG AlphaScanner.Data No data for ticker SPLPETRO.NS in batch result.
2026-08-15 16:48:16,595 DEBUG AlphaScanner.Data No data for ticker STAR.NS in batch result.
2026-08-15 16:48:16,596 DEBUG AlphaScanner.Data No data for ticker STARCEMENT.NS in batch result.
2026-08-15 16:48:16,596 DEBUG AlphaScanner.Data No data for ticker STYL.NS in batch result.
2026-08-15 16:48:16,601 DEBUG AlphaScanner.Data No data for ticker TRIDENT.NS in batch result.
2026-08-15 16:48:16,602 DEBUG AlphaScanner.Data No data for ticker TRITURBINE.NS in batch result.
2026-08-15 16:48:16,614 DEBUG AlphaScanner.Data No data for ticker TRIVENI.NS in batch result.
2026-08-15 16:48:16,614 DEBUG AlphaScanner.Data No data for ticker TSFINV.NS in batch result.
2026-08-15 16:48:16,615 DEBUG AlphaScanner.Data No data for ticker TTML.NS in batch result.
2026-08-15 16:48:16,615 DEBUG AlphaScanner.Data No data for ticker TVSSCS.NS in batch result.
2026-08-15 16:48:16,615 DEBUG AlphaScanner.Data No data for ticker UJJIVANSFB.NS in batch result.
2026-08-15 16:48:16,629 DEBUG AlphaScanner.Data No data for ticker UTIAMC.NS in batch result.
2026-08-15 16:48:16,649 DEBUG AlphaScanner.Data No data for ticker UTLSOLAR.NS in batch result.
2026-08-15 16:48:16,657 DEBUG AlphaScanner.Data No data for ticker SHAREINDIA.NS in batch result.
2026-08-15 16:48:16,658 DEBUG AlphaScanner.Data No data for ticker SHILPAMED.NS in batch result.
2026-08-15 16:48:16,669 DEBUG AlphaScanner.Data No data for ticker SHRIPISTON.NS in batch result.
2026-08-15 16:48:16,679 DEBUG AlphaScanner.Data No data for ticker SIGNATURE.NS in batch result.
2026-08-15 16:48:16,679 DEBUG AlphaScanner.Data No data for ticker SKFINDIA.NS in batch result.
2026-08-15 16:48:16,680 DEBUG AlphaScanner.Data No data for ticker SKFINDUS.NS in batch result.
2026-08-15 16:48:16,680 DEBUG AlphaScanner.Data No data for ticker SKIPPER.NS in batch result.
2026-08-15 16:48:16,680 DEBUG AlphaScanner.Data No data for ticker SKYGOLD.NS in batch result.
2026-08-15 16:48:16,687 DEBUG AlphaScanner.Data No data for ticker SMARTWORKS.NS in batch result.
2026-08-15 16:48:16,693 DEBUG AlphaScanner.Data No data for ticker THELEELA.NS in batch result.
2026-08-15 16:48:16,693 DEBUG AlphaScanner.Data No data for ticker THOMASCOOK.NS in batch result.
2026-08-15 16:48:16,693 DEBUG AlphaScanner.Data No data for ticker THYROCARE.NS in batch result.
2026-08-15 16:48:16,693 DEBUG AlphaScanner.Data No data for ticker TI.NS in batch result.
2026-08-15 16:48:16,693 DEBUG AlphaScanner.Data No data for ticker TIMETECHNO.NS in batch result.
2026-08-15 16:48:16,696 DEBUG AlphaScanner.Data No data for ticker TITAGARH.NS in batch result.
2026-08-15 16:48:16,701 DEBUG AlphaScanner.Data No data for ticker TMB.NS in batch result.
2026-08-15 16:48:16,701 DEBUG AlphaScanner.Data No data for ticker TRANSRAILL.NS in batch result.
2026-08-15 16:48:16,701 DEBUG AlphaScanner.Data No data for ticker TRAVELFOOD.NS in batch result.
2026-08-15 16:48:16,702 DEBUG AlphaScanner.Data No data for ticker JWL.NS in batch result.
2026-08-15 16:48:16,702 DEBUG AlphaScanner.Data No data for ticker JYOTHYLAB.NS in batch result.
2026-08-15 16:48:16,702 DEBUG AlphaScanner.Data No data for ticker JYOTICNC.NS in batch result.
2026-08-15 16:48:16,702 DEBUG AlphaScanner.Data No data for ticker KAJARIACER.NS in batch result.
2026-08-15 16:48:16,702 DEBUG AlphaScanner.Data No data for ticker KANSAINER.NS in batch result.
2026-08-15 16:48:16,702 DEBUG AlphaScanner.Data No data for ticker KEC.NS in batch result.
2026-08-15 16:48:16,705 DEBUG AlphaScanner.Data No data for ticker KIRLOSBROS.NS in batch result.
2026-08-15 16:48:16,705 DEBUG AlphaScanner.Data No data for ticker KIRLPNU.NS in batch result.
2026-08-15 16:48:16,705 DEBUG AlphaScanner.Data No data for ticker KITEX.NS in batch result.
2026-08-15 16:48:16,775 DEBUG AlphaScanner.Data No data for ticker SAGILITY.NS in batch result.
2026-08-15 16:48:16,827 DEBUG AlphaScanner.Data No data for ticker REFEX.NS in batch result.
2026-08-15 16:48:16,843 DEBUG AlphaScanner.Data No data for ticker RELIGARE.NS in batch result.
2026-08-15 16:48:16,863 DEBUG AlphaScanner.Data No data for ticker SUBROS.NS in batch result.
2026-08-15 16:48:16,870 DEBUG AlphaScanner.Data No data for ticker SUDEEPPHRM.NS in batch result.
2026-08-15 16:48:16,870 DEBUG AlphaScanner.Data No data for ticker SUNTECK.NS in batch result.
2026-08-15 16:48:16,870 DEBUG AlphaScanner.Data No data for ticker SUNTV.NS in batch result.
2026-08-15 16:48:16,871 DEBUG AlphaScanner.Data No data for ticker SUPRIYA.NS in batch result.
2026-08-15 16:48:16,876 DEBUG AlphaScanner.Data No data for ticker SURYAROSNI.NS in batch result.
2026-08-15 16:48:16,878 DEBUG AlphaScanner.Data No data for ticker SWANCORP.NS in batch result.
2026-08-15 16:48:16,879 DEBUG AlphaScanner.Data No data for ticker SWSOLAR.NS in batch result.
2026-08-15 16:48:16,879 DEBUG AlphaScanner.Data No data for ticker SYNGENE.NS in batch result.
2026-08-15 16:48:16,880 DEBUG AlphaScanner.Data No data for ticker TANLA.NS in batch result.
2026-08-15 16:48:16,880 DEBUG AlphaScanner.Data No data for ticker TARC.NS in batch result.
2026-08-15 16:48:16,892 DEBUG AlphaScanner.Data No data for ticker TARIL.NS in batch result.
2026-08-15 16:48:16,892 DEBUG AlphaScanner.Data No data for ticker TATACHEM.NS in batch result.
2026-08-15 16:48:16,892 DEBUG AlphaScanner.Data No data for ticker TBOTEK.NS in batch result.
2026-08-15 16:48:16,892 DEBUG AlphaScanner.Data No data for ticker TECHNOE.NS in batch result.
2026-08-15 16:48:16,892 DEBUG AlphaScanner.Data No data for ticker TEGA.NS in batch result.
2026-08-15 16:48:16,895 DEBUG AlphaScanner.Data No data for ticker TEXRAIL.NS in batch result.
2026-08-15 16:48:16,895 DEBUG AlphaScanner.Data No data for ticker THANGAMAYL.NS in batch result.
2026-08-15 16:48:18,548 DEBUG AlphaScanner.Data download_history_batch result count=216
2026-08-15 16:48:18,555 INFO AlphaScanner.Engine Batch history download finished in 13.00s for 397 tickers
2026-08-15 16:48:18,566 DEBUG AlphaScanner.Data download_history(ticker=ADVENZYMES.NS, period=2y, interval=1d, use_cache=False)
2026-08-15 16:48:18,715 DEBUG AlphaScanner.Data download_history success for ADVENZYMES.NS rows=500 cols=['adj close', 'Close', 'High', 'Low', 'Open', 'Volume']
2026-08-15 16:48:18,717 DEBUG AlphaScanner.Data download_history(ticker=AEQUS.NS, period=2y, interval=1d, use_cache=False)
2026-08-15 16:48:18,853 DEBUG AlphaScanner.Data download_history success for AEQUS.NS rows=171 cols=['adj close', 'Close', 'High', 'Low', 'Open', 'Volume']
2026-08-15 16:48:18,854 DEBUG AlphaScanner.Data download_history(ticker=AFCONS.NS, period=2y, interval=1d, use_cache=False)
2026-08-15 16:48:18,997 DEBUG AlphaScanner.Data download_history success for AFCONS.NS rows=444 cols=['adj close', 'Close', 'High', 'Low', 'Open', 'Volume']
2026-08-15 16:48:19,000 DEBUG AlphaScanner.Data download_history(ticker=AGARWALEYE.NS, period=2y, interval=1d, use_cache=False)
2026-08-15 16:48:19,141 DEBUG AlphaScanner.Data download_history success for AGARWALEYE.NS rows=378 cols=['adj close', 'Close', 'High', 'Low', 'Open', 'Volume']
2026-08-15 16:48:19,143 DEBUG AlphaScanner.Data download_history(ticker=AHLUCONT.NS, period=2y, interval=1d, use_cache=False)
2026-08-15 16:48:19,203 DEBUG AlphaScanner.Data download_history success for AHLUCONT.NS rows=500 cols=['adj close', 'Close', 'High', 'Low', 'Open', 'Volume']
2026-08-15 16:48:19,204 DEBUG AlphaScanner.Data download_history(ticker=AKUMS.NS, period=2y, interval=1d, use_cache=False)
2026-08-15 16:48:19,533 DEBUG AlphaScanner.Data download_history success for AKUMS.NS rows=497 cols=['adj close', 'Close', 'High', 'Low', 'Open', 'Volume']
2026-08-15 16:48:19,549 DEBUG AlphaScanner.Data download_history(ticker=ALIVUS.NS, period=2y, interval=1d, use_cache=False)
2026-08-15 16:48:19,744 DEBUG AlphaScanner.Data download_history success for ALIVUS.NS rows=499 cols=['adj close', 'Close', 'High', 'Low', 'Open', 'Volume']
2026-08-15 16:48:19,750 DEBUG AlphaScanner.Data download_history(ticker=ALKYLAMINE.NS, period=2y, interval=1d, use_cache=False)
2026-08-15 16:48:19,959 DEBUG AlphaScanner.Data download_history success for ALKYLAMINE.NS rows=500 cols=['adj close', 'Close', 'High', 'Low', 'Open', 'Volume']
2026-08-15 16:48:19,961 DEBUG AlphaScanner.Data download_history(ticker=ANUP.NS, period=2y, interval=1d, use_cache=False)
2026-08-15 16:48:20,137 DEBUG AlphaScanner.Data download_history success for ANUP.NS rows=499 cols=['adj close', 'Close', 'High', 'Low', 'Open', 'Volume']
2026-08-15 16:48:20,139 DEBUG AlphaScanner.Data download_history(ticker=ANURAS.NS, period=2y, interval=1d, use_cache=False)
2026-08-15 16:48:20,374 DEBUG AlphaScanner.Data download_history success for ANURAS.NS rows=499 cols=['adj close', 'Close', 'High', 'Low', 'Open', 'Volume']
2026-08-15 16:48:20,378 DEBUG AlphaScanner.Data download_history(ticker=APLLTD.NS, period=2y, interval=1d, use_cache=False)
2026-08-15 16:48:20,651 DEBUG AlphaScanner.Data download_history success for APLLTD.NS rows=500 cols=['adj close', 'Close', 'High', 'Low', 'Open', 'Volume']
2026-08-15 16:48:20,656 DEBUG AlphaScanner.Data download_history(ticker=APOLLO.NS, period=2y, interval=1d, use_cache=False)
2026-08-15 16:48:20,826 DEBUG AlphaScanner.Data download_history success for APOLLO.NS rows=500 cols=['adj close', 'Close', 'High', 'Low', 'Open', 'Volume']
2026-08-15 16:48:20,827 DEBUG AlphaScanner.Data download_history(ticker=APTUS.NS, period=2y, interval=1d, use_cache=False)
2026-08-15 16:48:20,983 DEBUG AlphaScanner.Data download_history success for APTUS.NS rows=500 cols=['adj close', 'Close', 'High', 'Low', 'Open', 'Volume']
2026-08-15 16:48:20,985 DEBUG AlphaScanner.Data download_history(ticker=ARVIND.NS, period=2y, interval=1d, use_cache=False)
2026-08-15 16:48:21,266 DEBUG AlphaScanner.Data download_history success for ARVIND.NS rows=500 cols=['adj close', 'Close', 'High', 'Low', 'Open', 'Volume']
2026-08-15 16:48:21,267 DEBUG AlphaScanner.Data download_history(ticker=ARVINDFASN.NS, period=2y, interval=1d, use_cache=False)
2026-08-15 16:48:21,417 DEBUG AlphaScanner.Data download_history success for ARVINDFASN.NS rows=500 cols=['adj close', 'Close', 'High', 'Low', 'Open', 'Volume']
2026-08-15 16:48:21,418 DEBUG AlphaScanner.Data download_history(ticker=ASHAPURMIN.NS, period=2y, interval=1d, use_cache=False)
2026-08-15 16:48:21,698 DEBUG AlphaScanner.Data download_history success for ASHAPURMIN.NS rows=500 cols=['adj close', 'Close', 'High', 'Low', 'Open', 'Volume']
2026-08-15 16:48:21,700 DEBUG AlphaScanner.Data download_history(ticker=ASHOKA.NS, period=2y, interval=1d, use_cache=False)
2026-08-15 16:48:21,884 DEBUG AlphaScanner.Data download_history success for ASHOKA.NS rows=500 cols=['adj close', 'Close', 'High', 'Low', 'Open', 'Volume']
2026-08-15 16:48:21,885 DEBUG AlphaScanner.Data download_history(ticker=ASKAUTOLTD.NS, period=2y, interval=1d, use_cache=False)
2026-08-15 16:48:22,033 DEBUG AlphaScanner.Data download_history success for ASKAUTOLTD.NS rows=500 cols=['adj close', 'Close', 'High', 'Low', 'Open', 'Volume']
2026-08-15 16:48:22,070 DEBUG AlphaScanner.Data download_history(ticker=CCL.NS, period=2y, interval=1d, use_cache=False)
2026-08-15 16:48:22,233 DEBUG AlphaScanner.Data download_history success for CCL.NS rows=500 cols=['adj close', 'Close', 'High', 'Low', 'Open', 'Volume']
2026-08-15 16:48:22,234 DEBUG AlphaScanner.Data download_history(ticker=CEATLTD.NS, period=2y, interval=1d, use_cache=False)
2026-08-15 16:48:22,433 DEBUG AlphaScanner.Data download_history success for CEATLTD.NS rows=500 cols=['adj close', 'Close', 'High', 'Low', 'Open', 'Volume']
2026-08-15 16:48:22,435 DEBUG AlphaScanner.Data download_history(ticker=CENTURYPLY.NS, period=2y, interval=1d, use_cache=False)
2026-08-15 16:48:22,622 DEBUG AlphaScanner.Data download_history success for CENTURYPLY.NS rows=499 cols=['adj close', 'Close', 'High', 'Low', 'Open', 'Volume']
2026-08-15 16:48:22,623 DEBUG AlphaScanner.Data download_history(ticker=CERA.NS, period=2y, interval=1d, use_cache=False)
2026-08-15 16:48:22,822 DEBUG AlphaScanner.Data download_history success for CERA.NS rows=499 cols=['adj close', 'Close', 'High', 'Low', 'Open', 'Volume']
2026-08-15 16:48:22,823 DEBUG AlphaScanner.Data download_history(ticker=CHALET.NS, period=2y, interval=1d, use_cache=False)
2026-08-15 16:48:22,985 DEBUG AlphaScanner.Data download_history success for CHALET.NS rows=500 cols=['adj close', 'Close', 'High', 'Low', 'Open', 'Volume']
2026-08-15 16:48:22,987 DEBUG AlphaScanner.Data download_history(ticker=CHAMBLFERT.NS, period=2y, interval=1d, use_cache=False)
2026-08-15 16:48:23,226 DEBUG AlphaScanner.Data download_history success for CHAMBLFERT.NS rows=500 cols=['adj close', 'Close', 'High', 'Low', 'Open', 'Volume']
2026-08-15 16:48:23,227 DEBUG AlphaScanner.Data download_history(ticker=CHENNPETRO.NS, period=2y, interval=1d, use_cache=False)
2026-08-15 16:48:23,404 DEBUG AlphaScanner.Data download_history success for CHENNPETRO.NS rows=500 cols=['adj close', 'Close', 'High', 'Low', 'Open', 'Volume']
2026-08-15 16:48:23,405 DEBUG AlphaScanner.Data download_history(ticker=CHOICEIN.NS, period=2y, interval=1d, use_cache=False)
2026-08-15 16:48:23,552 DEBUG AlphaScanner.Data download_history success for CHOICEIN.NS rows=499 cols=['adj close', 'Close', 'High', 'Low', 'Open', 'Volume']
2026-08-15 16:48:23,553 DEBUG AlphaScanner.Data download_history(ticker=CIEINDIA.NS, period=2y, interval=1d, use_cache=False)
2026-08-15 16:48:23,721 DEBUG AlphaScanner.Data download_history success for CIEINDIA.NS rows=498 cols=['adj close', 'Close', 'High', 'Low', 'Open', 'Volume']
2026-08-15 16:48:23,743 DEBUG AlphaScanner.Data download_history(ticker=EIEL.NS, period=2y, interval=1d, use_cache=False)
2026-08-15 16:48:23,879 DEBUG AlphaScanner.Data download_history success for EIEL.NS rows=427 cols=['adj close', 'Close', 'High', 'Low', 'Open', 'Volume']
2026-08-15 16:48:23,883 DEBUG AlphaScanner.Data download_history(ticker=ELECON.NS, period=2y, interval=1d, use_cache=False)
2026-08-15 16:48:24,035 DEBUG AlphaScanner.Data download_history success for ELECON.NS rows=500 cols=['adj close', 'Close', 'High', 'Low', 'Open', 'Volume']
2026-08-15 16:48:24,038 DEBUG AlphaScanner.Data download_history(ticker=EMAMILTD.NS, period=2y, interval=1d, use_cache=False)
2026-08-15 16:48:24,187 DEBUG AlphaScanner.Data download_history success for EMAMILTD.NS rows=500 cols=['adj close', 'Close', 'High', 'Low', 'Open', 'Volume']
2026-08-15 16:48:24,188 DEBUG AlphaScanner.Data download_history(ticker=EMBDL.NS, period=2y, interval=1d, use_cache=False)
2026-08-15 16:48:24,365 DEBUG AlphaScanner.Data download_history success for EMBDL.NS rows=500 cols=['adj close', 'Close', 'High', 'Low', 'Open', 'Volume']
2026-08-15 16:48:24,368 DEBUG AlphaScanner.Data download_history(ticker=ENTERO.NS, period=2y, interval=1d, use_cache=False)
2026-08-15 16:48:24,519 DEBUG AlphaScanner.Data download_history success for ENTERO.NS rows=499 cols=['adj close', 'Close', 'High', 'Low', 'Open', 'Volume']
2026-08-15 16:48:24,522 DEBUG AlphaScanner.Data download_history(ticker=EQUITASBNK.NS, period=2y, interval=1d, use_cache=False)
2026-08-15 16:48:24,820 DEBUG AlphaScanner.Data download_history success for EQUITASBNK.NS rows=500 cols=['adj close', 'Close', 'High', 'Low', 'Open', 'Volume']
2026-08-15 16:48:24,823 DEBUG AlphaScanner.Data download_history(ticker=EUREKAFORB.NS, period=2y, interval=1d, use_cache=False)
2026-08-15 16:48:24,962 DEBUG AlphaScanner.Data download_history success for EUREKAFORB.NS rows=480 cols=['adj close', 'Close', 'High', 'Low', 'Open', 'Volume']
2026-08-15 16:48:24,965 DEBUG AlphaScanner.Data download_history(ticker=FINCABLES.NS, period=2y, interval=1d, use_cache=False)
2026-08-15 16:48:25,326 DEBUG AlphaScanner.Data download_history success for FINCABLES.NS rows=500 cols=['adj close', 'Close', 'High', 'Low', 'Open', 'Volume']
2026-08-15 16:48:25,327 DEBUG AlphaScanner.Data download_history(ticker=FINPIPE.NS, period=2y, interval=1d, use_cache=False)
2026-08-15 16:48:25,498 DEBUG AlphaScanner.Data download_history success for FINPIPE.NS rows=498 cols=['adj close', 'Close', 'High', 'Low', 'Open', 'Volume']
2026-08-15 16:48:25,499 DEBUG AlphaScanner.Data download_history(ticker=FIRSTCRY.NS, period=2y, interval=1d, use_cache=False)
2026-08-15 16:48:25,782 DEBUG AlphaScanner.Data download_history success for FIRSTCRY.NS rows=500 cols=['adj close', 'Close', 'High', 'Low', 'Open', 'Volume']
2026-08-15 16:48:25,784 DEBUG AlphaScanner.Data download_history(ticker=FIVESTAR.NS, period=2y, interval=1d, use_cache=False)
2026-08-15 16:48:25,998 DEBUG AlphaScanner.Data download_history success for FIVESTAR.NS rows=499 cols=['adj close', 'Close', 'High', 'Low', 'Open', 'Volume']
2026-08-15 16:48:25,999 DEBUG AlphaScanner.Data download_history(ticker=FSL.NS, period=2y, interval=1d, use_cache=False)
2026-08-15 16:48:26,136 DEBUG AlphaScanner.Data download_history success for FSL.NS rows=500 cols=['adj close', 'Close', 'High', 'Low', 'Open', 'Volume']
2026-08-15 16:48:26,138 DEBUG AlphaScanner.Data download_history(ticker=GALLANTT.NS, period=2y, interval=1d, use_cache=False)
2026-08-15 16:48:26,297 DEBUG AlphaScanner.Data download_history success for GALLANTT.NS rows=499 cols=['adj close', 'Close', 'High', 'Low', 'Open', 'Volume']
2026-08-15 16:48:26,298 DEBUG AlphaScanner.Data download_history(ticker=GESHIP.NS, period=2y, interval=1d, use_cache=False)
2026-08-15 16:48:26,644 DEBUG AlphaScanner.Data download_history success for GESHIP.NS rows=500 cols=['adj close', 'Close', 'High', 'Low', 'Open', 'Volume']
2026-08-15 16:48:26,646 DEBUG AlphaScanner.Data download_history(ticker=GHCL.NS, period=2y, interval=1d, use_cache=False)
2026-08-15 16:48:26,827 DEBUG AlphaScanner.Data download_history success for GHCL.NS rows=500 cols=['adj close', 'Close', 'High', 'Low', 'Open', 'Volume']
2026-08-15 16:48:26,828 DEBUG AlphaScanner.Data download_history(ticker=GMDCLTD.NS, period=2y, interval=1d, use_cache=False)
2026-08-15 16:48:27,008 DEBUG AlphaScanner.Data download_history success for GMDCLTD.NS rows=500 cols=['adj close', 'Close', 'High', 'Low', 'Open', 'Volume']
2026-08-15 16:48:27,009 DEBUG AlphaScanner.Data download_history(ticker=GMMPFAUDLR.NS, period=2y, interval=1d, use_cache=False)
2026-08-15 16:48:27,153 DEBUG AlphaScanner.Data download_history success for GMMPFAUDLR.NS rows=499 cols=['adj close', 'Close', 'High', 'Low', 'Open', 'Volume']
2026-08-15 16:48:27,154 DEBUG AlphaScanner.Data download_history(ticker=GMRP&UI.NS, period=2y, interval=1d, use_cache=False)
2026-08-15 16:48:27,329 DEBUG AlphaScanner.Data download_history success for GMRP&UI.NS rows=500 cols=['adj close', 'Close', 'High', 'Low', 'Open', 'Volume']
2026-08-15 16:48:27,330 DEBUG AlphaScanner.Data download_history(ticker=GNFC.NS, period=2y, interval=1d, use_cache=False)
2026-08-15 16:48:27,487 DEBUG AlphaScanner.Data download_history success for GNFC.NS rows=500 cols=['adj close', 'Close', 'High', 'Low', 'Open', 'Volume']
2026-08-15 16:48:27,488 DEBUG AlphaScanner.Data download_history(ticker=GODREJAGRO.NS, period=2y, interval=1d, use_cache=False)
2026-08-15 16:48:27,822 DEBUG AlphaScanner.Data download_history success for GODREJAGRO.NS rows=500 cols=['adj close', 'Close', 'High', 'Low', 'Open', 'Volume']
2026-08-15 16:48:27,823 DEBUG AlphaScanner.Data download_history(ticker=GOKEX.NS, period=2y, interval=1d, use_cache=False)
2026-08-15 16:48:27,984 DEBUG AlphaScanner.Data download_history success for GOKEX.NS rows=500 cols=['adj close', 'Close', 'High', 'Low', 'Open', 'Volume']
2026-08-15 16:48:27,985 DEBUG AlphaScanner.Data download_history(ticker=GOKULAGRO.NS, period=2y, interval=1d, use_cache=False)
2026-08-15 16:48:28,116 DEBUG AlphaScanner.Data download_history success for GOKULAGRO.NS rows=500 cols=['adj close', 'Close', 'High', 'Low', 'Open', 'Volume']
2026-08-15 16:48:28,117 DEBUG AlphaScanner.Data download_history(ticker=GPIL.NS, period=2y, interval=1d, use_cache=False)
2026-08-15 16:48:28,301 DEBUG AlphaScanner.Data download_history success for GPIL.NS rows=500 cols=['adj close', 'Close', 'High', 'Low', 'Open', 'Volume']
2026-08-15 16:48:28,302 DEBUG AlphaScanner.Data download_history(ticker=GPPL.NS, period=2y, interval=1d, use_cache=False)
2026-08-15 16:48:28,500 DEBUG AlphaScanner.Data download_history success for GPPL.NS rows=500 cols=['adj close', 'Close', 'High', 'Low', 'Open', 'Volume']
2026-08-15 16:48:28,502 DEBUG AlphaScanner.Data download_history(ticker=GRAVITA.NS, period=2y, interval=1d, use_cache=False)
2026-08-15 16:48:28,658 DEBUG AlphaScanner.Data download_history success for GRAVITA.NS rows=500 cols=['adj close', 'Close', 'High', 'Low', 'Open', 'Volume']
2026-08-15 16:48:28,659 DEBUG AlphaScanner.Data download_history(ticker=GREAVESCOT.NS, period=2y, interval=1d, use_cache=False)
2026-08-15 16:48:29,043 DEBUG AlphaScanner.Data download_history success for GREAVESCOT.NS rows=500 cols=['adj close', 'Close', 'High', 'Low', 'Open', 'Volume']
2026-08-15 16:48:29,045 DEBUG AlphaScanner.Data download_history(ticker=GRWRHITECH.NS, period=2y, interval=1d, use_cache=False)
2026-08-15 16:48:29,309 DEBUG AlphaScanner.Data download_history success for GRWRHITECH.NS rows=500 cols=['adj close', 'Close', 'High', 'Low', 'Open', 'Volume']
2026-08-15 16:48:29,310 DEBUG AlphaScanner.Data download_history(ticker=GSFC.NS, period=2y, interval=1d, use_cache=False)
2026-08-15 16:48:29,698 DEBUG AlphaScanner.Data download_history success for GSFC.NS rows=500 cols=['adj close', 'Close', 'High', 'Low', 'Open', 'Volume']
2026-08-15 16:48:29,701 DEBUG AlphaScanner.Data download_history(ticker=HAPPSTMNDS.NS, period=2y, interval=1d, use_cache=False)
2026-08-15 16:48:30,084 DEBUG AlphaScanner.Data download_history success for HAPPSTMNDS.NS rows=500 cols=['adj close', 'Close', 'High', 'Low', 'Open', 'Volume']
2026-08-15 16:48:30,086 DEBUG AlphaScanner.Data download_history(ticker=HBLENGINE.NS, period=2y, interval=1d, use_cache=False)
2026-08-15 16:48:30,446 DEBUG AlphaScanner.Data download_history success for HBLENGINE.NS rows=500 cols=['adj close', 'Close', 'High', 'Low', 'Open', 'Volume']
2026-08-15 16:48:30,449 DEBUG AlphaScanner.Data download_history(ticker=HCC.NS, period=2y, interval=1d, use_cache=False)
2026-08-15 16:48:30,640 DEBUG AlphaScanner.Data download_history success for HCC.NS rows=500 cols=['adj close', 'Close', 'High', 'Low', 'Open', 'Volume']
2026-08-15 16:48:30,642 DEBUG AlphaScanner.Data download_history(ticker=HCG.NS, period=2y, interval=1d, use_cache=False)
2026-08-15 16:48:30,769 DEBUG AlphaScanner.Data download_history success for HCG.NS rows=500 cols=['adj close', 'Close', 'High', 'Low', 'Open', 'Volume']
2026-08-15 16:48:30,770 DEBUG AlphaScanner.Data download_history(ticker=HEG.NS, period=2y, interval=1d, use_cache=False)
2026-08-15 16:48:30,953 DEBUG AlphaScanner.Data download_history success for HEG.NS rows=500 cols=['adj close', 'Close', 'High', 'Low', 'Open', 'Volume']
2026-08-15 16:48:30,954 DEBUG AlphaScanner.Data download_history(ticker=HERITGFOOD.NS, period=2y, interval=1d, use_cache=False)
2026-08-15 16:48:31,331 DEBUG AlphaScanner.Data download_history success for HERITGFOOD.NS rows=500 cols=['adj close', 'Close', 'High', 'Low', 'Open', 'Volume']
2026-08-15 16:48:31,332 DEBUG AlphaScanner.Data download_history(ticker=HGINFRA.NS, period=2y, interval=1d, use_cache=False)
2026-08-15 16:48:31,479 DEBUG AlphaScanner.Data download_history success for HGINFRA.NS rows=500 cols=['adj close', 'Close', 'High', 'Low', 'Open', 'Volume']
2026-08-15 16:48:31,481 DEBUG AlphaScanner.Data download_history(ticker=HONASA.NS, period=2y, interval=1d, use_cache=False)
2026-08-15 16:48:31,685 DEBUG AlphaScanner.Data download_history success for HONASA.NS rows=499 cols=['adj close', 'Close', 'High', 'Low', 'Open', 'Volume']
2026-08-15 16:48:31,688 DEBUG AlphaScanner.Data download_history(ticker=IFBIND.NS, period=2y, interval=1d, use_cache=False)
2026-08-15 16:48:31,970 DEBUG AlphaScanner.Data download_history success for IFBIND.NS rows=500 cols=['adj close', 'Close', 'High', 'Low', 'Open', 'Volume']
2026-08-15 16:48:31,973 DEBUG AlphaScanner.Data download_history(ticker=IIFLCAPS.NS, period=2y, interval=1d, use_cache=False)
2026-08-15 16:48:32,129 DEBUG AlphaScanner.Data download_history success for IIFLCAPS.NS rows=499 cols=['adj close', 'Close', 'High', 'Low', 'Open', 'Volume']
2026-08-15 16:48:32,131 DEBUG AlphaScanner.Data download_history(ticker=IMFA.NS, period=2y, interval=1d, use_cache=False)
2026-08-15 16:48:32,343 DEBUG AlphaScanner.Data download_history success for IMFA.NS rows=500 cols=['adj close', 'Close', 'High', 'Low', 'Open', 'Volume']
2026-08-15 16:48:32,349 DEBUG AlphaScanner.Data download_history(ticker=INDIGOPNTS.NS, period=2y, interval=1d, use_cache=False)
2026-08-15 16:48:32,546 DEBUG AlphaScanner.Data download_history success for INDIGOPNTS.NS rows=500 cols=['adj close', 'Close', 'High', 'Low', 'Open', 'Volume']
2026-08-15 16:48:32,549 DEBUG AlphaScanner.Data download_history(ticker=INOXWIND.NS, period=2y, interval=1d, use_cache=False)
2026-08-15 16:48:32,699 DEBUG AlphaScanner.Data download_history success for INOXWIND.NS rows=500 cols=['adj close', 'Close', 'High', 'Low', 'Open', 'Volume']
2026-08-15 16:48:32,701 DEBUG AlphaScanner.Data download_history(ticker=IONEXCHANG.NS, period=2y, interval=1d, use_cache=False)
2026-08-15 16:48:32,842 DEBUG AlphaScanner.Data download_history success for IONEXCHANG.NS rows=499 cols=['adj close', 'Close', 'High', 'Low', 'Open', 'Volume']
2026-08-15 16:48:32,846 DEBUG AlphaScanner.Data download_history(ticker=J&KBANK.NS, period=2y, interval=1d, use_cache=False)
2026-08-15 16:48:33,054 DEBUG AlphaScanner.Data download_history success for J&KBANK.NS rows=500 cols=['adj close', 'Close', 'High', 'Low', 'Open', 'Volume']
2026-08-15 16:48:33,056 DEBUG AlphaScanner.Data download_history(ticker=JAIBALAJI.NS, period=2y, interval=1d, use_cache=False)
2026-08-15 16:48:33,253 DEBUG AlphaScanner.Data download_history success for JAIBALAJI.NS rows=500 cols=['adj close', 'Close', 'High', 'Low', 'Open', 'Volume']
2026-08-15 16:48:33,254 DEBUG AlphaScanner.Data download_history(ticker=JAINREC.NS, period=2y, interval=1d, use_cache=False)
2026-08-15 16:48:33,379 DEBUG AlphaScanner.Data download_history success for JAINREC.NS rows=216 cols=['adj close', 'Close', 'High', 'Low', 'Open', 'Volume']
2026-08-15 16:48:33,380 DEBUG AlphaScanner.Data download_history(ticker=JAMNAAUTO.NS, period=2y, interval=1d, use_cache=False)
2026-08-15 16:48:33,653 DEBUG AlphaScanner.Data download_history success for JAMNAAUTO.NS rows=500 cols=['adj close', 'Close', 'High', 'Low', 'Open', 'Volume']
2026-08-15 16:48:33,654 DEBUG AlphaScanner.Data download_history(ticker=JAYNECOIND.NS, period=2y, interval=1d, use_cache=False)
2026-08-15 16:48:33,784 DEBUG AlphaScanner.Data download_history success for JAYNECOIND.NS rows=500 cols=['adj close', 'Close', 'High', 'Low', 'Open', 'Volume']
2026-08-15 16:48:33,785 DEBUG AlphaScanner.Data download_history(ticker=JBMA.NS, period=2y, interval=1d, use_cache=False)
2026-08-15 16:48:33,994 DEBUG AlphaScanner.Data download_history success for JBMA.NS rows=500 cols=['adj close', 'Close', 'High', 'Low', 'Open', 'Volume']
2026-08-15 16:48:33,995 DEBUG AlphaScanner.Data download_history(ticker=JINDALSAW.NS, period=2y, interval=1d, use_cache=False)
2026-08-15 16:48:34,174 DEBUG AlphaScanner.Data download_history success for JINDALSAW.NS rows=500 cols=['adj close', 'Close', 'High', 'Low', 'Open', 'Volume']
2026-08-15 16:48:34,176 DEBUG AlphaScanner.Data download_history(ticker=JKPAPER.NS, period=2y, interval=1d, use_cache=False)
2026-08-15 16:48:34,347 DEBUG AlphaScanner.Data download_history success for JKPAPER.NS rows=499 cols=['adj close', 'Close', 'High', 'Low', 'Open', 'Volume']
2026-08-15 16:48:34,348 DEBUG AlphaScanner.Data download_history(ticker=JKTYRE.NS, period=2y, interval=1d, use_cache=False)
2026-08-15 16:48:34,502 DEBUG AlphaScanner.Data download_history success for JKTYRE.NS rows=500 cols=['adj close', 'Close', 'High', 'Low', 'Open', 'Volume']
2026-08-15 16:48:34,507 DEBUG AlphaScanner.Data download_history(ticker=JSLL.NS, period=2y, interval=1d, use_cache=False)
2026-08-15 16:48:34,651 DEBUG AlphaScanner.Data download_history success for JSLL.NS rows=500 cols=['adj close', 'Close', 'High', 'Low', 'Open', 'Volume']
2026-08-15 16:48:34,653 DEBUG AlphaScanner.Data download_history(ticker=JUBLPHARMA.NS, period=2y, interval=1d, use_cache=False)
2026-08-15 16:48:34,822 DEBUG AlphaScanner.Data download_history success for JUBLPHARMA.NS rows=499 cols=['adj close', 'Close', 'High', 'Low', 'Open', 'Volume']
2026-08-15 16:48:34,823 DEBUG AlphaScanner.Data download_history(ticker=JWL.NS, period=2y, interval=1d, use_cache=False)
2026-08-15 16:48:35,127 DEBUG AlphaScanner.Data download_history success for JWL.NS rows=500 cols=['adj close', 'Close', 'High', 'Low', 'Open', 'Volume']
2026-08-15 16:48:35,128 DEBUG AlphaScanner.Data download_history(ticker=JYOTHYLAB.NS, period=2y, interval=1d, use_cache=False)
2026-08-15 16:48:35,350 DEBUG AlphaScanner.Data download_history success for JYOTHYLAB.NS rows=500 cols=['adj close', 'Close', 'High', 'Low', 'Open', 'Volume']
2026-08-15 16:48:35,351 DEBUG AlphaScanner.Data download_history(ticker=JYOTICNC.NS, period=2y, interval=1d, use_cache=False)
2026-08-15 16:48:35,530 DEBUG AlphaScanner.Data download_history success for JYOTICNC.NS rows=500 cols=['adj close', 'Close', 'High', 'Low', 'Open', 'Volume']
2026-08-15 16:48:35,531 DEBUG AlphaScanner.Data download_history(ticker=KAJARIACER.NS, period=2y, interval=1d, use_cache=False)
2026-08-15 16:48:35,767 DEBUG AlphaScanner.Data download_history success for KAJARIACER.NS rows=500 cols=['adj close', 'Close', 'High', 'Low', 'Open', 'Volume']
2026-08-15 16:48:35,768 DEBUG AlphaScanner.Data download_history(ticker=KANSAINER.NS, period=2y, interval=1d, use_cache=False)
2026-08-15 16:48:35,993 DEBUG AlphaScanner.Data download_history success for KANSAINER.NS rows=498 cols=['adj close', 'Close', 'High', 'Low', 'Open', 'Volume']
2026-08-15 16:48:35,995 DEBUG AlphaScanner.Data download_history(ticker=KEC.NS, period=2y, interval=1d, use_cache=False)
2026-08-15 16:48:36,320 DEBUG AlphaScanner.Data download_history success for KEC.NS rows=500 cols=['adj close', 'Close', 'High', 'Low', 'Open', 'Volume']
2026-08-15 16:48:36,321 DEBUG AlphaScanner.Data download_history(ticker=KIRLOSBROS.NS, period=2y, interval=1d, use_cache=False)
2026-08-15 16:48:36,570 DEBUG AlphaScanner.Data download_history success for KIRLOSBROS.NS rows=500 cols=['adj close', 'Close', 'High', 'Low', 'Open', 'Volume']
2026-08-15 16:48:36,571 DEBUG AlphaScanner.Data download_history(ticker=KIRLPNU.NS, period=2y, interval=1d, use_cache=False)
2026-08-15 16:48:36,886 DEBUG AlphaScanner.Data download_history success for KIRLPNU.NS rows=499 cols=['adj close', 'Close', 'High', 'Low', 'Open', 'Volume']
2026-08-15 16:48:36,888 DEBUG AlphaScanner.Data download_history(ticker=KITEX.NS, period=2y, interval=1d, use_cache=False)
2026-08-15 16:48:37,046 DEBUG AlphaScanner.Data download_history success for KITEX.NS rows=500 cols=['adj close', 'Close', 'High', 'Low', 'Open', 'Volume']
2026-08-15 16:48:37,048 DEBUG AlphaScanner.Data download_history(ticker=KNRCON.NS, period=2y, interval=1d, use_cache=False)
2026-08-15 16:48:37,187 DEBUG AlphaScanner.Data download_history success for KNRCON.NS rows=500 cols=['adj close', 'Close', 'High', 'Low', 'Open', 'Volume']
2026-08-15 16:48:37,196 DEBUG AlphaScanner.Data download_history(ticker=LATENTVIEW.NS, period=2y, interval=1d, use_cache=False)
2026-08-15 16:48:37,316 DEBUG AlphaScanner.Data download_history success for LATENTVIEW.NS rows=500 cols=['adj close', 'Close', 'High', 'Low', 'Open', 'Volume']
2026-08-15 16:48:37,324 DEBUG AlphaScanner.Data download_history(ticker=MANORAMA.NS, period=2y, interval=1d, use_cache=False)
2026-08-15 16:48:37,452 DEBUG AlphaScanner.Data download_history success for MANORAMA.NS rows=500 cols=['adj close', 'Close', 'High', 'Low', 'Open', 'Volume']
2026-08-15 16:48:37,453 DEBUG AlphaScanner.Data download_history(ticker=MANYAVAR.NS, period=2y, interval=1d, use_cache=False)
2026-08-15 16:48:37,662 DEBUG AlphaScanner.Data download_history success for MANYAVAR.NS rows=499 cols=['adj close', 'Close', 'High', 'Low', 'Open', 'Volume']
2026-08-15 16:48:37,665 DEBUG AlphaScanner.Data download_history(ticker=MARKSANS.NS, period=2y, interval=1d, use_cache=False)
2026-08-15 16:48:37,878 DEBUG AlphaScanner.Data download_history success for MARKSANS.NS rows=500 cols=['adj close', 'Close', 'High', 'Low', 'Open', 'Volume']
2026-08-15 16:48:37,885 DEBUG AlphaScanner.Data download_history(ticker=MMTC.NS, period=2y, interval=1d, use_cache=False)
2026-08-15 16:48:38,032 DEBUG AlphaScanner.Data download_history success for MMTC.NS rows=500 cols=['adj close', 'Close', 'High', 'Low', 'Open', 'Volume']
2026-08-15 16:48:38,034 DEBUG AlphaScanner.Data download_history(ticker=MSTCLTD.NS, period=2y, interval=1d, use_cache=False)
2026-08-15 16:48:38,183 DEBUG AlphaScanner.Data download_history success for MSTCLTD.NS rows=500 cols=['adj close', 'Close', 'High', 'Low', 'Open', 'Volume']
2026-08-15 16:48:38,184 DEBUG AlphaScanner.Data download_history(ticker=NATCOPHARM.NS, period=2y, interval=1d, use_cache=False)
2026-08-15 16:48:38,561 DEBUG AlphaScanner.Data download_history success for NATCOPHARM.NS rows=500 cols=['adj close', 'Close', 'High', 'Low', 'Open', 'Volume']
2026-08-15 16:48:38,562 DEBUG AlphaScanner.Data download_history(ticker=NAVA.NS, period=2y, interval=1d, use_cache=False)
2026-08-15 16:48:38,849 DEBUG AlphaScanner.Data download_history success for NAVA.NS rows=500 cols=['adj close', 'Close', 'High', 'Low', 'Open', 'Volume']
2026-08-15 16:48:38,850 DEBUG AlphaScanner.Data download_history(ticker=NAZARA.NS, period=2y, interval=1d, use_cache=False)
2026-08-15 16:48:39,052 DEBUG AlphaScanner.Data download_history success for NAZARA.NS rows=500 cols=['adj close', 'Close', 'High', 'Low', 'Open', 'Volume']
2026-08-15 16:48:39,054 DEBUG AlphaScanner.Data download_history(ticker=NEOGEN.NS, period=2y, interval=1d, use_cache=False)
2026-08-15 16:48:39,214 DEBUG AlphaScanner.Data download_history success for NEOGEN.NS rows=500 cols=['adj close', 'Close', 'High', 'Low', 'Open', 'Volume']
2026-08-15 16:48:39,215 DEBUG AlphaScanner.Data download_history(ticker=NESCO.NS, period=2y, interval=1d, use_cache=False)
2026-08-15 16:48:39,535 DEBUG AlphaScanner.Data download_history success for NESCO.NS rows=498 cols=['adj close', 'Close', 'High', 'Low', 'Open', 'Volume']
2026-08-15 16:48:39,536 DEBUG AlphaScanner.Data download_history(ticker=NETWORK18.NS, period=2y, interval=1d, use_cache=False)
2026-08-15 16:48:39,682 DEBUG AlphaScanner.Data download_history success for NETWORK18.NS rows=500 cols=['adj close', 'Close', 'High', 'Low', 'Open', 'Volume']
2026-08-15 16:48:39,683 DEBUG AlphaScanner.Data download_history(ticker=NEWGEN.NS, period=2y, interval=1d, use_cache=False)
2026-08-15 16:48:39,856 DEBUG AlphaScanner.Data download_history success for NEWGEN.NS rows=500 cols=['adj close', 'Close', 'High', 'Low', 'Open', 'Volume']
2026-08-15 16:48:39,857 DEBUG AlphaScanner.Data download_history(ticker=NFL.NS, period=2y, interval=1d, use_cache=False)
2026-08-15 16:48:40,089 DEBUG AlphaScanner.Data download_history success for NFL.NS rows=500 cols=['adj close', 'Close', 'High', 'Low', 'Open', 'Volume']
2026-08-15 16:48:40,095 DEBUG AlphaScanner.Data download_history(ticker=ONESOURCE.NS, period=2y, interval=1d, use_cache=False)
2026-08-15 16:48:40,219 DEBUG AlphaScanner.Data download_history success for ONESOURCE.NS rows=388 cols=['adj close', 'Close', 'High', 'Low', 'Open', 'Volume']
2026-08-15 16:48:40,235 DEBUG AlphaScanner.Data download_history(ticker=PNGJL.NS, period=2y, interval=1d, use_cache=False)
2026-08-15 16:48:40,418 DEBUG AlphaScanner.Data download_history success for PNGJL.NS rows=477 cols=['adj close', 'Close', 'High', 'Low', 'Open', 'Volume']
2026-08-15 16:48:40,419 DEBUG AlphaScanner.Data download_history(ticker=POLYMED.NS, period=2y, interval=1d, use_cache=False)
2026-08-15 16:48:40,628 DEBUG AlphaScanner.Data download_history success for POLYMED.NS rows=500 cols=['adj close', 'Close', 'High', 'Low', 'Open', 'Volume']
2026-08-15 16:48:40,629 DEBUG AlphaScanner.Data download_history(ticker=POWERMECH.NS, period=2y, interval=1d, use_cache=False)
2026-08-15 16:48:40,868 DEBUG AlphaScanner.Data download_history success for POWERMECH.NS rows=499 cols=['adj close', 'Close', 'High', 'Low', 'Open', 'Volume']
2026-08-15 16:48:40,869 DEBUG AlphaScanner.Data download_history(ticker=PRAJIND.NS, period=2y, interval=1d, use_cache=False)
2026-08-15 16:48:41,106 DEBUG AlphaScanner.Data download_history success for PRAJIND.NS rows=500 cols=['adj close', 'Close', 'High', 'Low', 'Open', 'Volume']
2026-08-15 16:48:41,108 DEBUG AlphaScanner.Data download_history(ticker=PRICOLLTD.NS, period=2y, interval=1d, use_cache=False)
2026-08-15 16:48:41,332 DEBUG AlphaScanner.Data download_history success for PRICOLLTD.NS rows=499 cols=['adj close', 'Close', 'High', 'Low', 'Open', 'Volume']
2026-08-15 16:48:41,333 DEBUG AlphaScanner.Data download_history(ticker=PRIVISCL.NS, period=2y, interval=1d, use_cache=False)
2026-08-15 16:48:41,508 DEBUG AlphaScanner.Data download_history success for PRIVISCL.NS rows=499 cols=['adj close', 'Close', 'High', 'Low', 'Open', 'Volume']
2026-08-15 16:48:41,509 DEBUG AlphaScanner.Data download_history(ticker=PRSMJOHNSN.NS, period=2y, interval=1d, use_cache=False)
2026-08-15 16:48:41,659 DEBUG AlphaScanner.Data download_history success for PRSMJOHNSN.NS rows=498 cols=['adj close', 'Close', 'High', 'Low', 'Open', 'Volume']
2026-08-15 16:48:41,661 DEBUG AlphaScanner.Data download_history(ticker=PRUDENT.NS, period=2y, interval=1d, use_cache=False)
2026-08-15 16:48:41,865 DEBUG AlphaScanner.Data download_history success for PRUDENT.NS rows=499 cols=['adj close', 'Close', 'High', 'Low', 'Open', 'Volume']
2026-08-15 16:48:41,867 DEBUG AlphaScanner.Data download_history(ticker=PURVA.NS, period=2y, interval=1d, use_cache=False)
2026-08-15 16:48:42,018 DEBUG AlphaScanner.Data download_history success for PURVA.NS rows=499 cols=['adj close', 'Close', 'High', 'Low', 'Open', 'Volume']
2026-08-15 16:48:42,020 DEBUG AlphaScanner.Data download_history(ticker=PVRINOX.NS, period=2y, interval=1d, use_cache=False)
2026-08-15 16:48:42,186 DEBUG AlphaScanner.Data download_history success for PVRINOX.NS rows=499 cols=['adj close', 'Close', 'High', 'Low', 'Open', 'Volume']
2026-08-15 16:48:42,187 DEBUG AlphaScanner.Data download_history(ticker=QPOWER.NS, period=2y, interval=1d, use_cache=False)
2026-08-15 16:48:42,395 DEBUG AlphaScanner.Data download_history success for QPOWER.NS rows=366 cols=['adj close', 'Close', 'High', 'Low', 'Open', 'Volume']
2026-08-15 16:48:42,397 DEBUG AlphaScanner.Data download_history(ticker=QUESS.NS, period=2y, interval=1d, use_cache=False)
2026-08-15 16:48:42,611 DEBUG AlphaScanner.Data download_history success for QUESS.NS rows=500 cols=['adj close', 'Close', 'High', 'Low', 'Open', 'Volume']
2026-08-15 16:48:42,613 DEBUG AlphaScanner.Data download_history(ticker=RAILTEL.NS, period=2y, interval=1d, use_cache=False)
2026-08-15 16:48:42,774 DEBUG AlphaScanner.Data download_history success for RAILTEL.NS rows=500 cols=['adj close', 'Close', 'High', 'Low', 'Open', 'Volume']
2026-08-15 16:48:42,776 DEBUG AlphaScanner.Data download_history(ticker=RAIN.NS, period=2y, interval=1d, use_cache=False)
2026-08-15 16:48:42,965 DEBUG AlphaScanner.Data download_history success for RAIN.NS rows=500 cols=['adj close', 'Close', 'High', 'Low', 'Open', 'Volume']
2026-08-15 16:48:42,966 DEBUG AlphaScanner.Data download_history(ticker=RALLIS.NS, period=2y, interval=1d, use_cache=False)
2026-08-15 16:48:43,129 DEBUG AlphaScanner.Data download_history success for RALLIS.NS rows=500 cols=['adj close', 'Close', 'High', 'Low', 'Open', 'Volume']
2026-08-15 16:48:43,131 DEBUG AlphaScanner.Data download_history(ticker=RATEGAIN.NS, period=2y, interval=1d, use_cache=False)
2026-08-15 16:48:43,258 DEBUG AlphaScanner.Data download_history success for RATEGAIN.NS rows=499 cols=['adj close', 'Close', 'High', 'Low', 'Open', 'Volume']
2026-08-15 16:48:43,260 DEBUG AlphaScanner.Data download_history(ticker=RATNAMANI.NS, period=2y, interval=1d, use_cache=False)
2026-08-15 16:48:43,440 DEBUG AlphaScanner.Data download_history success for RATNAMANI.NS rows=499 cols=['adj close', 'Close', 'High', 'Low', 'Open', 'Volume']
2026-08-15 16:48:43,441 DEBUG AlphaScanner.Data download_history(ticker=RAYMONDLSL.NS, period=2y, interval=1d, use_cache=False)
2026-08-15 16:48:43,581 DEBUG AlphaScanner.Data download_history success for RAYMONDLSL.NS rows=485 cols=['adj close', 'Close', 'High', 'Low', 'Open', 'Volume']
2026-08-15 16:48:43,584 DEBUG AlphaScanner.Data download_history(ticker=REFEX.NS, period=2y, interval=1d, use_cache=False)
2026-08-15 16:48:43,882 DEBUG AlphaScanner.Data download_history success for REFEX.NS rows=499 cols=['adj close', 'Close', 'High', 'Low', 'Open', 'Volume']
2026-08-15 16:48:43,884 DEBUG AlphaScanner.Data download_history(ticker=RELIGARE.NS, period=2y, interval=1d, use_cache=False)
2026-08-15 16:48:44,085 DEBUG AlphaScanner.Data download_history success for RELIGARE.NS rows=499 cols=['adj close', 'Close', 'High', 'Low', 'Open', 'Volume']
2026-08-15 16:48:44,098 DEBUG AlphaScanner.Data download_history(ticker=SAGILITY.NS, period=2y, interval=1d, use_cache=False)
2026-08-15 16:48:44,257 DEBUG AlphaScanner.Data download_history success for SAGILITY.NS rows=438 cols=['adj close', 'Close', 'High', 'Low', 'Open', 'Volume']
2026-08-15 16:48:44,269 DEBUG AlphaScanner.Data download_history(ticker=SHAILY.NS, period=2y, interval=1d, use_cache=False)
2026-08-15 16:48:44,420 DEBUG AlphaScanner.Data download_history success for SHAILY.NS rows=500 cols=['adj close', 'Close', 'High', 'Low', 'Open', 'Volume']
2026-08-15 16:48:44,424 DEBUG AlphaScanner.Data download_history(ticker=SHAREINDIA.NS, period=2y, interval=1d, use_cache=False)
2026-08-15 16:48:44,648 DEBUG AlphaScanner.Data download_history success for SHAREINDIA.NS rows=500 cols=['adj close', 'Close', 'High', 'Low', 'Open', 'Volume']
2026-08-15 16:48:44,650 DEBUG AlphaScanner.Data download_history(ticker=SHILPAMED.NS, period=2y, interval=1d, use_cache=False)
2026-08-15 16:48:44,799 DEBUG AlphaScanner.Data download_history success for SHILPAMED.NS rows=500 cols=['adj close', 'Close', 'High', 'Low', 'Open', 'Volume']
2026-08-15 16:48:44,800 DEBUG AlphaScanner.Data download_history(ticker=SHRIPISTON.NS, period=2y, interval=1d, use_cache=False)
2026-08-15 16:48:45,025 DEBUG AlphaScanner.Data download_history success for SHRIPISTON.NS rows=499 cols=['adj close', 'Close', 'High', 'Low', 'Open', 'Volume']
2026-08-15 16:48:45,026 DEBUG AlphaScanner.Data download_history(ticker=SIGNATURE.NS, period=2y, interval=1d, use_cache=False)
2026-08-15 16:48:45,316 DEBUG AlphaScanner.Data download_history success for SIGNATURE.NS rows=498 cols=['adj close', 'Close', 'High', 'Low', 'Open', 'Volume']
2026-08-15 16:48:45,317 DEBUG AlphaScanner.Data download_history(ticker=SKFINDIA.NS, period=2y, interval=1d, use_cache=False)
2026-08-15 16:48:45,586 DEBUG AlphaScanner.Data download_history success for SKFINDIA.NS rows=500 cols=['adj close', 'Close', 'High', 'Low', 'Open', 'Volume']
2026-08-15 16:48:45,587 DEBUG AlphaScanner.Data download_history(ticker=SKFINDUS.NS, period=2y, interval=1d, use_cache=False)
2026-08-15 16:48:45,750 DEBUG AlphaScanner.Data download_history success for SKFINDUS.NS rows=171 cols=['adj close', 'Close', 'High', 'Low', 'Open', 'Volume']
2026-08-15 16:48:45,751 DEBUG AlphaScanner.Data download_history(ticker=SKIPPER.NS, period=2y, interval=1d, use_cache=False)
2026-08-15 16:48:46,144 DEBUG AlphaScanner.Data download_history success for SKIPPER.NS rows=499 cols=['adj close', 'Close', 'High', 'Low', 'Open', 'Volume']
2026-08-15 16:48:46,146 DEBUG AlphaScanner.Data download_history(ticker=SKYGOLD.NS, period=2y, interval=1d, use_cache=False)
2026-08-15 16:48:46,496 DEBUG AlphaScanner.Data download_history success for SKYGOLD.NS rows=500 cols=['adj close', 'Close', 'High', 'Low', 'Open', 'Volume']
2026-08-15 16:48:46,497 DEBUG AlphaScanner.Data download_history(ticker=SMARTWORKS.NS, period=2y, interval=1d, use_cache=False)
2026-08-15 16:48:46,669 DEBUG AlphaScanner.Data download_history success for SMARTWORKS.NS rows=269 cols=['adj close', 'Close', 'High', 'Low', 'Open', 'Volume']
2026-08-15 16:48:46,671 DEBUG AlphaScanner.Data download_history(ticker=SMLMAH.NS, period=2y, interval=1d, use_cache=False)
2026-08-15 16:48:46,948 DEBUG AlphaScanner.Data download_history success for SMLMAH.NS rows=500 cols=['adj close', 'Close', 'High', 'Low', 'Open', 'Volume']
2026-08-15 16:48:46,949 DEBUG AlphaScanner.Data download_history(ticker=SOBHA.NS, period=2y, interval=1d, use_cache=False)
2026-08-15 16:48:47,171 DEBUG AlphaScanner.Data download_history success for SOBHA.NS rows=499 cols=['adj close', 'Close', 'High', 'Low', 'Open', 'Volume']
2026-08-15 16:48:47,173 DEBUG AlphaScanner.Data download_history(ticker=SONATSOFTW.NS, period=2y, interval=1d, use_cache=False)
2026-08-15 16:48:47,469 DEBUG AlphaScanner.Data download_history success for SONATSOFTW.NS rows=500 cols=['adj close', 'Close', 'High', 'Low', 'Open', 'Volume']
2026-08-15 16:48:47,470 DEBUG AlphaScanner.Data download_history(ticker=SOUTHBANK.NS, period=2y, interval=1d, use_cache=False)
2026-08-15 16:48:47,755 DEBUG AlphaScanner.Data download_history success for SOUTHBANK.NS rows=500 cols=['adj close', 'Close', 'High', 'Low', 'Open', 'Volume']
2026-08-15 16:48:47,757 DEBUG AlphaScanner.Data download_history(ticker=SPARC.NS, period=2y, interval=1d, use_cache=False)
2026-08-15 16:48:47,948 DEBUG AlphaScanner.Data download_history success for SPARC.NS rows=500 cols=['adj close', 'Close', 'High', 'Low', 'Open', 'Volume']
2026-08-15 16:48:47,949 DEBUG AlphaScanner.Data download_history(ticker=SPLPETRO.NS, period=2y, interval=1d, use_cache=False)
2026-08-15 16:48:48,115 DEBUG AlphaScanner.Data download_history success for SPLPETRO.NS rows=500 cols=['adj close', 'Close', 'High', 'Low', 'Open', 'Volume']
2026-08-15 16:48:48,116 DEBUG AlphaScanner.Data download_history(ticker=STAR.NS, period=2y, interval=1d, use_cache=False)
2026-08-15 16:48:48,325 DEBUG AlphaScanner.Data download_history success for STAR.NS rows=500 cols=['adj close', 'Close', 'High', 'Low', 'Open', 'Volume']
2026-08-15 16:48:48,326 DEBUG AlphaScanner.Data download_history(ticker=STARCEMENT.NS, period=2y, interval=1d, use_cache=False)
2026-08-15 16:48:48,530 DEBUG AlphaScanner.Data download_history success for STARCEMENT.NS rows=499 cols=['adj close', 'Close', 'High', 'Low', 'Open', 'Volume']
2026-08-15 16:48:48,531 DEBUG AlphaScanner.Data download_history(ticker=STYL.NS, period=2y, interval=1d, use_cache=False)
2026-08-15 16:48:48,648 DEBUG AlphaScanner.Data download_history success for STYL.NS rows=219 cols=['adj close', 'Close', 'High', 'Low', 'Open', 'Volume']
2026-08-15 16:48:48,650 DEBUG AlphaScanner.Data download_history(ticker=SUBROS.NS, period=2y, interval=1d, use_cache=False)
2026-08-15 16:48:48,831 DEBUG AlphaScanner.Data download_history success for SUBROS.NS rows=499 cols=['adj close', 'Close', 'High', 'Low', 'Open', 'Volume']
2026-08-15 16:48:48,833 DEBUG AlphaScanner.Data download_history(ticker=SUDEEPPHRM.NS, period=2y, interval=1d, use_cache=False)
2026-08-15 16:48:48,979 DEBUG AlphaScanner.Data download_history success for SUDEEPPHRM.NS rows=179 cols=['adj close', 'Close', 'High', 'Low', 'Open', 'Volume']
2026-08-15 16:48:48,980 DEBUG AlphaScanner.Data download_history(ticker=SUNTECK.NS, period=2y, interval=1d, use_cache=False)
2026-08-15 16:48:49,163 DEBUG AlphaScanner.Data download_history success for SUNTECK.NS rows=500 cols=['adj close', 'Close', 'High', 'Low', 'Open', 'Volume']
2026-08-15 16:48:49,165 DEBUG AlphaScanner.Data download_history(ticker=SUNTV.NS, period=2y, interval=1d, use_cache=False)
2026-08-15 16:48:49,349 DEBUG AlphaScanner.Data download_history success for SUNTV.NS rows=500 cols=['adj close', 'Close', 'High', 'Low', 'Open', 'Volume']
2026-08-15 16:48:49,350 DEBUG AlphaScanner.Data download_history(ticker=SUPRIYA.NS, period=2y, interval=1d, use_cache=False)
2026-08-15 16:48:49,656 DEBUG AlphaScanner.Data download_history success for SUPRIYA.NS rows=499 cols=['adj close', 'Close', 'High', 'Low', 'Open', 'Volume']
2026-08-15 16:48:49,657 DEBUG AlphaScanner.Data download_history(ticker=SURYAROSNI.NS, period=2y, interval=1d, use_cache=False)
2026-08-15 16:48:49,882 DEBUG AlphaScanner.Data download_history success for SURYAROSNI.NS rows=500 cols=['adj close', 'Close', 'High', 'Low', 'Open', 'Volume']
2026-08-15 16:48:49,883 DEBUG AlphaScanner.Data download_history(ticker=SWANCORP.NS, period=2y, interval=1d, use_cache=False)
2026-08-15 16:48:50,091 DEBUG AlphaScanner.Data download_history success for SWANCORP.NS rows=500 cols=['adj close', 'Close', 'High', 'Low', 'Open', 'Volume']
2026-08-15 16:48:50,092 DEBUG AlphaScanner.Data download_history(ticker=SWSOLAR.NS, period=2y, interval=1d, use_cache=False)
2026-08-15 16:48:50,228 DEBUG AlphaScanner.Data download_history success for SWSOLAR.NS rows=500 cols=['adj close', 'Close', 'High', 'Low', 'Open', 'Volume']
2026-08-15 16:48:50,229 DEBUG AlphaScanner.Data download_history(ticker=SYNGENE.NS, period=2y, interval=1d, use_cache=False)
2026-08-15 16:48:50,422 DEBUG AlphaScanner.Data download_history success for SYNGENE.NS rows=500 cols=['adj close', 'Close', 'High', 'Low', 'Open', 'Volume']
2026-08-15 16:48:50,423 DEBUG AlphaScanner.Data download_history(ticker=TANLA.NS, period=2y, interval=1d, use_cache=False)
2026-08-15 16:48:50,628 DEBUG AlphaScanner.Data download_history success for TANLA.NS rows=500 cols=['adj close', 'Close', 'High', 'Low', 'Open', 'Volume']
2026-08-15 16:48:50,629 DEBUG AlphaScanner.Data download_history(ticker=TARC.NS, period=2y, interval=1d, use_cache=False)
2026-08-15 16:48:50,756 DEBUG AlphaScanner.Data download_history success for TARC.NS rows=499 cols=['adj close', 'Close', 'High', 'Low', 'Open', 'Volume']
2026-08-15 16:48:50,757 DEBUG AlphaScanner.Data download_history(ticker=TARIL.NS, period=2y, interval=1d, use_cache=False)
2026-08-15 16:48:50,912 DEBUG AlphaScanner.Data download_history success for TARIL.NS rows=500 cols=['adj close', 'Close', 'High', 'Low', 'Open', 'Volume']
2026-08-15 16:48:50,913 DEBUG AlphaScanner.Data download_history(ticker=TATACHEM.NS, period=2y, interval=1d, use_cache=False)
2026-08-15 16:48:51,219 DEBUG AlphaScanner.Data download_history success for TATACHEM.NS rows=500 cols=['adj close', 'Close', 'High', 'Low', 'Open', 'Volume']
2026-08-15 16:48:51,222 DEBUG AlphaScanner.Data download_history(ticker=TBOTEK.NS, period=2y, interval=1d, use_cache=False)
2026-08-15 16:48:51,352 DEBUG AlphaScanner.Data download_history success for TBOTEK.NS rows=500 cols=['adj close', 'Close', 'High', 'Low', 'Open', 'Volume']
2026-08-15 16:48:51,353 DEBUG AlphaScanner.Data download_history(ticker=TECHNOE.NS, period=2y, interval=1d, use_cache=False)
2026-08-15 16:48:51,572 DEBUG AlphaScanner.Data download_history success for TECHNOE.NS rows=500 cols=['adj close', 'Close', 'High', 'Low', 'Open', 'Volume']
2026-08-15 16:48:51,573 DEBUG AlphaScanner.Data download_history(ticker=TEGA.NS, period=2y, interval=1d, use_cache=False)
2026-08-15 16:48:51,707 DEBUG AlphaScanner.Data download_history success for TEGA.NS rows=499 cols=['adj close', 'Close', 'High', 'Low', 'Open', 'Volume']
2026-08-15 16:48:51,709 DEBUG AlphaScanner.Data download_history(ticker=TEXRAIL.NS, period=2y, interval=1d, use_cache=False)
2026-08-15 16:48:51,908 DEBUG AlphaScanner.Data download_history success for TEXRAIL.NS rows=500 cols=['adj close', 'Close', 'High', 'Low', 'Open', 'Volume']
2026-08-15 16:48:51,909 DEBUG AlphaScanner.Data download_history(ticker=THANGAMAYL.NS, period=2y, interval=1d, use_cache=False)
2026-08-15 16:48:52,119 DEBUG AlphaScanner.Data download_history success for THANGAMAYL.NS rows=500 cols=['adj close', 'Close', 'High', 'Low', 'Open', 'Volume']
2026-08-15 16:48:52,120 DEBUG AlphaScanner.Data download_history(ticker=THELEELA.NS, period=2y, interval=1d, use_cache=False)
2026-08-15 16:48:52,261 DEBUG AlphaScanner.Data download_history success for THELEELA.NS rows=302 cols=['adj close', 'Close', 'High', 'Low', 'Open', 'Volume']
2026-08-15 16:48:52,262 DEBUG AlphaScanner.Data download_history(ticker=THOMASCOOK.NS, period=2y, interval=1d, use_cache=False)
2026-08-15 16:48:52,458 DEBUG AlphaScanner.Data download_history success for THOMASCOOK.NS rows=500 cols=['adj close', 'Close', 'High', 'Low', 'Open', 'Volume']
2026-08-15 16:48:52,459 DEBUG AlphaScanner.Data download_history(ticker=THYROCARE.NS, period=2y, interval=1d, use_cache=False)
2026-08-15 16:48:52,654 DEBUG AlphaScanner.Data download_history success for THYROCARE.NS rows=500 cols=['adj close', 'Close', 'High', 'Low', 'Open', 'Volume']
2026-08-15 16:48:52,655 DEBUG AlphaScanner.Data download_history(ticker=TI.NS, period=2y, interval=1d, use_cache=False)
2026-08-15 16:48:52,797 DEBUG AlphaScanner.Data download_history success for TI.NS rows=500 cols=['adj close', 'Close', 'High', 'Low', 'Open', 'Volume']
2026-08-15 16:48:52,798 DEBUG AlphaScanner.Data download_history(ticker=TIMETECHNO.NS, period=2y, interval=1d, use_cache=False)
2026-08-15 16:48:53,016 DEBUG AlphaScanner.Data download_history success for TIMETECHNO.NS rows=500 cols=['adj close', 'Close', 'High', 'Low', 'Open', 'Volume']
2026-08-15 16:48:53,019 DEBUG AlphaScanner.Data download_history(ticker=TITAGARH.NS, period=2y, interval=1d, use_cache=False)
2026-08-15 16:48:53,174 DEBUG AlphaScanner.Data download_history success for TITAGARH.NS rows=500 cols=['adj close', 'Close', 'High', 'Low', 'Open', 'Volume']
2026-08-15 16:48:53,176 DEBUG AlphaScanner.Data download_history(ticker=TMB.NS, period=2y, interval=1d, use_cache=False)
2026-08-15 16:48:53,314 DEBUG AlphaScanner.Data download_history success for TMB.NS rows=499 cols=['adj close', 'Close', 'High', 'Low', 'Open', 'Volume']
2026-08-15 16:48:53,315 DEBUG AlphaScanner.Data download_history(ticker=TRANSRAILL.NS, period=2y, interval=1d, use_cache=False)
2026-08-15 16:48:53,499 DEBUG AlphaScanner.Data download_history success for TRANSRAILL.NS rows=408 cols=['adj close', 'Close', 'High', 'Low', 'Open', 'Volume']
2026-08-15 16:48:53,501 DEBUG AlphaScanner.Data download_history(ticker=TRAVELFOOD.NS, period=2y, interval=1d, use_cache=False)
2026-08-15 16:48:53,625 DEBUG AlphaScanner.Data download_history success for TRAVELFOOD.NS rows=273 cols=['adj close', 'Close', 'High', 'Low', 'Open', 'Volume']
2026-08-15 16:48:53,626 DEBUG AlphaScanner.Data download_history(ticker=TRIDENT.NS, period=2y, interval=1d, use_cache=False)
2026-08-15 16:48:53,835 DEBUG AlphaScanner.Data download_history success for TRIDENT.NS rows=500 cols=['adj close', 'Close', 'High', 'Low', 'Open', 'Volume']
2026-08-15 16:48:53,838 DEBUG AlphaScanner.Data download_history(ticker=TRITURBINE.NS, period=2y, interval=1d, use_cache=False)
2026-08-15 16:48:53,987 DEBUG AlphaScanner.Data download_history success for TRITURBINE.NS rows=500 cols=['adj close', 'Close', 'High', 'Low', 'Open', 'Volume']
2026-08-15 16:48:53,989 DEBUG AlphaScanner.Data download_history(ticker=TRIVENI.NS, period=2y, interval=1d, use_cache=False)
2026-08-15 16:48:54,184 DEBUG AlphaScanner.Data download_history success for TRIVENI.NS rows=500 cols=['adj close', 'Close', 'High', 'Low', 'Open', 'Volume']
2026-08-15 16:48:54,185 DEBUG AlphaScanner.Data download_history(ticker=TSFINV.NS, period=2y, interval=1d, use_cache=False)
2026-08-15 16:48:54,338 DEBUG AlphaScanner.Data download_history success for TSFINV.NS rows=500 cols=['adj close', 'Close', 'High', 'Low', 'Open', 'Volume']
2026-08-15 16:48:54,340 DEBUG AlphaScanner.Data download_history(ticker=TTML.NS, period=2y, interval=1d, use_cache=False)
2026-08-15 16:48:54,515 DEBUG AlphaScanner.Data download_history success for TTML.NS rows=500 cols=['adj close', 'Close', 'High', 'Low', 'Open', 'Volume']
2026-08-15 16:48:54,516 DEBUG AlphaScanner.Data download_history(ticker=TVSSCS.NS, period=2y, interval=1d, use_cache=False)
2026-08-15 16:48:54,646 DEBUG AlphaScanner.Data download_history success for TVSSCS.NS rows=499 cols=['adj close', 'Close', 'High', 'Low', 'Open', 'Volume']
2026-08-15 16:48:54,647 DEBUG AlphaScanner.Data download_history(ticker=UJJIVANSFB.NS, period=2y, interval=1d, use_cache=False)
2026-08-15 16:48:54,782 DEBUG AlphaScanner.Data download_history success for UJJIVANSFB.NS rows=500 cols=['adj close', 'Close', 'High', 'Low', 'Open', 'Volume']
2026-08-15 16:48:54,785 DEBUG AlphaScanner.Data download_history(ticker=UTIAMC.NS, period=2y, interval=1d, use_cache=False)
2026-08-15 16:48:54,973 DEBUG AlphaScanner.Data download_history success for UTIAMC.NS rows=500 cols=['adj close', 'Close', 'High', 'Low', 'Open', 'Volume']
2026-08-15 16:48:54,974 DEBUG AlphaScanner.Data download_history(ticker=UTLSOLAR.NS, period=2y, interval=1d, use_cache=False)
2026-08-15 16:48:55,102 DEBUG AlphaScanner.Data download_history success for UTLSOLAR.NS rows=185 cols=['adj close', 'Close', 'High', 'Low', 'Open', 'Volume']
2026-08-15 16:48:55,130 DEBUG AlphaScanner.Engine Legacy scan reached evaluation phase after 49.84s
2026-08-15 16:48:55,388 DEBUG AlphaScanner.Engine Concatenated legacy data shape=(500, 2382)
2026-08-15 16:48:55,436 DEBUG AlphaScanner.Engine Post-align data shape=(496, 2382) benchmark_rows=496
2026-08-15 16:49:05,895 DEBUG AlphaScanner.Engine Legacy scan completed: hits=6 scanned=387 fail_counts={'trend_fail': 241, 'momentum_fail': 20, 'volume_fail': 59, 'breakout_fail': 73, 'rs_fail': 0, 'adx_fail': 9, 'liquidity_fail': 31, 'error_fail': 10}
2026-08-15 16:49:05,895 INFO AlphaScanner.Engine Legacy scan total elapsed 60.60s for universe=Total Market (Cap Focused) timeframe=1d
2026-08-15 16:49:05,920 INFO AlphaScanner.Service Legacy scan finished in 60.63s for universe=Total Market (Cap Focused) interval=1d scanner_type=Breakout
2026-08-15 16:49:05,921 DEBUG AlphaScanner.Service perform_fresh_scan completed: rows=6 stats_keys=['adx_fail', 'bank_nifty_change', 'bb_fail', 'breakout_fail', 'dii_net', 'error_fail', 'fakeout_trap', 'fii_net', 'liquidity_fail', 'macd_fail', 'market_bias', 'market_bias_score', 'market_breadth_50', 'market_health', 'momentum_fail', 'nifty_change', 'rs_fail', 'scanned', 'scanner_type', 'sector_sentiment', 'timeframe', 'trend_fail', 'trending_sectors', 'universe', 'universe_size', 'volume_fail']
2026-08-15 16:49:05,921 DEBUG AlphaScanner.Service perform_fresh_scan total elapsed=60.63s
2026-08-15 17:08:20,212 DEBUG AlphaScanner.UI.Scanner render_tab(scan_type=Breakout, universe=Nifty 500, scan_mode=Entry Scanner, timeframe=1d, use_cache=False, run_scan=False)
2026-08-15 17:08:24,758 DEBUG AlphaScanner.UI.Scanner render_tab(scan_type=Breakout, universe=Total Market (Cap Focused), scan_mode=Entry Scanner, timeframe=1d, use_cache=False, run_scan=False)
2026-08-15 17:08:35,762 DEBUG AlphaScanner.UI.Scanner render_tab(scan_type=Modular Momentum, universe=Total Market (Cap Focused), scan_mode=Entry Scanner, timeframe=1d, use_cache=False, run_scan=False)
2026-08-15 17:08:39,323 DEBUG AlphaScanner.UI.Scanner render_tab(scan_type=Modular Momentum, universe=Total Market (Cap Focused), scan_mode=Entry Scanner, timeframe=1d, use_cache=False, run_scan=True)
2026-08-15 17:08:42,597 WARNING AlphaScanner Failed to fetch NSE CSV from https://www1.nseindia.com/content/indices/ind_nifty500list.csv after 3 attempts: HTTPSConnectionPool(host='www1.nseindia.com', port=443): Max retries exceeded with url: /content/indices/ind_nifty500list.csv (Caused by SSLError(SSLError(1, '[SSL: TLSV1_ALERT_INTERNAL_ERROR] tlsv1 alert internal error (_ssl.c:1145)')))
2026-08-15 17:08:46,563 WARNING AlphaScanner Failed to fetch NSE CSV from https://www1.nseindia.com/content/indices/ind_niftymicrocap250_list.csv after 3 attempts: HTTPSConnectionPool(host='www1.nseindia.com', port=443): Max retries exceeded with url: /content/indices/ind_niftymicrocap250_list.csv (Caused by SSLError(SSLError(1, '[SSL: TLSV1_ALERT_INTERNAL_ERROR] tlsv1 alert internal error (_ssl.c:1145)')))
2026-08-15 17:08:46,830 DEBUG AlphaScanner.UI.Scanner Starting fresh scan with min_cap=500 max_cap=20000 sector_map_size=752
2026-08-15 17:08:46,830 DEBUG AlphaScanner.Service perform_fresh_scan(scanner_type=Modular Momentum, universe=Total Market (Cap Focused), timeframe=1d, scan_mode=Entry Scanner, use_cache=False, vol_thresh=0.6, rsi_min=35, rsi_max=75, dist_thresh=5.0, min_mkt_cap_cr=500, max_mkt_cap_cr=20000)
2026-08-15 17:08:46,830 DEBUG AlphaScanner.Service Routing to modular scanner with config={'universe': 'Total Market (Cap Focused)', 'min_candles': 300, 'interval': '1d', 'lookback_period': '2y', 'max_candidates': 15, 'min_total_score': 25.0, 'watchlist_min_score': 60.0, 'entry_min_score': 70.0, 'scan_max_workers': 8, 'scan_download_threads': 10, 'scan_download_chunk_size': 25, 'diagnostics_enabled': False, 'diagnostics_persist': True, 'diagnostics_top_rules': 3, 'watchlist_setup_weight': 0.6, 'watchlist_transition_weight': 0.4, 'entry_setup_weight': 0.3, 'entry_transition_weight': 0.3, 'entry_trigger_weight': 0.4, 'watchlist_price_above_ema200': True, 'watchlist_base_high_pct': 5.0, 'watchlist_base_range_pct': 10.0, 'watchlist_base_days_min': 10, 'watchlist_atr_contraction_pct': -15.0, 'watchlist_bbw_contraction_pct': -20.0, 'watchlist_volume_dryup_pct': -25.0, 'watchlist_rs_min': 60.0, 'watchlist_sector_strength_min': 0.0, 'entry_breakout_volume_ratio': 2.0, 'entry_rs_rank_min': 80.0, 'entry_risk_reward_min': 2.0, 'entry_extension_pct': 10.0, 'entry_atr_expansion_pct': 1.8, 'quality_filter_enabled': True, 'quality_min_avg_volume': 0.0, 'quality_min_avg_turnover': 0.0, 'quality_min_market_cap_cr': 500, 'quality_max_market_cap_cr': 20000, 'quality_market_cap_mode': 'Custom', 'quality_market_cap_custom_symbols': [], 'quality_min_relative_strength': 0.0, 'quality_min_sector_strength': 0.0, 'quality_require_price_above_ema200': False, 'quality_require_ema_alignment': False, 'quality_require_trend_template': False, 'quality_require_higher_highs': False, 'quality_require_higher_lows': False, 'quality_market_bearish_multiplier': 1.25, 'quality_market_bullish_multiplier': 1.0, 'quality_market_neutral_multiplier': 1.0, 'quality_market_caution_multiplier': 1.1, 'setup_engine_enabled': True, 'setup_min_base_quality_score': 60.0, 'setup_min_base_weeks': 8, 'setup_max_base_depth_pct': 18.0, 'setup_max_base_duration_weeks': 24, 'setup_max_distance_to_high_pct': 8.0, 'setup_volume_long_window': 50, 'setup_volume_short_window': 20, 'setup_min_compression_score': 40.0, 'setup_min_volume_score': 35.0, 'setup_min_resistance_score': 35.0, 'setup_min_structure_score': 40.0, 'setup_min_risk_score': 35.0, 'setup_weight_base': 0.2, 'setup_weight_compression': 0.2, 'setup_weight_volume': 0.15, 'setup_weight_resistance': 0.2, 'setup_weight_structure': 0.15, 'setup_weight_risk': 0.1, 'setup_professional_threshold': 90.0, 'setup_excellent_threshold': 80.0, 'setup_good_threshold': 70.0, 'setup_average_threshold': 55.0, 'transition_engine_enabled': True, 'transition_history_window': 10, 'transition_min_setup_velocity_score': 55.0, 'transition_min_rs_acceleration_score': 55.0, 'transition_min_volume_transition_score': 55.0, 'transition_min_compression_evolution_score': 55.0, 'transition_min_resistance_pressure_score': 50.0, 'transition_min_price_acceptance_score': 50.0, 'transition_min_opportunity_velocity_score': 60.0, 'transition_weight_setup_velocity': 0.18, 'transition_weight_rs_acceleration': 0.14, 'transition_weight_volume_transition': 0.18, 'transition_weight_compression_evolution': 0.14, 'transition_weight_resistance_pressure': 0.12, 'transition_weight_price_acceptance': 0.1, 'transition_weight_opportunity_velocity': 0.14, 'transition_professional_threshold': 90.0, 'transition_strong_threshold': 80.0, 'transition_building_threshold': 70.0, 'transition_watch_threshold': 55.0, 'trigger_engine_enabled': True, 'trigger_enable_pocket_pivot': True, 'trigger_enable_relative_volume': True, 'trigger_enable_breakout_confirmation': True, 'trigger_enable_closing_strength': True, 'trigger_enable_rs_confirmation': True, 'trigger_enable_volume_confirmation': True, 'trigger_enable_intraday_confirmation': False, 'trigger_min_setup_score': 80.0, 'trigger_min_transition_score': 80.0, 'trigger_min_trigger_score': 75.0, 'trigger_pocket_pivot_volume_ratio': 1.5, 'trigger_pocket_pivot_close_location_min': 0.7, 'trigger_relative_volume_5d_min': 1.2, 'trigger_relative_volume_10d_min': 1.1, 'trigger_relative_volume_20d_min': 1.0, 'trigger_breakout_buffer_pct': 0.25, 'trigger_breakout_volume_ratio_min': 1.8, 'trigger_close_location_min': 0.8, 'trigger_close_strength_min': 0.75, 'trigger_rs_proxy_min': 105.0, 'trigger_rs_transition_min': 55.0, 'trigger_volume_transition_min': 60.0, 'trigger_intraday_vwap_hold_min': 0.0, 'trigger_intraday_rvol_min': 1.2, 'trigger_intraday_high_hold_min': 0.95, 'trigger_buy_now_top_percentile': 2.0, 'trigger_early_buy_top_percentile': 5.0, 'trigger_watch_top_percentile': 10.0, 'trigger_early_buy_soft_miss_max': 1, 'trigger_calibration_mode': False, 'market_regime_trend_weight': 0.3, 'market_regime_breadth_weight': 0.25, 'market_regime_momentum_weight': 0.2, 'market_regime_volume_weight': 0.15, 'market_regime_volatility_weight': 0.1, 'market_regime_bullish_threshold': 75.0, 'market_regime_neutral_threshold': 55.0, 'market_regime_caution_threshold': 40.0, 'market_regime_bearish_threshold': 0.0, 'market_regime_bullish_penalty': 1.0, 'market_regime_neutral_penalty': 0.95, 'market_regime_caution_penalty': 0.85, 'market_regime_bearish_penalty': 0.7, 'market_regime_buy_min_bullish': 80.0, 'market_regime_buy_min_neutral': 85.0, 'market_regime_buy_min_caution': 90.0, 'market_regime_buy_min_bearish': 95.0, 'market_regime_nifty50_period': '2y', 'market_regime_nifty500_period': '2y', 'market_regime_breadth_min_above_ema20': 45.0, 'market_regime_breadth_min_above_ema50': 40.0, 'market_regime_breadth_min_above_ema200': 25.0, 'market_regime_atr_window': 14, 'market_regime_volume_window': 20, 'market_regime_volatility_window': 20, 'market_regime_momentum_return_cap_pct': 10.0, 'market_regime_ema_buffer_pct': 0.5, 'market_regime_distribution_day_window': 20, 'market_regime_accumulation_day_window': 20, 'market_regime_volume_trend_threshold_pct': 10.0, 'market_regime_volatility_high_threshold_pct': 15.0, 'market_regime_volatility_mid_threshold_pct': 8.0, 'market_regime_accumulation_edge_days': 2, 'market_regime_distribution_edge_days': 2, 'mtf_weekly_weight': 20.0, 'mtf_daily_weight': 50.0, 'mtf_hourly_weight': 30.0, 'mtf_weekly_max_points': 20.0, 'mtf_daily_max_points': 50.0, 'mtf_hourly_max_points': 30.0, 'mtf_strong_buy_threshold': 90.0, 'mtf_buy_threshold': 80.0, 'mtf_watch_threshold': 65.0, 'mtf_wait_threshold': 50.0, 'mtf_weekly_bullish_threshold': 14.0, 'mtf_weekly_neutral_threshold': 10.0, 'mtf_weekly_bearish_threshold': 6.0, 'mtf_daily_bullish_threshold': 35.0, 'mtf_daily_neutral_threshold': 25.0, 'mtf_hourly_bullish_threshold': 20.0, 'mtf_hourly_neutral_threshold': 12.0, 'mtf_weekly_lookback_period': '2y', 'mtf_daily_lookback_period': '1y', 'mtf_hourly_lookback_period': '60d', 'mtf_hourly_ema_fast': 20, 'mtf_hourly_ema_slow': 50, 'mtf_weekly_veto_enabled': True, 'mtf_enable_confirmation': False, 'ema_fast': 20, 'ema_medium': 50, 'ema_slow': 200, 'atr_window': 20, 'contraction_window': 20, 'volume_sma_window': 20, 'volume_contraction_lookback': 20, 'volume_multiplier': 1.6, 'relative_strength_window': 90, 'relative_strength_period_1': 30, 'relative_strength_period_2': 60, 'relative_strength_period_3': 90, 'relative_strength_min_data': 30, 'sector_lookback': 60, 'risk_atr_multiplier': 2.5, 'sector_blacklist': ['Financial Services', 'Utilities'], 'required_columns': ['Open', 'High', 'Low', 'Close', 'Volume'], 'persist_normalized': True, 'cache_ttl_days': 7, 'cache_dir': 'data/cache/normalized', 'scan_use_process_pool': False, 'scan_process_workers': 0}
2026-08-15 17:08:46,831 INFO AlphaScanner.Scanner Starting dual-mode scanner with config {'universe': 'Total Market (Cap Focused)', 'min_candles': 300, 'interval': '1d', 'lookback_period': '2y', 'max_candidates': 15, 'min_total_score': 25.0, 'watchlist_min_score': 60.0, 'entry_min_score': 70.0, 'scan_max_workers': 8, 'scan_download_threads': 10, 'scan_download_chunk_size': 25, 'diagnostics_enabled': False, 'diagnostics_persist': True, 'diagnostics_top_rules': 3, 'watchlist_setup_weight': 0.6, 'watchlist_transition_weight': 0.4, 'entry_setup_weight': 0.3, 'entry_transition_weight': 0.3, 'entry_trigger_weight': 0.4, 'watchlist_price_above_ema200': True, 'watchlist_base_high_pct': 5.0, 'watchlist_base_range_pct': 10.0, 'watchlist_base_days_min': 10, 'watchlist_atr_contraction_pct': -15.0, 'watchlist_bbw_contraction_pct': -20.0, 'watchlist_volume_dryup_pct': -25.0, 'watchlist_rs_min': 60.0, 'watchlist_sector_strength_min': 0.0, 'entry_breakout_volume_ratio': 2.0, 'entry_rs_rank_min': 80.0, 'entry_risk_reward_min': 2.0, 'entry_extension_pct': 10.0, 'entry_atr_expansion_pct': 1.8, 'quality_filter_enabled': True, 'quality_min_avg_volume': 0.0, 'quality_min_avg_turnover': 0.0, 'quality_min_market_cap_cr': 500, 'quality_max_market_cap_cr': 20000, 'quality_market_cap_mode': 'Custom', 'quality_market_cap_custom_symbols': [], 'quality_min_relative_strength': 35.0, 'quality_min_sector_strength': 0.0, 'quality_require_price_above_ema200': False, 'quality_require_ema_alignment': False, 'quality_require_trend_template': False, 'quality_require_higher_highs': False, 'quality_require_higher_lows': False, 'quality_market_bearish_multiplier': 1.25, 'quality_market_bullish_multiplier': 1.0, 'quality_market_neutral_multiplier': 1.0, 'quality_market_caution_multiplier': 1.1, 'setup_engine_enabled': True, 'setup_min_base_quality_score': 60.0, 'setup_min_base_weeks': 8, 'setup_max_base_depth_pct': 18.0, 'setup_max_base_duration_weeks': 24, 'setup_max_distance_to_high_pct': 5.0, 'setup_volume_long_window': 50, 'setup_volume_short_window': 20, 'setup_min_compression_score': 40.0, 'setup_min_volume_score': 35.0, 'setup_min_resistance_score': 35.0, 'setup_min_structure_score': 40.0, 'setup_min_risk_score': 35.0, 'setup_weight_base': 0.2, 'setup_weight_compression': 0.2, 'setup_weight_volume': 0.15, 'setup_weight_resistance': 0.2, 'setup_weight_structure': 0.15, 'setup_weight_risk': 0.1, 'setup_professional_threshold': 90.0, 'setup_excellent_threshold': 80.0, 'setup_good_threshold': 70.0, 'setup_average_threshold': 55.0, 'transition_engine_enabled': True, 'transition_history_window': 10, 'transition_min_setup_velocity_score': 55.0, 'transition_min_rs_acceleration_score': 55.0, 'transition_min_volume_transition_score': 55.0, 'transition_min_compression_evolution_score': 55.0, 'transition_min_resistance_pressure_score': 50.0, 'transition_min_price_acceptance_score': 50.0, 'transition_min_opportunity_velocity_score': 60.0, 'transition_weight_setup_velocity': 0.18, 'transition_weight_rs_acceleration': 0.14, 'transition_weight_volume_transition': 0.18, 'transition_weight_compression_evolution': 0.14, 'transition_weight_resistance_pressure': 0.12, 'transition_weight_price_acceptance': 0.1, 'transition_weight_opportunity_velocity': 0.14, 'transition_professional_threshold': 90.0, 'transition_strong_threshold': 80.0, 'transition_building_threshold': 70.0, 'transition_watch_threshold': 55.0, 'trigger_engine_enabled': True, 'trigger_enable_pocket_pivot': True, 'trigger_enable_relative_volume': True, 'trigger_enable_breakout_confirmation': True, 'trigger_enable_closing_strength': True, 'trigger_enable_rs_confirmation': True, 'trigger_enable_volume_confirmation': True, 'trigger_enable_intraday_confirmation': False, 'trigger_min_setup_score': 80.0, 'trigger_min_transition_score': 80.0, 'trigger_min_trigger_score': 75.0, 'trigger_pocket_pivot_volume_ratio': 1.5, 'trigger_pocket_pivot_close_location_min': 0.7, 'trigger_relative_volume_5d_min': 0.6, 'trigger_relative_volume_10d_min': 1.1, 'trigger_relative_volume_20d_min': 1.0, 'trigger_breakout_buffer_pct': 0.25, 'trigger_breakout_volume_ratio_min': 1.8, 'trigger_close_location_min': 0.8, 'trigger_close_strength_min': 0.75, 'trigger_rs_proxy_min': 105.0, 'trigger_rs_transition_min': 55.0, 'trigger_volume_transition_min': 60.0, 'trigger_intraday_vwap_hold_min': 0.0, 'trigger_intraday_rvol_min': 1.2, 'trigger_intraday_high_hold_min': 0.95, 'trigger_buy_now_top_percentile': 2.0, 'trigger_early_buy_top_percentile': 5.0, 'trigger_watch_top_percentile': 10.0, 'trigger_early_buy_soft_miss_max': 1, 'trigger_calibration_mode': False, 'market_regime_trend_weight': 0.3, 'market_regime_breadth_weight': 0.25, 'market_regime_momentum_weight': 0.2, 'market_regime_volume_weight': 0.15, 'market_regime_volatility_weight': 0.1, 'market_regime_bullish_threshold': 75.0, 'market_regime_neutral_threshold': 55.0, 'market_regime_caution_threshold': 40.0, 'market_regime_bearish_threshold': 0.0, 'market_regime_bullish_penalty': 1.0, 'market_regime_neutral_penalty': 0.95, 'market_regime_caution_penalty': 0.85, 'market_regime_bearish_penalty': 0.7, 'market_regime_buy_min_bullish': 80.0, 'market_regime_buy_min_neutral': 85.0, 'market_regime_buy_min_caution': 90.0, 'market_regime_buy_min_bearish': 95.0, 'market_regime_nifty50_period': '2y', 'market_regime_nifty500_period': '2y', 'market_regime_breadth_min_above_ema20': 45.0, 'market_regime_breadth_min_above_ema50': 40.0, 'market_regime_breadth_min_above_ema200': 25.0, 'market_regime_atr_window': 14, 'market_regime_volume_window': 20, 'market_regime_volatility_window': 20, 'market_regime_momentum_return_cap_pct': 10.0, 'market_regime_ema_buffer_pct': 0.5, 'market_regime_distribution_day_window': 20, 'market_regime_accumulation_day_window': 20, 'market_regime_volume_trend_threshold_pct': 10.0, 'market_regime_volatility_high_threshold_pct': 15.0, 'market_regime_volatility_mid_threshold_pct': 8.0, 'market_regime_accumulation_edge_days': 2, 'market_regime_distribution_edge_days': 2, 'mtf_weekly_weight': 20.0, 'mtf_daily_weight': 50.0, 'mtf_hourly_weight': 30.0, 'mtf_weekly_max_points': 20.0, 'mtf_daily_max_points': 50.0, 'mtf_hourly_max_points': 30.0, 'mtf_strong_buy_threshold': 90.0, 'mtf_buy_threshold': 80.0, 'mtf_watch_threshold': 65.0, 'mtf_wait_threshold': 50.0, 'mtf_weekly_bullish_threshold': 14.0, 'mtf_weekly_neutral_threshold': 10.0, 'mtf_weekly_bearish_threshold': 6.0, 'mtf_daily_bullish_threshold': 35.0, 'mtf_daily_neutral_threshold': 25.0, 'mtf_hourly_bullish_threshold': 20.0, 'mtf_hourly_neutral_threshold': 12.0, 'mtf_weekly_lookback_period': '2y', 'mtf_daily_lookback_period': '1y', 'mtf_hourly_lookback_period': '60d', 'mtf_hourly_ema_fast': 20, 'mtf_hourly_ema_slow': 50, 'mtf_weekly_veto_enabled': True, 'mtf_enable_confirmation': False, 'ema_fast': 20, 'ema_medium': 50, 'ema_slow': 200, 'atr_window': 20, 'contraction_window': 20, 'volume_sma_window': 20, 'volume_contraction_lookback': 20, 'volume_multiplier': 1.6, 'relative_strength_window': 90, 'relative_strength_period_1': 30, 'relative_strength_period_2': 60, 'relative_strength_period_3': 90, 'relative_strength_min_data': 30, 'sector_lookback': 60, 'risk_atr_multiplier': 2.5, 'sector_blacklist': ['Financial Services', 'Utilities'], 'required_columns': ['Open', 'High', 'Low', 'Close', 'Volume'], 'persist_normalized': True, 'cache_ttl_days': 7, 'cache_dir': 'data/cache/normalized', 'scan_use_process_pool': False, 'scan_process_workers': 0}
2026-08-15 17:08:46,832 DEBUG AlphaScanner.Scanner Dual-mode scan requested with universe=Total Market (Cap Focused) interval=1d min_candles=300 use_cache=False
2026-08-15 17:08:46,836 DEBUG AlphaScanner.Data get_universe(Total Market (Cap Focused)) -> 755 symbols
2026-08-15 17:08:46,836 DEBUG AlphaScanner.Scanner Resolved universe size=755 head=['360ONE.NS', '3MINDIA.NS', 'AADHARHFC.NS', 'AARTIDRUGS.NS', 'AARTIIND.NS']
2026-08-15 17:08:46,837 INFO AlphaScanner.Scanner Universe resolution finished in 0.01s for Total Market (Cap Focused)
2026-08-15 17:08:46,837 INFO AlphaScanner.Scanner Prefiltering universe of 755 tickers by market cap (Min: 500 Cr, Max: 20000 Cr)...
2026-08-15 17:08:46,844 DEBUG AlphaScanner.Engine Metadata cache is up to date. Skipping prefetch.
2026-08-15 17:08:46,851 INFO AlphaScanner.Scanner Market cap pre-filter reduced universe from 755 to 397 tickers.
2026-08-15 17:08:46,851 INFO AlphaScanner.Scanner Market-cap prefilter finished in 0.01s and left 397 tickers
2026-08-15 17:08:46,853 INFO AlphaScanner.Scanner Downloading history for 397 tickers...
2026-08-15 17:08:46,854 DEBUG AlphaScanner.Data download_history_batch(size=397, period=2y, interval=1d, use_cache=False, head=['AARTIDRUGS.NS', 'AARTIIND.NS', 'AARTIPHARM.NS', 'AAVAS.NS', 'ABDL.NS'])
2026-08-15 17:08:46,854 INFO AlphaScanner.Data download_history_batch fetching 40 live chunks with 10 workers (chunk_size=10).
2026-08-15 17:08:48,762 WARNING AlphaScanner.Data Batch download attempt 1/3 failed for chunk size=10: dictionary changed size during iteration
2026-08-15 17:08:49,002 WARNING AlphaScanner.Data Batch download attempt 1/3 failed for chunk size=10: dictionary changed size during iteration
2026-08-15 17:08:50,038 DEBUG AlphaScanner.Data No data for ticker BAJAJELEC.NS in batch result.
2026-08-15 17:08:50,039 DEBUG AlphaScanner.Data No data for ticker BALAMINES.NS in batch result.
2026-08-15 17:08:50,039 DEBUG AlphaScanner.Data No data for ticker BALRAMCHIN.NS in batch result.
2026-08-15 17:08:50,039 DEBUG AlphaScanner.Data No data for ticker BALUFORGE.NS in batch result.
2026-08-15 17:08:50,039 DEBUG AlphaScanner.Data No data for ticker BANCOINDIA.NS in batch result.
2026-08-15 17:08:50,039 DEBUG AlphaScanner.Data No data for ticker BATAINDIA.NS in batch result.
2026-08-15 17:08:50,039 DEBUG AlphaScanner.Data No data for ticker BAYERCROP.NS in batch result.
2026-08-15 17:08:50,039 DEBUG AlphaScanner.Data No data for ticker BBOX.NS in batch result.
2026-08-15 17:08:50,114 DEBUG AlphaScanner.Data No data for ticker BECTORFOOD.NS in batch result.
2026-08-15 17:08:52,431 DEBUG AlphaScanner.Data No data for ticker AARTIDRUGS.NS in batch result.
2026-08-15 17:08:52,432 DEBUG AlphaScanner.Data No data for ticker AARTIIND.NS in batch result.
2026-08-15 17:08:52,432 DEBUG AlphaScanner.Data No data for ticker AARTIPHARM.NS in batch result.
2026-08-15 17:08:52,432 DEBUG AlphaScanner.Data No data for ticker AAVAS.NS in batch result.
2026-08-15 17:08:52,432 DEBUG AlphaScanner.Data No data for ticker ABDL.NS in batch result.
2026-08-15 17:08:52,432 DEBUG AlphaScanner.Data No data for ticker ABFRL.NS in batch result.
2026-08-15 17:08:52,432 DEBUG AlphaScanner.Data No data for ticker ABLBL.NS in batch result.
2026-08-15 17:08:52,432 DEBUG AlphaScanner.Data No data for ticker ABREL.NS in batch result.
2026-08-15 17:08:52,432 DEBUG AlphaScanner.Data No data for ticker ACE.NS in batch result.
2026-08-15 17:08:52,700 DEBUG AlphaScanner.Data No data for ticker APLLTD.NS in batch result.
2026-08-15 17:08:52,700 DEBUG AlphaScanner.Data No data for ticker APOLLO.NS in batch result.
2026-08-15 17:08:52,701 DEBUG AlphaScanner.Data No data for ticker APTUS.NS in batch result.
2026-08-15 17:08:52,701 DEBUG AlphaScanner.Data No data for ticker ARE&M.NS in batch result.
2026-08-15 17:08:52,701 DEBUG AlphaScanner.Data No data for ticker ARVIND.NS in batch result.
2026-08-15 17:08:52,701 DEBUG AlphaScanner.Data No data for ticker ARVINDFASN.NS in batch result.
2026-08-15 17:08:52,701 DEBUG AlphaScanner.Data No data for ticker ASHAPURMIN.NS in batch result.
2026-08-15 17:08:52,701 DEBUG AlphaScanner.Data No data for ticker ASHOKA.NS in batch result.
2026-08-15 17:08:52,701 DEBUG AlphaScanner.Data No data for ticker ASKAUTOLTD.NS in batch result.
2026-08-15 17:08:52,861 DEBUG AlphaScanner.Data No data for ticker CEATLTD.NS in batch result.
2026-08-15 17:08:52,861 DEBUG AlphaScanner.Data No data for ticker CELLO.NS in batch result.
2026-08-15 17:08:52,861 DEBUG AlphaScanner.Data No data for ticker CENTURYPLY.NS in batch result.
2026-08-15 17:08:52,993 DEBUG AlphaScanner.Data No data for ticker CHALET.NS in batch result.
2026-08-15 17:08:52,993 DEBUG AlphaScanner.Data No data for ticker CHAMBLFERT.NS in batch result.
2026-08-15 17:08:52,993 DEBUG AlphaScanner.Data No data for ticker CHENNPETRO.NS in batch result.
2026-08-15 17:08:52,993 DEBUG AlphaScanner.Data No data for ticker CHOICEIN.NS in batch result.
2026-08-15 17:08:52,993 DEBUG AlphaScanner.Data No data for ticker CIEINDIA.NS in batch result.
2026-08-15 17:08:53,244 DEBUG AlphaScanner.Data No data for ticker EIHOTEL.NS in batch result.
2026-08-15 17:08:53,244 DEBUG AlphaScanner.Data No data for ticker ELECON.NS in batch result.
2026-08-15 17:08:53,449 DEBUG AlphaScanner.Data No data for ticker ELLEN.NS in batch result.
2026-08-15 17:08:53,695 DEBUG AlphaScanner.Data No data for ticker EMIL.NS in batch result.
2026-08-15 17:08:53,698 DEBUG AlphaScanner.Data No data for ticker GMRP&UI.NS in batch result.
2026-08-15 17:08:53,699 DEBUG AlphaScanner.Data No data for ticker GNFC.NS in batch result.
2026-08-15 17:08:53,700 DEBUG AlphaScanner.Data No data for ticker GODREJAGRO.NS in batch result.
2026-08-15 17:08:53,705 DEBUG AlphaScanner.Data No data for ticker GOKEX.NS in batch result.
2026-08-15 17:08:53,705 DEBUG AlphaScanner.Data No data for ticker GOKULAGRO.NS in batch result.
2026-08-15 17:08:53,745 DEBUG AlphaScanner.Data No data for ticker GPPL.NS in batch result.
2026-08-15 17:08:53,745 DEBUG AlphaScanner.Data No data for ticker GRAPHITE.NS in batch result.
2026-08-15 17:08:53,745 DEBUG AlphaScanner.Data No data for ticker GRAVITA.NS in batch result.
2026-08-15 17:08:53,745 DEBUG AlphaScanner.Data No data for ticker GREAVESCOT.NS in batch result.
2026-08-15 17:08:53,746 DEBUG AlphaScanner.Data No data for ticker ENGINERSIN.NS in batch result.
2026-08-15 17:08:53,746 DEBUG AlphaScanner.Data No data for ticker ENTERO.NS in batch result.
2026-08-15 17:08:53,793 DEBUG AlphaScanner.Data No data for ticker EQUITASBNK.NS in batch result.
2026-08-15 17:08:53,793 DEBUG AlphaScanner.Data No data for ticker ERIS.NS in batch result.
2026-08-15 17:08:53,793 DEBUG AlphaScanner.Data No data for ticker ETHOSLTD.NS in batch result.
2026-08-15 17:08:53,793 DEBUG AlphaScanner.Data No data for ticker EUREKAFORB.NS in batch result.
2026-08-15 17:08:53,793 DEBUG AlphaScanner.Data No data for ticker FEDFINA.NS in batch result.
2026-08-15 17:08:53,794 DEBUG AlphaScanner.Data No data for ticker FIEMIND.NS in batch result.
2026-08-15 17:08:53,794 DEBUG AlphaScanner.Data No data for ticker FINCABLES.NS in batch result.
2026-08-15 17:08:53,794 DEBUG AlphaScanner.Data No data for ticker GRWRHITECH.NS in batch result.
2026-08-15 17:08:53,794 DEBUG AlphaScanner.Data No data for ticker GSFC.NS in batch result.
2026-08-15 17:08:53,796 DEBUG AlphaScanner.Data No data for ticker HAPPSTMNDS.NS in batch result.
2026-08-15 17:08:53,796 DEBUG AlphaScanner.Data No data for ticker HBLENGINE.NS in batch result.
2026-08-15 17:08:53,797 DEBUG AlphaScanner.Data No data for ticker HCC.NS in batch result.
2026-08-15 17:08:53,879 DEBUG AlphaScanner.Data No data for ticker HEG.NS in batch result.
2026-08-15 17:08:53,879 DEBUG AlphaScanner.Data No data for ticker HEMIPROP.NS in batch result.
2026-08-15 17:08:53,880 DEBUG AlphaScanner.Data No data for ticker HERITGFOOD.NS in batch result.
2026-08-15 17:08:53,880 DEBUG AlphaScanner.Data No data for ticker HGINFRA.NS in batch result.
2026-08-15 17:08:53,881 DEBUG AlphaScanner.Data No data for ticker HOMEFIRST.NS in batch result.
2026-08-15 17:08:53,881 DEBUG AlphaScanner.Data No data for ticker HONASA.NS in batch result.
2026-08-15 17:08:53,881 DEBUG AlphaScanner.Data No data for ticker ICIL.NS in batch result.
2026-08-15 17:08:53,881 DEBUG AlphaScanner.Data No data for ticker IEX.NS in batch result.
2026-08-15 17:08:53,881 DEBUG AlphaScanner.Data No data for ticker IFBIND.NS in batch result.
2026-08-15 17:08:53,881 DEBUG AlphaScanner.Data No data for ticker IGIL.NS in batch result.
2026-08-15 17:08:53,881 DEBUG AlphaScanner.Data No data for ticker IIFLCAPS.NS in batch result.
2026-08-15 17:08:53,882 DEBUG AlphaScanner.Data No data for ticker IMFA.NS in batch result.
2026-08-15 17:08:53,882 DEBUG AlphaScanner.Data No data for ticker INDGN.NS in batch result.
2026-08-15 17:08:53,979 DEBUG AlphaScanner.Data No data for ticker INDIAGLYCO.NS in batch result.
2026-08-15 17:08:53,979 DEBUG AlphaScanner.Data No data for ticker INDIASHLTR.NS in batch result.
2026-08-15 17:08:53,979 DEBUG AlphaScanner.Data No data for ticker INDIGOPNTS.NS in batch result.
2026-08-15 17:08:53,979 DEBUG AlphaScanner.Data No data for ticker INOXGREEN.NS in batch result.
2026-08-15 17:08:53,979 DEBUG AlphaScanner.Data No data for ticker INOXINDIA.NS in batch result.
2026-08-15 17:08:53,979 DEBUG AlphaScanner.Data No data for ticker INOXWIND.NS in batch result.
2026-08-15 17:08:54,110 DEBUG AlphaScanner.Data No data for ticker IONEXCHANG.NS in batch result.
2026-08-15 17:08:54,111 DEBUG AlphaScanner.Data No data for ticker IRCON.NS in batch result.
2026-08-15 17:08:54,111 DEBUG AlphaScanner.Data No data for ticker IXIGO.NS in batch result.
2026-08-15 17:08:54,111 DEBUG AlphaScanner.Data No data for ticker FINPIPE.NS in batch result.
2026-08-15 17:08:54,117 DEBUG AlphaScanner.Data No data for ticker FIRSTCRY.NS in batch result.
2026-08-15 17:08:54,117 DEBUG AlphaScanner.Data No data for ticker FIVESTAR.NS in batch result.
2026-08-15 17:08:54,117 DEBUG AlphaScanner.Data No data for ticker FSL.NS in batch result.
2026-08-15 17:08:54,118 DEBUG AlphaScanner.Data No data for ticker GAEL.NS in batch result.
2026-08-15 17:08:54,118 DEBUG AlphaScanner.Data No data for ticker GALLANTT.NS in batch result.
2026-08-15 17:08:54,118 DEBUG AlphaScanner.Data No data for ticker GESHIP.NS in batch result.
2026-08-15 17:08:54,119 DEBUG AlphaScanner.Data No data for ticker GHCL.NS in batch result.
2026-08-15 17:08:54,120 DEBUG AlphaScanner.Data No data for ticker GMDCLTD.NS in batch result.
2026-08-15 17:08:54,258 DEBUG AlphaScanner.Data No data for ticker J&KBANK.NS in batch result.
2026-08-15 17:08:54,300 DEBUG AlphaScanner.Data No data for ticker JAINREC.NS in batch result.
2026-08-15 17:08:54,300 DEBUG AlphaScanner.Data No data for ticker JAMNAAUTO.NS in batch result.
2026-08-15 17:08:54,300 DEBUG AlphaScanner.Data No data for ticker JAYNECOIND.NS in batch result.
2026-08-15 17:08:54,300 DEBUG AlphaScanner.Data No data for ticker JBMA.NS in batch result.
2026-08-15 17:08:54,301 DEBUG AlphaScanner.Data No data for ticker JINDALSAW.NS in batch result.
2026-08-15 17:08:54,301 DEBUG AlphaScanner.Data No data for ticker JKLAKSHMI.NS in batch result.
2026-08-15 17:08:54,301 DEBUG AlphaScanner.Data No data for ticker JKPAPER.NS in batch result.
2026-08-15 17:08:54,313 DEBUG AlphaScanner.Data No data for ticker BSOFT.NS in batch result.
2026-08-15 17:08:54,313 DEBUG AlphaScanner.Data No data for ticker CAMPUS.NS in batch result.
2026-08-15 17:08:54,313 DEBUG AlphaScanner.Data No data for ticker CAMS.NS in batch result.
2026-08-15 17:08:54,313 DEBUG AlphaScanner.Data No data for ticker CANFINHOME.NS in batch result.
2026-08-15 17:08:54,326 DEBUG AlphaScanner.Data No data for ticker CAPILLARY.NS in batch result.
2026-08-15 17:08:54,326 DEBUG AlphaScanner.Data No data for ticker CAPLIPOINT.NS in batch result.
2026-08-15 17:08:54,326 DEBUG AlphaScanner.Data No data for ticker CARTRADE.NS in batch result.
2026-08-15 17:08:54,326 DEBUG AlphaScanner.Data No data for ticker CASTROLIND.NS in batch result.
2026-08-15 17:08:54,326 DEBUG AlphaScanner.Data No data for ticker CCAVENUE.NS in batch result.
2026-08-15 17:08:54,326 DEBUG AlphaScanner.Data No data for ticker ASTRAMICRO.NS in batch result.
2026-08-15 17:08:54,326 DEBUG AlphaScanner.Data No data for ticker ATLANTAELE.NS in batch result.
2026-08-15 17:08:54,326 DEBUG AlphaScanner.Data No data for ticker ATUL.NS in batch result.
2026-08-15 17:08:54,326 DEBUG AlphaScanner.Data No data for ticker AURIONPRO.NS in batch result.
2026-08-15 17:08:54,326 DEBUG AlphaScanner.Data No data for ticker AVALON.NS in batch result.
2026-08-15 17:08:54,326 DEBUG AlphaScanner.Data No data for ticker AVANTIFEED.NS in batch result.
2026-08-15 17:08:54,394 DEBUG AlphaScanner.Data No data for ticker AWFIS.NS in batch result.
2026-08-15 17:08:54,394 DEBUG AlphaScanner.Data No data for ticker AXISCADES.NS in batch result.
2026-08-15 17:08:54,630 DEBUG AlphaScanner.Data No data for ticker JMFINANCIL.NS in batch result.
2026-08-15 17:08:54,680 DEBUG AlphaScanner.Data No data for ticker JSFB.NS in batch result.
2026-08-15 17:08:54,860 DEBUG AlphaScanner.Data No data for ticker JSWDULUX.NS in batch result.
2026-08-15 17:08:54,946 DEBUG AlphaScanner.Data No data for ticker JUBLPHARMA.NS in batch result.
2026-08-15 17:08:55,089 DEBUG AlphaScanner.Data No data for ticker JWL.NS in batch result.
2026-08-15 17:08:55,090 DEBUG AlphaScanner.Data No data for ticker JYOTHYLAB.NS in batch result.
2026-08-15 17:08:55,102 DEBUG AlphaScanner.Data No data for ticker JYOTICNC.NS in batch result.
2026-08-15 17:08:55,102 DEBUG AlphaScanner.Data No data for ticker KAJARIACER.NS in batch result.
2026-08-15 17:08:55,103 DEBUG AlphaScanner.Data No data for ticker KANSAINER.NS in batch result.
2026-08-15 17:08:55,103 DEBUG AlphaScanner.Data No data for ticker KEC.NS in batch result.
2026-08-15 17:08:55,103 DEBUG AlphaScanner.Data No data for ticker KFINTECH.NS in batch result.
2026-08-15 17:08:55,103 DEBUG AlphaScanner.Data No data for ticker KIRLOSBROS.NS in batch result.
2026-08-15 17:08:55,151 DEBUG AlphaScanner.Data No data for ticker KITEX.NS in batch result.
2026-08-15 17:08:55,151 DEBUG AlphaScanner.Data No data for ticker LLOYDSENGG.NS in batch result.
2026-08-15 17:08:55,153 DEBUG AlphaScanner.Data No data for ticker LLOYDSENT.NS in batch result.
2026-08-15 17:08:55,155 DEBUG AlphaScanner.Data No data for ticker LOTUSDEV.NS in batch result.
2026-08-15 17:08:55,155 DEBUG AlphaScanner.Data No data for ticker LTFOODS.NS in batch result.
2026-08-15 17:08:55,156 DEBUG AlphaScanner.Data No data for ticker LUMAXTECH.NS in batch result.
2026-08-15 17:08:55,156 DEBUG AlphaScanner.Data No data for ticker LXCHEM.NS in batch result.
2026-08-15 17:08:55,160 DEBUG AlphaScanner.Data No data for ticker MAHSCOOTER.NS in batch result.
2026-08-15 17:08:55,160 DEBUG AlphaScanner.Data No data for ticker MAHSEAMLES.NS in batch result.
2026-08-15 17:08:55,260 DEBUG AlphaScanner.Data No data for ticker MANYAVAR.NS in batch result.
2026-08-15 17:08:55,355 DEBUG AlphaScanner.Data No data for ticker NSLNISP.NS in batch result.
2026-08-15 17:08:55,363 DEBUG AlphaScanner.Data No data for ticker NUVOCO.NS in batch result.
2026-08-15 17:08:55,363 DEBUG AlphaScanner.Data No data for ticker OLAELEC.NS in batch result.
2026-08-15 17:08:55,367 DEBUG AlphaScanner.Data No data for ticker OLECTRA.NS in batch result.
2026-08-15 17:08:55,367 DEBUG AlphaScanner.Data No data for ticker ONESOURCE.NS in batch result.
2026-08-15 17:08:55,380 DEBUG AlphaScanner.Data No data for ticker OPTIEMUS.NS in batch result.
2026-08-15 17:08:55,380 DEBUG AlphaScanner.Data No data for ticker ORIENTCEM.NS in batch result.
2026-08-15 17:08:55,380 DEBUG AlphaScanner.Data No data for ticker ORKLAINDIA.NS in batch result.
2026-08-15 17:08:55,380 DEBUG AlphaScanner.Data No data for ticker OSWALPUMPS.NS in batch result.
2026-08-15 17:08:55,381 DEBUG AlphaScanner.Data No data for ticker MAPMYINDIA.NS in batch result.
2026-08-15 17:08:55,381 DEBUG AlphaScanner.Data No data for ticker MARKSANS.NS in batch result.
2026-08-15 17:08:55,381 DEBUG AlphaScanner.Data No data for ticker MASTEK.NS in batch result.
2026-08-15 17:08:55,381 DEBUG AlphaScanner.Data No data for ticker MEDPLUS.NS in batch result.
2026-08-15 17:08:55,381 DEBUG AlphaScanner.Data No data for ticker METROPOLIS.NS in batch result.
2026-08-15 17:08:55,467 DEBUG AlphaScanner.Data No data for ticker MIDHANI.NS in batch result.
2026-08-15 17:08:55,468 DEBUG AlphaScanner.Data No data for ticker MINDACORP.NS in batch result.
2026-08-15 17:08:55,469 DEBUG AlphaScanner.Data No data for ticker MMTC.NS in batch result.
2026-08-15 17:08:55,470 DEBUG AlphaScanner.Data No data for ticker MOIL.NS in batch result.
2026-08-15 17:08:55,534 DEBUG AlphaScanner.Data No data for ticker NATCOPHARM.NS in batch result.
2026-08-15 17:08:55,534 DEBUG AlphaScanner.Data No data for ticker NAVA.NS in batch result.
2026-08-15 17:08:55,534 DEBUG AlphaScanner.Data No data for ticker NAZARA.NS in batch result.
2026-08-15 17:08:55,535 DEBUG AlphaScanner.Data No data for ticker NCC.NS in batch result.
2026-08-15 17:08:55,535 DEBUG AlphaScanner.Data No data for ticker NEOGEN.NS in batch result.
2026-08-15 17:08:55,535 DEBUG AlphaScanner.Data No data for ticker NESCO.NS in batch result.
2026-08-15 17:08:55,535 DEBUG AlphaScanner.Data No data for ticker NETWORK18.NS in batch result.
2026-08-15 17:08:55,535 DEBUG AlphaScanner.Data No data for ticker NEWGEN.NS in batch result.
2026-08-15 17:08:55,535 DEBUG AlphaScanner.Data No data for ticker NFL.NS in batch result.
2026-08-15 17:08:55,535 DEBUG AlphaScanner.Data No data for ticker KNRCON.NS in batch result.
2026-08-15 17:08:55,536 DEBUG AlphaScanner.Data No data for ticker KPIGREEN.NS in batch result.
2026-08-15 17:08:55,536 DEBUG AlphaScanner.Data No data for ticker KPITTECH.NS in batch result.
2026-08-15 17:08:55,536 DEBUG AlphaScanner.Data No data for ticker KRBL.NS in batch result.
2026-08-15 17:08:55,536 DEBUG AlphaScanner.Data No data for ticker KRN.NS in batch result.
2026-08-15 17:08:55,536 DEBUG AlphaScanner.Data No data for ticker KSB.NS in batch result.
2026-08-15 17:08:55,630 DEBUG AlphaScanner.Data No data for ticker KTKBANK.NS in batch result.
2026-08-15 17:08:55,630 DEBUG AlphaScanner.Data No data for ticker LATENTVIEW.NS in batch result.
2026-08-15 17:08:55,648 DEBUG AlphaScanner.Data No data for ticker LEMONTREE.NS in batch result.
2026-08-15 17:08:55,653 DEBUG AlphaScanner.Data No data for ticker PARADEEP.NS in batch result.
2026-08-15 17:08:55,654 DEBUG AlphaScanner.Data No data for ticker PARAS.NS in batch result.
2026-08-15 17:08:55,655 DEBUG AlphaScanner.Data No data for ticker PARKHOSPS.NS in batch result.
2026-08-15 17:08:55,656 DEBUG AlphaScanner.Data No data for ticker PCBL.NS in batch result.
2026-08-15 17:08:55,780 DEBUG AlphaScanner.Data No data for ticker PGEL.NS in batch result.
2026-08-15 17:08:55,780 DEBUG AlphaScanner.Data No data for ticker PGIL.NS in batch result.
2026-08-15 17:08:55,780 DEBUG AlphaScanner.Data No data for ticker PICCADIL.NS in batch result.
2026-08-15 17:08:55,780 DEBUG AlphaScanner.Data No data for ticker PINELABS.NS in batch result.
2026-08-15 17:08:55,784 DEBUG AlphaScanner.Data No data for ticker PNCINFRA.NS in batch result.
2026-08-15 17:08:55,795 DEBUG AlphaScanner.Data No data for ticker PNGJL.NS in batch result.
2026-08-15 17:08:55,795 DEBUG AlphaScanner.Data No data for ticker POLYMED.NS in batch result.
2026-08-15 17:08:55,799 DEBUG AlphaScanner.Data No data for ticker POWERMECH.NS in batch result.
2026-08-15 17:08:55,800 DEBUG AlphaScanner.Data No data for ticker PRAJIND.NS in batch result.
2026-08-15 17:08:55,801 DEBUG AlphaScanner.Data No data for ticker PRICOLLTD.NS in batch result.
2026-08-15 17:08:55,886 DEBUG AlphaScanner.Data No data for ticker PRSMJOHNSN.NS in batch result.
2026-08-15 17:08:55,888 DEBUG AlphaScanner.Data No data for ticker PRUDENT.NS in batch result.
2026-08-15 17:08:55,888 DEBUG AlphaScanner.Data No data for ticker PTC.NS in batch result.
2026-08-15 17:08:55,888 DEBUG AlphaScanner.Data No data for ticker PURVA.NS in batch result.
2026-08-15 17:08:55,889 DEBUG AlphaScanner.Data No data for ticker PVRINOX.NS in batch result.
2026-08-15 17:08:55,889 DEBUG AlphaScanner.Data No data for ticker QPOWER.NS in batch result.
2026-08-15 17:08:55,892 DEBUG AlphaScanner.Data No data for ticker QUESS.NS in batch result.
2026-08-15 17:08:55,942 DEBUG AlphaScanner.Data No data for ticker RAIN.NS in batch result.
2026-08-15 17:08:55,942 DEBUG AlphaScanner.Data No data for ticker RAINBOW.NS in batch result.
2026-08-15 17:08:55,942 DEBUG AlphaScanner.Data No data for ticker RALLIS.NS in batch result.
2026-08-15 17:08:55,942 DEBUG AlphaScanner.Data No data for ticker RATEGAIN.NS in batch result.
2026-08-15 17:08:55,956 DEBUG AlphaScanner.Data No data for ticker RAYMONDLSL.NS in batch result.
2026-08-15 17:08:55,956 DEBUG AlphaScanner.Data No data for ticker ROUTE.NS in batch result.
2026-08-15 17:08:55,956 DEBUG AlphaScanner.Data No data for ticker RPOWER.NS in batch result.
2026-08-15 17:08:56,110 DEBUG AlphaScanner.Data No data for ticker SAFARI.NS in batch result.
2026-08-15 17:08:56,125 DEBUG AlphaScanner.Data No data for ticker SAMHI.NS in batch result.
2026-08-15 17:08:56,190 DEBUG AlphaScanner.Data No data for ticker SHARDACROP.NS in batch result.
2026-08-15 17:08:56,190 DEBUG AlphaScanner.Data No data for ticker SHAREINDIA.NS in batch result.
2026-08-15 17:08:56,190 DEBUG AlphaScanner.Data No data for ticker SHILPAMED.NS in batch result.
2026-08-15 17:08:56,249 DEBUG AlphaScanner.Data No data for ticker SIGNATURE.NS in batch result.
2026-08-15 17:08:56,250 DEBUG AlphaScanner.Data No data for ticker SKFINDIA.NS in batch result.
2026-08-15 17:08:56,250 DEBUG AlphaScanner.Data No data for ticker SKFINDUS.NS in batch result.
2026-08-15 17:08:56,300 DEBUG AlphaScanner.Data No data for ticker SKYGOLD.NS in batch result.
2026-08-15 17:08:56,301 DEBUG AlphaScanner.Data No data for ticker SMARTWORKS.NS in batch result.
2026-08-15 17:08:56,302 DEBUG AlphaScanner.Data No data for ticker SUBROS.NS in batch result.
2026-08-15 17:08:56,302 DEBUG AlphaScanner.Data No data for ticker SUDARSCHEM.NS in batch result.
2026-08-15 17:08:56,302 DEBUG AlphaScanner.Data No data for ticker SUDEEPPHRM.NS in batch result.
2026-08-15 17:08:56,302 DEBUG AlphaScanner.Data No data for ticker SUNTECK.NS in batch result.
2026-08-15 17:08:56,302 DEBUG AlphaScanner.Data No data for ticker SUNTV.NS in batch result.
2026-08-15 17:08:56,302 DEBUG AlphaScanner.Data No data for ticker SUPRIYA.NS in batch result.
2026-08-15 17:08:56,302 DEBUG AlphaScanner.Data No data for ticker SURYAROSNI.NS in batch result.
2026-08-15 17:08:56,303 DEBUG AlphaScanner.Data No data for ticker SWANCORP.NS in batch result.
2026-08-15 17:08:56,314 DEBUG AlphaScanner.Data No data for ticker SYNGENE.NS in batch result.
2026-08-15 17:08:56,314 DEBUG AlphaScanner.Data No data for ticker SANOFICONR.NS in batch result.
2026-08-15 17:08:56,314 DEBUG AlphaScanner.Data No data for ticker SAPPHIRE.NS in batch result.
2026-08-15 17:08:56,314 DEBUG AlphaScanner.Data No data for ticker SARDAEN.NS in batch result.
2026-08-15 17:08:56,314 DEBUG AlphaScanner.Data No data for ticker SAREGAMA.NS in batch result.
2026-08-15 17:08:56,327 DEBUG AlphaScanner.Data No data for ticker SCI.NS in batch result.
2026-08-15 17:08:56,327 DEBUG AlphaScanner.Data No data for ticker SENCO.NS in batch result.
2026-08-15 17:08:56,328 DEBUG AlphaScanner.Data No data for ticker SFL.NS in batch result.
2026-08-15 17:08:56,328 DEBUG AlphaScanner.Data No data for ticker SHAILY.NS in batch result.
2026-08-15 17:08:56,328 DEBUG AlphaScanner.Data No data for ticker SHAKTIPUMP.NS in batch result.
2026-08-15 17:08:56,328 DEBUG AlphaScanner.Data No data for ticker SMLMAH.NS in batch result.
2026-08-15 17:08:56,328 DEBUG AlphaScanner.Data No data for ticker SOBHA.NS in batch result.
2026-08-15 17:08:56,340 DEBUG AlphaScanner.Data No data for ticker SOUTHBANK.NS in batch result.
2026-08-15 17:08:56,341 DEBUG AlphaScanner.Data No data for ticker SPARC.NS in batch result.
2026-08-15 17:08:56,341 DEBUG AlphaScanner.Data No data for ticker SPLPETRO.NS in batch result.
2026-08-15 17:08:56,341 DEBUG AlphaScanner.Data No data for ticker STAR.NS in batch result.
2026-08-15 17:08:56,341 DEBUG AlphaScanner.Data No data for ticker STARCEMENT.NS in batch result.
2026-08-15 17:08:56,353 DEBUG AlphaScanner.Data No data for ticker STYRENIX.NS in batch result.
2026-08-15 17:08:56,353 DEBUG AlphaScanner.Data No data for ticker RBA.NS in batch result.
2026-08-15 17:08:56,353 DEBUG AlphaScanner.Data No data for ticker RCF.NS in batch result.
2026-08-15 17:08:56,353 DEBUG AlphaScanner.Data No data for ticker REDTAPE.NS in batch result.
2026-08-15 17:08:56,353 DEBUG AlphaScanner.Data No data for ticker REFEX.NS in batch result.
2026-08-15 17:08:56,353 DEBUG AlphaScanner.Data No data for ticker RELAXO.NS in batch result.
2026-08-15 17:08:56,353 DEBUG AlphaScanner.Data No data for ticker RELIGARE.NS in batch result.
2026-08-15 17:08:56,378 DEBUG AlphaScanner.Data No data for ticker RITES.NS in batch result.
2026-08-15 17:08:56,378 DEBUG AlphaScanner.Data No data for ticker RKFORGE.NS in batch result.
2026-08-15 17:08:56,379 DEBUG AlphaScanner.Data No data for ticker V2RETAIL.NS in batch result.
2026-08-15 17:08:56,379 DEBUG AlphaScanner.Data No data for ticker VAIBHAVGBL.NS in batch result.
2026-08-15 17:08:56,379 DEBUG AlphaScanner.Data No data for ticker VARROC.NS in batch result.
2026-08-15 17:08:56,430 DEBUG AlphaScanner.Data No data for ticker VIJAYA.NS in batch result.
2026-08-15 17:08:56,430 DEBUG AlphaScanner.Data No data for ticker VIKRAMSOLR.NS in batch result.
2026-08-15 17:08:56,430 DEBUG AlphaScanner.Data No data for ticker VIPIND.NS in batch result.
2026-08-15 17:08:56,512 DEBUG AlphaScanner.Data No data for ticker VMART.NS in batch result.
2026-08-15 17:08:56,538 DEBUG AlphaScanner.Data No data for ticker THOMASCOOK.NS in batch result.
2026-08-15 17:08:56,538 DEBUG AlphaScanner.Data No data for ticker THYROCARE.NS in batch result.
2026-08-15 17:08:56,538 DEBUG AlphaScanner.Data No data for ticker TI.NS in batch result.
2026-08-15 17:08:56,638 DEBUG AlphaScanner.Data No data for ticker TMB.NS in batch result.
2026-08-15 17:08:56,638 DEBUG AlphaScanner.Data No data for ticker TRANSRAILL.NS in batch result.
2026-08-15 17:08:56,639 DEBUG AlphaScanner.Data No data for ticker TRAVELFOOD.NS in batch result.
2026-08-15 17:08:56,639 DEBUG AlphaScanner.Data No data for ticker TANLA.NS in batch result.
2026-08-15 17:08:56,639 DEBUG AlphaScanner.Data No data for ticker TARC.NS in batch result.
2026-08-15 17:08:56,639 DEBUG AlphaScanner.Data No data for ticker TARIL.NS in batch result.
2026-08-15 17:08:56,639 DEBUG AlphaScanner.Data No data for ticker TATACHEM.NS in batch result.
2026-08-15 17:08:56,650 DEBUG AlphaScanner.Data No data for ticker TECHNOE.NS in batch result.
2026-08-15 17:08:56,651 DEBUG AlphaScanner.Data No data for ticker TEGA.NS in batch result.
2026-08-15 17:08:56,662 DEBUG AlphaScanner.Data No data for ticker TEXRAIL.NS in batch result.
2026-08-15 17:08:56,662 DEBUG AlphaScanner.Data No data for ticker THANGAMAYL.NS in batch result.
2026-08-15 17:08:56,843 DEBUG AlphaScanner.Data No data for ticker TSFINV.NS in batch result.
2026-08-15 17:08:56,843 DEBUG AlphaScanner.Data No data for ticker TTML.NS in batch result.
2026-08-15 17:08:56,868 DEBUG AlphaScanner.Data No data for ticker UJJIVANSFB.NS in batch result.
2026-08-15 17:08:56,868 DEBUG AlphaScanner.Data No data for ticker USHAMART.NS in batch result.
2026-08-15 17:08:56,868 DEBUG AlphaScanner.Data No data for ticker UTIAMC.NS in batch result.
2026-08-15 17:08:56,868 DEBUG AlphaScanner.Data No data for ticker UTLSOLAR.NS in batch result.
2026-08-15 17:08:58,106 DEBUG AlphaScanner.Data No data for ticker WAAREERTL.NS in batch result.
2026-08-15 17:08:58,263 DEBUG AlphaScanner.Data download_history_batch result count=121
2026-08-15 17:08:58,266 INFO AlphaScanner.Scanner History download finished in 11.41s for 397 tickers
2026-08-15 17:08:58,267 INFO AlphaScanner.Scanner Downloaded history for 121 tickers.
2026-08-15 17:08:58,267 INFO AlphaScanner.Scanner Processing 121 tickers...
2026-08-15 17:08:59,160 WARNING AlphaScanner.QualityFilter Quality rejection ticker=CROMPTON.NS sector=Unknown failed_checks=['Relative Strength Below Threshold']
2026-08-15 17:08:59,161 WARNING AlphaScanner.QualityFilter Quality rejection ticker=CROMPTON.NS sector=Unknown failed_checks=['Relative Strength Below Threshold']
2026-08-15 17:08:59,446 WARNING AlphaScanner.QualityFilter Quality rejection ticker=CSBBANK.NS sector=Unknown failed_checks=['Relative Strength Below Threshold']
2026-08-15 17:08:59,446 WARNING AlphaScanner.QualityFilter Quality rejection ticker=CSBBANK.NS sector=Unknown failed_checks=['Relative Strength Below Threshold']
2026-08-15 17:09:00,168 WARNING AlphaScanner.QualityFilter Quality rejection ticker=BBTC.NS sector=Unknown failed_checks=['Relative Strength Below Threshold']
2026-08-15 17:09:00,168 WARNING AlphaScanner.QualityFilter Quality rejection ticker=BBTC.NS sector=Unknown failed_checks=['Relative Strength Below Threshold']
2026-08-15 17:09:00,639 WARNING AlphaScanner.QualityFilter Quality rejection ticker=AFCONS.NS sector=Unknown failed_checks=['Relative Strength Below Threshold']
2026-08-15 17:09:00,639 WARNING AlphaScanner.QualityFilter Quality rejection ticker=AFCONS.NS sector=Unknown failed_checks=['Relative Strength Below Threshold']
2026-08-15 17:09:01,324 WARNING AlphaScanner.QualityFilter Quality rejection ticker=ALOKINDS.NS sector=Unknown failed_checks=['Relative Strength Below Threshold']
2026-08-15 17:09:01,328 WARNING AlphaScanner.QualityFilter Quality rejection ticker=ALOKINDS.NS sector=Unknown failed_checks=['Relative Strength Below Threshold']
2026-08-15 17:09:01,469 WARNING AlphaScanner.QualityFilter Quality rejection ticker=ANUP.NS sector=Unknown failed_checks=['Relative Strength Below Threshold']
2026-08-15 17:09:01,469 WARNING AlphaScanner.QualityFilter Quality rejection ticker=ANUP.NS sector=Unknown failed_checks=['Relative Strength Below Threshold']
2026-08-15 17:09:01,966 WARNING AlphaScanner.QualityFilter Quality rejection ticker=DOMS.NS sector=Unknown failed_checks=['Relative Strength Below Threshold']
2026-08-15 17:09:01,968 WARNING AlphaScanner.QualityFilter Quality rejection ticker=DOMS.NS sector=Unknown failed_checks=['Relative Strength Below Threshold']
2026-08-15 17:09:02,109 WARNING AlphaScanner.QualityFilter Quality rejection ticker=DBREALTY.NS sector=Unknown failed_checks=['Relative Strength Below Threshold']
2026-08-15 17:09:02,110 WARNING AlphaScanner.QualityFilter Quality rejection ticker=DBREALTY.NS sector=Unknown failed_checks=['Relative Strength Below Threshold']
2026-08-15 17:09:02,175 WARNING AlphaScanner.QualityFilter Quality rejection ticker=DCBBANK.NS sector=Unknown failed_checks=['Relative Strength Below Threshold']
2026-08-15 17:09:02,175 WARNING AlphaScanner.QualityFilter Quality rejection ticker=DCBBANK.NS sector=Unknown failed_checks=['Relative Strength Below Threshold']
2026-08-15 17:09:02,378 WARNING AlphaScanner.QualityFilter Quality rejection ticker=DEEPAKFERT.NS sector=Unknown failed_checks=['Relative Strength Below Threshold']
2026-08-15 17:09:02,380 WARNING AlphaScanner.QualityFilter Quality rejection ticker=DEEPAKFERT.NS sector=Unknown failed_checks=['Relative Strength Below Threshold']
2026-08-15 17:09:03,028 WARNING AlphaScanner.QualityFilter Quality rejection ticker=BIKAJI.NS sector=Unknown failed_checks=['Relative Strength Below Threshold']
2026-08-15 17:09:03,031 WARNING AlphaScanner.QualityFilter Quality rejection ticker=BIKAJI.NS sector=Unknown failed_checks=['Relative Strength Below Threshold']
2026-08-15 17:09:04,417 WARNING AlphaScanner.QualityFilter Quality rejection ticker=ACI.NS sector=Unknown failed_checks=['Relative Strength Below Threshold']
2026-08-15 17:09:04,417 WARNING AlphaScanner.QualityFilter Quality rejection ticker=ACI.NS sector=Unknown failed_checks=['Relative Strength Below Threshold']
2026-08-15 17:09:04,537 WARNING AlphaScanner.QualityFilter Quality rejection ticker=CCL.NS sector=Unknown failed_checks=['Relative Strength Below Threshold']
2026-08-15 17:09:04,537 WARNING AlphaScanner.QualityFilter Quality rejection ticker=CCL.NS sector=Unknown failed_checks=['Relative Strength Below Threshold']
2026-08-15 17:09:04,640 WARNING AlphaScanner.QualityFilter Quality rejection ticker=CERA.NS sector=Unknown failed_checks=['Relative Strength Below Threshold']
2026-08-15 17:09:04,642 WARNING AlphaScanner.QualityFilter Quality rejection ticker=CERA.NS sector=Unknown failed_checks=['Relative Strength Below Threshold']
2026-08-15 17:09:04,703 WARNING AlphaScanner.QualityFilter Quality rejection ticker=ANURAS.NS sector=Unknown failed_checks=['Relative Strength Below Threshold']
2026-08-15 17:09:04,707 WARNING AlphaScanner.QualityFilter Quality rejection ticker=ANURAS.NS sector=Unknown failed_checks=['Relative Strength Below Threshold']
2026-08-15 17:09:04,859 WARNING AlphaScanner.QualityFilter Quality rejection ticker=ELECTCAST.NS sector=Unknown failed_checks=['Relative Strength Below Threshold']
2026-08-15 17:09:04,860 WARNING AlphaScanner.QualityFilter Quality rejection ticker=ELECTCAST.NS sector=Unknown failed_checks=['Relative Strength Below Threshold']
2026-08-15 17:09:04,895 WARNING AlphaScanner.QualityFilter Quality rejection ticker=EIDPARRY.NS sector=Unknown failed_checks=['Relative Strength Below Threshold']
2026-08-15 17:09:04,896 WARNING AlphaScanner.QualityFilter Quality rejection ticker=EIDPARRY.NS sector=Unknown failed_checks=['Relative Strength Below Threshold']
2026-08-15 17:09:04,951 WARNING AlphaScanner.QualityFilter Quality rejection ticker=EIEL.NS sector=Unknown failed_checks=['Relative Strength Below Threshold']
2026-08-15 17:09:04,955 WARNING AlphaScanner.QualityFilter Quality rejection ticker=EIEL.NS sector=Unknown failed_checks=['Relative Strength Below Threshold']
2026-08-15 17:09:05,274 WARNING AlphaScanner.QualityFilter Quality rejection ticker=EMBDL.NS sector=Unknown failed_checks=['Relative Strength Below Threshold']
2026-08-15 17:09:05,275 WARNING AlphaScanner.QualityFilter Quality rejection ticker=EMBDL.NS sector=Unknown failed_checks=['Relative Strength Below Threshold']
2026-08-15 17:09:05,335 WARNING AlphaScanner.QualityFilter Quality rejection ticker=EMAMILTD.NS sector=Unknown failed_checks=['Relative Strength Below Threshold']
2026-08-15 17:09:05,382 WARNING AlphaScanner.QualityFilter Quality rejection ticker=EMAMILTD.NS sector=Unknown failed_checks=['Relative Strength Below Threshold']
2026-08-15 17:09:05,556 WARNING AlphaScanner.QualityFilter Quality rejection ticker=GPIL.NS sector=Unknown failed_checks=['Relative Strength Below Threshold']
2026-08-15 17:09:05,571 WARNING AlphaScanner.QualityFilter Quality rejection ticker=GPIL.NS sector=Unknown failed_checks=['Relative Strength Below Threshold']
2026-08-15 17:09:05,691 WARNING AlphaScanner.QualityFilter Quality rejection ticker=INDIACEM.NS sector=Unknown failed_checks=['Relative Strength Below Threshold']
2026-08-15 17:09:05,691 WARNING AlphaScanner.QualityFilter Quality rejection ticker=INDIACEM.NS sector=Unknown failed_checks=['Relative Strength Below Threshold']
2026-08-15 17:09:05,734 WARNING AlphaScanner.QualityFilter Quality rejection ticker=INTELLECT.NS sector=Unknown failed_checks=['Relative Strength Below Threshold']
2026-08-15 17:09:05,735 WARNING AlphaScanner.QualityFilter Quality rejection ticker=INTELLECT.NS sector=Unknown failed_checks=['Relative Strength Below Threshold']
2026-08-15 17:09:06,512 WARNING AlphaScanner.QualityFilter Quality rejection ticker=AVL.NS sector=Unknown failed_checks=['Relative Strength Below Threshold']
2026-08-15 17:09:06,514 WARNING AlphaScanner.QualityFilter Quality rejection ticker=AVL.NS sector=Unknown failed_checks=['Relative Strength Below Threshold']
2026-08-15 17:09:06,729 WARNING AlphaScanner.QualityFilter Quality rejection ticker=JKTYRE.NS sector=Unknown failed_checks=['Relative Strength Below Threshold']
2026-08-15 17:09:06,732 WARNING AlphaScanner.QualityFilter Quality rejection ticker=JKTYRE.NS sector=Unknown failed_checks=['Relative Strength Below Threshold']
2026-08-15 17:09:07,006 WARNING AlphaScanner.QualityFilter Quality rejection ticker=JPPOWER.NS sector=Unknown failed_checks=['Relative Strength Below Threshold']
2026-08-15 17:09:07,006 WARNING AlphaScanner.QualityFilter Quality rejection ticker=JPPOWER.NS sector=Unknown failed_checks=['Relative Strength Below Threshold']
2026-08-15 17:09:07,107 WARNING AlphaScanner.QualityFilter Quality rejection ticker=JSLL.NS sector=Unknown failed_checks=['Relative Strength Below Threshold']
2026-08-15 17:09:07,108 WARNING AlphaScanner.QualityFilter Quality rejection ticker=JSLL.NS sector=Unknown failed_checks=['Relative Strength Below Threshold']
2026-08-15 17:09:07,452 WARNING AlphaScanner.QualityFilter Quality rejection ticker=JUSTDIAL.NS sector=Unknown failed_checks=['Relative Strength Below Threshold']
2026-08-15 17:09:07,452 WARNING AlphaScanner.QualityFilter Quality rejection ticker=JUSTDIAL.NS sector=Unknown failed_checks=['Relative Strength Below Threshold']
2026-08-15 17:09:07,553 WARNING AlphaScanner.QualityFilter Quality rejection ticker=NIVABUPA.NS sector=Unknown failed_checks=['Relative Strength Below Threshold']
2026-08-15 17:09:07,559 WARNING AlphaScanner.QualityFilter Quality rejection ticker=NIVABUPA.NS sector=Unknown failed_checks=['Relative Strength Below Threshold']
2026-08-15 17:09:08,039 WARNING AlphaScanner.QualityFilter Quality rejection ticker=KSCL.NS sector=Unknown failed_checks=['Relative Strength Below Threshold']
2026-08-15 17:09:08,040 WARNING AlphaScanner.QualityFilter Quality rejection ticker=KSCL.NS sector=Unknown failed_checks=['Relative Strength Below Threshold']
2026-08-15 17:09:08,296 WARNING AlphaScanner.QualityFilter Quality rejection ticker=PRIVISCL.NS sector=Unknown failed_checks=['Relative Strength Below Threshold']
2026-08-15 17:09:08,299 WARNING AlphaScanner.QualityFilter Quality rejection ticker=PRIVISCL.NS sector=Unknown failed_checks=['Relative Strength Below Threshold']
2026-08-15 17:09:08,441 WARNING AlphaScanner.QualityFilter Quality rejection ticker=RAILTEL.NS sector=Unknown failed_checks=['Relative Strength Below Threshold']
2026-08-15 17:09:08,442 WARNING AlphaScanner.QualityFilter Quality rejection ticker=RAILTEL.NS sector=Unknown failed_checks=['Relative Strength Below Threshold']
2026-08-15 17:09:08,698 WARNING AlphaScanner.QualityFilter Quality rejection ticker=RTNPOWER.NS sector=Unknown failed_checks=['Relative Strength Below Threshold']
2026-08-15 17:09:08,699 WARNING AlphaScanner.QualityFilter Quality rejection ticker=RTNPOWER.NS sector=Unknown failed_checks=['Relative Strength Below Threshold']
2026-08-15 17:09:08,748 WARNING AlphaScanner.QualityFilter Quality rejection ticker=RTNINDIA.NS sector=Unknown failed_checks=['Relative Strength Below Threshold']
2026-08-15 17:09:08,761 WARNING AlphaScanner.QualityFilter Quality rejection ticker=RTNINDIA.NS sector=Unknown failed_checks=['Relative Strength Below Threshold']
2026-08-15 17:09:08,953 WARNING AlphaScanner.QualityFilter Quality rejection ticker=SAMMAANCAP.NS sector=Unknown failed_checks=['Relative Strength Below Threshold']
2026-08-15 17:09:08,954 WARNING AlphaScanner.QualityFilter Quality rejection ticker=SAMMAANCAP.NS sector=Unknown failed_checks=['Relative Strength Below Threshold']
2026-08-15 17:09:09,357 WARNING AlphaScanner.QualityFilter Quality rejection ticker=SANDUMA.NS sector=Unknown failed_checks=['Relative Strength Below Threshold']
2026-08-15 17:09:09,365 WARNING AlphaScanner.QualityFilter Quality rejection ticker=SANDUMA.NS sector=Unknown failed_checks=['Relative Strength Below Threshold']
2026-08-15 17:09:09,775 WARNING AlphaScanner.QualityFilter Quality rejection ticker=SWSOLAR.NS sector=Unknown failed_checks=['Relative Strength Below Threshold']
2026-08-15 17:09:09,775 WARNING AlphaScanner.QualityFilter Quality rejection ticker=SWSOLAR.NS sector=Unknown failed_checks=['Relative Strength Below Threshold']
2026-08-15 17:09:10,055 WARNING AlphaScanner.QualityFilter Quality rejection ticker=RENUKA.NS sector=Unknown failed_checks=['Relative Strength Below Threshold']
2026-08-15 17:09:10,057 WARNING AlphaScanner.QualityFilter Quality rejection ticker=RENUKA.NS sector=Unknown failed_checks=['Relative Strength Below Threshold']
2026-08-15 17:09:10,167 WARNING AlphaScanner.QualityFilter Quality rejection ticker=RHIM.NS sector=Unknown failed_checks=['Relative Strength Below Threshold']
2026-08-15 17:09:10,168 WARNING AlphaScanner.QualityFilter Quality rejection ticker=RHIM.NS sector=Unknown failed_checks=['Relative Strength Below Threshold']
2026-08-15 17:09:10,233 WARNING AlphaScanner.QualityFilter Quality rejection ticker=VIYASH.NS sector=Unknown failed_checks=['Relative Strength Below Threshold']
2026-08-15 17:09:10,233 WARNING AlphaScanner.QualityFilter Quality rejection ticker=VIYASH.NS sector=Unknown failed_checks=['Relative Strength Below Threshold']
2026-08-15 17:09:10,606 WARNING AlphaScanner.QualityFilter Quality rejection ticker=TIMETECHNO.NS sector=Unknown failed_checks=['Relative Strength Below Threshold']
2026-08-15 17:09:10,630 WARNING AlphaScanner.QualityFilter Quality rejection ticker=TIMETECHNO.NS sector=Unknown failed_checks=['Relative Strength Below Threshold']
2026-08-15 17:09:10,772 WARNING AlphaScanner.QualityFilter Quality rejection ticker=TITAGARH.NS sector=Unknown failed_checks=['Relative Strength Below Threshold']
2026-08-15 17:09:10,773 WARNING AlphaScanner.QualityFilter Quality rejection ticker=TITAGARH.NS sector=Unknown failed_checks=['Relative Strength Below Threshold']
2026-08-15 17:09:11,221 WARNING AlphaScanner.QualityFilter Quality rejection ticker=TRITURBINE.NS sector=Unknown failed_checks=['Relative Strength Below Threshold']
2026-08-15 17:09:11,244 WARNING AlphaScanner.QualityFilter Quality rejection ticker=TRITURBINE.NS sector=Unknown failed_checks=['Relative Strength Below Threshold']
2026-08-15 17:09:11,367 WARNING AlphaScanner.QualityFilter Quality rejection ticker=TRIDENT.NS sector=Unknown failed_checks=['Relative Strength Below Threshold']
2026-08-15 17:09:11,367 WARNING AlphaScanner.QualityFilter Quality rejection ticker=TRIDENT.NS sector=Unknown failed_checks=['Relative Strength Below Threshold']
2026-08-15 17:09:11,421 WARNING AlphaScanner.QualityFilter Quality rejection ticker=TVSSCS.NS sector=Unknown failed_checks=['Relative Strength Below Threshold']
2026-08-15 17:09:11,421 WARNING AlphaScanner.QualityFilter Quality rejection ticker=TVSSCS.NS sector=Unknown failed_checks=['Relative Strength Below Threshold']
2026-08-15 17:09:11,475 WARNING AlphaScanner.QualityFilter Quality rejection ticker=WHIRLPOOL.NS sector=Unknown failed_checks=['Relative Strength Below Threshold']
2026-08-15 17:09:11,476 WARNING AlphaScanner.QualityFilter Quality rejection ticker=WHIRLPOOL.NS sector=Unknown failed_checks=['Relative Strength Below Threshold']
2026-08-15 17:09:11,779 WARNING AlphaScanner.QualityFilter Quality rejection ticker=ZAGGLE.NS sector=Unknown failed_checks=['Relative Strength Below Threshold']
2026-08-15 17:09:11,779 WARNING AlphaScanner.QualityFilter Quality rejection ticker=ZAGGLE.NS sector=Unknown failed_checks=['Relative Strength Below Threshold']
2026-08-15 17:09:11,874 WARNING AlphaScanner.QualityFilter Quality rejection ticker=ZENSARTECH.NS sector=Unknown failed_checks=['Relative Strength Below Threshold']
2026-08-15 17:09:11,879 WARNING AlphaScanner.QualityFilter Quality rejection ticker=ZENSARTECH.NS sector=Unknown failed_checks=['Relative Strength Below Threshold']
2026-08-15 17:09:12,142 WARNING AlphaScanner.QualityFilter Quality rejection ticker=ZYDUSWELL.NS sector=Unknown failed_checks=['Relative Strength Below Threshold']
2026-08-15 17:09:12,142 WARNING AlphaScanner.QualityFilter Quality rejection ticker=ZYDUSWELL.NS sector=Unknown failed_checks=['Relative Strength Below Threshold']
2026-08-15 17:09:12,590 WARNING AlphaScanner.QualityFilter Quality rejection ticker=VTL.NS sector=Unknown failed_checks=['Relative Strength Below Threshold']
2026-08-15 17:09:12,591 WARNING AlphaScanner.QualityFilter Quality rejection ticker=VTL.NS sector=Unknown failed_checks=['Relative Strength Below Threshold']
2026-08-15 17:09:12,661 WARNING AlphaScanner.QualityFilter Quality rejection ticker=WABAG.NS sector=Unknown failed_checks=['Relative Strength Below Threshold']
2026-08-15 17:09:12,662 WARNING AlphaScanner.QualityFilter Quality rejection ticker=WABAG.NS sector=Unknown failed_checks=['Relative Strength Below Threshold']
2026-08-15 17:09:12,775 WARNING AlphaScanner.QualityFilter Quality rejection ticker=WEBELSOLAR.NS sector=Unknown failed_checks=['Relative Strength Below Threshold']
2026-08-15 17:09:12,775 WARNING AlphaScanner.QualityFilter Quality rejection ticker=WEBELSOLAR.NS sector=Unknown failed_checks=['Relative Strength Below Threshold']
2026-08-15 17:09:12,952 WARNING AlphaScanner.QualityFilter Quality rejection ticker=WELENT.NS sector=Unknown failed_checks=['Relative Strength Below Threshold']
2026-08-15 17:09:12,953 WARNING AlphaScanner.QualityFilter Quality rejection ticker=WELENT.NS sector=Unknown failed_checks=['Relative Strength Below Threshold']
2026-08-15 17:09:13,434 INFO AlphaScanner.Scanner Ticker evaluation finished in 15.17s for 121 tickers
2026-08-15 17:09:13,438 DEBUG AlphaScanner.Scanner Dual-mode scan finished: watchlist_rows=1 entry_rows=0
2026-08-15 17:09:19,067 INFO AlphaScanner.Scanner Watchlist candidates: 1 | Entry candidates: 0
2026-08-15 17:09:19,067 INFO AlphaScanner.Scanner Dual-mode scan total elapsed 32.24s
2026-08-15 17:09:19,087 INFO AlphaScanner.Service Modular scan finished in 32.26s for universe=Total Market (Cap Focused) interval=1d mode=Entry Scanner
2026-08-15 17:09:41,284 DEBUG AlphaScanner.UI.Scanner render_tab(scan_type=Pre-Breakout, universe=Total Market (Cap Focused), scan_mode=Entry Scanner, timeframe=1d, use_cache=False, run_scan=False)
2026-08-15 17:09:44,554 DEBUG AlphaScanner.UI.Scanner render_tab(scan_type=Pre-Breakout, universe=Total Market (Cap Focused), scan_mode=Entry Scanner, timeframe=1d, use_cache=False, run_scan=True)
2026-08-15 17:09:44,556 DEBUG AlphaScanner.UI.Scanner Starting fresh scan with min_cap=500 max_cap=20000 sector_map_size=752
2026-08-15 17:09:44,557 DEBUG AlphaScanner.Service perform_fresh_scan(scanner_type=Pre-Breakout, universe=Total Market (Cap Focused), timeframe=1d, scan_mode=Entry Scanner, use_cache=False, vol_thresh=0.6, rsi_min=35, rsi_max=70, dist_thresh=5.0, min_mkt_cap_cr=500, max_mkt_cap_cr=20000)
2026-08-15 17:09:44,557 DEBUG AlphaScanner.Service Routing to legacy breakout scanner with normalized timeframe=1d
2026-08-15 17:09:44,557 DEBUG AlphaScanner.Engine run_scanner(scanner_type=Pre-Breakout, universe=Total Market (Cap Focused), timeframe=1d, use_cache=False, incremental_fetch=False, vol_thresh=0.6, rsi_range=35-70, dist_thresh=5.0, min_cap=500, max_cap=20000)
2026-08-15 17:09:44,557 DEBUG AlphaScanner.Engine Resolved legacy universe 'Total Market (Cap Focused)' to 755 tickers
2026-08-15 17:09:44,558 INFO AlphaScanner.Engine Universe resolution finished in 0.00s for Total Market (Cap Focused)
2026-08-15 17:09:44,558 INFO AlphaScanner.Engine Prefiltering universe of 755 tickers by market cap (Min: 500 Cr, Max: 20000 Cr)...
2026-08-15 17:09:44,566 DEBUG AlphaScanner.Engine Metadata cache is up to date. Skipping prefetch.
2026-08-15 17:09:44,571 INFO AlphaScanner.Engine Market cap pre-filter reduced universe from 755 to 397 tickers.
2026-08-15 17:09:44,572 INFO AlphaScanner.Engine Market-cap prefilter finished in 0.01s and reduced universe to 397 tickers
2026-08-15 17:09:44,713 DEBUG AlphaScanner.Engine Loaded benchmark close series with 246 rows
2026-08-15 17:09:44,713 INFO AlphaScanner.Engine Benchmark download finished in 0.14s
2026-08-15 17:09:44,721 DEBUG AlphaScanner.Engine Metadata cache is up to date. Skipping prefetch.
2026-08-15 17:09:44,725 DEBUG AlphaScanner.Engine Metadata cache primed with 397 entries
2026-08-15 17:09:44,725 INFO AlphaScanner.Engine Metadata prefetch finished in 0.01s
2026-08-15 17:09:44,726 DEBUG AlphaScanner.Data download_history_batch(size=397, period=1y, interval=1d, use_cache=False, head=['AARTIDRUGS.NS', 'AARTIIND.NS', 'AARTIPHARM.NS', 'AAVAS.NS', 'ABDL.NS'])
2026-08-15 17:09:44,726 INFO AlphaScanner.Data download_history_batch fetching 40 live chunks with 10 workers (chunk_size=10).
2026-08-15 17:09:46,638 DEBUG AlphaScanner.Data No data for ticker AARTIDRUGS.NS in batch result.
2026-08-15 17:09:46,638 DEBUG AlphaScanner.Data No data for ticker AARTIIND.NS in batch result.
2026-08-15 17:09:46,638 DEBUG AlphaScanner.Data No data for ticker AARTIPHARM.NS in batch result.
2026-08-15 17:09:46,638 DEBUG AlphaScanner.Data No data for ticker AAVAS.NS in batch result.
2026-08-15 17:09:46,638 DEBUG AlphaScanner.Data No data for ticker ABDL.NS in batch result.
2026-08-15 17:09:46,638 DEBUG AlphaScanner.Data No data for ticker ABFRL.NS in batch result.
2026-08-15 17:09:46,638 DEBUG AlphaScanner.Data No data for ticker ABLBL.NS in batch result.
2026-08-15 17:09:46,639 DEBUG AlphaScanner.Data No data for ticker ABREL.NS in batch result.
2026-08-15 17:09:46,639 DEBUG AlphaScanner.Data No data for ticker ACE.NS in batch result.
2026-08-15 17:09:46,678 DEBUG AlphaScanner.Data No data for ticker ADVENZYMES.NS in batch result.
2026-08-15 17:09:46,678 DEBUG AlphaScanner.Data No data for ticker AEQUS.NS in batch result.
2026-08-15 17:09:46,682 DEBUG AlphaScanner.Data No data for ticker AGARWALEYE.NS in batch result.
2026-08-15 17:09:46,683 DEBUG AlphaScanner.Data No data for ticker AHLUCONT.NS in batch result.
2026-08-15 17:09:46,683 DEBUG AlphaScanner.Data No data for ticker AKUMS.NS in batch result.
2026-08-15 17:09:46,683 DEBUG AlphaScanner.Data No data for ticker ALIVUS.NS in batch result.
2026-08-15 17:09:46,684 DEBUG AlphaScanner.Data No data for ticker ALKYLAMINE.NS in batch result.
2026-08-15 17:09:46,684 DEBUG AlphaScanner.Data No data for ticker ALOKINDS.NS in batch result.
2026-08-15 17:09:46,684 DEBUG AlphaScanner.Data No data for ticker ANUP.NS in batch result.
2026-08-15 17:09:46,929 DEBUG AlphaScanner.Data No data for ticker APLLTD.NS in batch result.
2026-08-15 17:09:46,929 DEBUG AlphaScanner.Data No data for ticker APOLLO.NS in batch result.
2026-08-15 17:09:46,932 DEBUG AlphaScanner.Data No data for ticker APTUS.NS in batch result.
2026-08-15 17:09:46,934 DEBUG AlphaScanner.Data No data for ticker ARE&M.NS in batch result.
2026-08-15 17:09:46,934 DEBUG AlphaScanner.Data No data for ticker ARVIND.NS in batch result.
2026-08-15 17:09:46,963 DEBUG AlphaScanner.Data No data for ticker ARVINDFASN.NS in batch result.
2026-08-15 17:09:46,963 DEBUG AlphaScanner.Data No data for ticker ASHAPURMIN.NS in batch result.
2026-08-15 17:09:46,964 DEBUG AlphaScanner.Data No data for ticker ASHOKA.NS in batch result.
2026-08-15 17:09:46,964 DEBUG AlphaScanner.Data No data for ticker ASKAUTOLTD.NS in batch result.
2026-08-15 17:09:46,965 DEBUG AlphaScanner.Data No data for ticker BAJAJELEC.NS in batch result.
2026-08-15 17:09:46,965 DEBUG AlphaScanner.Data No data for ticker BALAMINES.NS in batch result.
2026-08-15 17:09:46,966 DEBUG AlphaScanner.Data No data for ticker BALRAMCHIN.NS in batch result.
2026-08-15 17:09:46,966 DEBUG AlphaScanner.Data No data for ticker BALUFORGE.NS in batch result.
2026-08-15 17:09:46,966 DEBUG AlphaScanner.Data No data for ticker BANCOINDIA.NS in batch result.
2026-08-15 17:09:46,966 DEBUG AlphaScanner.Data No data for ticker BATAINDIA.NS in batch result.
2026-08-15 17:09:46,966 DEBUG AlphaScanner.Data No data for ticker BAYERCROP.NS in batch result.
2026-08-15 17:09:46,966 DEBUG AlphaScanner.Data No data for ticker BBOX.NS in batch result.
2026-08-15 17:09:46,970 DEBUG AlphaScanner.Data No data for ticker BECTORFOOD.NS in batch result.
2026-08-15 17:09:46,970 DEBUG AlphaScanner.Data No data for ticker CCL.NS in batch result.
2026-08-15 17:09:46,970 DEBUG AlphaScanner.Data No data for ticker CEATLTD.NS in batch result.
2026-08-15 17:09:46,970 DEBUG AlphaScanner.Data No data for ticker CELLO.NS in batch result.
2026-08-15 17:09:46,971 DEBUG AlphaScanner.Data No data for ticker CENTURYPLY.NS in batch result.
2026-08-15 17:09:46,973 DEBUG AlphaScanner.Data No data for ticker CHALET.NS in batch result.
2026-08-15 17:09:46,973 DEBUG AlphaScanner.Data No data for ticker CHAMBLFERT.NS in batch result.
2026-08-15 17:09:46,974 DEBUG AlphaScanner.Data No data for ticker CHENNPETRO.NS in batch result.
2026-08-15 17:09:46,974 DEBUG AlphaScanner.Data No data for ticker CHOICEIN.NS in batch result.
2026-08-15 17:09:46,974 DEBUG AlphaScanner.Data No data for ticker CIEINDIA.NS in batch result.
2026-08-15 17:09:47,014 DEBUG AlphaScanner.Data No data for ticker DBL.NS in batch result.
2026-08-15 17:09:47,014 DEBUG AlphaScanner.Data No data for ticker DBREALTY.NS in batch result.
2026-08-15 17:09:47,014 DEBUG AlphaScanner.Data No data for ticker DCBBANK.NS in batch result.
2026-08-15 17:09:47,014 DEBUG AlphaScanner.Data No data for ticker DCMSHRIRAM.NS in batch result.
2026-08-15 17:09:47,017 DEBUG AlphaScanner.Data No data for ticker DEVYANI.NS in batch result.
2026-08-15 17:09:47,017 DEBUG AlphaScanner.Data No data for ticker DOMS.NS in batch result.
2026-08-15 17:09:47,018 DEBUG AlphaScanner.Data No data for ticker DYNAMATECH.NS in batch result.
2026-08-15 17:09:47,018 DEBUG AlphaScanner.Data No data for ticker ECLERX.NS in batch result.
2026-08-15 17:09:47,018 DEBUG AlphaScanner.Data No data for ticker EDELWEISS.NS in batch result.
2026-08-15 17:09:47,437 DEBUG AlphaScanner.Data No data for ticker BEML.NS in batch result.
2026-08-15 17:09:47,440 DEBUG AlphaScanner.Data No data for ticker BIRLACORPN.NS in batch result.
2026-08-15 17:09:47,441 DEBUG AlphaScanner.Data No data for ticker BLACKBUCK.NS in batch result.
2026-08-15 17:09:47,441 DEBUG AlphaScanner.Data No data for ticker BLS.NS in batch result.
2026-08-15 17:09:47,441 DEBUG AlphaScanner.Data No data for ticker BLUEDART.NS in batch result.
2026-08-15 17:09:47,441 DEBUG AlphaScanner.Data No data for ticker BLUEJET.NS in batch result.
2026-08-15 17:09:47,441 DEBUG AlphaScanner.Data No data for ticker BLUESTONE.NS in batch result.
2026-08-15 17:09:47,443 DEBUG AlphaScanner.Data No data for ticker BRIGADE.NS in batch result.
2026-08-15 17:09:48,673 DEBUG AlphaScanner.Data No data for ticker EIHOTEL.NS in batch result.
2026-08-15 17:09:48,673 DEBUG AlphaScanner.Data No data for ticker ELECON.NS in batch result.
2026-08-15 17:09:48,676 DEBUG AlphaScanner.Data No data for ticker ELLEN.NS in batch result.
2026-08-15 17:09:48,680 DEBUG AlphaScanner.Data No data for ticker EMIL.NS in batch result.
2026-08-15 17:09:48,695 DEBUG AlphaScanner.Data No data for ticker INOXGREEN.NS in batch result.
2026-08-15 17:09:48,704 DEBUG AlphaScanner.Data No data for ticker IRCON.NS in batch result.
2026-08-15 17:09:48,704 DEBUG AlphaScanner.Data No data for ticker IXIGO.NS in batch result.
2026-08-15 17:09:48,746 DEBUG AlphaScanner.Data No data for ticker HOMEFIRST.NS in batch result.
2026-08-15 17:09:48,748 DEBUG AlphaScanner.Data No data for ticker HONASA.NS in batch result.
2026-08-15 17:09:48,757 DEBUG AlphaScanner.Data No data for ticker ICIL.NS in batch result.
2026-08-15 17:09:48,758 DEBUG AlphaScanner.Data No data for ticker IEX.NS in batch result.
2026-08-15 17:09:48,759 DEBUG AlphaScanner.Data No data for ticker IFBIND.NS in batch result.
2026-08-15 17:09:48,759 DEBUG AlphaScanner.Data No data for ticker IGIL.NS in batch result.
2026-08-15 17:09:48,759 DEBUG AlphaScanner.Data No data for ticker IIFLCAPS.NS in batch result.
2026-08-15 17:09:48,762 DEBUG AlphaScanner.Data No data for ticker IMFA.NS in batch result.
2026-08-15 17:09:48,762 DEBUG AlphaScanner.Data No data for ticker INDGN.NS in batch result.
2026-08-15 17:09:48,766 DEBUG AlphaScanner.Data No data for ticker J&KBANK.NS in batch result.
2026-08-15 17:09:48,769 DEBUG AlphaScanner.Data No data for ticker JAINREC.NS in batch result.
2026-08-15 17:09:48,771 DEBUG AlphaScanner.Data No data for ticker JAMNAAUTO.NS in batch result.
2026-08-15 17:09:48,772 DEBUG AlphaScanner.Data No data for ticker JAYNECOIND.NS in batch result.
2026-08-15 17:09:48,772 DEBUG AlphaScanner.Data No data for ticker JBMA.NS in batch result.
2026-08-15 17:09:48,772 DEBUG AlphaScanner.Data No data for ticker JINDALSAW.NS in batch result.
2026-08-15 17:09:48,772 DEBUG AlphaScanner.Data No data for ticker JKLAKSHMI.NS in batch result.
2026-08-15 17:09:48,773 DEBUG AlphaScanner.Data No data for ticker JKPAPER.NS in batch result.
2026-08-15 17:09:48,773 DEBUG AlphaScanner.Data No data for ticker JKTYRE.NS in batch result.
2026-08-15 17:09:48,809 DEBUG AlphaScanner.Data No data for ticker ENGINERSIN.NS in batch result.
2026-08-15 17:09:48,821 DEBUG AlphaScanner.Data No data for ticker ENTERO.NS in batch result.
2026-08-15 17:09:48,827 DEBUG AlphaScanner.Data No data for ticker EQUITASBNK.NS in batch result.
2026-08-15 17:09:48,830 DEBUG AlphaScanner.Data No data for ticker ERIS.NS in batch result.
2026-08-15 17:09:48,831 DEBUG AlphaScanner.Data No data for ticker ETHOSLTD.NS in batch result.
2026-08-15 17:09:48,832 DEBUG AlphaScanner.Data No data for ticker EUREKAFORB.NS in batch result.
2026-08-15 17:09:48,832 DEBUG AlphaScanner.Data No data for ticker FEDFINA.NS in batch result.
2026-08-15 17:09:48,832 DEBUG AlphaScanner.Data No data for ticker FIEMIND.NS in batch result.
2026-08-15 17:09:48,835 DEBUG AlphaScanner.Data No data for ticker FINCABLES.NS in batch result.
2026-08-15 17:09:48,835 DEBUG AlphaScanner.Data No data for ticker GMRP&UI.NS in batch result.
2026-08-15 17:09:48,835 DEBUG AlphaScanner.Data No data for ticker GNFC.NS in batch result.
2026-08-15 17:09:48,835 DEBUG AlphaScanner.Data No data for ticker GODREJAGRO.NS in batch result.
2026-08-15 17:09:48,837 DEBUG AlphaScanner.Data No data for ticker GOKEX.NS in batch result.
2026-08-15 17:09:48,837 DEBUG AlphaScanner.Data No data for ticker GOKULAGRO.NS in batch result.
2026-08-15 17:09:48,841 DEBUG AlphaScanner.Data No data for ticker GPPL.NS in batch result.
2026-08-15 17:09:48,842 DEBUG AlphaScanner.Data No data for ticker GRAPHITE.NS in batch result.
2026-08-15 17:09:48,842 DEBUG AlphaScanner.Data No data for ticker GRAVITA.NS in batch result.
2026-08-15 17:09:48,842 DEBUG AlphaScanner.Data No data for ticker GREAVESCOT.NS in batch result.
2026-08-15 17:09:49,159 DEBUG AlphaScanner.Data No data for ticker GRWRHITECH.NS in batch result.
2026-08-15 17:09:49,159 DEBUG AlphaScanner.Data No data for ticker GSFC.NS in batch result.
2026-08-15 17:09:49,166 DEBUG AlphaScanner.Data No data for ticker HAPPSTMNDS.NS in batch result.
2026-08-15 17:09:49,184 DEBUG AlphaScanner.Data No data for ticker HBLENGINE.NS in batch result.
2026-08-15 17:09:49,185 DEBUG AlphaScanner.Data No data for ticker HCC.NS in batch result.
2026-08-15 17:09:49,197 DEBUG AlphaScanner.Data No data for ticker HEG.NS in batch result.
2026-08-15 17:09:49,197 DEBUG AlphaScanner.Data No data for ticker HEMIPROP.NS in batch result.
2026-08-15 17:09:49,200 DEBUG AlphaScanner.Data No data for ticker HGINFRA.NS in batch result.
2026-08-15 17:09:49,230 DEBUG AlphaScanner.Data No data for ticker FINPIPE.NS in batch result.
2026-08-15 17:09:49,232 DEBUG AlphaScanner.Data No data for ticker FIRSTCRY.NS in batch result.
2026-08-15 17:09:49,237 DEBUG AlphaScanner.Data No data for ticker FSL.NS in batch result.
2026-08-15 17:09:49,237 DEBUG AlphaScanner.Data No data for ticker GAEL.NS in batch result.
2026-08-15 17:09:49,238 DEBUG AlphaScanner.Data No data for ticker GALLANTT.NS in batch result.
2026-08-15 17:09:49,238 DEBUG AlphaScanner.Data No data for ticker GESHIP.NS in batch result.
2026-08-15 17:09:49,238 DEBUG AlphaScanner.Data No data for ticker GHCL.NS in batch result.
2026-08-15 17:09:49,238 DEBUG AlphaScanner.Data No data for ticker GMDCLTD.NS in batch result.
2026-08-15 17:09:49,312 DEBUG AlphaScanner.Data No data for ticker JLHL.NS in batch result.
2026-08-15 17:09:49,312 DEBUG AlphaScanner.Data No data for ticker JMFINANCIL.NS in batch result.
2026-08-15 17:09:49,316 DEBUG AlphaScanner.Data No data for ticker JSFB.NS in batch result.
2026-08-15 17:09:49,316 DEBUG AlphaScanner.Data No data for ticker JSLL.NS in batch result.
2026-08-15 17:09:49,316 DEBUG AlphaScanner.Data No data for ticker JSWCEMENT.NS in batch result.
2026-08-15 17:09:49,316 DEBUG AlphaScanner.Data No data for ticker JSWDULUX.NS in batch result.
2026-08-15 17:09:49,316 DEBUG AlphaScanner.Data No data for ticker JUBLINGREA.NS in batch result.
2026-08-15 17:09:49,317 DEBUG AlphaScanner.Data No data for ticker JUBLPHARMA.NS in batch result.
2026-08-15 17:09:49,317 DEBUG AlphaScanner.Data No data for ticker JUSTDIAL.NS in batch result.
2026-08-15 17:09:49,574 DEBUG AlphaScanner.Data No data for ticker JWL.NS in batch result.
2026-08-15 17:09:49,575 DEBUG AlphaScanner.Data No data for ticker JYOTHYLAB.NS in batch result.
2026-08-15 17:09:49,575 DEBUG AlphaScanner.Data No data for ticker JYOTICNC.NS in batch result.
2026-08-15 17:09:49,575 DEBUG AlphaScanner.Data No data for ticker KAJARIACER.NS in batch result.
2026-08-15 17:09:49,575 DEBUG AlphaScanner.Data No data for ticker KANSAINER.NS in batch result.
2026-08-15 17:09:49,575 DEBUG AlphaScanner.Data No data for ticker KEC.NS in batch result.
2026-08-15 17:09:49,577 DEBUG AlphaScanner.Data No data for ticker KIRLOSBROS.NS in batch result.
2026-08-15 17:09:49,580 DEBUG AlphaScanner.Data No data for ticker KITEX.NS in batch result.
2026-08-15 17:09:50,829 DEBUG AlphaScanner.Data No data for ticker LTFOODS.NS in batch result.
2026-08-15 17:09:50,830 DEBUG AlphaScanner.Data No data for ticker LUMAXTECH.NS in batch result.
2026-08-15 17:09:50,833 DEBUG AlphaScanner.Data No data for ticker MAHSCOOTER.NS in batch result.
2026-08-15 17:09:50,928 DEBUG AlphaScanner.Data No data for ticker NUVOCO.NS in batch result.
2026-08-15 17:09:50,929 DEBUG AlphaScanner.Data No data for ticker OLAELEC.NS in batch result.
2026-08-15 17:09:50,945 DEBUG AlphaScanner.Data No data for ticker OPTIEMUS.NS in batch result.
2026-08-15 17:09:50,956 DEBUG AlphaScanner.Data No data for ticker PARADEEP.NS in batch result.
2026-08-15 17:09:50,960 DEBUG AlphaScanner.Data No data for ticker PARAS.NS in batch result.
2026-08-15 17:09:50,960 DEBUG AlphaScanner.Data No data for ticker PARKHOSPS.NS in batch result.
2026-08-15 17:09:50,960 DEBUG AlphaScanner.Data No data for ticker PCBL.NS in batch result.
2026-08-15 17:09:50,964 DEBUG AlphaScanner.Data No data for ticker PGEL.NS in batch result.
2026-08-15 17:09:50,964 DEBUG AlphaScanner.Data No data for ticker PGIL.NS in batch result.
2026-08-15 17:09:50,965 DEBUG AlphaScanner.Data No data for ticker PICCADIL.NS in batch result.
2026-08-15 17:09:50,965 DEBUG AlphaScanner.Data No data for ticker PINELABS.NS in batch result.
2026-08-15 17:09:50,965 DEBUG AlphaScanner.Data No data for ticker PNCINFRA.NS in batch result.
2026-08-15 17:09:50,965 DEBUG AlphaScanner.Data No data for ticker KNRCON.NS in batch result.
2026-08-15 17:09:50,965 DEBUG AlphaScanner.Data No data for ticker KPIGREEN.NS in batch result.
2026-08-15 17:09:50,965 DEBUG AlphaScanner.Data No data for ticker KPITTECH.NS in batch result.
2026-08-15 17:09:50,965 DEBUG AlphaScanner.Data No data for ticker KRBL.NS in batch result.
2026-08-15 17:09:50,965 DEBUG AlphaScanner.Data No data for ticker KRN.NS in batch result.
2026-08-15 17:09:50,965 DEBUG AlphaScanner.Data No data for ticker KSB.NS in batch result.
2026-08-15 17:09:50,968 DEBUG AlphaScanner.Data No data for ticker KTKBANK.NS in batch result.
2026-08-15 17:09:50,968 DEBUG AlphaScanner.Data No data for ticker LATENTVIEW.NS in batch result.
2026-08-15 17:09:50,969 DEBUG AlphaScanner.Data No data for ticker LEMONTREE.NS in batch result.
2026-08-15 17:09:51,225 DEBUG AlphaScanner.Data No data for ticker NATCOPHARM.NS in batch result.
2026-08-15 17:09:51,225 DEBUG AlphaScanner.Data No data for ticker NAVA.NS in batch result.
2026-08-15 17:09:51,225 DEBUG AlphaScanner.Data No data for ticker NAZARA.NS in batch result.
2026-08-15 17:09:51,225 DEBUG AlphaScanner.Data No data for ticker NCC.NS in batch result.
2026-08-15 17:09:51,225 DEBUG AlphaScanner.Data No data for ticker NEOGEN.NS in batch result.
2026-08-15 17:09:51,225 DEBUG AlphaScanner.Data No data for ticker NESCO.NS in batch result.
2026-08-15 17:09:51,225 DEBUG AlphaScanner.Data No data for ticker NETWORK18.NS in batch result.
2026-08-15 17:09:51,225 DEBUG AlphaScanner.Data No data for ticker NEWGEN.NS in batch result.
2026-08-15 17:09:51,225 DEBUG AlphaScanner.Data No data for ticker NFL.NS in batch result.
2026-08-15 17:09:51,391 DEBUG AlphaScanner.Data No data for ticker PNGJL.NS in batch result.
2026-08-15 17:09:51,392 DEBUG AlphaScanner.Data No data for ticker POLYMED.NS in batch result.
2026-08-15 17:09:51,393 DEBUG AlphaScanner.Data No data for ticker POWERMECH.NS in batch result.
2026-08-15 17:09:51,393 DEBUG AlphaScanner.Data No data for ticker PRAJIND.NS in batch result.
2026-08-15 17:09:51,393 DEBUG AlphaScanner.Data No data for ticker PRICOLLTD.NS in batch result.
2026-08-15 17:09:51,396 DEBUG AlphaScanner.Data No data for ticker PRSMJOHNSN.NS in batch result.
2026-08-15 17:09:51,398 DEBUG AlphaScanner.Data No data for ticker PTC.NS in batch result.
2026-08-15 17:09:51,399 DEBUG AlphaScanner.Data No data for ticker PURVA.NS in batch result.
2026-08-15 17:09:51,562 DEBUG AlphaScanner.Data No data for ticker PVRINOX.NS in batch result.
2026-08-15 17:09:51,563 DEBUG AlphaScanner.Data No data for ticker QPOWER.NS in batch result.
2026-08-15 17:09:51,563 DEBUG AlphaScanner.Data No data for ticker QUESS.NS in batch result.
2026-08-15 17:09:51,566 DEBUG AlphaScanner.Data No data for ticker RAIN.NS in batch result.
2026-08-15 17:09:51,566 DEBUG AlphaScanner.Data No data for ticker RAINBOW.NS in batch result.
2026-08-15 17:09:51,566 DEBUG AlphaScanner.Data No data for ticker RALLIS.NS in batch result.
2026-08-15 17:09:51,567 DEBUG AlphaScanner.Data No data for ticker RATEGAIN.NS in batch result.
2026-08-15 17:09:51,567 DEBUG AlphaScanner.Data No data for ticker RATNAMANI.NS in batch result.
2026-08-15 17:09:51,567 DEBUG AlphaScanner.Data No data for ticker RAYMONDLSL.NS in batch result.
2026-08-15 17:09:51,599 DEBUG AlphaScanner.Data No data for ticker RBA.NS in batch result.
2026-08-15 17:09:51,600 DEBUG AlphaScanner.Data No data for ticker RCF.NS in batch result.
2026-08-15 17:09:51,601 DEBUG AlphaScanner.Data No data for ticker REDTAPE.NS in batch result.
2026-08-15 17:09:51,602 DEBUG AlphaScanner.Data No data for ticker REFEX.NS in batch result.
2026-08-15 17:09:51,602 DEBUG AlphaScanner.Data No data for ticker RELAXO.NS in batch result.
2026-08-15 17:09:51,602 DEBUG AlphaScanner.Data No data for ticker RELIGARE.NS in batch result.
2026-08-15 17:09:51,602 DEBUG AlphaScanner.Data No data for ticker RENUKA.NS in batch result.
2026-08-15 17:09:51,606 DEBUG AlphaScanner.Data No data for ticker RITES.NS in batch result.
2026-08-15 17:09:51,606 DEBUG AlphaScanner.Data No data for ticker RKFORGE.NS in batch result.
2026-08-15 17:09:52,030 DEBUG AlphaScanner.Data No data for ticker ROUTE.NS in batch result.
2026-08-15 17:09:52,031 DEBUG AlphaScanner.Data No data for ticker RPOWER.NS in batch result.
2026-08-15 17:09:52,032 DEBUG AlphaScanner.Data No data for ticker RTNINDIA.NS in batch result.
2026-08-15 17:09:52,039 DEBUG AlphaScanner.Data No data for ticker SAFARI.NS in batch result.
2026-08-15 17:09:52,043 DEBUG AlphaScanner.Data No data for ticker SAMHI.NS in batch result.
2026-08-15 17:09:52,043 DEBUG AlphaScanner.Data No data for ticker SAMMAANCAP.NS in batch result.
2026-08-15 17:09:52,043 DEBUG AlphaScanner.Data No data for ticker SANDUMA.NS in batch result.
2026-08-15 17:09:52,046 DEBUG AlphaScanner.Data No data for ticker MARKSANS.NS in batch result.
2026-08-15 17:09:52,047 DEBUG AlphaScanner.Data No data for ticker MASTEK.NS in batch result.
2026-08-15 17:09:52,047 DEBUG AlphaScanner.Data No data for ticker MEDPLUS.NS in batch result.
2026-08-15 17:09:52,047 DEBUG AlphaScanner.Data No data for ticker METROPOLIS.NS in batch result.
2026-08-15 17:09:52,052 DEBUG AlphaScanner.Data No data for ticker MIDHANI.NS in batch result.
2026-08-15 17:09:52,052 DEBUG AlphaScanner.Data No data for ticker MINDACORP.NS in batch result.
2026-08-15 17:09:52,052 DEBUG AlphaScanner.Data No data for ticker MMTC.NS in batch result.
2026-08-15 17:09:52,052 DEBUG AlphaScanner.Data No data for ticker MOIL.NS in batch result.
2026-08-15 17:09:53,194 DEBUG AlphaScanner.Data No data for ticker TARIL.NS in batch result.
2026-08-15 17:09:53,194 DEBUG AlphaScanner.Data No data for ticker TATACHEM.NS in batch result.
2026-08-15 17:09:53,201 DEBUG AlphaScanner.Data No data for ticker TEXRAIL.NS in batch result.
2026-08-15 17:09:53,406 DEBUG AlphaScanner.Data No data for ticker SPARC.NS in batch result.
2026-08-15 17:09:53,407 DEBUG AlphaScanner.Data No data for ticker SPLPETRO.NS in batch result.
2026-08-15 17:09:53,407 DEBUG AlphaScanner.Data No data for ticker STAR.NS in batch result.
2026-08-15 17:09:53,443 DEBUG AlphaScanner.Data No data for ticker SUDARSCHEM.NS in batch result.
2026-08-15 17:09:53,450 DEBUG AlphaScanner.Data No data for ticker SUNTV.NS in batch result.
2026-08-15 17:09:53,451 DEBUG AlphaScanner.Data No data for ticker SUPRIYA.NS in batch result.
2026-08-15 17:09:53,451 DEBUG AlphaScanner.Data No data for ticker SURYAROSNI.NS in batch result.
2026-08-15 17:09:53,454 DEBUG AlphaScanner.Data No data for ticker SYNGENE.NS in batch result.
2026-08-15 17:09:53,491 DEBUG AlphaScanner.Data No data for ticker SARDAEN.NS in batch result.
2026-08-15 17:09:53,498 DEBUG AlphaScanner.Data No data for ticker SENCO.NS in batch result.
2026-08-15 17:09:53,498 DEBUG AlphaScanner.Data No data for ticker SFL.NS in batch result.
2026-08-15 17:09:53,498 DEBUG AlphaScanner.Data No data for ticker SHAILY.NS in batch result.
2026-08-15 17:09:53,647 DEBUG AlphaScanner.Data No data for ticker THOMASCOOK.NS in batch result.
2026-08-15 17:09:53,647 DEBUG AlphaScanner.Data No data for ticker THYROCARE.NS in batch result.
2026-08-15 17:09:53,659 DEBUG AlphaScanner.Data No data for ticker TRANSRAILL.NS in batch result.
2026-08-15 17:09:53,676 DEBUG AlphaScanner.Data No data for ticker TSFINV.NS in batch result.
2026-08-15 17:09:53,680 DEBUG AlphaScanner.Data No data for ticker UJJIVANSFB.NS in batch result.
2026-08-15 17:09:53,750 DEBUG AlphaScanner.Data No data for ticker V2RETAIL.NS in batch result.
2026-08-15 17:09:53,758 DEBUG AlphaScanner.Data No data for ticker VIKRAMSOLR.NS in batch result.
2026-08-15 17:09:54,337 DEBUG AlphaScanner.Data No data for ticker SHAREINDIA.NS in batch result.
2026-08-15 17:09:54,337 DEBUG AlphaScanner.Data No data for ticker SHILPAMED.NS in batch result.
2026-08-15 17:09:54,358 DEBUG AlphaScanner.Data download_history_batch result count=161
2026-08-15 17:09:54,361 INFO AlphaScanner.Engine Batch history download finished in 9.64s for 397 tickers
2026-08-15 17:09:54,361 DEBUG AlphaScanner.Data download_history(ticker=AARTIDRUGS.NS, period=1y, interval=1d, use_cache=False)
2026-08-15 17:09:54,556 DEBUG AlphaScanner.Data download_history success for AARTIDRUGS.NS rows=250 cols=['adj close', 'Close', 'High', 'Low', 'Open', 'Volume']
2026-08-15 17:09:54,557 DEBUG AlphaScanner.Data download_history(ticker=AARTIIND.NS, period=1y, interval=1d, use_cache=False)
2026-08-15 17:09:54,724 DEBUG AlphaScanner.Data download_history success for AARTIIND.NS rows=250 cols=['adj close', 'Close', 'High', 'Low', 'Open', 'Volume']
2026-08-15 17:09:54,725 DEBUG AlphaScanner.Data download_history(ticker=AARTIPHARM.NS, period=1y, interval=1d, use_cache=False)
2026-08-15 17:09:54,793 DEBUG AlphaScanner.Data download_history success for AARTIPHARM.NS rows=250 cols=['adj close', 'Close', 'High', 'Low', 'Open', 'Volume']
2026-08-15 17:09:54,794 DEBUG AlphaScanner.Data download_history(ticker=AAVAS.NS, period=1y, interval=1d, use_cache=False)
2026-08-15 17:09:54,928 DEBUG AlphaScanner.Data download_history success for AAVAS.NS rows=250 cols=['adj close', 'Close', 'High', 'Low', 'Open', 'Volume']
2026-08-15 17:09:54,929 DEBUG AlphaScanner.Data download_history(ticker=ABDL.NS, period=1y, interval=1d, use_cache=False)
2026-08-15 17:09:55,068 DEBUG AlphaScanner.Data download_history success for ABDL.NS rows=249 cols=['adj close', 'Close', 'High', 'Low', 'Open', 'Volume']
2026-08-15 17:09:55,069 DEBUG AlphaScanner.Data download_history(ticker=ABFRL.NS, period=1y, interval=1d, use_cache=False)
2026-08-15 17:09:55,195 DEBUG AlphaScanner.Data download_history success for ABFRL.NS rows=250 cols=['adj close', 'Close', 'High', 'Low', 'Open', 'Volume']
2026-08-15 17:09:55,198 DEBUG AlphaScanner.Data download_history(ticker=ABLBL.NS, period=1y, interval=1d, use_cache=False)
2026-08-15 17:09:55,357 DEBUG AlphaScanner.Data download_history success for ABLBL.NS rows=250 cols=['adj close', 'Close', 'High', 'Low', 'Open', 'Volume']
2026-08-15 17:09:55,358 DEBUG AlphaScanner.Data download_history(ticker=ABREL.NS, period=1y, interval=1d, use_cache=False)
2026-08-15 17:09:55,521 DEBUG AlphaScanner.Data download_history success for ABREL.NS rows=250 cols=['adj close', 'Close', 'High', 'Low', 'Open', 'Volume']
2026-08-15 17:09:55,522 DEBUG AlphaScanner.Data download_history(ticker=ACE.NS, period=1y, interval=1d, use_cache=False)
2026-08-15 17:09:55,665 DEBUG AlphaScanner.Data download_history success for ACE.NS rows=250 cols=['adj close', 'Close', 'High', 'Low', 'Open', 'Volume']
2026-08-15 17:09:55,667 DEBUG AlphaScanner.Data download_history(ticker=ADVENZYMES.NS, period=1y, interval=1d, use_cache=False)
2026-08-15 17:09:55,818 DEBUG AlphaScanner.Data download_history success for ADVENZYMES.NS rows=250 cols=['adj close', 'Close', 'High', 'Low', 'Open', 'Volume']
2026-08-15 17:09:55,819 DEBUG AlphaScanner.Data download_history(ticker=AEQUS.NS, period=1y, interval=1d, use_cache=False)
2026-08-15 17:09:55,956 DEBUG AlphaScanner.Data download_history success for AEQUS.NS rows=171 cols=['adj close', 'Close', 'High', 'Low', 'Open', 'Volume']
2026-08-15 17:09:55,959 DEBUG AlphaScanner.Data download_history(ticker=AGARWALEYE.NS, period=1y, interval=1d, use_cache=False)
2026-08-15 17:09:56,104 DEBUG AlphaScanner.Data download_history success for AGARWALEYE.NS rows=248 cols=['adj close', 'Close', 'High', 'Low', 'Open', 'Volume']
2026-08-15 17:09:56,105 DEBUG AlphaScanner.Data download_history(ticker=AHLUCONT.NS, period=1y, interval=1d, use_cache=False)
2026-08-15 17:09:56,269 DEBUG AlphaScanner.Data download_history success for AHLUCONT.NS rows=250 cols=['adj close', 'Close', 'High', 'Low', 'Open', 'Volume']
2026-08-15 17:09:56,270 DEBUG AlphaScanner.Data download_history(ticker=AKUMS.NS, period=1y, interval=1d, use_cache=False)
2026-08-15 17:09:56,429 DEBUG AlphaScanner.Data download_history success for AKUMS.NS rows=248 cols=['adj close', 'Close', 'High', 'Low', 'Open', 'Volume']
2026-08-15 17:09:56,431 DEBUG AlphaScanner.Data download_history(ticker=ALIVUS.NS, period=1y, interval=1d, use_cache=False)
2026-08-15 17:09:56,591 DEBUG AlphaScanner.Data download_history success for ALIVUS.NS rows=249 cols=['adj close', 'Close', 'High', 'Low', 'Open', 'Volume']
2026-08-15 17:09:56,592 DEBUG AlphaScanner.Data download_history(ticker=ALKYLAMINE.NS, period=1y, interval=1d, use_cache=False)
2026-08-15 17:09:56,888 DEBUG AlphaScanner.Data download_history success for ALKYLAMINE.NS rows=250 cols=['adj close', 'Close', 'High', 'Low', 'Open', 'Volume']
2026-08-15 17:09:56,889 DEBUG AlphaScanner.Data download_history(ticker=ALOKINDS.NS, period=1y, interval=1d, use_cache=False)
2026-08-15 17:09:57,055 DEBUG AlphaScanner.Data download_history success for ALOKINDS.NS rows=250 cols=['adj close', 'Close', 'High', 'Low', 'Open', 'Volume']
2026-08-15 17:09:57,057 DEBUG AlphaScanner.Data download_history(ticker=ANUP.NS, period=1y, interval=1d, use_cache=False)
2026-08-15 17:09:57,225 DEBUG AlphaScanner.Data download_history success for ANUP.NS rows=249 cols=['adj close', 'Close', 'High', 'Low', 'Open', 'Volume']
2026-08-15 17:09:57,227 DEBUG AlphaScanner.Data download_history(ticker=APLLTD.NS, period=1y, interval=1d, use_cache=False)
2026-08-15 17:09:57,388 DEBUG AlphaScanner.Data download_history success for APLLTD.NS rows=250 cols=['adj close', 'Close', 'High', 'Low', 'Open', 'Volume']
2026-08-15 17:09:57,389 DEBUG AlphaScanner.Data download_history(ticker=APOLLO.NS, period=1y, interval=1d, use_cache=False)
2026-08-15 17:09:57,538 DEBUG AlphaScanner.Data download_history success for APOLLO.NS rows=250 cols=['adj close', 'Close', 'High', 'Low', 'Open', 'Volume']
2026-08-15 17:09:57,539 DEBUG AlphaScanner.Data download_history(ticker=APTUS.NS, period=1y, interval=1d, use_cache=False)
2026-08-15 17:09:57,692 DEBUG AlphaScanner.Data download_history success for APTUS.NS rows=250 cols=['adj close', 'Close', 'High', 'Low', 'Open', 'Volume']
2026-08-15 17:09:57,693 DEBUG AlphaScanner.Data download_history(ticker=ARE&M.NS, period=1y, interval=1d, use_cache=False)
2026-08-15 17:09:57,860 DEBUG AlphaScanner.Data download_history success for ARE&M.NS rows=250 cols=['adj close', 'Close', 'High', 'Low', 'Open', 'Volume']
2026-08-15 17:09:57,861 DEBUG AlphaScanner.Data download_history(ticker=ARVIND.NS, period=1y, interval=1d, use_cache=False)
2026-08-15 17:09:58,041 DEBUG AlphaScanner.Data download_history success for ARVIND.NS rows=250 cols=['adj close', 'Close', 'High', 'Low', 'Open', 'Volume']
2026-08-15 17:09:58,043 DEBUG AlphaScanner.Data download_history(ticker=ARVINDFASN.NS, period=1y, interval=1d, use_cache=False)
2026-08-15 17:09:58,189 DEBUG AlphaScanner.Data download_history success for ARVINDFASN.NS rows=250 cols=['adj close', 'Close', 'High', 'Low', 'Open', 'Volume']
2026-08-15 17:09:58,190 DEBUG AlphaScanner.Data download_history(ticker=ASHAPURMIN.NS, period=1y, interval=1d, use_cache=False)
2026-08-15 17:09:58,521 DEBUG AlphaScanner.Data download_history success for ASHAPURMIN.NS rows=250 cols=['adj close', 'Close', 'High', 'Low', 'Open', 'Volume']
2026-08-15 17:09:58,522 DEBUG AlphaScanner.Data download_history(ticker=ASHOKA.NS, period=1y, interval=1d, use_cache=False)
2026-08-15 17:09:58,670 DEBUG AlphaScanner.Data download_history success for ASHOKA.NS rows=250 cols=['adj close', 'Close', 'High', 'Low', 'Open', 'Volume']
2026-08-15 17:09:58,671 DEBUG AlphaScanner.Data download_history(ticker=ASKAUTOLTD.NS, period=1y, interval=1d, use_cache=False)
2026-08-15 17:09:58,825 DEBUG AlphaScanner.Data download_history success for ASKAUTOLTD.NS rows=250 cols=['adj close', 'Close', 'High', 'Low', 'Open', 'Volume']
2026-08-15 17:09:58,836 DEBUG AlphaScanner.Data download_history(ticker=BAJAJELEC.NS, period=1y, interval=1d, use_cache=False)
2026-08-15 17:09:59,002 DEBUG AlphaScanner.Data download_history success for BAJAJELEC.NS rows=250 cols=['adj close', 'Close', 'High', 'Low', 'Open', 'Volume']
2026-08-15 17:09:59,004 DEBUG AlphaScanner.Data download_history(ticker=BALAMINES.NS, period=1y, interval=1d, use_cache=False)
2026-08-15 17:09:59,173 DEBUG AlphaScanner.Data download_history success for BALAMINES.NS rows=250 cols=['adj close', 'Close', 'High', 'Low', 'Open', 'Volume']
2026-08-15 17:09:59,174 DEBUG AlphaScanner.Data download_history(ticker=BALRAMCHIN.NS, period=1y, interval=1d, use_cache=False)
2026-08-15 17:09:59,340 DEBUG AlphaScanner.Data download_history success for BALRAMCHIN.NS rows=250 cols=['adj close', 'Close', 'High', 'Low', 'Open', 'Volume']
2026-08-15 17:09:59,341 DEBUG AlphaScanner.Data download_history(ticker=BALUFORGE.NS, period=1y, interval=1d, use_cache=False)
2026-08-15 17:09:59,489 DEBUG AlphaScanner.Data download_history success for BALUFORGE.NS rows=250 cols=['adj close', 'Close', 'High', 'Low', 'Open', 'Volume']
2026-08-15 17:09:59,490 DEBUG AlphaScanner.Data download_history(ticker=BANCOINDIA.NS, period=1y, interval=1d, use_cache=False)
2026-08-15 17:09:59,651 DEBUG AlphaScanner.Data download_history success for BANCOINDIA.NS rows=249 cols=['adj close', 'Close', 'High', 'Low', 'Open', 'Volume']
2026-08-15 17:09:59,653 DEBUG AlphaScanner.Data download_history(ticker=BATAINDIA.NS, period=1y, interval=1d, use_cache=False)
2026-08-15 17:09:59,821 DEBUG AlphaScanner.Data download_history success for BATAINDIA.NS rows=250 cols=['adj close', 'Close', 'High', 'Low', 'Open', 'Volume']
2026-08-15 17:09:59,822 DEBUG AlphaScanner.Data download_history(ticker=BAYERCROP.NS, period=1y, interval=1d, use_cache=False)
2026-08-15 17:09:59,987 DEBUG AlphaScanner.Data download_history success for BAYERCROP.NS rows=250 cols=['adj close', 'Close', 'High', 'Low', 'Open', 'Volume']
2026-08-15 17:09:59,988 DEBUG AlphaScanner.Data download_history(ticker=BBOX.NS, period=1y, interval=1d, use_cache=False)
2026-08-15 17:10:00,351 DEBUG AlphaScanner.Data download_history success for BBOX.NS rows=250 cols=['adj close', 'Close', 'High', 'Low', 'Open', 'Volume']
2026-08-15 17:10:00,354 DEBUG AlphaScanner.Data download_history(ticker=BECTORFOOD.NS, period=1y, interval=1d, use_cache=False)
2026-08-15 17:10:00,522 DEBUG AlphaScanner.Data download_history success for BECTORFOOD.NS rows=250 cols=['adj close', 'Close', 'High', 'Low', 'Open', 'Volume']
2026-08-15 17:10:00,523 DEBUG AlphaScanner.Data download_history(ticker=BEML.NS, period=1y, interval=1d, use_cache=False)
2026-08-15 17:10:00,701 DEBUG AlphaScanner.Data download_history success for BEML.NS rows=250 cols=['adj close', 'Close', 'High', 'Low', 'Open', 'Volume']
2026-08-15 17:10:00,703 DEBUG AlphaScanner.Data download_history(ticker=BIRLACORPN.NS, period=1y, interval=1d, use_cache=False)
2026-08-15 17:10:00,870 DEBUG AlphaScanner.Data download_history success for BIRLACORPN.NS rows=249 cols=['adj close', 'Close', 'High', 'Low', 'Open', 'Volume']
2026-08-15 17:10:00,871 DEBUG AlphaScanner.Data download_history(ticker=BLACKBUCK.NS, period=1y, interval=1d, use_cache=False)
2026-08-15 17:10:01,017 DEBUG AlphaScanner.Data download_history success for BLACKBUCK.NS rows=250 cols=['adj close', 'Close', 'High', 'Low', 'Open', 'Volume']
2026-08-15 17:10:01,019 DEBUG AlphaScanner.Data download_history(ticker=BLS.NS, period=1y, interval=1d, use_cache=False)
2026-08-15 17:10:01,173 DEBUG AlphaScanner.Data download_history success for BLS.NS rows=250 cols=['adj close', 'Close', 'High', 'Low', 'Open', 'Volume']
2026-08-15 17:10:01,174 DEBUG AlphaScanner.Data download_history(ticker=BLUEDART.NS, period=1y, interval=1d, use_cache=False)
2026-08-15 17:10:01,346 DEBUG AlphaScanner.Data download_history success for BLUEDART.NS rows=250 cols=['adj close', 'Close', 'High', 'Low', 'Open', 'Volume']
2026-08-15 17:10:01,348 DEBUG AlphaScanner.Data download_history(ticker=BLUEJET.NS, period=1y, interval=1d, use_cache=False)
2026-08-15 17:10:01,497 DEBUG AlphaScanner.Data download_history success for BLUEJET.NS rows=250 cols=['adj close', 'Close', 'High', 'Low', 'Open', 'Volume']
2026-08-15 17:10:01,499 DEBUG AlphaScanner.Data download_history(ticker=BLUESTONE.NS, period=1y, interval=1d, use_cache=False)
2026-08-15 17:10:01,799 DEBUG AlphaScanner.Data download_history success for BLUESTONE.NS rows=247 cols=['adj close', 'Close', 'High', 'Low', 'Open', 'Volume']
2026-08-15 17:10:01,801 DEBUG AlphaScanner.Data download_history(ticker=BRIGADE.NS, period=1y, interval=1d, use_cache=False)
2026-08-15 17:10:01,977 DEBUG AlphaScanner.Data download_history success for BRIGADE.NS rows=250 cols=['adj close', 'Close', 'High', 'Low', 'Open', 'Volume']
2026-08-15 17:10:01,987 DEBUG AlphaScanner.Data download_history(ticker=CCL.NS, period=1y, interval=1d, use_cache=False)
2026-08-15 17:10:02,166 DEBUG AlphaScanner.Data download_history success for CCL.NS rows=250 cols=['adj close', 'Close', 'High', 'Low', 'Open', 'Volume']
2026-08-15 17:10:02,168 DEBUG AlphaScanner.Data download_history(ticker=CEATLTD.NS, period=1y, interval=1d, use_cache=False)
2026-08-15 17:10:02,342 DEBUG AlphaScanner.Data download_history success for CEATLTD.NS rows=250 cols=['adj close', 'Close', 'High', 'Low', 'Open', 'Volume']
2026-08-15 17:10:02,343 DEBUG AlphaScanner.Data download_history(ticker=CELLO.NS, period=1y, interval=1d, use_cache=False)
2026-08-15 17:10:02,506 DEBUG AlphaScanner.Data download_history success for CELLO.NS rows=248 cols=['adj close', 'Close', 'High', 'Low', 'Open', 'Volume']
2026-08-15 17:10:02,507 DEBUG AlphaScanner.Data download_history(ticker=CENTURYPLY.NS, period=1y, interval=1d, use_cache=False)
2026-08-15 17:10:02,692 DEBUG AlphaScanner.Data download_history success for CENTURYPLY.NS rows=249 cols=['adj close', 'Close', 'High', 'Low', 'Open', 'Volume']
2026-08-15 17:10:02,694 DEBUG AlphaScanner.Data download_history(ticker=CHALET.NS, period=1y, interval=1d, use_cache=False)
2026-08-15 17:10:02,866 DEBUG AlphaScanner.Data download_history success for CHALET.NS rows=250 cols=['adj close', 'Close', 'High', 'Low', 'Open', 'Volume']
2026-08-15 17:10:02,867 DEBUG AlphaScanner.Data download_history(ticker=CHAMBLFERT.NS, period=1y, interval=1d, use_cache=False)
2026-08-15 17:10:03,046 DEBUG AlphaScanner.Data download_history success for CHAMBLFERT.NS rows=250 cols=['adj close', 'Close', 'High', 'Low', 'Open', 'Volume']
2026-08-15 17:10:03,047 DEBUG AlphaScanner.Data download_history(ticker=CHENNPETRO.NS, period=1y, interval=1d, use_cache=False)
2026-08-15 17:10:03,220 DEBUG AlphaScanner.Data download_history success for CHENNPETRO.NS rows=250 cols=['adj close', 'Close', 'High', 'Low', 'Open', 'Volume']
2026-08-15 17:10:03,221 DEBUG AlphaScanner.Data download_history(ticker=CHOICEIN.NS, period=1y, interval=1d, use_cache=False)
2026-08-15 17:10:03,357 DEBUG AlphaScanner.Data download_history success for CHOICEIN.NS rows=249 cols=['adj close', 'Close', 'High', 'Low', 'Open', 'Volume']
2026-08-15 17:10:03,359 DEBUG AlphaScanner.Data download_history(ticker=CIEINDIA.NS, period=1y, interval=1d, use_cache=False)
2026-08-15 17:10:03,515 DEBUG AlphaScanner.Data download_history success for CIEINDIA.NS rows=248 cols=['adj close', 'Close', 'High', 'Low', 'Open', 'Volume']
2026-08-15 17:10:03,524 DEBUG AlphaScanner.Data download_history(ticker=DBL.NS, period=1y, interval=1d, use_cache=False)
2026-08-15 17:10:03,677 DEBUG AlphaScanner.Data download_history success for DBL.NS rows=248 cols=['adj close', 'Close', 'High', 'Low', 'Open', 'Volume']
2026-08-15 17:10:03,679 DEBUG AlphaScanner.Data download_history(ticker=DBREALTY.NS, period=1y, interval=1d, use_cache=False)
2026-08-15 17:10:03,950 DEBUG AlphaScanner.Data download_history success for DBREALTY.NS rows=250 cols=['adj close', 'Close', 'High', 'Low', 'Open', 'Volume']
2026-08-15 17:10:03,951 DEBUG AlphaScanner.Data download_history(ticker=DCBBANK.NS, period=1y, interval=1d, use_cache=False)
2026-08-15 17:10:04,134 DEBUG AlphaScanner.Data download_history success for DCBBANK.NS rows=250 cols=['adj close', 'Close', 'High', 'Low', 'Open', 'Volume']
2026-08-15 17:10:04,136 DEBUG AlphaScanner.Data download_history(ticker=DCMSHRIRAM.NS, period=1y, interval=1d, use_cache=False)
2026-08-15 17:10:04,316 DEBUG AlphaScanner.Data download_history success for DCMSHRIRAM.NS rows=249 cols=['adj close', 'Close', 'High', 'Low', 'Open', 'Volume']
2026-08-15 17:10:04,318 DEBUG AlphaScanner.Data download_history(ticker=DEVYANI.NS, period=1y, interval=1d, use_cache=False)
2026-08-15 17:10:04,852 DEBUG AlphaScanner.Data download_history success for DEVYANI.NS rows=250 cols=['adj close', 'Close', 'High', 'Low', 'Open', 'Volume']
2026-08-15 17:10:04,854 DEBUG AlphaScanner.Data download_history(ticker=DOMS.NS, period=1y, interval=1d, use_cache=False)
2026-08-15 17:10:05,014 DEBUG AlphaScanner.Data download_history success for DOMS.NS rows=249 cols=['adj close', 'Close', 'High', 'Low', 'Open', 'Volume']
2026-08-15 17:10:05,015 DEBUG AlphaScanner.Data download_history(ticker=DYNAMATECH.NS, period=1y, interval=1d, use_cache=False)
2026-08-15 17:10:05,179 DEBUG AlphaScanner.Data download_history success for DYNAMATECH.NS rows=249 cols=['adj close', 'Close', 'High', 'Low', 'Open', 'Volume']
2026-08-15 17:10:05,181 DEBUG AlphaScanner.Data download_history(ticker=ECLERX.NS, period=1y, interval=1d, use_cache=False)
2026-08-15 17:10:06,108 DEBUG AlphaScanner.Data download_history success for ECLERX.NS rows=250 cols=['adj close', 'Close', 'High', 'Low', 'Open', 'Volume']
2026-08-15 17:10:06,109 DEBUG AlphaScanner.Data download_history(ticker=EDELWEISS.NS, period=1y, interval=1d, use_cache=False)
2026-08-15 17:10:06,414 DEBUG AlphaScanner.Data download_history success for EDELWEISS.NS rows=250 cols=['adj close', 'Close', 'High', 'Low', 'Open', 'Volume']
2026-08-15 17:10:06,417 DEBUG AlphaScanner.Data download_history(ticker=EIHOTEL.NS, period=1y, interval=1d, use_cache=False)
2026-08-15 17:10:06,590 DEBUG AlphaScanner.Data download_history success for EIHOTEL.NS rows=250 cols=['adj close', 'Close', 'High', 'Low', 'Open', 'Volume']
2026-08-15 17:10:06,591 DEBUG AlphaScanner.Data download_history(ticker=ELECON.NS, period=1y, interval=1d, use_cache=False)
2026-08-15 17:10:06,771 DEBUG AlphaScanner.Data download_history success for ELECON.NS rows=250 cols=['adj close', 'Close', 'High', 'Low', 'Open', 'Volume']
2026-08-15 17:10:06,775 DEBUG AlphaScanner.Data download_history(ticker=ELLEN.NS, period=1y, interval=1d, use_cache=False)
2026-08-15 17:10:06,914 DEBUG AlphaScanner.Data download_history success for ELLEN.NS rows=249 cols=['adj close', 'Close', 'High', 'Low', 'Open', 'Volume']
2026-08-15 17:10:06,918 DEBUG AlphaScanner.Data download_history(ticker=EMIL.NS, period=1y, interval=1d, use_cache=False)
2026-08-15 17:10:07,104 DEBUG AlphaScanner.Data download_history success for EMIL.NS rows=250 cols=['adj close', 'Close', 'High', 'Low', 'Open', 'Volume']
2026-08-15 17:10:07,106 DEBUG AlphaScanner.Data download_history(ticker=ENGINERSIN.NS, period=1y, interval=1d, use_cache=False)
2026-08-15 17:10:07,297 DEBUG AlphaScanner.Data download_history success for ENGINERSIN.NS rows=250 cols=['adj close', 'Close', 'High', 'Low', 'Open', 'Volume']
2026-08-15 17:10:07,298 DEBUG AlphaScanner.Data download_history(ticker=ENTERO.NS, period=1y, interval=1d, use_cache=False)
2026-08-15 17:10:07,445 DEBUG AlphaScanner.Data download_history success for ENTERO.NS rows=249 cols=['adj close', 'Close', 'High', 'Low', 'Open', 'Volume']
2026-08-15 17:10:07,448 DEBUG AlphaScanner.Data download_history(ticker=EQUITASBNK.NS, period=1y, interval=1d, use_cache=False)
2026-08-15 17:10:07,628 DEBUG AlphaScanner.Data download_history success for EQUITASBNK.NS rows=250 cols=['adj close', 'Close', 'High', 'Low', 'Open', 'Volume']
2026-08-15 17:10:07,630 DEBUG AlphaScanner.Data download_history(ticker=ERIS.NS, period=1y, interval=1d, use_cache=False)
2026-08-15 17:10:07,784 DEBUG AlphaScanner.Data download_history success for ERIS.NS rows=248 cols=['adj close', 'Close', 'High', 'Low', 'Open', 'Volume']
2026-08-15 17:10:07,786 DEBUG AlphaScanner.Data download_history(ticker=ETHOSLTD.NS, period=1y, interval=1d, use_cache=False)
2026-08-15 17:10:07,936 DEBUG AlphaScanner.Data download_history success for ETHOSLTD.NS rows=249 cols=['adj close', 'Close', 'High', 'Low', 'Open', 'Volume']
2026-08-15 17:10:07,938 DEBUG AlphaScanner.Data download_history(ticker=EUREKAFORB.NS, period=1y, interval=1d, use_cache=False)
2026-08-15 17:10:08,074 DEBUG AlphaScanner.Data download_history success for EUREKAFORB.NS rows=250 cols=['adj close', 'Close', 'High', 'Low', 'Open', 'Volume']
2026-08-15 17:10:08,075 DEBUG AlphaScanner.Data download_history(ticker=FEDFINA.NS, period=1y, interval=1d, use_cache=False)
2026-08-15 17:10:08,233 DEBUG AlphaScanner.Data download_history success for FEDFINA.NS rows=250 cols=['adj close', 'Close', 'High', 'Low', 'Open', 'Volume']
2026-08-15 17:10:08,234 DEBUG AlphaScanner.Data download_history(ticker=FIEMIND.NS, period=1y, interval=1d, use_cache=False)
2026-08-15 17:10:08,415 DEBUG AlphaScanner.Data download_history success for FIEMIND.NS rows=250 cols=['adj close', 'Close', 'High', 'Low', 'Open', 'Volume']
2026-08-15 17:10:08,416 DEBUG AlphaScanner.Data download_history(ticker=FINCABLES.NS, period=1y, interval=1d, use_cache=False)
2026-08-15 17:10:08,589 DEBUG AlphaScanner.Data download_history success for FINCABLES.NS rows=250 cols=['adj close', 'Close', 'High', 'Low', 'Open', 'Volume']
2026-08-15 17:10:08,590 DEBUG AlphaScanner.Data download_history(ticker=FINPIPE.NS, period=1y, interval=1d, use_cache=False)
2026-08-15 17:10:08,766 DEBUG AlphaScanner.Data download_history success for FINPIPE.NS rows=248 cols=['adj close', 'Close', 'High', 'Low', 'Open', 'Volume']
2026-08-15 17:10:08,767 DEBUG AlphaScanner.Data download_history(ticker=FIRSTCRY.NS, period=1y, interval=1d, use_cache=False)
2026-08-15 17:10:08,898 DEBUG AlphaScanner.Data download_history success for FIRSTCRY.NS rows=250 cols=['adj close', 'Close', 'High', 'Low', 'Open', 'Volume']
2026-08-15 17:10:08,899 DEBUG AlphaScanner.Data download_history(ticker=FSL.NS, period=1y, interval=1d, use_cache=False)
2026-08-15 17:10:09,177 DEBUG AlphaScanner.Data download_history success for FSL.NS rows=250 cols=['adj close', 'Close', 'High', 'Low', 'Open', 'Volume']
2026-08-15 17:10:09,178 DEBUG AlphaScanner.Data download_history(ticker=GAEL.NS, period=1y, interval=1d, use_cache=False)
2026-08-15 17:10:09,481 DEBUG AlphaScanner.Data download_history success for GAEL.NS rows=250 cols=['adj close', 'Close', 'High', 'Low', 'Open', 'Volume']
2026-08-15 17:10:09,482 DEBUG AlphaScanner.Data download_history(ticker=GALLANTT.NS, period=1y, interval=1d, use_cache=False)
2026-08-15 17:10:09,639 DEBUG AlphaScanner.Data download_history success for GALLANTT.NS rows=249 cols=['adj close', 'Close', 'High', 'Low', 'Open', 'Volume']
2026-08-15 17:10:09,641 DEBUG AlphaScanner.Data download_history(ticker=GESHIP.NS, period=1y, interval=1d, use_cache=False)
2026-08-15 17:10:09,804 DEBUG AlphaScanner.Data download_history success for GESHIP.NS rows=250 cols=['adj close', 'Close', 'High', 'Low', 'Open', 'Volume']
2026-08-15 17:10:09,805 DEBUG AlphaScanner.Data download_history(ticker=GHCL.NS, period=1y, interval=1d, use_cache=False)
2026-08-15 17:10:10,207 DEBUG AlphaScanner.Data download_history success for GHCL.NS rows=250 cols=['adj close', 'Close', 'High', 'Low', 'Open', 'Volume']
2026-08-15 17:10:10,208 DEBUG AlphaScanner.Data download_history(ticker=GMDCLTD.NS, period=1y, interval=1d, use_cache=False)
2026-08-15 17:10:10,396 DEBUG AlphaScanner.Data download_history success for GMDCLTD.NS rows=250 cols=['adj close', 'Close', 'High', 'Low', 'Open', 'Volume']
2026-08-15 17:10:10,398 DEBUG AlphaScanner.Data download_history(ticker=GMRP&UI.NS, period=1y, interval=1d, use_cache=False)
2026-08-15 17:10:10,520 DEBUG AlphaScanner.Data download_history success for GMRP&UI.NS rows=250 cols=['adj close', 'Close', 'High', 'Low', 'Open', 'Volume']
2026-08-15 17:10:10,522 DEBUG AlphaScanner.Data download_history(ticker=GNFC.NS, period=1y, interval=1d, use_cache=False)
2026-08-15 17:10:10,701 DEBUG AlphaScanner.Data download_history success for GNFC.NS rows=250 cols=['adj close', 'Close', 'High', 'Low', 'Open', 'Volume']
2026-08-15 17:10:10,702 DEBUG AlphaScanner.Data download_history(ticker=GODREJAGRO.NS, period=1y, interval=1d, use_cache=False)
2026-08-15 17:10:10,914 DEBUG AlphaScanner.Data download_history success for GODREJAGRO.NS rows=250 cols=['adj close', 'Close', 'High', 'Low', 'Open', 'Volume']
2026-08-15 17:10:10,915 DEBUG AlphaScanner.Data download_history(ticker=GOKEX.NS, period=1y, interval=1d, use_cache=False)
2026-08-15 17:10:11,078 DEBUG AlphaScanner.Data download_history success for GOKEX.NS rows=250 cols=['adj close', 'Close', 'High', 'Low', 'Open', 'Volume']
2026-08-15 17:10:11,080 DEBUG AlphaScanner.Data download_history(ticker=GOKULAGRO.NS, period=1y, interval=1d, use_cache=False)
2026-08-15 17:10:11,231 DEBUG AlphaScanner.Data download_history success for GOKULAGRO.NS rows=250 cols=['adj close', 'Close', 'High', 'Low', 'Open', 'Volume']
2026-08-15 17:10:11,233 DEBUG AlphaScanner.Data download_history(ticker=GPPL.NS, period=1y, interval=1d, use_cache=False)
2026-08-15 17:10:11,529 DEBUG AlphaScanner.Data download_history success for GPPL.NS rows=250 cols=['adj close', 'Close', 'High', 'Low', 'Open', 'Volume']
2026-08-15 17:10:11,530 DEBUG AlphaScanner.Data download_history(ticker=GRAPHITE.NS, period=1y, interval=1d, use_cache=False)
2026-08-15 17:10:11,701 DEBUG AlphaScanner.Data download_history success for GRAPHITE.NS rows=250 cols=['adj close', 'Close', 'High', 'Low', 'Open', 'Volume']
2026-08-15 17:10:11,703 DEBUG AlphaScanner.Data download_history(ticker=GRAVITA.NS, period=1y, interval=1d, use_cache=False)
2026-08-15 17:10:11,869 DEBUG AlphaScanner.Data download_history success for GRAVITA.NS rows=250 cols=['adj close', 'Close', 'High', 'Low', 'Open', 'Volume']
2026-08-15 17:10:11,870 DEBUG AlphaScanner.Data download_history(ticker=GREAVESCOT.NS, period=1y, interval=1d, use_cache=False)
2026-08-15 17:10:12,039 DEBUG AlphaScanner.Data download_history success for GREAVESCOT.NS rows=250 cols=['adj close', 'Close', 'High', 'Low', 'Open', 'Volume']
2026-08-15 17:10:12,041 DEBUG AlphaScanner.Data download_history(ticker=GRWRHITECH.NS, period=1y, interval=1d, use_cache=False)
2026-08-15 17:10:12,184 DEBUG AlphaScanner.Data download_history success for GRWRHITECH.NS rows=250 cols=['adj close', 'Close', 'High', 'Low', 'Open', 'Volume']
2026-08-15 17:10:12,185 DEBUG AlphaScanner.Data download_history(ticker=GSFC.NS, period=1y, interval=1d, use_cache=False)
2026-08-15 17:10:12,363 DEBUG AlphaScanner.Data download_history success for GSFC.NS rows=250 cols=['adj close', 'Close', 'High', 'Low', 'Open', 'Volume']
2026-08-15 17:10:12,364 DEBUG AlphaScanner.Data download_history(ticker=HAPPSTMNDS.NS, period=1y, interval=1d, use_cache=False)
2026-08-15 17:10:12,518 DEBUG AlphaScanner.Data download_history success for HAPPSTMNDS.NS rows=250 cols=['adj close', 'Close', 'High', 'Low', 'Open', 'Volume']
2026-08-15 17:10:12,519 DEBUG AlphaScanner.Data download_history(ticker=HBLENGINE.NS, period=1y, interval=1d, use_cache=False)
2026-08-15 17:10:12,700 DEBUG AlphaScanner.Data download_history success for HBLENGINE.NS rows=250 cols=['adj close', 'Close', 'High', 'Low', 'Open', 'Volume']
2026-08-15 17:10:12,702 DEBUG AlphaScanner.Data download_history(ticker=HCC.NS, period=1y, interval=1d, use_cache=False)
2026-08-15 17:10:12,836 DEBUG AlphaScanner.Data download_history success for HCC.NS rows=250 cols=['adj close', 'Close', 'High', 'Low', 'Open', 'Volume']
2026-08-15 17:10:12,837 DEBUG AlphaScanner.Data download_history(ticker=HEG.NS, period=1y, interval=1d, use_cache=False)
2026-08-15 17:10:13,003 DEBUG AlphaScanner.Data download_history success for HEG.NS rows=250 cols=['adj close', 'Close', 'High', 'Low', 'Open', 'Volume']
2026-08-15 17:10:13,004 DEBUG AlphaScanner.Data download_history(ticker=HEMIPROP.NS, period=1y, interval=1d, use_cache=False)
2026-08-15 17:10:13,149 DEBUG AlphaScanner.Data download_history success for HEMIPROP.NS rows=250 cols=['adj close', 'Close', 'High', 'Low', 'Open', 'Volume']
2026-08-15 17:10:13,151 DEBUG AlphaScanner.Data download_history(ticker=HGINFRA.NS, period=1y, interval=1d, use_cache=False)
2026-08-15 17:10:13,477 DEBUG AlphaScanner.Data download_history success for HGINFRA.NS rows=250 cols=['adj close', 'Close', 'High', 'Low', 'Open', 'Volume']
2026-08-15 17:10:13,478 DEBUG AlphaScanner.Data download_history(ticker=HOMEFIRST.NS, period=1y, interval=1d, use_cache=False)
2026-08-15 17:10:13,630 DEBUG AlphaScanner.Data download_history success for HOMEFIRST.NS rows=249 cols=['adj close', 'Close', 'High', 'Low', 'Open', 'Volume']
2026-08-15 17:10:13,631 DEBUG AlphaScanner.Data download_history(ticker=HONASA.NS, period=1y, interval=1d, use_cache=False)
2026-08-15 17:10:13,779 DEBUG AlphaScanner.Data download_history success for HONASA.NS rows=249 cols=['adj close', 'Close', 'High', 'Low', 'Open', 'Volume']
2026-08-15 17:10:13,781 DEBUG AlphaScanner.Data download_history(ticker=ICIL.NS, period=1y, interval=1d, use_cache=False)
2026-08-15 17:10:13,934 DEBUG AlphaScanner.Data download_history success for ICIL.NS rows=250 cols=['adj close', 'Close', 'High', 'Low', 'Open', 'Volume']
2026-08-15 17:10:13,936 DEBUG AlphaScanner.Data download_history(ticker=IEX.NS, period=1y, interval=1d, use_cache=False)
2026-08-15 17:10:14,100 DEBUG AlphaScanner.Data download_history success for IEX.NS rows=250 cols=['adj close', 'Close', 'High', 'Low', 'Open', 'Volume']
2026-08-15 17:10:14,101 DEBUG AlphaScanner.Data download_history(ticker=IFBIND.NS, period=1y, interval=1d, use_cache=False)
2026-08-15 17:10:14,251 DEBUG AlphaScanner.Data download_history success for IFBIND.NS rows=250 cols=['adj close', 'Close', 'High', 'Low', 'Open', 'Volume']
2026-08-15 17:10:14,252 DEBUG AlphaScanner.Data download_history(ticker=IGIL.NS, period=1y, interval=1d, use_cache=False)
2026-08-15 17:10:14,401 DEBUG AlphaScanner.Data download_history success for IGIL.NS rows=250 cols=['adj close', 'Close', 'High', 'Low', 'Open', 'Volume']
2026-08-15 17:10:14,402 DEBUG AlphaScanner.Data download_history(ticker=IIFLCAPS.NS, period=1y, interval=1d, use_cache=False)
2026-08-15 17:10:14,567 DEBUG AlphaScanner.Data download_history success for IIFLCAPS.NS rows=250 cols=['adj close', 'Close', 'High', 'Low', 'Open', 'Volume']
2026-08-15 17:10:14,568 DEBUG AlphaScanner.Data download_history(ticker=IMFA.NS, period=1y, interval=1d, use_cache=False)
2026-08-15 17:10:14,725 DEBUG AlphaScanner.Data download_history success for IMFA.NS rows=250 cols=['adj close', 'Close', 'High', 'Low', 'Open', 'Volume']
2026-08-15 17:10:14,726 DEBUG AlphaScanner.Data download_history(ticker=INDGN.NS, period=1y, interval=1d, use_cache=False)
2026-08-15 17:10:14,873 DEBUG AlphaScanner.Data download_history success for INDGN.NS rows=250 cols=['adj close', 'Close', 'High', 'Low', 'Open', 'Volume']
2026-08-15 17:10:14,880 DEBUG AlphaScanner.Data download_history(ticker=INOXGREEN.NS, period=1y, interval=1d, use_cache=False)
2026-08-15 17:10:15,016 DEBUG AlphaScanner.Data download_history success for INOXGREEN.NS rows=250 cols=['adj close', 'Close', 'High', 'Low', 'Open', 'Volume']
2026-08-15 17:10:15,022 DEBUG AlphaScanner.Data download_history(ticker=IRCON.NS, period=1y, interval=1d, use_cache=False)
2026-08-15 17:10:15,184 DEBUG AlphaScanner.Data download_history success for IRCON.NS rows=250 cols=['adj close', 'Close', 'High', 'Low', 'Open', 'Volume']
2026-08-15 17:10:15,185 DEBUG AlphaScanner.Data download_history(ticker=IXIGO.NS, period=1y, interval=1d, use_cache=False)
2026-08-15 17:10:15,331 DEBUG AlphaScanner.Data download_history success for IXIGO.NS rows=250 cols=['adj close', 'Close', 'High', 'Low', 'Open', 'Volume']
2026-08-15 17:10:15,333 DEBUG AlphaScanner.Data download_history(ticker=J&KBANK.NS, period=1y, interval=1d, use_cache=False)
2026-08-15 17:10:15,498 DEBUG AlphaScanner.Data download_history success for J&KBANK.NS rows=250 cols=['adj close', 'Close', 'High', 'Low', 'Open', 'Volume']
2026-08-15 17:10:15,499 DEBUG AlphaScanner.Data download_history(ticker=JAINREC.NS, period=1y, interval=1d, use_cache=False)
2026-08-15 17:10:15,744 DEBUG AlphaScanner.Data download_history success for JAINREC.NS rows=216 cols=['adj close', 'Close', 'High', 'Low', 'Open', 'Volume']
2026-08-15 17:10:15,745 DEBUG AlphaScanner.Data download_history(ticker=JAMNAAUTO.NS, period=1y, interval=1d, use_cache=False)
2026-08-15 17:10:15,929 DEBUG AlphaScanner.Data download_history success for JAMNAAUTO.NS rows=250 cols=['adj close', 'Close', 'High', 'Low', 'Open', 'Volume']
2026-08-15 17:10:15,930 DEBUG AlphaScanner.Data download_history(ticker=JAYNECOIND.NS, period=1y, interval=1d, use_cache=False)
2026-08-15 17:10:16,078 DEBUG AlphaScanner.Data download_history success for JAYNECOIND.NS rows=250 cols=['adj close', 'Close', 'High', 'Low', 'Open', 'Volume']
2026-08-15 17:10:16,079 DEBUG AlphaScanner.Data download_history(ticker=JBMA.NS, period=1y, interval=1d, use_cache=False)
2026-08-15 17:10:16,242 DEBUG AlphaScanner.Data download_history success for JBMA.NS rows=250 cols=['adj close', 'Close', 'High', 'Low', 'Open', 'Volume']
2026-08-15 17:10:16,243 DEBUG AlphaScanner.Data download_history(ticker=JINDALSAW.NS, period=1y, interval=1d, use_cache=False)
2026-08-15 17:10:16,418 DEBUG AlphaScanner.Data download_history success for JINDALSAW.NS rows=250 cols=['adj close', 'Close', 'High', 'Low', 'Open', 'Volume']
2026-08-15 17:10:16,419 DEBUG AlphaScanner.Data download_history(ticker=JKLAKSHMI.NS, period=1y, interval=1d, use_cache=False)
2026-08-15 17:10:16,579 DEBUG AlphaScanner.Data download_history success for JKLAKSHMI.NS rows=250 cols=['adj close', 'Close', 'High', 'Low', 'Open', 'Volume']
2026-08-15 17:10:16,580 DEBUG AlphaScanner.Data download_history(ticker=JKPAPER.NS, period=1y, interval=1d, use_cache=False)
2026-08-15 17:10:16,744 DEBUG AlphaScanner.Data download_history success for JKPAPER.NS rows=249 cols=['adj close', 'Close', 'High', 'Low', 'Open', 'Volume']
2026-08-15 17:10:16,746 DEBUG AlphaScanner.Data download_history(ticker=JKTYRE.NS, period=1y, interval=1d, use_cache=False)
2026-08-15 17:10:17,019 DEBUG AlphaScanner.Data download_history success for JKTYRE.NS rows=250 cols=['adj close', 'Close', 'High', 'Low', 'Open', 'Volume']
2026-08-15 17:10:17,020 DEBUG AlphaScanner.Data download_history(ticker=JLHL.NS, period=1y, interval=1d, use_cache=False)
2026-08-15 17:10:17,176 DEBUG AlphaScanner.Data download_history success for JLHL.NS rows=250 cols=['adj close', 'Close', 'High', 'Low', 'Open', 'Volume']
2026-08-15 17:10:17,177 DEBUG AlphaScanner.Data download_history(ticker=JMFINANCIL.NS, period=1y, interval=1d, use_cache=False)
2026-08-15 17:10:17,348 DEBUG AlphaScanner.Data download_history success for JMFINANCIL.NS rows=250 cols=['adj close', 'Close', 'High', 'Low', 'Open', 'Volume']
2026-08-15 17:10:17,350 DEBUG AlphaScanner.Data download_history(ticker=JSFB.NS, period=1y, interval=1d, use_cache=False)
2026-08-15 17:10:17,469 DEBUG AlphaScanner.Data download_history success for JSFB.NS rows=250 cols=['adj close', 'Close', 'High', 'Low', 'Open', 'Volume']
2026-08-15 17:10:17,471 DEBUG AlphaScanner.Data download_history(ticker=JSLL.NS, period=1y, interval=1d, use_cache=False)
2026-08-15 17:10:17,782 DEBUG AlphaScanner.Data download_history success for JSLL.NS rows=250 cols=['adj close', 'Close', 'High', 'Low', 'Open', 'Volume']
2026-08-15 17:10:17,783 DEBUG AlphaScanner.Data download_history(ticker=JSWCEMENT.NS, period=1y, interval=1d, use_cache=False)
2026-08-15 17:10:17,938 DEBUG AlphaScanner.Data download_history success for JSWCEMENT.NS rows=250 cols=['adj close', 'Close', 'High', 'Low', 'Open', 'Volume']
2026-08-15 17:10:17,939 DEBUG AlphaScanner.Data download_history(ticker=JSWDULUX.NS, period=1y, interval=1d, use_cache=False)
2026-08-15 17:10:18,103 DEBUG AlphaScanner.Data download_history success for JSWDULUX.NS rows=250 cols=['adj close', 'Close', 'High', 'Low', 'Open', 'Volume']
2026-08-15 17:10:18,104 DEBUG AlphaScanner.Data download_history(ticker=JUBLINGREA.NS, period=1y, interval=1d, use_cache=False)
2026-08-15 17:10:18,244 DEBUG AlphaScanner.Data download_history success for JUBLINGREA.NS rows=250 cols=['adj close', 'Close', 'High', 'Low', 'Open', 'Volume']
2026-08-15 17:10:18,245 DEBUG AlphaScanner.Data download_history(ticker=JUBLPHARMA.NS, period=1y, interval=1d, use_cache=False)
2026-08-15 17:10:18,412 DEBUG AlphaScanner.Data download_history success for JUBLPHARMA.NS rows=249 cols=['adj close', 'Close', 'High', 'Low', 'Open', 'Volume']
2026-08-15 17:10:18,413 DEBUG AlphaScanner.Data download_history(ticker=JUSTDIAL.NS, period=1y, interval=1d, use_cache=False)
2026-08-15 17:10:18,555 DEBUG AlphaScanner.Data download_history success for JUSTDIAL.NS rows=250 cols=['adj close', 'Close', 'High', 'Low', 'Open', 'Volume']
2026-08-15 17:10:18,557 DEBUG AlphaScanner.Data download_history(ticker=JWL.NS, period=1y, interval=1d, use_cache=False)
2026-08-15 17:10:18,791 DEBUG AlphaScanner.Data download_history success for JWL.NS rows=250 cols=['adj close', 'Close', 'High', 'Low', 'Open', 'Volume']
2026-08-15 17:10:18,792 DEBUG AlphaScanner.Data download_history(ticker=JYOTHYLAB.NS, period=1y, interval=1d, use_cache=False)
2026-08-15 17:10:18,941 DEBUG AlphaScanner.Data download_history success for JYOTHYLAB.NS rows=250 cols=['adj close', 'Close', 'High', 'Low', 'Open', 'Volume']
2026-08-15 17:10:18,942 DEBUG AlphaScanner.Data download_history(ticker=JYOTICNC.NS, period=1y, interval=1d, use_cache=False)
2026-08-15 17:10:19,285 DEBUG AlphaScanner.Data download_history success for JYOTICNC.NS rows=250 cols=['adj close', 'Close', 'High', 'Low', 'Open', 'Volume']
2026-08-15 17:10:19,286 DEBUG AlphaScanner.Data download_history(ticker=KAJARIACER.NS, period=1y, interval=1d, use_cache=False)
2026-08-15 17:10:19,568 DEBUG AlphaScanner.Data download_history success for KAJARIACER.NS rows=250 cols=['adj close', 'Close', 'High', 'Low', 'Open', 'Volume']
2026-08-15 17:10:19,570 DEBUG AlphaScanner.Data download_history(ticker=KANSAINER.NS, period=1y, interval=1d, use_cache=False)
2026-08-15 17:10:19,735 DEBUG AlphaScanner.Data download_history success for KANSAINER.NS rows=248 cols=['adj close', 'Close', 'High', 'Low', 'Open', 'Volume']
2026-08-15 17:10:19,737 DEBUG AlphaScanner.Data download_history(ticker=KEC.NS, period=1y, interval=1d, use_cache=False)
2026-08-15 17:10:19,909 DEBUG AlphaScanner.Data download_history success for KEC.NS rows=250 cols=['adj close', 'Close', 'High', 'Low', 'Open', 'Volume']
2026-08-15 17:10:19,915 DEBUG AlphaScanner.Data download_history(ticker=KIRLOSBROS.NS, period=1y, interval=1d, use_cache=False)
2026-08-15 17:10:20,081 DEBUG AlphaScanner.Data download_history success for KIRLOSBROS.NS rows=250 cols=['adj close', 'Close', 'High', 'Low', 'Open', 'Volume']
2026-08-15 17:10:20,083 DEBUG AlphaScanner.Data download_history(ticker=KITEX.NS, period=1y, interval=1d, use_cache=False)
2026-08-15 17:10:20,240 DEBUG AlphaScanner.Data download_history success for KITEX.NS rows=250 cols=['adj close', 'Close', 'High', 'Low', 'Open', 'Volume']
2026-08-15 17:10:20,241 DEBUG AlphaScanner.Data download_history(ticker=KNRCON.NS, period=1y, interval=1d, use_cache=False)
2026-08-15 17:10:20,397 DEBUG AlphaScanner.Data download_history success for KNRCON.NS rows=250 cols=['adj close', 'Close', 'High', 'Low', 'Open', 'Volume']
2026-08-15 17:10:20,398 DEBUG AlphaScanner.Data download_history(ticker=KPIGREEN.NS, period=1y, interval=1d, use_cache=False)
2026-08-15 17:10:20,528 DEBUG AlphaScanner.Data download_history success for KPIGREEN.NS rows=250 cols=['adj close', 'Close', 'High', 'Low', 'Open', 'Volume']
2026-08-15 17:10:20,528 DEBUG AlphaScanner.Data download_history(ticker=KPITTECH.NS, period=1y, interval=1d, use_cache=False)
2026-08-15 17:10:20,675 DEBUG AlphaScanner.Data download_history success for KPITTECH.NS rows=250 cols=['adj close', 'Close', 'High', 'Low', 'Open', 'Volume']
2026-08-15 17:10:20,677 DEBUG AlphaScanner.Data download_history(ticker=KRBL.NS, period=1y, interval=1d, use_cache=False)
2026-08-15 17:10:20,849 DEBUG AlphaScanner.Data download_history success for KRBL.NS rows=249 cols=['adj close', 'Close', 'High', 'Low', 'Open', 'Volume']
2026-08-15 17:10:20,850 DEBUG AlphaScanner.Data download_history(ticker=KRN.NS, period=1y, interval=1d, use_cache=False)
2026-08-15 17:10:20,994 DEBUG AlphaScanner.Data download_history success for KRN.NS rows=250 cols=['adj close', 'Close', 'High', 'Low', 'Open', 'Volume']
2026-08-15 17:10:20,996 DEBUG AlphaScanner.Data download_history(ticker=KSB.NS, period=1y, interval=1d, use_cache=False)
2026-08-15 17:10:21,364 DEBUG AlphaScanner.Data download_history success for KSB.NS rows=250 cols=['adj close', 'Close', 'High', 'Low', 'Open', 'Volume']
2026-08-15 17:10:21,367 DEBUG AlphaScanner.Data download_history(ticker=KTKBANK.NS, period=1y, interval=1d, use_cache=False)
2026-08-15 17:10:21,527 DEBUG AlphaScanner.Data download_history success for KTKBANK.NS rows=250 cols=['adj close', 'Close', 'High', 'Low', 'Open', 'Volume']
2026-08-15 17:10:21,529 DEBUG AlphaScanner.Data download_history(ticker=LATENTVIEW.NS, period=1y, interval=1d, use_cache=False)
2026-08-15 17:10:21,666 DEBUG AlphaScanner.Data download_history success for LATENTVIEW.NS rows=250 cols=['adj close', 'Close', 'High', 'Low', 'Open', 'Volume']
2026-08-15 17:10:21,668 DEBUG AlphaScanner.Data download_history(ticker=LEMONTREE.NS, period=1y, interval=1d, use_cache=False)
2026-08-15 17:10:21,814 DEBUG AlphaScanner.Data download_history success for LEMONTREE.NS rows=250 cols=['adj close', 'Close', 'High', 'Low', 'Open', 'Volume']
2026-08-15 17:10:21,818 DEBUG AlphaScanner.Data download_history(ticker=LTFOODS.NS, period=1y, interval=1d, use_cache=False)
2026-08-15 17:10:21,998 DEBUG AlphaScanner.Data download_history success for LTFOODS.NS rows=250 cols=['adj close', 'Close', 'High', 'Low', 'Open', 'Volume']
2026-08-15 17:10:21,999 DEBUG AlphaScanner.Data download_history(ticker=LUMAXTECH.NS, period=1y, interval=1d, use_cache=False)
2026-08-15 17:10:22,158 DEBUG AlphaScanner.Data download_history success for LUMAXTECH.NS rows=249 cols=['adj close', 'Close', 'High', 'Low', 'Open', 'Volume']
2026-08-15 17:10:22,161 DEBUG AlphaScanner.Data download_history(ticker=MAHSCOOTER.NS, period=1y, interval=1d, use_cache=False)
2026-08-15 17:10:22,331 DEBUG AlphaScanner.Data download_history success for MAHSCOOTER.NS rows=249 cols=['adj close', 'Close', 'High', 'Low', 'Open', 'Volume']
2026-08-15 17:10:22,336 DEBUG AlphaScanner.Data download_history(ticker=MARKSANS.NS, period=1y, interval=1d, use_cache=False)
2026-08-15 17:10:22,485 DEBUG AlphaScanner.Data download_history success for MARKSANS.NS rows=250 cols=['adj close', 'Close', 'High', 'Low', 'Open', 'Volume']
2026-08-15 17:10:22,487 DEBUG AlphaScanner.Data download_history(ticker=MASTEK.NS, period=1y, interval=1d, use_cache=False)
2026-08-15 17:10:22,772 DEBUG AlphaScanner.Data download_history success for MASTEK.NS rows=250 cols=['adj close', 'Close', 'High', 'Low', 'Open', 'Volume']
2026-08-15 17:10:22,774 DEBUG AlphaScanner.Data download_history(ticker=MEDPLUS.NS, period=1y, interval=1d, use_cache=False)
2026-08-15 17:10:23,109 DEBUG AlphaScanner.Data download_history success for MEDPLUS.NS rows=248 cols=['adj close', 'Close', 'High', 'Low', 'Open', 'Volume']
2026-08-15 17:10:23,111 DEBUG AlphaScanner.Data download_history(ticker=METROPOLIS.NS, period=1y, interval=1d, use_cache=False)
2026-08-15 17:10:23,275 DEBUG AlphaScanner.Data download_history success for METROPOLIS.NS rows=250 cols=['adj close', 'Close', 'High', 'Low', 'Open', 'Volume']
2026-08-15 17:10:23,277 DEBUG AlphaScanner.Data download_history(ticker=MIDHANI.NS, period=1y, interval=1d, use_cache=False)
2026-08-15 17:10:23,455 DEBUG AlphaScanner.Data download_history success for MIDHANI.NS rows=250 cols=['adj close', 'Close', 'High', 'Low', 'Open', 'Volume']
2026-08-15 17:10:23,456 DEBUG AlphaScanner.Data download_history(ticker=MINDACORP.NS, period=1y, interval=1d, use_cache=False)
2026-08-15 17:10:23,637 DEBUG AlphaScanner.Data download_history success for MINDACORP.NS rows=249 cols=['adj close', 'Close', 'High', 'Low', 'Open', 'Volume']
2026-08-15 17:10:23,639 DEBUG AlphaScanner.Data download_history(ticker=MMTC.NS, period=1y, interval=1d, use_cache=False)
2026-08-15 17:10:23,798 DEBUG AlphaScanner.Data download_history success for MMTC.NS rows=250 cols=['adj close', 'Close', 'High', 'Low', 'Open', 'Volume']
2026-08-15 17:10:23,799 DEBUG AlphaScanner.Data download_history(ticker=MOIL.NS, period=1y, interval=1d, use_cache=False)
2026-08-15 17:10:24,030 DEBUG AlphaScanner.Data download_history success for MOIL.NS rows=250 cols=['adj close', 'Close', 'High', 'Low', 'Open', 'Volume']
2026-08-15 17:10:24,032 DEBUG AlphaScanner.Data download_history(ticker=NATCOPHARM.NS, period=1y, interval=1d, use_cache=False)
2026-08-15 17:10:24,212 DEBUG AlphaScanner.Data download_history success for NATCOPHARM.NS rows=250 cols=['adj close', 'Close', 'High', 'Low', 'Open', 'Volume']
2026-08-15 17:10:24,213 DEBUG AlphaScanner.Data download_history(ticker=NAVA.NS, period=1y, interval=1d, use_cache=False)
2026-08-15 17:10:24,451 DEBUG AlphaScanner.Data download_history success for NAVA.NS rows=250 cols=['adj close', 'Close', 'High', 'Low', 'Open', 'Volume']
2026-08-15 17:10:24,452 DEBUG AlphaScanner.Data download_history(ticker=NAZARA.NS, period=1y, interval=1d, use_cache=False)
2026-08-15 17:10:24,718 DEBUG AlphaScanner.Data download_history success for NAZARA.NS rows=250 cols=['adj close', 'Close', 'High', 'Low', 'Open', 'Volume']
2026-08-15 17:10:24,719 DEBUG AlphaScanner.Data download_history(ticker=NCC.NS, period=1y, interval=1d, use_cache=False)
2026-08-15 17:10:24,905 DEBUG AlphaScanner.Data download_history success for NCC.NS rows=250 cols=['adj close', 'Close', 'High', 'Low', 'Open', 'Volume']
2026-08-15 17:10:24,906 DEBUG AlphaScanner.Data download_history(ticker=NEOGEN.NS, period=1y, interval=1d, use_cache=False)
2026-08-15 17:10:25,151 DEBUG AlphaScanner.Data download_history success for NEOGEN.NS rows=250 cols=['adj close', 'Close', 'High', 'Low', 'Open', 'Volume']
2026-08-15 17:10:25,152 DEBUG AlphaScanner.Data download_history(ticker=NESCO.NS, period=1y, interval=1d, use_cache=False)
2026-08-15 17:10:25,326 DEBUG AlphaScanner.Data download_history success for NESCO.NS rows=248 cols=['adj close', 'Close', 'High', 'Low', 'Open', 'Volume']
2026-08-15 17:10:25,327 DEBUG AlphaScanner.Data download_history(ticker=NETWORK18.NS, period=1y, interval=1d, use_cache=False)
2026-08-15 17:10:25,549 DEBUG AlphaScanner.Data download_history success for NETWORK18.NS rows=250 cols=['adj close', 'Close', 'High', 'Low', 'Open', 'Volume']
2026-08-15 17:10:25,551 DEBUG AlphaScanner.Data download_history(ticker=NEWGEN.NS, period=1y, interval=1d, use_cache=False)
2026-08-15 17:10:25,735 DEBUG AlphaScanner.Data download_history success for NEWGEN.NS rows=250 cols=['adj close', 'Close', 'High', 'Low', 'Open', 'Volume']
2026-08-15 17:10:25,736 DEBUG AlphaScanner.Data download_history(ticker=NFL.NS, period=1y, interval=1d, use_cache=False)
2026-08-15 17:10:25,930 DEBUG AlphaScanner.Data download_history success for NFL.NS rows=250 cols=['adj close', 'Close', 'High', 'Low', 'Open', 'Volume']
2026-08-15 17:10:25,933 DEBUG AlphaScanner.Data download_history(ticker=NUVOCO.NS, period=1y, interval=1d, use_cache=False)
2026-08-15 17:10:26,161 DEBUG AlphaScanner.Data download_history success for NUVOCO.NS rows=250 cols=['adj close', 'Close', 'High', 'Low', 'Open', 'Volume']
2026-08-15 17:10:26,162 DEBUG AlphaScanner.Data download_history(ticker=OLAELEC.NS, period=1y, interval=1d, use_cache=False)
2026-08-15 17:10:26,300 DEBUG AlphaScanner.Data download_history success for OLAELEC.NS rows=250 cols=['adj close', 'Close', 'High', 'Low', 'Open', 'Volume']
2026-08-15 17:10:26,304 DEBUG AlphaScanner.Data download_history(ticker=OPTIEMUS.NS, period=1y, interval=1d, use_cache=False)
2026-08-15 17:10:26,507 DEBUG AlphaScanner.Data download_history success for OPTIEMUS.NS rows=249 cols=['adj close', 'Close', 'High', 'Low', 'Open', 'Volume']
2026-08-15 17:10:26,511 DEBUG AlphaScanner.Data download_history(ticker=PARADEEP.NS, period=1y, interval=1d, use_cache=False)
2026-08-15 17:10:26,672 DEBUG AlphaScanner.Data download_history success for PARADEEP.NS rows=250 cols=['adj close', 'Close', 'High', 'Low', 'Open', 'Volume']
2026-08-15 17:10:26,674 DEBUG AlphaScanner.Data download_history(ticker=PARAS.NS, period=1y, interval=1d, use_cache=False)
2026-08-15 17:10:26,850 DEBUG AlphaScanner.Data download_history success for PARAS.NS rows=250 cols=['adj close', 'Close', 'High', 'Low', 'Open', 'Volume']
2026-08-15 17:10:26,852 DEBUG AlphaScanner.Data download_history(ticker=PARKHOSPS.NS, period=1y, interval=1d, use_cache=False)
2026-08-15 17:10:26,999 DEBUG AlphaScanner.Data download_history success for PARKHOSPS.NS rows=166 cols=['adj close', 'Close', 'High', 'Low', 'Open', 'Volume']
2026-08-15 17:10:27,001 DEBUG AlphaScanner.Data download_history(ticker=PCBL.NS, period=1y, interval=1d, use_cache=False)
2026-08-15 17:10:27,170 DEBUG AlphaScanner.Data download_history success for PCBL.NS rows=250 cols=['adj close', 'Close', 'High', 'Low', 'Open', 'Volume']
2026-08-15 17:10:27,172 DEBUG AlphaScanner.Data download_history(ticker=PGEL.NS, period=1y, interval=1d, use_cache=False)
2026-08-15 17:10:27,333 DEBUG AlphaScanner.Data download_history success for PGEL.NS rows=250 cols=['adj close', 'Close', 'High', 'Low', 'Open', 'Volume']
2026-08-15 17:10:27,335 DEBUG AlphaScanner.Data download_history(ticker=PGIL.NS, period=1y, interval=1d, use_cache=False)
2026-08-15 17:10:27,520 DEBUG AlphaScanner.Data download_history success for PGIL.NS rows=249 cols=['adj close', 'Close', 'High', 'Low', 'Open', 'Volume']
2026-08-15 17:10:27,521 DEBUG AlphaScanner.Data download_history(ticker=PICCADIL.NS, period=1y, interval=1d, use_cache=False)
2026-08-15 17:10:27,733 DEBUG AlphaScanner.Data download_history success for PICCADIL.NS rows=250 cols=['adj close', 'Close', 'High', 'Low', 'Open', 'Volume']
2026-08-15 17:10:27,735 DEBUG AlphaScanner.Data download_history(ticker=PINELABS.NS, period=1y, interval=1d, use_cache=False)
2026-08-15 17:10:27,999 DEBUG AlphaScanner.Data download_history success for PINELABS.NS rows=189 cols=['adj close', 'Close', 'High', 'Low', 'Open', 'Volume']
2026-08-15 17:10:28,000 DEBUG AlphaScanner.Data download_history(ticker=PNCINFRA.NS, period=1y, interval=1d, use_cache=False)
2026-08-15 17:10:28,195 DEBUG AlphaScanner.Data download_history success for PNCINFRA.NS rows=250 cols=['adj close', 'Close', 'High', 'Low', 'Open', 'Volume']
2026-08-15 17:10:28,197 DEBUG AlphaScanner.Data download_history(ticker=PNGJL.NS, period=1y, interval=1d, use_cache=False)
2026-08-15 17:10:28,423 DEBUG AlphaScanner.Data download_history success for PNGJL.NS rows=250 cols=['adj close', 'Close', 'High', 'Low', 'Open', 'Volume']
2026-08-15 17:10:28,425 DEBUG AlphaScanner.Data download_history(ticker=POLYMED.NS, period=1y, interval=1d, use_cache=False)
2026-08-15 17:10:28,663 DEBUG AlphaScanner.Data download_history success for POLYMED.NS rows=250 cols=['adj close', 'Close', 'High', 'Low', 'Open', 'Volume']
2026-08-15 17:10:28,664 DEBUG AlphaScanner.Data download_history(ticker=POWERMECH.NS, period=1y, interval=1d, use_cache=False)
2026-08-15 17:10:28,904 DEBUG AlphaScanner.Data download_history success for POWERMECH.NS rows=249 cols=['adj close', 'Close', 'High', 'Low', 'Open', 'Volume']
2026-08-15 17:10:28,906 DEBUG AlphaScanner.Data download_history(ticker=PRAJIND.NS, period=1y, interval=1d, use_cache=False)
2026-08-15 17:10:29,069 DEBUG AlphaScanner.Data download_history success for PRAJIND.NS rows=250 cols=['adj close', 'Close', 'High', 'Low', 'Open', 'Volume']
2026-08-15 17:10:29,070 DEBUG AlphaScanner.Data download_history(ticker=PRICOLLTD.NS, period=1y, interval=1d, use_cache=False)
2026-08-15 17:10:29,247 DEBUG AlphaScanner.Data download_history success for PRICOLLTD.NS rows=249 cols=['adj close', 'Close', 'High', 'Low', 'Open', 'Volume']
2026-08-15 17:10:29,250 DEBUG AlphaScanner.Data download_history(ticker=PRSMJOHNSN.NS, period=1y, interval=1d, use_cache=False)
2026-08-15 17:10:29,383 DEBUG AlphaScanner.Data download_history success for PRSMJOHNSN.NS rows=248 cols=['adj close', 'Close', 'High', 'Low', 'Open', 'Volume']
2026-08-15 17:10:29,385 DEBUG AlphaScanner.Data download_history(ticker=PTC.NS, period=1y, interval=1d, use_cache=False)
2026-08-15 17:10:29,726 DEBUG AlphaScanner.Data download_history success for PTC.NS rows=250 cols=['adj close', 'Close', 'High', 'Low', 'Open', 'Volume']
2026-08-15 17:10:29,727 DEBUG AlphaScanner.Data download_history(ticker=PURVA.NS, period=1y, interval=1d, use_cache=False)
2026-08-15 17:10:29,905 DEBUG AlphaScanner.Data download_history success for PURVA.NS rows=249 cols=['adj close', 'Close', 'High', 'Low', 'Open', 'Volume']
2026-08-15 17:10:29,907 DEBUG AlphaScanner.Data download_history(ticker=PVRINOX.NS, period=1y, interval=1d, use_cache=False)
2026-08-15 17:10:30,458 DEBUG AlphaScanner.Data download_history success for PVRINOX.NS rows=250 cols=['adj close', 'Close', 'High', 'Low', 'Open', 'Volume']
2026-08-15 17:10:30,460 DEBUG AlphaScanner.Data download_history(ticker=QPOWER.NS, period=1y, interval=1d, use_cache=False)
2026-08-15 17:10:30,615 DEBUG AlphaScanner.Data download_history success for QPOWER.NS rows=250 cols=['adj close', 'Close', 'High', 'Low', 'Open', 'Volume']
2026-08-15 17:10:30,616 DEBUG AlphaScanner.Data download_history(ticker=QUESS.NS, period=1y, interval=1d, use_cache=False)
2026-08-15 17:10:30,992 DEBUG AlphaScanner.Data download_history success for QUESS.NS rows=250 cols=['adj close', 'Close', 'High', 'Low', 'Open', 'Volume']
2026-08-15 17:10:30,994 DEBUG AlphaScanner.Data download_history(ticker=RAIN.NS, period=1y, interval=1d, use_cache=False)
2026-08-15 17:10:31,225 DEBUG AlphaScanner.Data download_history success for RAIN.NS rows=250 cols=['adj close', 'Close', 'High', 'Low', 'Open', 'Volume']
2026-08-15 17:10:31,226 DEBUG AlphaScanner.Data download_history(ticker=RAINBOW.NS, period=1y, interval=1d, use_cache=False)
2026-08-15 17:10:31,396 DEBUG AlphaScanner.Data download_history success for RAINBOW.NS rows=249 cols=['adj close', 'Close', 'High', 'Low', 'Open', 'Volume']
2026-08-15 17:10:31,397 DEBUG AlphaScanner.Data download_history(ticker=RALLIS.NS, period=1y, interval=1d, use_cache=False)
2026-08-15 17:10:31,567 DEBUG AlphaScanner.Data download_history success for RALLIS.NS rows=250 cols=['adj close', 'Close', 'High', 'Low', 'Open', 'Volume']
2026-08-15 17:10:31,569 DEBUG AlphaScanner.Data download_history(ticker=RATEGAIN.NS, period=1y, interval=1d, use_cache=False)
2026-08-15 17:10:31,911 DEBUG AlphaScanner.Data download_history success for RATEGAIN.NS rows=249 cols=['adj close', 'Close', 'High', 'Low', 'Open', 'Volume']
2026-08-15 17:10:31,912 DEBUG AlphaScanner.Data download_history(ticker=RATNAMANI.NS, period=1y, interval=1d, use_cache=False)
2026-08-15 17:10:32,325 DEBUG AlphaScanner.Data download_history success for RATNAMANI.NS rows=249 cols=['adj close', 'Close', 'High', 'Low', 'Open', 'Volume']
2026-08-15 17:10:32,326 DEBUG AlphaScanner.Data download_history(ticker=RAYMONDLSL.NS, period=1y, interval=1d, use_cache=False)
2026-08-15 17:10:32,765 DEBUG AlphaScanner.Data download_history success for RAYMONDLSL.NS rows=250 cols=['adj close', 'Close', 'High', 'Low', 'Open', 'Volume']
2026-08-15 17:10:32,767 DEBUG AlphaScanner.Data download_history(ticker=RBA.NS, period=1y, interval=1d, use_cache=False)
2026-08-15 17:10:32,964 DEBUG AlphaScanner.Data download_history success for RBA.NS rows=249 cols=['adj close', 'Close', 'High', 'Low', 'Open', 'Volume']
2026-08-15 17:10:32,965 DEBUG AlphaScanner.Data download_history(ticker=RCF.NS, period=1y, interval=1d, use_cache=False)
2026-08-15 17:10:33,347 DEBUG AlphaScanner.Data download_history success for RCF.NS rows=250 cols=['adj close', 'Close', 'High', 'Low', 'Open', 'Volume']
2026-08-15 17:10:33,348 DEBUG AlphaScanner.Data download_history(ticker=REDTAPE.NS, period=1y, interval=1d, use_cache=False)
2026-08-15 17:10:33,760 DEBUG AlphaScanner.Data download_history success for REDTAPE.NS rows=250 cols=['adj close', 'Close', 'High', 'Low', 'Open', 'Volume']
2026-08-15 17:10:33,761 DEBUG AlphaScanner.Data download_history(ticker=REFEX.NS, period=1y, interval=1d, use_cache=False)
2026-08-15 17:10:34,166 DEBUG AlphaScanner.Data download_history success for REFEX.NS rows=249 cols=['adj close', 'Close', 'High', 'Low', 'Open', 'Volume']
2026-08-15 17:10:34,167 DEBUG AlphaScanner.Data download_history(ticker=RELAXO.NS, period=1y, interval=1d, use_cache=False)
2026-08-15 17:10:34,386 DEBUG AlphaScanner.Data download_history success for RELAXO.NS rows=249 cols=['adj close', 'Close', 'High', 'Low', 'Open', 'Volume']
2026-08-15 17:10:34,387 DEBUG AlphaScanner.Data download_history(ticker=RELIGARE.NS, period=1y, interval=1d, use_cache=False)
2026-08-15 17:10:34,529 DEBUG AlphaScanner.Data download_history success for RELIGARE.NS rows=249 cols=['adj close', 'Close', 'High', 'Low', 'Open', 'Volume']
2026-08-15 17:10:34,531 DEBUG AlphaScanner.Data download_history(ticker=RENUKA.NS, period=1y, interval=1d, use_cache=False)
2026-08-15 17:10:34,691 DEBUG AlphaScanner.Data download_history success for RENUKA.NS rows=250 cols=['adj close', 'Close', 'High', 'Low', 'Open', 'Volume']
2026-08-15 17:10:34,694 DEBUG AlphaScanner.Data download_history(ticker=RITES.NS, period=1y, interval=1d, use_cache=False)
2026-08-15 17:10:34,847 DEBUG AlphaScanner.Data download_history success for RITES.NS rows=250 cols=['adj close', 'Close', 'High', 'Low', 'Open', 'Volume']
2026-08-15 17:10:34,848 DEBUG AlphaScanner.Data download_history(ticker=RKFORGE.NS, period=1y, interval=1d, use_cache=False)
2026-08-15 17:10:35,019 DEBUG AlphaScanner.Data download_history success for RKFORGE.NS rows=250 cols=['adj close', 'Close', 'High', 'Low', 'Open', 'Volume']
2026-08-15 17:10:35,021 DEBUG AlphaScanner.Data download_history(ticker=ROUTE.NS, period=1y, interval=1d, use_cache=False)
2026-08-15 17:10:35,187 DEBUG AlphaScanner.Data download_history success for ROUTE.NS rows=250 cols=['adj close', 'Close', 'High', 'Low', 'Open', 'Volume']
2026-08-15 17:10:35,189 DEBUG AlphaScanner.Data download_history(ticker=RPOWER.NS, period=1y, interval=1d, use_cache=False)
2026-08-15 17:10:35,341 DEBUG AlphaScanner.Data download_history success for RPOWER.NS rows=250 cols=['adj close', 'Close', 'High', 'Low', 'Open', 'Volume']
2026-08-15 17:10:35,343 DEBUG AlphaScanner.Data download_history(ticker=RTNINDIA.NS, period=1y, interval=1d, use_cache=False)
2026-08-15 17:10:35,466 DEBUG AlphaScanner.Data download_history success for RTNINDIA.NS rows=250 cols=['adj close', 'Close', 'High', 'Low', 'Open', 'Volume']
2026-08-15 17:10:35,470 DEBUG AlphaScanner.Data download_history(ticker=SAFARI.NS, period=1y, interval=1d, use_cache=False)
2026-08-15 17:10:35,721 DEBUG AlphaScanner.Data download_history success for SAFARI.NS rows=248 cols=['adj close', 'Close', 'High', 'Low', 'Open', 'Volume']
2026-08-15 17:10:35,723 DEBUG AlphaScanner.Data download_history(ticker=SAMHI.NS, period=1y, interval=1d, use_cache=False)
2026-08-15 17:10:35,873 DEBUG AlphaScanner.Data download_history success for SAMHI.NS rows=250 cols=['adj close', 'Close', 'High', 'Low', 'Open', 'Volume']
2026-08-15 17:10:35,875 DEBUG AlphaScanner.Data download_history(ticker=SAMMAANCAP.NS, period=1y, interval=1d, use_cache=False)
2026-08-15 17:10:36,146 DEBUG AlphaScanner.Data download_history success for SAMMAANCAP.NS rows=250 cols=['adj close', 'Close', 'High', 'Low', 'Open', 'Volume']
2026-08-15 17:10:36,148 DEBUG AlphaScanner.Data download_history(ticker=SANDUMA.NS, period=1y, interval=1d, use_cache=False)
2026-08-15 17:10:36,307 DEBUG AlphaScanner.Data download_history success for SANDUMA.NS rows=250 cols=['adj close', 'Close', 'High', 'Low', 'Open', 'Volume']
2026-08-15 17:10:36,310 DEBUG AlphaScanner.Data download_history(ticker=SARDAEN.NS, period=1y, interval=1d, use_cache=False)
2026-08-15 17:10:36,480 DEBUG AlphaScanner.Data download_history success for SARDAEN.NS rows=250 cols=['adj close', 'Close', 'High', 'Low', 'Open', 'Volume']
2026-08-15 17:10:36,485 DEBUG AlphaScanner.Data download_history(ticker=SENCO.NS, period=1y, interval=1d, use_cache=False)
2026-08-15 17:10:36,634 DEBUG AlphaScanner.Data download_history success for SENCO.NS rows=250 cols=['adj close', 'Close', 'High', 'Low', 'Open', 'Volume']
2026-08-15 17:10:36,635 DEBUG AlphaScanner.Data download_history(ticker=SFL.NS, period=1y, interval=1d, use_cache=False)
2026-08-15 17:10:36,793 DEBUG AlphaScanner.Data download_history success for SFL.NS rows=250 cols=['adj close', 'Close', 'High', 'Low', 'Open', 'Volume']
2026-08-15 17:10:36,794 DEBUG AlphaScanner.Data download_history(ticker=SHAILY.NS, period=1y, interval=1d, use_cache=False)
2026-08-15 17:10:36,939 DEBUG AlphaScanner.Data download_history success for SHAILY.NS rows=250 cols=['adj close', 'Close', 'High', 'Low', 'Open', 'Volume']
2026-08-15 17:10:36,942 DEBUG AlphaScanner.Data download_history(ticker=SHAREINDIA.NS, period=1y, interval=1d, use_cache=False)
2026-08-15 17:10:37,104 DEBUG AlphaScanner.Data download_history success for SHAREINDIA.NS rows=250 cols=['adj close', 'Close', 'High', 'Low', 'Open', 'Volume']
2026-08-15 17:10:37,105 DEBUG AlphaScanner.Data download_history(ticker=SHILPAMED.NS, period=1y, interval=1d, use_cache=False)
2026-08-15 17:10:37,275 DEBUG AlphaScanner.Data download_history success for SHILPAMED.NS rows=250 cols=['adj close', 'Close', 'High', 'Low', 'Open', 'Volume']
2026-08-15 17:10:37,286 DEBUG AlphaScanner.Data download_history(ticker=SPARC.NS, period=1y, interval=1d, use_cache=False)
2026-08-15 17:10:37,431 DEBUG AlphaScanner.Data download_history success for SPARC.NS rows=250 cols=['adj close', 'Close', 'High', 'Low', 'Open', 'Volume']
2026-08-15 17:10:37,433 DEBUG AlphaScanner.Data download_history(ticker=SPLPETRO.NS, period=1y, interval=1d, use_cache=False)
2026-08-15 17:10:37,641 DEBUG AlphaScanner.Data download_history success for SPLPETRO.NS rows=250 cols=['adj close', 'Close', 'High', 'Low', 'Open', 'Volume']
2026-08-15 17:10:37,642 DEBUG AlphaScanner.Data download_history(ticker=STAR.NS, period=1y, interval=1d, use_cache=False)
2026-08-15 17:10:37,804 DEBUG AlphaScanner.Data download_history success for STAR.NS rows=250 cols=['adj close', 'Close', 'High', 'Low', 'Open', 'Volume']
2026-08-15 17:10:37,808 DEBUG AlphaScanner.Data download_history(ticker=SUDARSCHEM.NS, period=1y, interval=1d, use_cache=False)
2026-08-15 17:10:38,032 DEBUG AlphaScanner.Data download_history success for SUDARSCHEM.NS rows=249 cols=['adj close', 'Close', 'High', 'Low', 'Open', 'Volume']
2026-08-15 17:10:38,037 DEBUG AlphaScanner.Data download_history(ticker=SUNTV.NS, period=1y, interval=1d, use_cache=False)
2026-08-15 17:10:38,195 DEBUG AlphaScanner.Data download_history success for SUNTV.NS rows=250 cols=['adj close', 'Close', 'High', 'Low', 'Open', 'Volume']
2026-08-15 17:10:38,197 DEBUG AlphaScanner.Data download_history(ticker=SUPRIYA.NS, period=1y, interval=1d, use_cache=False)
2026-08-15 17:10:38,532 DEBUG AlphaScanner.Data download_history success for SUPRIYA.NS rows=249 cols=['adj close', 'Close', 'High', 'Low', 'Open', 'Volume']
2026-08-15 17:10:38,533 DEBUG AlphaScanner.Data download_history(ticker=SURYAROSNI.NS, period=1y, interval=1d, use_cache=False)
2026-08-15 17:10:38,697 DEBUG AlphaScanner.Data download_history success for SURYAROSNI.NS rows=250 cols=['adj close', 'Close', 'High', 'Low', 'Open', 'Volume']
2026-08-15 17:10:38,701 DEBUG AlphaScanner.Data download_history(ticker=SYNGENE.NS, period=1y, interval=1d, use_cache=False)
2026-08-15 17:10:38,882 DEBUG AlphaScanner.Data download_history success for SYNGENE.NS rows=250 cols=['adj close', 'Close', 'High', 'Low', 'Open', 'Volume']
2026-08-15 17:10:38,886 DEBUG AlphaScanner.Data download_history(ticker=TARIL.NS, period=1y, interval=1d, use_cache=False)
2026-08-15 17:10:39,046 DEBUG AlphaScanner.Data download_history success for TARIL.NS rows=250 cols=['adj close', 'Close', 'High', 'Low', 'Open', 'Volume']
2026-08-15 17:10:39,048 DEBUG AlphaScanner.Data download_history(ticker=TATACHEM.NS, period=1y, interval=1d, use_cache=False)
2026-08-15 17:10:39,225 DEBUG AlphaScanner.Data download_history success for TATACHEM.NS rows=250 cols=['adj close', 'Close', 'High', 'Low', 'Open', 'Volume']
2026-08-15 17:10:39,230 DEBUG AlphaScanner.Data download_history(ticker=TEXRAIL.NS, period=1y, interval=1d, use_cache=False)
2026-08-15 17:10:39,403 DEBUG AlphaScanner.Data download_history success for TEXRAIL.NS rows=250 cols=['adj close', 'Close', 'High', 'Low', 'Open', 'Volume']
2026-08-15 17:10:39,406 DEBUG AlphaScanner.Data download_history(ticker=THOMASCOOK.NS, period=1y, interval=1d, use_cache=False)
2026-08-15 17:10:39,574 DEBUG AlphaScanner.Data download_history success for THOMASCOOK.NS rows=250 cols=['adj close', 'Close', 'High', 'Low', 'Open', 'Volume']
2026-08-15 17:10:39,575 DEBUG AlphaScanner.Data download_history(ticker=THYROCARE.NS, period=1y, interval=1d, use_cache=False)
2026-08-15 17:10:39,754 DEBUG AlphaScanner.Data download_history success for THYROCARE.NS rows=250 cols=['adj close', 'Close', 'High', 'Low', 'Open', 'Volume']
2026-08-15 17:10:39,759 DEBUG AlphaScanner.Data download_history(ticker=TRANSRAILL.NS, period=1y, interval=1d, use_cache=False)
2026-08-15 17:10:39,908 DEBUG AlphaScanner.Data download_history success for TRANSRAILL.NS rows=250 cols=['adj close', 'Close', 'High', 'Low', 'Open', 'Volume']
2026-08-15 17:10:39,913 DEBUG AlphaScanner.Data download_history(ticker=TSFINV.NS, period=1y, interval=1d, use_cache=False)
2026-08-15 17:10:40,073 DEBUG AlphaScanner.Data download_history success for TSFINV.NS rows=250 cols=['adj close', 'Close', 'High', 'Low', 'Open', 'Volume']
2026-08-15 17:10:40,076 DEBUG AlphaScanner.Data download_history(ticker=UJJIVANSFB.NS, period=1y, interval=1d, use_cache=False)
2026-08-15 17:10:40,215 DEBUG AlphaScanner.Data download_history success for UJJIVANSFB.NS rows=250 cols=['adj close', 'Close', 'High', 'Low', 'Open', 'Volume']
2026-08-15 17:10:40,220 DEBUG AlphaScanner.Data download_history(ticker=V2RETAIL.NS, period=1y, interval=1d, use_cache=False)
2026-08-15 17:10:40,344 DEBUG AlphaScanner.Data download_history success for V2RETAIL.NS rows=250 cols=['adj close', 'Close', 'High', 'Low', 'Open', 'Volume']
2026-08-15 17:10:40,349 DEBUG AlphaScanner.Data download_history(ticker=VIKRAMSOLR.NS, period=1y, interval=1d, use_cache=False)
2026-08-15 17:10:40,505 DEBUG AlphaScanner.Data download_history success for VIKRAMSOLR.NS rows=243 cols=['adj close', 'Close', 'High', 'Low', 'Open', 'Volume']
2026-08-15 17:10:40,525 DEBUG AlphaScanner.Engine Legacy scan reached evaluation phase after 55.97s
2026-08-15 17:10:40,652 DEBUG AlphaScanner.Engine Concatenated legacy data shape=(250, 2382)
2026-08-15 17:10:40,688 DEBUG AlphaScanner.Engine Post-align data shape=(246, 2382) benchmark_rows=246
2026-08-15 17:10:49,598 DEBUG AlphaScanner.Engine Legacy scan completed: hits=11 scanned=387 fail_counts={'trend_fail': 229, 'momentum_fail': 33, 'volume_fail': 0, 'breakout_fail': 57, 'rs_fail': 0, 'adx_fail': 1, 'liquidity_fail': 31, 'error_fail': 10}
2026-08-15 17:10:49,599 INFO AlphaScanner.Engine Legacy scan total elapsed 65.04s for universe=Total Market (Cap Focused) timeframe=1d
2026-08-15 17:10:49,621 INFO AlphaScanner.Service Legacy scan finished in 65.06s for universe=Total Market (Cap Focused) interval=1d scanner_type=Pre-Breakout
2026-08-15 17:10:49,623 DEBUG AlphaScanner.Service perform_fresh_scan completed: rows=11 stats_keys=['adx_fail', 'bank_nifty_change', 'bb_fail', 'breakout_fail', 'dii_net', 'error_fail', 'fakeout_trap', 'fii_net', 'liquidity_fail', 'macd_fail', 'market_bias', 'market_bias_score', 'market_breadth_50', 'market_health', 'momentum_fail', 'nifty_change', 'rs_fail', 'scanned', 'scanner_type', 'sector_sentiment', 'timeframe', 'trend_fail', 'trending_sectors', 'universe', 'universe_size', 'volume_fail']
2026-08-15 17:10:49,623 DEBUG AlphaScanner.Service perform_fresh_scan total elapsed=65.07s
2026-08-15 17:11:08,216 DEBUG AlphaScanner.UI.Scanner render_tab(scan_type=Pre-Breakout, universe=Total Market (Cap Focused), scan_mode=Entry Scanner, timeframe=1d, use_cache=False, run_scan=False)
2026-08-15 17:11:08,338 DEBUG AlphaScanner.UI.Scanner render_tab(scan_type=Pre-Breakout, universe=Total Market (Cap Focused), scan_mode=Entry Scanner, timeframe=1d, use_cache=False, run_scan=False)
2026-08-15 17:14:06,864 DEBUG AlphaScanner.UI.Scanner render_tab(scan_type=Breakout, universe=Total Market (Cap Focused), scan_mode=Entry Scanner, timeframe=1d, use_cache=False, run_scan=False)
2026-08-15 17:14:10,460 DEBUG AlphaScanner.UI.Scanner render_tab(scan_type=Breakout, universe=Total Market (Cap Focused), scan_mode=Entry Scanner, timeframe=1d, use_cache=False, run_scan=True)
2026-08-15 17:14:10,462 DEBUG AlphaScanner.UI.Scanner Starting fresh scan with min_cap=500 max_cap=20000 sector_map_size=752
2026-08-15 17:14:10,463 DEBUG AlphaScanner.Service perform_fresh_scan(scanner_type=Breakout, universe=Total Market (Cap Focused), timeframe=1d, scan_mode=Entry Scanner, use_cache=False, vol_thresh=1.0, rsi_min=50, rsi_max=85, dist_thresh=1.5, min_mkt_cap_cr=500, max_mkt_cap_cr=20000)
2026-08-15 17:14:10,465 DEBUG AlphaScanner.Service Routing to legacy breakout scanner with normalized timeframe=1d
2026-08-15 17:14:10,465 DEBUG AlphaScanner.Engine run_scanner(scanner_type=Breakout, universe=Total Market (Cap Focused), timeframe=1d, use_cache=False, incremental_fetch=False, vol_thresh=1.0, rsi_range=50-85, dist_thresh=1.5, min_cap=500, max_cap=20000)
2026-08-15 17:14:10,465 DEBUG AlphaScanner.Engine Resolved legacy universe 'Total Market (Cap Focused)' to 755 tickers
2026-08-15 17:14:10,465 INFO AlphaScanner.Engine Universe resolution finished in 0.00s for Total Market (Cap Focused)
2026-08-15 17:14:10,466 INFO AlphaScanner.Engine Prefiltering universe of 755 tickers by market cap (Min: 500 Cr, Max: 20000 Cr)...
2026-08-15 17:14:10,473 DEBUG AlphaScanner.Engine Metadata cache is up to date. Skipping prefetch.
2026-08-15 17:14:10,481 INFO AlphaScanner.Engine Market cap pre-filter reduced universe from 755 to 397 tickers.
2026-08-15 17:14:10,482 INFO AlphaScanner.Engine Market-cap prefilter finished in 0.02s and reduced universe to 397 tickers
2026-08-15 17:14:10,753 DEBUG AlphaScanner.Engine Loaded benchmark close series with 496 rows
2026-08-15 17:14:10,753 INFO AlphaScanner.Engine Benchmark download finished in 0.27s
2026-08-15 17:14:10,758 DEBUG AlphaScanner.Engine Metadata cache is up to date. Skipping prefetch.
2026-08-15 17:14:10,764 DEBUG AlphaScanner.Engine Metadata cache primed with 397 entries
2026-08-15 17:14:10,765 INFO AlphaScanner.Engine Metadata prefetch finished in 0.01s
2026-08-15 17:14:10,766 DEBUG AlphaScanner.Data download_history_batch(size=397, period=2y, interval=1d, use_cache=False, head=['AARTIDRUGS.NS', 'AARTIIND.NS', 'AARTIPHARM.NS', 'AAVAS.NS', 'ABDL.NS'])
2026-08-15 17:14:10,766 INFO AlphaScanner.Data download_history_batch fetching 40 live chunks with 10 workers (chunk_size=10).
2026-08-15 17:14:13,254 WARNING AlphaScanner.Data Batch download attempt 1/3 failed for chunk size=10: dictionary changed size during iteration
2026-08-15 17:14:13,396 WARNING AlphaScanner.Data Batch download attempt 1/3 failed for chunk size=10: 'BALAMINES.NS'
2026-08-15 17:14:13,475 DEBUG AlphaScanner.Data No data for ticker DBL.NS in batch result.
2026-08-15 17:14:13,478 DEBUG AlphaScanner.Data No data for ticker DBREALTY.NS in batch result.
2026-08-15 17:14:13,478 DEBUG AlphaScanner.Data No data for ticker DCBBANK.NS in batch result.
2026-08-15 17:14:13,478 DEBUG AlphaScanner.Data No data for ticker DCMSHRIRAM.NS in batch result.
2026-08-15 17:14:13,481 DEBUG AlphaScanner.Data No data for ticker DEVYANI.NS in batch result.
2026-08-15 17:14:13,486 DEBUG AlphaScanner.Data No data for ticker DOMS.NS in batch result.
2026-08-15 17:14:13,489 DEBUG AlphaScanner.Data No data for ticker DYNAMATECH.NS in batch result.
2026-08-15 17:14:13,490 DEBUG AlphaScanner.Data No data for ticker ECLERX.NS in batch result.
2026-08-15 17:14:13,490 DEBUG AlphaScanner.Data No data for ticker EDELWEISS.NS in batch result.
2026-08-15 17:14:13,560 DEBUG AlphaScanner.Data No data for ticker BEML.NS in batch result.
2026-08-15 17:14:13,561 DEBUG AlphaScanner.Data No data for ticker BIKAJI.NS in batch result.
2026-08-15 17:14:13,561 DEBUG AlphaScanner.Data No data for ticker BIRLACORPN.NS in batch result.
2026-08-15 17:14:13,561 DEBUG AlphaScanner.Data No data for ticker BLACKBUCK.NS in batch result.
2026-08-15 17:14:13,562 DEBUG AlphaScanner.Data No data for ticker BLS.NS in batch result.
2026-08-15 17:14:13,562 DEBUG AlphaScanner.Data No data for ticker BLUEDART.NS in batch result.
2026-08-15 17:14:13,562 DEBUG AlphaScanner.Data No data for ticker BLUEJET.NS in batch result.
2026-08-15 17:14:13,562 DEBUG AlphaScanner.Data No data for ticker BLUESTONE.NS in batch result.
2026-08-15 17:14:13,564 DEBUG AlphaScanner.Data No data for ticker BRIGADE.NS in batch result.
2026-08-15 17:14:13,741 DEBUG AlphaScanner.Data No data for ticker AARTIDRUGS.NS in batch result.
2026-08-15 17:14:13,742 DEBUG AlphaScanner.Data No data for ticker AARTIIND.NS in batch result.
2026-08-15 17:14:13,742 DEBUG AlphaScanner.Data No data for ticker AARTIPHARM.NS in batch result.
2026-08-15 17:14:13,742 DEBUG AlphaScanner.Data No data for ticker AAVAS.NS in batch result.
2026-08-15 17:14:13,742 DEBUG AlphaScanner.Data No data for ticker ABDL.NS in batch result.
2026-08-15 17:14:13,742 DEBUG AlphaScanner.Data No data for ticker ABFRL.NS in batch result.
2026-08-15 17:14:13,742 DEBUG AlphaScanner.Data No data for ticker ABLBL.NS in batch result.
2026-08-15 17:14:13,742 DEBUG AlphaScanner.Data No data for ticker ABREL.NS in batch result.
2026-08-15 17:14:13,742 DEBUG AlphaScanner.Data No data for ticker ACE.NS in batch result.
2026-08-15 17:14:15,578 DEBUG AlphaScanner.Data No data for ticker GRWRHITECH.NS in batch result.
2026-08-15 17:14:15,578 DEBUG AlphaScanner.Data No data for ticker GSFC.NS in batch result.
2026-08-15 17:14:15,581 DEBUG AlphaScanner.Data No data for ticker HBLENGINE.NS in batch result.
2026-08-15 17:14:15,581 DEBUG AlphaScanner.Data No data for ticker HCC.NS in batch result.
2026-08-15 17:14:15,656 DEBUG AlphaScanner.Data No data for ticker ENGINERSIN.NS in batch result.
2026-08-15 17:14:15,657 DEBUG AlphaScanner.Data No data for ticker ENTERO.NS in batch result.
2026-08-15 17:14:15,660 DEBUG AlphaScanner.Data No data for ticker EQUITASBNK.NS in batch result.
2026-08-15 17:14:15,660 DEBUG AlphaScanner.Data No data for ticker ERIS.NS in batch result.
2026-08-15 17:14:15,669 DEBUG AlphaScanner.Data No data for ticker ETHOSLTD.NS in batch result.
2026-08-15 17:14:15,669 DEBUG AlphaScanner.Data No data for ticker EUREKAFORB.NS in batch result.
2026-08-15 17:14:15,669 DEBUG AlphaScanner.Data No data for ticker FEDFINA.NS in batch result.
2026-08-15 17:14:15,669 DEBUG AlphaScanner.Data No data for ticker FIEMIND.NS in batch result.
2026-08-15 17:14:15,670 DEBUG AlphaScanner.Data No data for ticker FINCABLES.NS in batch result.
2026-08-15 17:14:15,670 DEBUG AlphaScanner.Data No data for ticker ADVENZYMES.NS in batch result.
2026-08-15 17:14:15,670 DEBUG AlphaScanner.Data No data for ticker AEQUS.NS in batch result.
2026-08-15 17:14:15,675 DEBUG AlphaScanner.Data No data for ticker AGARWALEYE.NS in batch result.
2026-08-15 17:14:15,677 DEBUG AlphaScanner.Data No data for ticker AHLUCONT.NS in batch result.
2026-08-15 17:14:15,677 DEBUG AlphaScanner.Data No data for ticker AKUMS.NS in batch result.
2026-08-15 17:14:15,677 DEBUG AlphaScanner.Data No data for ticker ALIVUS.NS in batch result.
2026-08-15 17:14:15,677 DEBUG AlphaScanner.Data No data for ticker ALKYLAMINE.NS in batch result.
2026-08-15 17:14:15,683 DEBUG AlphaScanner.Data No data for ticker ALOKINDS.NS in batch result.
2026-08-15 17:14:15,684 DEBUG AlphaScanner.Data No data for ticker ANUP.NS in batch result.
2026-08-15 17:14:15,686 DEBUG AlphaScanner.Data No data for ticker FINPIPE.NS in batch result.
2026-08-15 17:14:15,687 DEBUG AlphaScanner.Data No data for ticker FIRSTCRY.NS in batch result.
2026-08-15 17:14:15,689 DEBUG AlphaScanner.Data No data for ticker FIVESTAR.NS in batch result.
2026-08-15 17:14:15,689 DEBUG AlphaScanner.Data No data for ticker FSL.NS in batch result.
2026-08-15 17:14:15,696 DEBUG AlphaScanner.Data No data for ticker GAEL.NS in batch result.
2026-08-15 17:14:15,715 DEBUG AlphaScanner.Data No data for ticker GALLANTT.NS in batch result.
2026-08-15 17:14:15,717 DEBUG AlphaScanner.Data No data for ticker GESHIP.NS in batch result.
2026-08-15 17:14:15,717 DEBUG AlphaScanner.Data No data for ticker GHCL.NS in batch result.
2026-08-15 17:14:15,717 DEBUG AlphaScanner.Data No data for ticker GMDCLTD.NS in batch result.
2026-08-15 17:14:15,727 DEBUG AlphaScanner.Data No data for ticker EIHOTEL.NS in batch result.
2026-08-15 17:14:15,727 DEBUG AlphaScanner.Data No data for ticker ELECON.NS in batch result.
2026-08-15 17:14:15,730 DEBUG AlphaScanner.Data No data for ticker ELGIEQUIP.NS in batch result.
2026-08-15 17:14:15,730 DEBUG AlphaScanner.Data No data for ticker ELLEN.NS in batch result.
2026-08-15 17:14:15,735 DEBUG AlphaScanner.Data No data for ticker EMIL.NS in batch result.
2026-08-15 17:14:15,742 DEBUG AlphaScanner.Data No data for ticker INOXGREEN.NS in batch result.
2026-08-15 17:14:15,780 DEBUG AlphaScanner.Data No data for ticker INOXWIND.NS in batch result.
2026-08-15 17:14:15,786 DEBUG AlphaScanner.Data No data for ticker IRCON.NS in batch result.
2026-08-15 17:14:15,786 DEBUG AlphaScanner.Data No data for ticker IXIGO.NS in batch result.
2026-08-15 17:14:15,786 DEBUG AlphaScanner.Data No data for ticker GMRP&UI.NS in batch result.
2026-08-15 17:14:15,787 DEBUG AlphaScanner.Data No data for ticker GNFC.NS in batch result.
2026-08-15 17:14:15,787 DEBUG AlphaScanner.Data No data for ticker GODREJAGRO.NS in batch result.
2026-08-15 17:14:15,787 DEBUG AlphaScanner.Data No data for ticker GOKEX.NS in batch result.
2026-08-15 17:14:15,787 DEBUG AlphaScanner.Data No data for ticker GOKULAGRO.NS in batch result.
2026-08-15 17:14:15,789 DEBUG AlphaScanner.Data No data for ticker GPPL.NS in batch result.
2026-08-15 17:14:15,790 DEBUG AlphaScanner.Data No data for ticker GRAPHITE.NS in batch result.
2026-08-15 17:14:15,790 DEBUG AlphaScanner.Data No data for ticker GRAVITA.NS in batch result.
2026-08-15 17:14:15,790 DEBUG AlphaScanner.Data No data for ticker GREAVESCOT.NS in batch result.
2026-08-15 17:14:16,069 DEBUG AlphaScanner.Data No data for ticker HOMEFIRST.NS in batch result.
2026-08-15 17:14:16,070 DEBUG AlphaScanner.Data No data for ticker HONASA.NS in batch result.
2026-08-15 17:14:16,072 DEBUG AlphaScanner.Data No data for ticker IEX.NS in batch result.
2026-08-15 17:14:16,073 DEBUG AlphaScanner.Data No data for ticker IFBIND.NS in batch result.
2026-08-15 17:14:16,073 DEBUG AlphaScanner.Data No data for ticker IGIL.NS in batch result.
2026-08-15 17:14:16,074 DEBUG AlphaScanner.Data No data for ticker IIFLCAPS.NS in batch result.
2026-08-15 17:14:16,074 DEBUG AlphaScanner.Data No data for ticker IMFA.NS in batch result.
2026-08-15 17:14:16,074 DEBUG AlphaScanner.Data No data for ticker INDGN.NS in batch result.
2026-08-15 17:14:16,152 DEBUG AlphaScanner.Data No data for ticker J&KBANK.NS in batch result.
2026-08-15 17:14:16,163 DEBUG AlphaScanner.Data No data for ticker JAINREC.NS in batch result.
2026-08-15 17:14:16,167 DEBUG AlphaScanner.Data No data for ticker JAMNAAUTO.NS in batch result.
2026-08-15 17:14:16,167 DEBUG AlphaScanner.Data No data for ticker JAYNECOIND.NS in batch result.
2026-08-15 17:14:16,167 DEBUG AlphaScanner.Data No data for ticker JBMA.NS in batch result.
2026-08-15 17:14:16,167 DEBUG AlphaScanner.Data No data for ticker JINDALSAW.NS in batch result.
2026-08-15 17:14:16,170 DEBUG AlphaScanner.Data No data for ticker JKLAKSHMI.NS in batch result.
2026-08-15 17:14:16,170 DEBUG AlphaScanner.Data No data for ticker JKPAPER.NS in batch result.
2026-08-15 17:14:16,447 DEBUG AlphaScanner.Data No data for ticker APLLTD.NS in batch result.
2026-08-15 17:14:16,447 DEBUG AlphaScanner.Data No data for ticker APOLLO.NS in batch result.
2026-08-15 17:14:16,450 DEBUG AlphaScanner.Data No data for ticker ARE&M.NS in batch result.
2026-08-15 17:14:16,450 DEBUG AlphaScanner.Data No data for ticker ARVIND.NS in batch result.
2026-08-15 17:14:16,450 DEBUG AlphaScanner.Data No data for ticker ARVINDFASN.NS in batch result.
2026-08-15 17:14:16,451 DEBUG AlphaScanner.Data No data for ticker ASHAPURMIN.NS in batch result.
2026-08-15 17:14:16,451 DEBUG AlphaScanner.Data No data for ticker ASHOKA.NS in batch result.
2026-08-15 17:14:16,451 DEBUG AlphaScanner.Data No data for ticker ASKAUTOLTD.NS in batch result.
2026-08-15 17:14:17,693 DEBUG AlphaScanner.Data No data for ticker KSB.NS in batch result.
2026-08-15 17:14:17,697 DEBUG AlphaScanner.Data No data for ticker KTKBANK.NS in batch result.
2026-08-15 17:14:17,697 DEBUG AlphaScanner.Data No data for ticker LATENTVIEW.NS in batch result.
2026-08-15 17:14:17,771 DEBUG AlphaScanner.Data No data for ticker LLOYDSENGG.NS in batch result.
2026-08-15 17:14:17,771 DEBUG AlphaScanner.Data No data for ticker LLOYDSENT.NS in batch result.
2026-08-15 17:14:17,772 DEBUG AlphaScanner.Data No data for ticker LOTUSDEV.NS in batch result.
2026-08-15 17:14:17,773 DEBUG AlphaScanner.Data No data for ticker LTFOODS.NS in batch result.
2026-08-15 17:14:17,773 DEBUG AlphaScanner.Data No data for ticker LUMAXTECH.NS in batch result.
2026-08-15 17:14:17,773 DEBUG AlphaScanner.Data No data for ticker LXCHEM.NS in batch result.
2026-08-15 17:14:17,773 DEBUG AlphaScanner.Data No data for ticker MAHSCOOTER.NS in batch result.
2026-08-15 17:14:17,773 DEBUG AlphaScanner.Data No data for ticker MAHSEAMLES.NS in batch result.
2026-08-15 17:14:17,777 DEBUG AlphaScanner.Data No data for ticker MANYAVAR.NS in batch result.
2026-08-15 17:14:17,803 DEBUG AlphaScanner.Data No data for ticker NSLNISP.NS in batch result.
2026-08-15 17:14:17,803 DEBUG AlphaScanner.Data No data for ticker NUVOCO.NS in batch result.
2026-08-15 17:14:17,803 DEBUG AlphaScanner.Data No data for ticker OLAELEC.NS in batch result.
2026-08-15 17:14:17,803 DEBUG AlphaScanner.Data No data for ticker OLECTRA.NS in batch result.
2026-08-15 17:14:17,804 DEBUG AlphaScanner.Data No data for ticker ONESOURCE.NS in batch result.
2026-08-15 17:14:17,804 DEBUG AlphaScanner.Data No data for ticker OPTIEMUS.NS in batch result.
2026-08-15 17:14:17,804 DEBUG AlphaScanner.Data No data for ticker ORIENTCEM.NS in batch result.
2026-08-15 17:14:17,804 DEBUG AlphaScanner.Data No data for ticker ORKLAINDIA.NS in batch result.
2026-08-15 17:14:17,811 DEBUG AlphaScanner.Data No data for ticker OSWALPUMPS.NS in batch result.
2026-08-15 17:14:17,818 DEBUG AlphaScanner.Data No data for ticker MAPMYINDIA.NS in batch result.
2026-08-15 17:14:17,818 DEBUG AlphaScanner.Data No data for ticker MARKSANS.NS in batch result.
2026-08-15 17:14:17,819 DEBUG AlphaScanner.Data No data for ticker MASTEK.NS in batch result.
2026-08-15 17:14:17,819 DEBUG AlphaScanner.Data No data for ticker MEDPLUS.NS in batch result.
2026-08-15 17:14:17,824 DEBUG AlphaScanner.Data No data for ticker METROPOLIS.NS in batch result.
2026-08-15 17:14:17,865 DEBUG AlphaScanner.Data No data for ticker MIDHANI.NS in batch result.
2026-08-15 17:14:17,865 DEBUG AlphaScanner.Data No data for ticker MINDACORP.NS in batch result.
2026-08-15 17:14:17,866 DEBUG AlphaScanner.Data No data for ticker MMTC.NS in batch result.
2026-08-15 17:14:17,866 DEBUG AlphaScanner.Data No data for ticker MOIL.NS in batch result.
2026-08-15 17:14:17,934 DEBUG AlphaScanner.Data No data for ticker JLHL.NS in batch result.
2026-08-15 17:14:17,934 DEBUG AlphaScanner.Data No data for ticker JMFINANCIL.NS in batch result.
2026-08-15 17:14:17,939 DEBUG AlphaScanner.Data No data for ticker JSFB.NS in batch result.
2026-08-15 17:14:17,945 DEBUG AlphaScanner.Data No data for ticker JSLL.NS in batch result.
2026-08-15 17:14:17,951 DEBUG AlphaScanner.Data No data for ticker JSWCEMENT.NS in batch result.
2026-08-15 17:14:17,964 DEBUG AlphaScanner.Data No data for ticker JSWDULUX.NS in batch result.
2026-08-15 17:14:17,965 DEBUG AlphaScanner.Data No data for ticker JUBLINGREA.NS in batch result.
2026-08-15 17:14:17,968 DEBUG AlphaScanner.Data No data for ticker JUBLPHARMA.NS in batch result.
2026-08-15 17:14:17,968 DEBUG AlphaScanner.Data No data for ticker JUSTDIAL.NS in batch result.
2026-08-15 17:14:17,973 DEBUG AlphaScanner.Data No data for ticker NATCOPHARM.NS in batch result.
2026-08-15 17:14:17,973 DEBUG AlphaScanner.Data No data for ticker NAVA.NS in batch result.
2026-08-15 17:14:17,974 DEBUG AlphaScanner.Data No data for ticker NAZARA.NS in batch result.
2026-08-15 17:14:17,975 DEBUG AlphaScanner.Data No data for ticker NCC.NS in batch result.
2026-08-15 17:14:17,977 DEBUG AlphaScanner.Data No data for ticker NEOGEN.NS in batch result.
2026-08-15 17:14:17,977 DEBUG AlphaScanner.Data No data for ticker NESCO.NS in batch result.
2026-08-15 17:14:17,978 DEBUG AlphaScanner.Data No data for ticker NETWORK18.NS in batch result.
2026-08-15 17:14:17,978 DEBUG AlphaScanner.Data No data for ticker NEWGEN.NS in batch result.
2026-08-15 17:14:17,978 DEBUG AlphaScanner.Data No data for ticker NFL.NS in batch result.
2026-08-15 17:14:17,981 DEBUG AlphaScanner.Data No data for ticker PARADEEP.NS in batch result.
2026-08-15 17:14:17,981 DEBUG AlphaScanner.Data No data for ticker PARAS.NS in batch result.
2026-08-15 17:14:17,989 DEBUG AlphaScanner.Data No data for ticker PARKHOSPS.NS in batch result.
2026-08-15 17:14:18,003 DEBUG AlphaScanner.Data No data for ticker PCBL.NS in batch result.
2026-08-15 17:14:18,006 DEBUG AlphaScanner.Data No data for ticker PGEL.NS in batch result.
2026-08-15 17:14:18,007 DEBUG AlphaScanner.Data No data for ticker PGIL.NS in batch result.
2026-08-15 17:14:18,007 DEBUG AlphaScanner.Data No data for ticker PICCADIL.NS in batch result.
2026-08-15 17:14:18,023 DEBUG AlphaScanner.Data No data for ticker PINELABS.NS in batch result.
2026-08-15 17:14:18,027 DEBUG AlphaScanner.Data No data for ticker PNCINFRA.NS in batch result.
2026-08-15 17:14:18,030 DEBUG AlphaScanner.Data No data for ticker JWL.NS in batch result.
2026-08-15 17:14:18,030 DEBUG AlphaScanner.Data No data for ticker JYOTHYLAB.NS in batch result.
2026-08-15 17:14:18,030 DEBUG AlphaScanner.Data No data for ticker JYOTICNC.NS in batch result.
2026-08-15 17:14:18,031 DEBUG AlphaScanner.Data No data for ticker KAJARIACER.NS in batch result.
2026-08-15 17:14:18,031 DEBUG AlphaScanner.Data No data for ticker KANSAINER.NS in batch result.
2026-08-15 17:14:18,031 DEBUG AlphaScanner.Data No data for ticker KEC.NS in batch result.
2026-08-15 17:14:18,032 DEBUG AlphaScanner.Data No data for ticker KFINTECH.NS in batch result.
2026-08-15 17:14:18,032 DEBUG AlphaScanner.Data No data for ticker KIRLOSBROS.NS in batch result.
2026-08-15 17:14:18,057 DEBUG AlphaScanner.Data No data for ticker KITEX.NS in batch result.
2026-08-15 17:14:18,181 DEBUG AlphaScanner.Data No data for ticker PNGJL.NS in batch result.
2026-08-15 17:14:18,181 DEBUG AlphaScanner.Data No data for ticker POLYMED.NS in batch result.
2026-08-15 17:14:18,182 DEBUG AlphaScanner.Data No data for ticker POWERMECH.NS in batch result.
2026-08-15 17:14:18,182 DEBUG AlphaScanner.Data No data for ticker PRAJIND.NS in batch result.
2026-08-15 17:14:18,182 DEBUG AlphaScanner.Data No data for ticker PRICOLLTD.NS in batch result.
2026-08-15 17:14:18,186 DEBUG AlphaScanner.Data No data for ticker PRSMJOHNSN.NS in batch result.
2026-08-15 17:14:18,186 DEBUG AlphaScanner.Data No data for ticker PRUDENT.NS in batch result.
2026-08-15 17:14:18,186 DEBUG AlphaScanner.Data No data for ticker PTC.NS in batch result.
2026-08-15 17:14:18,186 DEBUG AlphaScanner.Data No data for ticker PURVA.NS in batch result.
2026-08-15 17:14:18,749 DEBUG AlphaScanner.Data No data for ticker PVRINOX.NS in batch result.
2026-08-15 17:14:18,749 DEBUG AlphaScanner.Data No data for ticker QPOWER.NS in batch result.
2026-08-15 17:14:18,749 DEBUG AlphaScanner.Data No data for ticker QUESS.NS in batch result.
2026-08-15 17:14:18,751 DEBUG AlphaScanner.Data No data for ticker RAIN.NS in batch result.
2026-08-15 17:14:18,751 DEBUG AlphaScanner.Data No data for ticker RAINBOW.NS in batch result.
2026-08-15 17:14:18,751 DEBUG AlphaScanner.Data No data for ticker RALLIS.NS in batch result.
2026-08-15 17:14:18,751 DEBUG AlphaScanner.Data No data for ticker RATEGAIN.NS in batch result.
2026-08-15 17:14:18,755 DEBUG AlphaScanner.Data No data for ticker RAYMONDLSL.NS in batch result.
2026-08-15 17:14:20,384 WARNING AlphaScanner.Data Batch download attempt 1/3 failed for chunk size=10: dictionary changed size during iteration
2026-08-15 17:14:20,503 DEBUG AlphaScanner.Data No data for ticker RBA.NS in batch result.
2026-08-15 17:14:20,514 DEBUG AlphaScanner.Data No data for ticker REDTAPE.NS in batch result.
2026-08-15 17:14:20,523 DEBUG AlphaScanner.Data No data for ticker RELAXO.NS in batch result.
2026-08-15 17:14:20,639 DEBUG AlphaScanner.Data No data for ticker SHARDACROP.NS in batch result.
2026-08-15 17:14:20,639 DEBUG AlphaScanner.Data No data for ticker SHAREINDIA.NS in batch result.
2026-08-15 17:14:20,640 DEBUG AlphaScanner.Data No data for ticker SHILPAMED.NS in batch result.
2026-08-15 17:14:20,691 DEBUG AlphaScanner.Data No data for ticker SUBROS.NS in batch result.
2026-08-15 17:14:20,691 DEBUG AlphaScanner.Data No data for ticker SUDARSCHEM.NS in batch result.
2026-08-15 17:14:20,692 DEBUG AlphaScanner.Data No data for ticker SUDEEPPHRM.NS in batch result.
2026-08-15 17:14:20,693 DEBUG AlphaScanner.Data No data for ticker SUNTECK.NS in batch result.
2026-08-15 17:14:20,695 DEBUG AlphaScanner.Data No data for ticker SUNTV.NS in batch result.
2026-08-15 17:14:20,696 DEBUG AlphaScanner.Data No data for ticker SUPRIYA.NS in batch result.
2026-08-15 17:14:20,696 DEBUG AlphaScanner.Data No data for ticker SURYAROSNI.NS in batch result.
2026-08-15 17:14:20,696 DEBUG AlphaScanner.Data No data for ticker SWANCORP.NS in batch result.
2026-08-15 17:14:20,699 DEBUG AlphaScanner.Data No data for ticker SYNGENE.NS in batch result.
2026-08-15 17:14:20,699 DEBUG AlphaScanner.Data No data for ticker THELEELA.NS in batch result.
2026-08-15 17:14:20,699 DEBUG AlphaScanner.Data No data for ticker THOMASCOOK.NS in batch result.
2026-08-15 17:14:20,701 DEBUG AlphaScanner.Data No data for ticker THYROCARE.NS in batch result.
2026-08-15 17:14:20,702 DEBUG AlphaScanner.Data No data for ticker TI.NS in batch result.
2026-08-15 17:14:20,702 DEBUG AlphaScanner.Data No data for ticker TIMETECHNO.NS in batch result.
2026-08-15 17:14:20,705 DEBUG AlphaScanner.Data No data for ticker TITAGARH.NS in batch result.
2026-08-15 17:14:20,708 DEBUG AlphaScanner.Data No data for ticker TMB.NS in batch result.
2026-08-15 17:14:20,709 DEBUG AlphaScanner.Data No data for ticker TRANSRAILL.NS in batch result.
2026-08-15 17:14:20,709 DEBUG AlphaScanner.Data No data for ticker TRAVELFOOD.NS in batch result.
2026-08-15 17:14:20,747 DEBUG AlphaScanner.Data No data for ticker RPOWER.NS in batch result.
2026-08-15 17:14:20,761 DEBUG AlphaScanner.Data No data for ticker SAFARI.NS in batch result.
2026-08-15 17:14:20,783 DEBUG AlphaScanner.Data No data for ticker SAMHI.NS in batch result.
2026-08-15 17:14:20,788 DEBUG AlphaScanner.Data No data for ticker SANOFICONR.NS in batch result.
2026-08-15 17:14:20,796 DEBUG AlphaScanner.Data No data for ticker SAPPHIRE.NS in batch result.
2026-08-15 17:14:20,796 DEBUG AlphaScanner.Data No data for ticker SARDAEN.NS in batch result.
2026-08-15 17:14:20,803 DEBUG AlphaScanner.Data No data for ticker SAREGAMA.NS in batch result.
2026-08-15 17:14:20,808 DEBUG AlphaScanner.Data No data for ticker SCI.NS in batch result.
2026-08-15 17:14:20,808 DEBUG AlphaScanner.Data No data for ticker SENCO.NS in batch result.
2026-08-15 17:14:20,808 DEBUG AlphaScanner.Data No data for ticker SFL.NS in batch result.
2026-08-15 17:14:20,808 DEBUG AlphaScanner.Data No data for ticker SHAILY.NS in batch result.
2026-08-15 17:14:20,808 DEBUG AlphaScanner.Data No data for ticker SHAKTIPUMP.NS in batch result.
2026-08-15 17:14:20,825 DEBUG AlphaScanner.Data No data for ticker SPLPETRO.NS in batch result.
2026-08-15 17:14:20,825 DEBUG AlphaScanner.Data No data for ticker STAR.NS in batch result.
2026-08-15 17:14:20,847 DEBUG AlphaScanner.Data No data for ticker TRIDENT.NS in batch result.
2026-08-15 17:14:20,847 DEBUG AlphaScanner.Data No data for ticker TRITURBINE.NS in batch result.
2026-08-15 17:14:20,847 DEBUG AlphaScanner.Data No data for ticker TRIVENI.NS in batch result.
2026-08-15 17:14:20,847 DEBUG AlphaScanner.Data No data for ticker TSFINV.NS in batch result.
2026-08-15 17:14:20,847 DEBUG AlphaScanner.Data No data for ticker TTML.NS in batch result.
2026-08-15 17:14:20,850 DEBUG AlphaScanner.Data No data for ticker UJJIVANSFB.NS in batch result.
2026-08-15 17:14:20,850 DEBUG AlphaScanner.Data No data for ticker USHAMART.NS in batch result.
2026-08-15 17:14:20,850 DEBUG AlphaScanner.Data No data for ticker UTIAMC.NS in batch result.
2026-08-15 17:14:20,850 DEBUG AlphaScanner.Data No data for ticker UTLSOLAR.NS in batch result.
2026-08-15 17:14:21,333 DEBUG AlphaScanner.Data No data for ticker V2RETAIL.NS in batch result.
2026-08-15 17:14:21,333 DEBUG AlphaScanner.Data No data for ticker VAIBHAVGBL.NS in batch result.
2026-08-15 17:14:21,333 DEBUG AlphaScanner.Data No data for ticker VARROC.NS in batch result.
2026-08-15 17:14:21,336 DEBUG AlphaScanner.Data No data for ticker VIJAYA.NS in batch result.
2026-08-15 17:14:21,336 DEBUG AlphaScanner.Data No data for ticker VIKRAMSOLR.NS in batch result.
2026-08-15 17:14:21,336 DEBUG AlphaScanner.Data No data for ticker VIPIND.NS in batch result.
2026-08-15 17:14:22,276 DEBUG AlphaScanner.Data No data for ticker ZEEL.NS in batch result.
2026-08-15 17:14:22,277 DEBUG AlphaScanner.Data No data for ticker ZENSARTECH.NS in batch result.
2026-08-15 17:14:22,277 DEBUG AlphaScanner.Data No data for ticker ZENTEC.NS in batch result.
2026-08-15 17:14:22,418 DEBUG AlphaScanner.Data No data for ticker VOLTAMP.NS in batch result.
2026-08-15 17:14:22,420 DEBUG AlphaScanner.Data No data for ticker WAAREERTL.NS in batch result.
2026-08-15 17:14:22,426 DEBUG AlphaScanner.Data No data for ticker WELENT.NS in batch result.
2026-08-15 17:14:22,427 DEBUG AlphaScanner.Data No data for ticker WESTLIFE.NS in batch result.
2026-08-15 17:14:22,874 DEBUG AlphaScanner.Data download_history_batch result count=154
2026-08-15 17:14:22,877 INFO AlphaScanner.Engine Batch history download finished in 12.11s for 397 tickers
2026-08-15 17:14:22,877 DEBUG AlphaScanner.Data download_history(ticker=AARTIDRUGS.NS, period=2y, interval=1d, use_cache=False)
2026-08-15 17:14:22,984 DEBUG AlphaScanner.Data download_history success for AARTIDRUGS.NS rows=500 cols=['adj close', 'Close', 'High', 'Low', 'Open', 'Volume']
2026-08-15 17:14:22,985 DEBUG AlphaScanner.Data download_history(ticker=AARTIIND.NS, period=2y, interval=1d, use_cache=False)
2026-08-15 17:14:23,188 DEBUG AlphaScanner.Data download_history success for AARTIIND.NS rows=500 cols=['adj close', 'Close', 'High', 'Low', 'Open', 'Volume']
2026-08-15 17:14:23,189 DEBUG AlphaScanner.Data download_history(ticker=AARTIPHARM.NS, period=2y, interval=1d, use_cache=False)
2026-08-15 17:14:23,393 DEBUG AlphaScanner.Data download_history success for AARTIPHARM.NS rows=500 cols=['adj close', 'Close', 'High', 'Low', 'Open', 'Volume']
2026-08-15 17:14:23,394 DEBUG AlphaScanner.Data download_history(ticker=AAVAS.NS, period=2y, interval=1d, use_cache=False)
2026-08-15 17:14:23,658 DEBUG AlphaScanner.Data download_history success for AAVAS.NS rows=500 cols=['adj close', 'Close', 'High', 'Low', 'Open', 'Volume']
2026-08-15 17:14:23,660 DEBUG AlphaScanner.Data download_history(ticker=ABDL.NS, period=2y, interval=1d, use_cache=False)
2026-08-15 17:14:23,818 DEBUG AlphaScanner.Data download_history success for ABDL.NS rows=499 cols=['adj close', 'Close', 'High', 'Low', 'Open', 'Volume']
2026-08-15 17:14:23,819 DEBUG AlphaScanner.Data download_history(ticker=ABFRL.NS, period=2y, interval=1d, use_cache=False)
2026-08-15 17:14:24,016 DEBUG AlphaScanner.Data download_history success for ABFRL.NS rows=500 cols=['adj close', 'Close', 'High', 'Low', 'Open', 'Volume']
2026-08-15 17:14:24,017 DEBUG AlphaScanner.Data download_history(ticker=ABLBL.NS, period=2y, interval=1d, use_cache=False)
2026-08-15 17:14:24,176 DEBUG AlphaScanner.Data download_history success for ABLBL.NS rows=287 cols=['adj close', 'Close', 'High', 'Low', 'Open', 'Volume']
2026-08-15 17:14:24,177 DEBUG AlphaScanner.Data download_history(ticker=ABREL.NS, period=2y, interval=1d, use_cache=False)
2026-08-15 17:14:24,419 DEBUG AlphaScanner.Data download_history success for ABREL.NS rows=500 cols=['adj close', 'Close', 'High', 'Low', 'Open', 'Volume']
2026-08-15 17:14:24,420 DEBUG AlphaScanner.Data download_history(ticker=ACE.NS, period=2y, interval=1d, use_cache=False)
2026-08-15 17:14:24,627 DEBUG AlphaScanner.Data download_history success for ACE.NS rows=500 cols=['adj close', 'Close', 'High', 'Low', 'Open', 'Volume']
2026-08-15 17:14:24,628 DEBUG AlphaScanner.Data download_history(ticker=ADVENZYMES.NS, period=2y, interval=1d, use_cache=False)
2026-08-15 17:14:24,910 DEBUG AlphaScanner.Data download_history success for ADVENZYMES.NS rows=500 cols=['adj close', 'Close', 'High', 'Low', 'Open', 'Volume']
2026-08-15 17:14:24,911 DEBUG AlphaScanner.Data download_history(ticker=AEQUS.NS, period=2y, interval=1d, use_cache=False)
2026-08-15 17:14:25,095 DEBUG AlphaScanner.Data download_history success for AEQUS.NS rows=171 cols=['adj close', 'Close', 'High', 'Low', 'Open', 'Volume']
2026-08-15 17:14:25,097 DEBUG AlphaScanner.Data download_history(ticker=AGARWALEYE.NS, period=2y, interval=1d, use_cache=False)
2026-08-15 17:14:25,236 DEBUG AlphaScanner.Data download_history success for AGARWALEYE.NS rows=378 cols=['adj close', 'Close', 'High', 'Low', 'Open', 'Volume']
2026-08-15 17:14:25,237 DEBUG AlphaScanner.Data download_history(ticker=AHLUCONT.NS, period=2y, interval=1d, use_cache=False)
2026-08-15 17:14:25,412 DEBUG AlphaScanner.Data download_history success for AHLUCONT.NS rows=500 cols=['adj close', 'Close', 'High', 'Low', 'Open', 'Volume']
2026-08-15 17:14:25,413 DEBUG AlphaScanner.Data download_history(ticker=AKUMS.NS, period=2y, interval=1d, use_cache=False)
2026-08-15 17:14:25,582 DEBUG AlphaScanner.Data download_history success for AKUMS.NS rows=497 cols=['adj close', 'Close', 'High', 'Low', 'Open', 'Volume']
2026-08-15 17:14:25,583 DEBUG AlphaScanner.Data download_history(ticker=ALIVUS.NS, period=2y, interval=1d, use_cache=False)
2026-08-15 17:14:25,857 DEBUG AlphaScanner.Data download_history success for ALIVUS.NS rows=499 cols=['adj close', 'Close', 'High', 'Low', 'Open', 'Volume']
2026-08-15 17:14:25,858 DEBUG AlphaScanner.Data download_history(ticker=ALKYLAMINE.NS, period=2y, interval=1d, use_cache=False)
2026-08-15 17:14:26,099 DEBUG AlphaScanner.Data download_history success for ALKYLAMINE.NS rows=500 cols=['adj close', 'Close', 'High', 'Low', 'Open', 'Volume']
2026-08-15 17:14:26,101 DEBUG AlphaScanner.Data download_history(ticker=ALOKINDS.NS, period=2y, interval=1d, use_cache=False)
2026-08-15 17:14:26,294 DEBUG AlphaScanner.Data download_history success for ALOKINDS.NS rows=500 cols=['adj close', 'Close', 'High', 'Low', 'Open', 'Volume']
2026-08-15 17:14:26,295 DEBUG AlphaScanner.Data download_history(ticker=ANUP.NS, period=2y, interval=1d, use_cache=False)
2026-08-15 17:14:26,519 DEBUG AlphaScanner.Data download_history success for ANUP.NS rows=499 cols=['adj close', 'Close', 'High', 'Low', 'Open', 'Volume']
2026-08-15 17:14:26,522 DEBUG AlphaScanner.Data download_history(ticker=APLLTD.NS, period=2y, interval=1d, use_cache=False)
2026-08-15 17:14:26,700 DEBUG AlphaScanner.Data download_history success for APLLTD.NS rows=500 cols=['adj close', 'Close', 'High', 'Low', 'Open', 'Volume']
2026-08-15 17:14:26,701 DEBUG AlphaScanner.Data download_history(ticker=APOLLO.NS, period=2y, interval=1d, use_cache=False)
2026-08-15 17:14:26,885 DEBUG AlphaScanner.Data download_history success for APOLLO.NS rows=500 cols=['adj close', 'Close', 'High', 'Low', 'Open', 'Volume']
2026-08-15 17:14:26,886 DEBUG AlphaScanner.Data download_history(ticker=ARE&M.NS, period=2y, interval=1d, use_cache=False)
2026-08-15 17:14:27,147 DEBUG AlphaScanner.Data download_history success for ARE&M.NS rows=500 cols=['adj close', 'Close', 'High', 'Low', 'Open', 'Volume']
2026-08-15 17:14:27,150 DEBUG AlphaScanner.Data download_history(ticker=ARVIND.NS, period=2y, interval=1d, use_cache=False)
2026-08-15 17:14:27,365 DEBUG AlphaScanner.Data download_history success for ARVIND.NS rows=500 cols=['adj close', 'Close', 'High', 'Low', 'Open', 'Volume']
2026-08-15 17:14:27,369 DEBUG AlphaScanner.Data download_history(ticker=ARVINDFASN.NS, period=2y, interval=1d, use_cache=False)
2026-08-15 17:14:27,575 DEBUG AlphaScanner.Data download_history success for ARVINDFASN.NS rows=500 cols=['adj close', 'Close', 'High', 'Low', 'Open', 'Volume']
2026-08-15 17:14:27,576 DEBUG AlphaScanner.Data download_history(ticker=ASHAPURMIN.NS, period=2y, interval=1d, use_cache=False)
2026-08-15 17:14:27,865 DEBUG AlphaScanner.Data download_history success for ASHAPURMIN.NS rows=500 cols=['adj close', 'Close', 'High', 'Low', 'Open', 'Volume']
2026-08-15 17:14:27,867 DEBUG AlphaScanner.Data download_history(ticker=ASHOKA.NS, period=2y, interval=1d, use_cache=False)
2026-08-15 17:14:28,106 DEBUG AlphaScanner.Data download_history success for ASHOKA.NS rows=500 cols=['adj close', 'Close', 'High', 'Low', 'Open', 'Volume']
2026-08-15 17:14:28,112 DEBUG AlphaScanner.Data download_history(ticker=ASKAUTOLTD.NS, period=2y, interval=1d, use_cache=False)
2026-08-15 17:14:28,466 DEBUG AlphaScanner.Data download_history success for ASKAUTOLTD.NS rows=500 cols=['adj close', 'Close', 'High', 'Low', 'Open', 'Volume']
2026-08-15 17:14:28,483 DEBUG AlphaScanner.Data download_history(ticker=BEML.NS, period=2y, interval=1d, use_cache=False)
2026-08-15 17:14:28,676 DEBUG AlphaScanner.Data download_history success for BEML.NS rows=500 cols=['adj close', 'Close', 'High', 'Low', 'Open', 'Volume']
2026-08-15 17:14:28,677 DEBUG AlphaScanner.Data download_history(ticker=BIKAJI.NS, period=2y, interval=1d, use_cache=False)
2026-08-15 17:14:28,855 DEBUG AlphaScanner.Data download_history success for BIKAJI.NS rows=499 cols=['adj close', 'Close', 'High', 'Low', 'Open', 'Volume']
2026-08-15 17:14:28,857 DEBUG AlphaScanner.Data download_history(ticker=BIRLACORPN.NS, period=2y, interval=1d, use_cache=False)
2026-08-15 17:14:29,092 DEBUG AlphaScanner.Data download_history success for BIRLACORPN.NS rows=499 cols=['adj close', 'Close', 'High', 'Low', 'Open', 'Volume']
2026-08-15 17:14:29,093 DEBUG AlphaScanner.Data download_history(ticker=BLACKBUCK.NS, period=2y, interval=1d, use_cache=False)
2026-08-15 17:14:29,252 DEBUG AlphaScanner.Data download_history success for BLACKBUCK.NS rows=431 cols=['adj close', 'Close', 'High', 'Low', 'Open', 'Volume']
2026-08-15 17:14:29,254 DEBUG AlphaScanner.Data download_history(ticker=BLS.NS, period=2y, interval=1d, use_cache=False)
2026-08-15 17:14:29,475 DEBUG AlphaScanner.Data download_history success for BLS.NS rows=500 cols=['adj close', 'Close', 'High', 'Low', 'Open', 'Volume']
2026-08-15 17:14:29,476 DEBUG AlphaScanner.Data download_history(ticker=BLUEDART.NS, period=2y, interval=1d, use_cache=False)
2026-08-15 17:14:29,650 DEBUG AlphaScanner.Data download_history success for BLUEDART.NS rows=500 cols=['adj close', 'Close', 'High', 'Low', 'Open', 'Volume']
2026-08-15 17:14:29,651 DEBUG AlphaScanner.Data download_history(ticker=BLUEJET.NS, period=2y, interval=1d, use_cache=False)
2026-08-15 17:14:29,814 DEBUG AlphaScanner.Data download_history success for BLUEJET.NS rows=500 cols=['adj close', 'Close', 'High', 'Low', 'Open', 'Volume']
2026-08-15 17:14:29,815 DEBUG AlphaScanner.Data download_history(ticker=BLUESTONE.NS, period=2y, interval=1d, use_cache=False)
2026-08-15 17:14:29,955 DEBUG AlphaScanner.Data download_history success for BLUESTONE.NS rows=247 cols=['adj close', 'Close', 'High', 'Low', 'Open', 'Volume']
2026-08-15 17:14:29,957 DEBUG AlphaScanner.Data download_history(ticker=BRIGADE.NS, period=2y, interval=1d, use_cache=False)
2026-08-15 17:14:30,185 DEBUG AlphaScanner.Data download_history success for BRIGADE.NS rows=500 cols=['adj close', 'Close', 'High', 'Low', 'Open', 'Volume']
2026-08-15 17:14:30,212 DEBUG AlphaScanner.Data download_history(ticker=DBL.NS, period=2y, interval=1d, use_cache=False)
2026-08-15 17:14:30,501 DEBUG AlphaScanner.Data download_history success for DBL.NS rows=498 cols=['adj close', 'Close', 'High', 'Low', 'Open', 'Volume']
2026-08-15 17:14:30,502 DEBUG AlphaScanner.Data download_history(ticker=DBREALTY.NS, period=2y, interval=1d, use_cache=False)
2026-08-15 17:14:30,658 DEBUG AlphaScanner.Data download_history success for DBREALTY.NS rows=500 cols=['adj close', 'Close', 'High', 'Low', 'Open', 'Volume']
2026-08-15 17:14:30,659 DEBUG AlphaScanner.Data download_history(ticker=DCBBANK.NS, period=2y, interval=1d, use_cache=False)
2026-08-15 17:14:30,869 DEBUG AlphaScanner.Data download_history success for DCBBANK.NS rows=500 cols=['adj close', 'Close', 'High', 'Low', 'Open', 'Volume']
2026-08-15 17:14:30,870 DEBUG AlphaScanner.Data download_history(ticker=DCMSHRIRAM.NS, period=2y, interval=1d, use_cache=False)
2026-08-15 17:14:31,139 DEBUG AlphaScanner.Data download_history success for DCMSHRIRAM.NS rows=499 cols=['adj close', 'Close', 'High', 'Low', 'Open', 'Volume']
2026-08-15 17:14:31,142 DEBUG AlphaScanner.Data download_history(ticker=DEVYANI.NS, period=2y, interval=1d, use_cache=False)
2026-08-15 17:14:31,326 DEBUG AlphaScanner.Data download_history success for DEVYANI.NS rows=500 cols=['adj close', 'Close', 'High', 'Low', 'Open', 'Volume']
2026-08-15 17:14:31,328 DEBUG AlphaScanner.Data download_history(ticker=DOMS.NS, period=2y, interval=1d, use_cache=False)
2026-08-15 17:14:31,665 DEBUG AlphaScanner.Data download_history success for DOMS.NS rows=499 cols=['adj close', 'Close', 'High', 'Low', 'Open', 'Volume']
2026-08-15 17:14:31,666 DEBUG AlphaScanner.Data download_history(ticker=DYNAMATECH.NS, period=2y, interval=1d, use_cache=False)
2026-08-15 17:14:31,837 DEBUG AlphaScanner.Data download_history success for DYNAMATECH.NS rows=499 cols=['adj close', 'Close', 'High', 'Low', 'Open', 'Volume']
2026-08-15 17:14:31,838 DEBUG AlphaScanner.Data download_history(ticker=ECLERX.NS, period=2y, interval=1d, use_cache=False)
2026-08-15 17:14:32,040 DEBUG AlphaScanner.Data download_history success for ECLERX.NS rows=500 cols=['adj close', 'Close', 'High', 'Low', 'Open', 'Volume']
2026-08-15 17:14:32,041 DEBUG AlphaScanner.Data download_history(ticker=EDELWEISS.NS, period=2y, interval=1d, use_cache=False)
2026-08-15 17:14:32,196 DEBUG AlphaScanner.Data download_history success for EDELWEISS.NS rows=500 cols=['adj close', 'Close', 'High', 'Low', 'Open', 'Volume']
2026-08-15 17:14:32,198 DEBUG AlphaScanner.Data download_history(ticker=EIHOTEL.NS, period=2y, interval=1d, use_cache=False)
2026-08-15 17:14:32,557 DEBUG AlphaScanner.Data download_history success for EIHOTEL.NS rows=500 cols=['adj close', 'Close', 'High', 'Low', 'Open', 'Volume']
2026-08-15 17:14:32,558 DEBUG AlphaScanner.Data download_history(ticker=ELECON.NS, period=2y, interval=1d, use_cache=False)
2026-08-15 17:14:32,889 DEBUG AlphaScanner.Data download_history success for ELECON.NS rows=500 cols=['adj close', 'Close', 'High', 'Low', 'Open', 'Volume']
2026-08-15 17:14:32,891 DEBUG AlphaScanner.Data download_history(ticker=ELGIEQUIP.NS, period=2y, interval=1d, use_cache=False)
2026-08-15 17:14:33,115 DEBUG AlphaScanner.Data download_history success for ELGIEQUIP.NS rows=500 cols=['adj close', 'Close', 'High', 'Low', 'Open', 'Volume']
2026-08-15 17:14:33,115 DEBUG AlphaScanner.Data download_history(ticker=ELLEN.NS, period=2y, interval=1d, use_cache=False)
2026-08-15 17:14:33,265 DEBUG AlphaScanner.Data download_history success for ELLEN.NS rows=281 cols=['adj close', 'Close', 'High', 'Low', 'Open', 'Volume']
2026-08-15 17:14:33,268 DEBUG AlphaScanner.Data download_history(ticker=EMIL.NS, period=2y, interval=1d, use_cache=False)
2026-08-15 17:14:33,464 DEBUG AlphaScanner.Data download_history success for EMIL.NS rows=500 cols=['adj close', 'Close', 'High', 'Low', 'Open', 'Volume']
2026-08-15 17:14:33,465 DEBUG AlphaScanner.Data download_history(ticker=ENGINERSIN.NS, period=2y, interval=1d, use_cache=False)
2026-08-15 17:14:33,646 DEBUG AlphaScanner.Data download_history success for ENGINERSIN.NS rows=500 cols=['adj close', 'Close', 'High', 'Low', 'Open', 'Volume']
2026-08-15 17:14:33,647 DEBUG AlphaScanner.Data download_history(ticker=ENTERO.NS, period=2y, interval=1d, use_cache=False)
2026-08-15 17:14:33,793 DEBUG AlphaScanner.Data download_history success for ENTERO.NS rows=499 cols=['adj close', 'Close', 'High', 'Low', 'Open', 'Volume']
2026-08-15 17:14:33,795 DEBUG AlphaScanner.Data download_history(ticker=EQUITASBNK.NS, period=2y, interval=1d, use_cache=False)
2026-08-15 17:14:33,998 DEBUG AlphaScanner.Data download_history success for EQUITASBNK.NS rows=500 cols=['adj close', 'Close', 'High', 'Low', 'Open', 'Volume']
2026-08-15 17:14:33,999 DEBUG AlphaScanner.Data download_history(ticker=ERIS.NS, period=2y, interval=1d, use_cache=False)
2026-08-15 17:14:34,152 DEBUG AlphaScanner.Data download_history success for ERIS.NS rows=498 cols=['adj close', 'Close', 'High', 'Low', 'Open', 'Volume']
2026-08-15 17:14:34,154 DEBUG AlphaScanner.Data download_history(ticker=ETHOSLTD.NS, period=2y, interval=1d, use_cache=False)
2026-08-15 17:14:34,499 DEBUG AlphaScanner.Data download_history success for ETHOSLTD.NS rows=499 cols=['adj close', 'Close', 'High', 'Low', 'Open', 'Volume']
2026-08-15 17:14:34,501 DEBUG AlphaScanner.Data download_history(ticker=EUREKAFORB.NS, period=2y, interval=1d, use_cache=False)
2026-08-15 17:14:34,644 DEBUG AlphaScanner.Data download_history success for EUREKAFORB.NS rows=480 cols=['adj close', 'Close', 'High', 'Low', 'Open', 'Volume']
2026-08-15 17:14:34,645 DEBUG AlphaScanner.Data download_history(ticker=FEDFINA.NS, period=2y, interval=1d, use_cache=False)
2026-08-15 17:14:34,797 DEBUG AlphaScanner.Data download_history success for FEDFINA.NS rows=500 cols=['adj close', 'Close', 'High', 'Low', 'Open', 'Volume']
2026-08-15 17:14:34,798 DEBUG AlphaScanner.Data download_history(ticker=FIEMIND.NS, period=2y, interval=1d, use_cache=False)
2026-08-15 17:14:35,012 DEBUG AlphaScanner.Data download_history success for FIEMIND.NS rows=500 cols=['adj close', 'Close', 'High', 'Low', 'Open', 'Volume']
2026-08-15 17:14:35,013 DEBUG AlphaScanner.Data download_history(ticker=FINCABLES.NS, period=2y, interval=1d, use_cache=False)
2026-08-15 17:14:35,180 DEBUG AlphaScanner.Data download_history success for FINCABLES.NS rows=500 cols=['adj close', 'Close', 'High', 'Low', 'Open', 'Volume']
2026-08-15 17:14:35,180 DEBUG AlphaScanner.Data download_history(ticker=FINPIPE.NS, period=2y, interval=1d, use_cache=False)
2026-08-15 17:14:35,408 DEBUG AlphaScanner.Data download_history success for FINPIPE.NS rows=498 cols=['adj close', 'Close', 'High', 'Low', 'Open', 'Volume']
2026-08-15 17:14:35,409 DEBUG AlphaScanner.Data download_history(ticker=FIRSTCRY.NS, period=2y, interval=1d, use_cache=False)
2026-08-15 17:14:35,604 DEBUG AlphaScanner.Data download_history success for FIRSTCRY.NS rows=500 cols=['adj close', 'Close', 'High', 'Low', 'Open', 'Volume']
2026-08-15 17:14:35,606 DEBUG AlphaScanner.Data download_history(ticker=FIVESTAR.NS, period=2y, interval=1d, use_cache=False)
2026-08-15 17:14:35,749 DEBUG AlphaScanner.Data download_history success for FIVESTAR.NS rows=499 cols=['adj close', 'Close', 'High', 'Low', 'Open', 'Volume']
2026-08-15 17:14:35,750 DEBUG AlphaScanner.Data download_history(ticker=FSL.NS, period=2y, interval=1d, use_cache=False)
2026-08-15 17:14:35,943 DEBUG AlphaScanner.Data download_history success for FSL.NS rows=500 cols=['adj close', 'Close', 'High', 'Low', 'Open', 'Volume']
2026-08-15 17:14:35,944 DEBUG AlphaScanner.Data download_history(ticker=GAEL.NS, period=2y, interval=1d, use_cache=False)
2026-08-15 17:14:36,117 DEBUG AlphaScanner.Data download_history success for GAEL.NS rows=500 cols=['adj close', 'Close', 'High', 'Low', 'Open', 'Volume']
2026-08-15 17:14:36,119 DEBUG AlphaScanner.Data download_history(ticker=GALLANTT.NS, period=2y, interval=1d, use_cache=False)
2026-08-15 17:14:36,346 DEBUG AlphaScanner.Data download_history success for GALLANTT.NS rows=499 cols=['adj close', 'Close', 'High', 'Low', 'Open', 'Volume']
2026-08-15 17:14:36,348 DEBUG AlphaScanner.Data download_history(ticker=GESHIP.NS, period=2y, interval=1d, use_cache=False)
2026-08-15 17:14:36,668 DEBUG AlphaScanner.Data download_history success for GESHIP.NS rows=500 cols=['adj close', 'Close', 'High', 'Low', 'Open', 'Volume']
2026-08-15 17:14:36,670 DEBUG AlphaScanner.Data download_history(ticker=GHCL.NS, period=2y, interval=1d, use_cache=False)
2026-08-15 17:14:36,890 DEBUG AlphaScanner.Data download_history success for GHCL.NS rows=500 cols=['adj close', 'Close', 'High', 'Low', 'Open', 'Volume']
2026-08-15 17:14:36,891 DEBUG AlphaScanner.Data download_history(ticker=GMDCLTD.NS, period=2y, interval=1d, use_cache=False)
2026-08-15 17:14:37,175 DEBUG AlphaScanner.Data download_history success for GMDCLTD.NS rows=500 cols=['adj close', 'Close', 'High', 'Low', 'Open', 'Volume']
2026-08-15 17:14:37,181 DEBUG AlphaScanner.Data download_history(ticker=GMRP&UI.NS, period=2y, interval=1d, use_cache=False)
2026-08-15 17:14:37,531 DEBUG AlphaScanner.Data download_history success for GMRP&UI.NS rows=500 cols=['adj close', 'Close', 'High', 'Low', 'Open', 'Volume']
2026-08-15 17:14:37,538 DEBUG AlphaScanner.Data download_history(ticker=GNFC.NS, period=2y, interval=1d, use_cache=False)
2026-08-15 17:14:37,823 DEBUG AlphaScanner.Data download_history success for GNFC.NS rows=500 cols=['adj close', 'Close', 'High', 'Low', 'Open', 'Volume']
2026-08-15 17:14:37,826 DEBUG AlphaScanner.Data download_history(ticker=GODREJAGRO.NS, period=2y, interval=1d, use_cache=False)
2026-08-15 17:14:38,181 DEBUG AlphaScanner.Data download_history success for GODREJAGRO.NS rows=500 cols=['adj close', 'Close', 'High', 'Low', 'Open', 'Volume']
2026-08-15 17:14:38,182 DEBUG AlphaScanner.Data download_history(ticker=GOKEX.NS, period=2y, interval=1d, use_cache=False)
2026-08-15 17:14:38,370 DEBUG AlphaScanner.Data download_history success for GOKEX.NS rows=500 cols=['adj close', 'Close', 'High', 'Low', 'Open', 'Volume']
2026-08-15 17:14:38,374 DEBUG AlphaScanner.Data download_history(ticker=GOKULAGRO.NS, period=2y, interval=1d, use_cache=False)
2026-08-15 17:14:38,593 DEBUG AlphaScanner.Data download_history success for GOKULAGRO.NS rows=500 cols=['adj close', 'Close', 'High', 'Low', 'Open', 'Volume']
2026-08-15 17:14:38,596 DEBUG AlphaScanner.Data download_history(ticker=GPPL.NS, period=2y, interval=1d, use_cache=False)
2026-08-15 17:14:38,853 DEBUG AlphaScanner.Data download_history success for GPPL.NS rows=500 cols=['adj close', 'Close', 'High', 'Low', 'Open', 'Volume']
2026-08-15 17:14:38,858 DEBUG AlphaScanner.Data download_history(ticker=GRAPHITE.NS, period=2y, interval=1d, use_cache=False)
2026-08-15 17:14:39,087 DEBUG AlphaScanner.Data download_history success for GRAPHITE.NS rows=500 cols=['adj close', 'Close', 'High', 'Low', 'Open', 'Volume']
2026-08-15 17:14:39,090 DEBUG AlphaScanner.Data download_history(ticker=GRAVITA.NS, period=2y, interval=1d, use_cache=False)
2026-08-15 17:14:39,346 DEBUG AlphaScanner.Data download_history success for GRAVITA.NS rows=500 cols=['adj close', 'Close', 'High', 'Low', 'Open', 'Volume']
2026-08-15 17:14:39,348 DEBUG AlphaScanner.Data download_history(ticker=GREAVESCOT.NS, period=2y, interval=1d, use_cache=False)
2026-08-15 17:14:39,538 DEBUG AlphaScanner.Data download_history success for GREAVESCOT.NS rows=500 cols=['adj close', 'Close', 'High', 'Low', 'Open', 'Volume']
2026-08-15 17:14:39,539 DEBUG AlphaScanner.Data download_history(ticker=GRWRHITECH.NS, period=2y, interval=1d, use_cache=False)
2026-08-15 17:14:39,732 DEBUG AlphaScanner.Data download_history success for GRWRHITECH.NS rows=500 cols=['adj close', 'Close', 'High', 'Low', 'Open', 'Volume']
2026-08-15 17:14:39,733 DEBUG AlphaScanner.Data download_history(ticker=GSFC.NS, period=2y, interval=1d, use_cache=False)
2026-08-15 17:14:39,910 DEBUG AlphaScanner.Data download_history success for GSFC.NS rows=500 cols=['adj close', 'Close', 'High', 'Low', 'Open', 'Volume']
2026-08-15 17:14:39,913 DEBUG AlphaScanner.Data download_history(ticker=HBLENGINE.NS, period=2y, interval=1d, use_cache=False)
2026-08-15 17:14:40,111 DEBUG AlphaScanner.Data download_history success for HBLENGINE.NS rows=500 cols=['adj close', 'Close', 'High', 'Low', 'Open', 'Volume']
2026-08-15 17:14:40,112 DEBUG AlphaScanner.Data download_history(ticker=HCC.NS, period=2y, interval=1d, use_cache=False)
2026-08-15 17:14:40,260 DEBUG AlphaScanner.Data download_history success for HCC.NS rows=500 cols=['adj close', 'Close', 'High', 'Low', 'Open', 'Volume']
2026-08-15 17:14:40,268 DEBUG AlphaScanner.Data download_history(ticker=HOMEFIRST.NS, period=2y, interval=1d, use_cache=False)
2026-08-15 17:14:40,453 DEBUG AlphaScanner.Data download_history success for HOMEFIRST.NS rows=499 cols=['adj close', 'Close', 'High', 'Low', 'Open', 'Volume']
2026-08-15 17:14:40,454 DEBUG AlphaScanner.Data download_history(ticker=HONASA.NS, period=2y, interval=1d, use_cache=False)
2026-08-15 17:14:40,599 DEBUG AlphaScanner.Data download_history success for HONASA.NS rows=499 cols=['adj close', 'Close', 'High', 'Low', 'Open', 'Volume']
2026-08-15 17:14:40,602 DEBUG AlphaScanner.Data download_history(ticker=IEX.NS, period=2y, interval=1d, use_cache=False)
2026-08-15 17:14:40,995 DEBUG AlphaScanner.Data download_history success for IEX.NS rows=500 cols=['adj close', 'Close', 'High', 'Low', 'Open', 'Volume']
2026-08-15 17:14:40,997 DEBUG AlphaScanner.Data download_history(ticker=IFBIND.NS, period=2y, interval=1d, use_cache=False)
2026-08-15 17:14:41,320 DEBUG AlphaScanner.Data download_history success for IFBIND.NS rows=500 cols=['adj close', 'Close', 'High', 'Low', 'Open', 'Volume']
2026-08-15 17:14:41,322 DEBUG AlphaScanner.Data download_history(ticker=IGIL.NS, period=2y, interval=1d, use_cache=False)
2026-08-15 17:14:41,494 DEBUG AlphaScanner.Data download_history success for IGIL.NS rows=406 cols=['adj close', 'Close', 'High', 'Low', 'Open', 'Volume']
2026-08-15 17:14:41,496 DEBUG AlphaScanner.Data download_history(ticker=IIFLCAPS.NS, period=2y, interval=1d, use_cache=False)
2026-08-15 17:14:41,700 DEBUG AlphaScanner.Data download_history success for IIFLCAPS.NS rows=499 cols=['adj close', 'Close', 'High', 'Low', 'Open', 'Volume']
2026-08-15 17:14:41,701 DEBUG AlphaScanner.Data download_history(ticker=IMFA.NS, period=2y, interval=1d, use_cache=False)
2026-08-15 17:14:41,879 DEBUG AlphaScanner.Data download_history success for IMFA.NS rows=500 cols=['adj close', 'Close', 'High', 'Low', 'Open', 'Volume']
2026-08-15 17:14:41,880 DEBUG AlphaScanner.Data download_history(ticker=INDGN.NS, period=2y, interval=1d, use_cache=False)
2026-08-15 17:14:42,117 DEBUG AlphaScanner.Data download_history success for INDGN.NS rows=500 cols=['adj close', 'Close', 'High', 'Low', 'Open', 'Volume']
2026-08-15 17:14:42,123 DEBUG AlphaScanner.Data download_history(ticker=INOXGREEN.NS, period=2y, interval=1d, use_cache=False)
2026-08-15 17:14:42,270 DEBUG AlphaScanner.Data download_history success for INOXGREEN.NS rows=500 cols=['adj close', 'Close', 'High', 'Low', 'Open', 'Volume']
2026-08-15 17:14:42,273 DEBUG AlphaScanner.Data download_history(ticker=INOXWIND.NS, period=2y, interval=1d, use_cache=False)
2026-08-15 17:14:42,423 DEBUG AlphaScanner.Data download_history success for INOXWIND.NS rows=500 cols=['adj close', 'Close', 'High', 'Low', 'Open', 'Volume']
2026-08-15 17:14:42,428 DEBUG AlphaScanner.Data download_history(ticker=IRCON.NS, period=2y, interval=1d, use_cache=False)
2026-08-15 17:14:42,597 DEBUG AlphaScanner.Data download_history success for IRCON.NS rows=500 cols=['adj close', 'Close', 'High', 'Low', 'Open', 'Volume']
2026-08-15 17:14:42,598 DEBUG AlphaScanner.Data download_history(ticker=IXIGO.NS, period=2y, interval=1d, use_cache=False)
2026-08-15 17:14:42,797 DEBUG AlphaScanner.Data download_history success for IXIGO.NS rows=500 cols=['adj close', 'Close', 'High', 'Low', 'Open', 'Volume']
2026-08-15 17:14:42,798 DEBUG AlphaScanner.Data download_history(ticker=J&KBANK.NS, period=2y, interval=1d, use_cache=False)
2026-08-15 17:14:43,023 DEBUG AlphaScanner.Data download_history success for J&KBANK.NS rows=500 cols=['adj close', 'Close', 'High', 'Low', 'Open', 'Volume']
2026-08-15 17:14:43,025 DEBUG AlphaScanner.Data download_history(ticker=JAINREC.NS, period=2y, interval=1d, use_cache=False)
2026-08-15 17:14:43,170 DEBUG AlphaScanner.Data download_history success for JAINREC.NS rows=216 cols=['adj close', 'Close', 'High', 'Low', 'Open', 'Volume']
2026-08-15 17:14:43,172 DEBUG AlphaScanner.Data download_history(ticker=JAMNAAUTO.NS, period=2y, interval=1d, use_cache=False)
2026-08-15 17:14:43,326 DEBUG AlphaScanner.Data download_history success for JAMNAAUTO.NS rows=500 cols=['adj close', 'Close', 'High', 'Low', 'Open', 'Volume']
2026-08-15 17:14:43,327 DEBUG AlphaScanner.Data download_history(ticker=JAYNECOIND.NS, period=2y, interval=1d, use_cache=False)
2026-08-15 17:14:43,512 DEBUG AlphaScanner.Data download_history success for JAYNECOIND.NS rows=500 cols=['adj close', 'Close', 'High', 'Low', 'Open', 'Volume']
2026-08-15 17:14:43,513 DEBUG AlphaScanner.Data download_history(ticker=JBMA.NS, period=2y, interval=1d, use_cache=False)
2026-08-15 17:14:43,691 DEBUG AlphaScanner.Data download_history success for JBMA.NS rows=500 cols=['adj close', 'Close', 'High', 'Low', 'Open', 'Volume']
2026-08-15 17:14:43,692 DEBUG AlphaScanner.Data download_history(ticker=JINDALSAW.NS, period=2y, interval=1d, use_cache=False)
2026-08-15 17:14:43,970 DEBUG AlphaScanner.Data download_history success for JINDALSAW.NS rows=500 cols=['adj close', 'Close', 'High', 'Low', 'Open', 'Volume']
2026-08-15 17:14:43,971 DEBUG AlphaScanner.Data download_history(ticker=JKLAKSHMI.NS, period=2y, interval=1d, use_cache=False)
2026-08-15 17:14:44,176 DEBUG AlphaScanner.Data download_history success for JKLAKSHMI.NS rows=500 cols=['adj close', 'Close', 'High', 'Low', 'Open', 'Volume']
2026-08-15 17:14:44,177 DEBUG AlphaScanner.Data download_history(ticker=JKPAPER.NS, period=2y, interval=1d, use_cache=False)
2026-08-15 17:14:44,397 DEBUG AlphaScanner.Data download_history success for JKPAPER.NS rows=499 cols=['adj close', 'Close', 'High', 'Low', 'Open', 'Volume']
2026-08-15 17:14:44,399 DEBUG AlphaScanner.Data download_history(ticker=JLHL.NS, period=2y, interval=1d, use_cache=False)
2026-08-15 17:14:44,572 DEBUG AlphaScanner.Data download_history success for JLHL.NS rows=500 cols=['adj close', 'Close', 'High', 'Low', 'Open', 'Volume']
2026-08-15 17:14:44,573 DEBUG AlphaScanner.Data download_history(ticker=JMFINANCIL.NS, period=2y, interval=1d, use_cache=False)
2026-08-15 17:14:44,772 DEBUG AlphaScanner.Data download_history success for JMFINANCIL.NS rows=500 cols=['adj close', 'Close', 'High', 'Low', 'Open', 'Volume']
2026-08-15 17:14:44,774 DEBUG AlphaScanner.Data download_history(ticker=JSFB.NS, period=2y, interval=1d, use_cache=False)
2026-08-15 17:14:44,950 DEBUG AlphaScanner.Data download_history success for JSFB.NS rows=500 cols=['adj close', 'Close', 'High', 'Low', 'Open', 'Volume']
2026-08-15 17:14:44,951 DEBUG AlphaScanner.Data download_history(ticker=JSLL.NS, period=2y, interval=1d, use_cache=False)
2026-08-15 17:14:45,294 DEBUG AlphaScanner.Data download_history success for JSLL.NS rows=500 cols=['adj close', 'Close', 'High', 'Low', 'Open', 'Volume']
2026-08-15 17:14:45,295 DEBUG AlphaScanner.Data download_history(ticker=JSWCEMENT.NS, period=2y, interval=1d, use_cache=False)
2026-08-15 17:14:45,539 DEBUG AlphaScanner.Data download_history success for JSWCEMENT.NS rows=250 cols=['adj close', 'Close', 'High', 'Low', 'Open', 'Volume']
2026-08-15 17:14:45,540 DEBUG AlphaScanner.Data download_history(ticker=JSWDULUX.NS, period=2y, interval=1d, use_cache=False)
2026-08-15 17:14:45,825 DEBUG AlphaScanner.Data download_history success for JSWDULUX.NS rows=500 cols=['adj close', 'Close', 'High', 'Low', 'Open', 'Volume']
2026-08-15 17:14:45,826 DEBUG AlphaScanner.Data download_history(ticker=JUBLINGREA.NS, period=2y, interval=1d, use_cache=False)
2026-08-15 17:14:46,036 DEBUG AlphaScanner.Data download_history success for JUBLINGREA.NS rows=500 cols=['adj close', 'Close', 'High', 'Low', 'Open', 'Volume']
2026-08-15 17:14:46,037 DEBUG AlphaScanner.Data download_history(ticker=JUBLPHARMA.NS, period=2y, interval=1d, use_cache=False)
2026-08-15 17:14:46,198 DEBUG AlphaScanner.Data download_history success for JUBLPHARMA.NS rows=499 cols=['adj close', 'Close', 'High', 'Low', 'Open', 'Volume']
2026-08-15 17:14:46,199 DEBUG AlphaScanner.Data download_history(ticker=JUSTDIAL.NS, period=2y, interval=1d, use_cache=False)
2026-08-15 17:14:46,409 DEBUG AlphaScanner.Data download_history success for JUSTDIAL.NS rows=500 cols=['adj close', 'Close', 'High', 'Low', 'Open', 'Volume']
2026-08-15 17:14:46,411 DEBUG AlphaScanner.Data download_history(ticker=JWL.NS, period=2y, interval=1d, use_cache=False)
2026-08-15 17:14:46,567 DEBUG AlphaScanner.Data download_history success for JWL.NS rows=500 cols=['adj close', 'Close', 'High', 'Low', 'Open', 'Volume']
2026-08-15 17:14:46,568 DEBUG AlphaScanner.Data download_history(ticker=JYOTHYLAB.NS, period=2y, interval=1d, use_cache=False)
2026-08-15 17:14:46,894 DEBUG AlphaScanner.Data download_history success for JYOTHYLAB.NS rows=500 cols=['adj close', 'Close', 'High', 'Low', 'Open', 'Volume']
2026-08-15 17:14:46,895 DEBUG AlphaScanner.Data download_history(ticker=JYOTICNC.NS, period=2y, interval=1d, use_cache=False)
2026-08-15 17:14:47,084 DEBUG AlphaScanner.Data download_history success for JYOTICNC.NS rows=500 cols=['adj close', 'Close', 'High', 'Low', 'Open', 'Volume']
2026-08-15 17:14:47,086 DEBUG AlphaScanner.Data download_history(ticker=KAJARIACER.NS, period=2y, interval=1d, use_cache=False)
2026-08-15 17:14:47,411 DEBUG AlphaScanner.Data download_history success for KAJARIACER.NS rows=500 cols=['adj close', 'Close', 'High', 'Low', 'Open', 'Volume']
2026-08-15 17:14:47,412 DEBUG AlphaScanner.Data download_history(ticker=KANSAINER.NS, period=2y, interval=1d, use_cache=False)
2026-08-15 17:14:47,597 DEBUG AlphaScanner.Data download_history success for KANSAINER.NS rows=498 cols=['adj close', 'Close', 'High', 'Low', 'Open', 'Volume']
2026-08-15 17:14:47,598 DEBUG AlphaScanner.Data download_history(ticker=KEC.NS, period=2y, interval=1d, use_cache=False)
2026-08-15 17:14:47,857 DEBUG AlphaScanner.Data download_history success for KEC.NS rows=500 cols=['adj close', 'Close', 'High', 'Low', 'Open', 'Volume']
2026-08-15 17:14:47,858 DEBUG AlphaScanner.Data download_history(ticker=KFINTECH.NS, period=2y, interval=1d, use_cache=False)
2026-08-15 17:14:47,996 DEBUG AlphaScanner.Data download_history success for KFINTECH.NS rows=500 cols=['adj close', 'Close', 'High', 'Low', 'Open', 'Volume']
2026-08-15 17:14:47,997 DEBUG AlphaScanner.Data download_history(ticker=KIRLOSBROS.NS, period=2y, interval=1d, use_cache=False)
2026-08-15 17:14:48,169 DEBUG AlphaScanner.Data download_history success for KIRLOSBROS.NS rows=500 cols=['adj close', 'Close', 'High', 'Low', 'Open', 'Volume']
2026-08-15 17:14:48,170 DEBUG AlphaScanner.Data download_history(ticker=KITEX.NS, period=2y, interval=1d, use_cache=False)
2026-08-15 17:14:48,348 DEBUG AlphaScanner.Data download_history success for KITEX.NS rows=500 cols=['adj close', 'Close', 'High', 'Low', 'Open', 'Volume']
2026-08-15 17:14:48,353 DEBUG AlphaScanner.Data download_history(ticker=KSB.NS, period=2y, interval=1d, use_cache=False)
2026-08-15 17:14:48,562 DEBUG AlphaScanner.Data download_history success for KSB.NS rows=500 cols=['adj close', 'Close', 'High', 'Low', 'Open', 'Volume']
2026-08-15 17:14:48,564 DEBUG AlphaScanner.Data download_history(ticker=KTKBANK.NS, period=2y, interval=1d, use_cache=False)
2026-08-15 17:14:48,761 DEBUG AlphaScanner.Data download_history success for KTKBANK.NS rows=500 cols=['adj close', 'Close', 'High', 'Low', 'Open', 'Volume']
2026-08-15 17:14:48,762 DEBUG AlphaScanner.Data download_history(ticker=LATENTVIEW.NS, period=2y, interval=1d, use_cache=False)
2026-08-15 17:14:48,909 DEBUG AlphaScanner.Data download_history success for LATENTVIEW.NS rows=500 cols=['adj close', 'Close', 'High', 'Low', 'Open', 'Volume']
2026-08-15 17:14:48,911 DEBUG AlphaScanner.Data download_history(ticker=LLOYDSENGG.NS, period=2y, interval=1d, use_cache=False)
2026-08-15 17:14:49,098 DEBUG AlphaScanner.Data download_history success for LLOYDSENGG.NS rows=500 cols=['adj close', 'Close', 'High', 'Low', 'Open', 'Volume']
2026-08-15 17:14:49,100 DEBUG AlphaScanner.Data download_history(ticker=LLOYDSENT.NS, period=2y, interval=1d, use_cache=False)
2026-08-15 17:14:49,253 DEBUG AlphaScanner.Data download_history success for LLOYDSENT.NS rows=455 cols=['adj close', 'Close', 'High', 'Low', 'Open', 'Volume']
2026-08-15 17:14:49,254 DEBUG AlphaScanner.Data download_history(ticker=LOTUSDEV.NS, period=2y, interval=1d, use_cache=False)
2026-08-15 17:14:49,414 DEBUG AlphaScanner.Data download_history success for LOTUSDEV.NS rows=256 cols=['adj close', 'Close', 'High', 'Low', 'Open', 'Volume']
2026-08-15 17:14:49,415 DEBUG AlphaScanner.Data download_history(ticker=LTFOODS.NS, period=2y, interval=1d, use_cache=False)
2026-08-15 17:14:49,605 DEBUG AlphaScanner.Data download_history success for LTFOODS.NS rows=500 cols=['adj close', 'Close', 'High', 'Low', 'Open', 'Volume']
2026-08-15 17:14:49,607 DEBUG AlphaScanner.Data download_history(ticker=LUMAXTECH.NS, period=2y, interval=1d, use_cache=False)
2026-08-15 17:14:49,829 DEBUG AlphaScanner.Data download_history success for LUMAXTECH.NS rows=499 cols=['adj close', 'Close', 'High', 'Low', 'Open', 'Volume']
2026-08-15 17:14:49,830 DEBUG AlphaScanner.Data download_history(ticker=LXCHEM.NS, period=2y, interval=1d, use_cache=False)
2026-08-15 17:14:49,987 DEBUG AlphaScanner.Data download_history success for LXCHEM.NS rows=500 cols=['adj close', 'Close', 'High', 'Low', 'Open', 'Volume']
2026-08-15 17:14:49,988 DEBUG AlphaScanner.Data download_history(ticker=MAHSCOOTER.NS, period=2y, interval=1d, use_cache=False)
2026-08-15 17:14:50,174 DEBUG AlphaScanner.Data download_history success for MAHSCOOTER.NS rows=499 cols=['adj close', 'Close', 'High', 'Low', 'Open', 'Volume']
2026-08-15 17:14:50,175 DEBUG AlphaScanner.Data download_history(ticker=MAHSEAMLES.NS, period=2y, interval=1d, use_cache=False)
2026-08-15 17:14:50,482 DEBUG AlphaScanner.Data download_history success for MAHSEAMLES.NS rows=500 cols=['adj close', 'Close', 'High', 'Low', 'Open', 'Volume']
2026-08-15 17:14:50,485 DEBUG AlphaScanner.Data download_history(ticker=MANYAVAR.NS, period=2y, interval=1d, use_cache=False)
2026-08-15 17:14:50,797 DEBUG AlphaScanner.Data download_history success for MANYAVAR.NS rows=499 cols=['adj close', 'Close', 'High', 'Low', 'Open', 'Volume']
2026-08-15 17:14:50,798 DEBUG AlphaScanner.Data download_history(ticker=MAPMYINDIA.NS, period=2y, interval=1d, use_cache=False)
2026-08-15 17:14:51,056 DEBUG AlphaScanner.Data download_history success for MAPMYINDIA.NS rows=499 cols=['adj close', 'Close', 'High', 'Low', 'Open', 'Volume']
2026-08-15 17:14:51,057 DEBUG AlphaScanner.Data download_history(ticker=MARKSANS.NS, period=2y, interval=1d, use_cache=False)
2026-08-15 17:14:51,396 DEBUG AlphaScanner.Data download_history success for MARKSANS.NS rows=500 cols=['adj close', 'Close', 'High', 'Low', 'Open', 'Volume']
2026-08-15 17:14:51,397 DEBUG AlphaScanner.Data download_history(ticker=MASTEK.NS, period=2y, interval=1d, use_cache=False)
2026-08-15 17:14:51,616 DEBUG AlphaScanner.Data download_history success for MASTEK.NS rows=500 cols=['adj close', 'Close', 'High', 'Low', 'Open', 'Volume']
2026-08-15 17:14:51,617 DEBUG AlphaScanner.Data download_history(ticker=MEDPLUS.NS, period=2y, interval=1d, use_cache=False)
2026-08-15 17:14:51,768 DEBUG AlphaScanner.Data download_history success for MEDPLUS.NS rows=498 cols=['adj close', 'Close', 'High', 'Low', 'Open', 'Volume']
2026-08-15 17:14:51,769 DEBUG AlphaScanner.Data download_history(ticker=METROPOLIS.NS, period=2y, interval=1d, use_cache=False)
2026-08-15 17:14:51,974 DEBUG AlphaScanner.Data download_history success for METROPOLIS.NS rows=500 cols=['adj close', 'Close', 'High', 'Low', 'Open', 'Volume']
2026-08-15 17:14:51,976 DEBUG AlphaScanner.Data download_history(ticker=MIDHANI.NS, period=2y, interval=1d, use_cache=False)
2026-08-15 17:14:52,322 DEBUG AlphaScanner.Data download_history success for MIDHANI.NS rows=500 cols=['adj close', 'Close', 'High', 'Low', 'Open', 'Volume']
2026-08-15 17:14:52,324 DEBUG AlphaScanner.Data download_history(ticker=MINDACORP.NS, period=2y, interval=1d, use_cache=False)
2026-08-15 17:14:52,495 DEBUG AlphaScanner.Data download_history success for MINDACORP.NS rows=499 cols=['adj close', 'Close', 'High', 'Low', 'Open', 'Volume']
2026-08-15 17:14:52,497 DEBUG AlphaScanner.Data download_history(ticker=MMTC.NS, period=2y, interval=1d, use_cache=False)
2026-08-15 17:14:52,662 DEBUG AlphaScanner.Data download_history success for MMTC.NS rows=500 cols=['adj close', 'Close', 'High', 'Low', 'Open', 'Volume']
2026-08-15 17:14:52,663 DEBUG AlphaScanner.Data download_history(ticker=MOIL.NS, period=2y, interval=1d, use_cache=False)
2026-08-15 17:14:52,891 DEBUG AlphaScanner.Data download_history success for MOIL.NS rows=500 cols=['adj close', 'Close', 'High', 'Low', 'Open', 'Volume']
2026-08-15 17:14:52,893 DEBUG AlphaScanner.Data download_history(ticker=NATCOPHARM.NS, period=2y, interval=1d, use_cache=False)
2026-08-15 17:14:53,110 DEBUG AlphaScanner.Data download_history success for NATCOPHARM.NS rows=500 cols=['adj close', 'Close', 'High', 'Low', 'Open', 'Volume']
2026-08-15 17:14:53,111 DEBUG AlphaScanner.Data download_history(ticker=NAVA.NS, period=2y, interval=1d, use_cache=False)
2026-08-15 17:14:53,340 DEBUG AlphaScanner.Data download_history success for NAVA.NS rows=500 cols=['adj close', 'Close', 'High', 'Low', 'Open', 'Volume']
2026-08-15 17:14:53,341 DEBUG AlphaScanner.Data download_history(ticker=NAZARA.NS, period=2y, interval=1d, use_cache=False)
2026-08-15 17:14:53,546 DEBUG AlphaScanner.Data download_history success for NAZARA.NS rows=500 cols=['adj close', 'Close', 'High', 'Low', 'Open', 'Volume']
2026-08-15 17:14:53,548 DEBUG AlphaScanner.Data download_history(ticker=NCC.NS, period=2y, interval=1d, use_cache=False)
2026-08-15 17:14:53,759 DEBUG AlphaScanner.Data download_history success for NCC.NS rows=500 cols=['adj close', 'Close', 'High', 'Low', 'Open', 'Volume']
2026-08-15 17:14:53,760 DEBUG AlphaScanner.Data download_history(ticker=NEOGEN.NS, period=2y, interval=1d, use_cache=False)
2026-08-15 17:14:53,926 DEBUG AlphaScanner.Data download_history success for NEOGEN.NS rows=500 cols=['adj close', 'Close', 'High', 'Low', 'Open', 'Volume']
2026-08-15 17:14:53,927 DEBUG AlphaScanner.Data download_history(ticker=NESCO.NS, period=2y, interval=1d, use_cache=False)
2026-08-15 17:14:54,154 DEBUG AlphaScanner.Data download_history success for NESCO.NS rows=498 cols=['adj close', 'Close', 'High', 'Low', 'Open', 'Volume']
2026-08-15 17:14:54,155 DEBUG AlphaScanner.Data download_history(ticker=NETWORK18.NS, period=2y, interval=1d, use_cache=False)
2026-08-15 17:14:54,309 DEBUG AlphaScanner.Data download_history success for NETWORK18.NS rows=500 cols=['adj close', 'Close', 'High', 'Low', 'Open', 'Volume']
2026-08-15 17:14:54,311 DEBUG AlphaScanner.Data download_history(ticker=NEWGEN.NS, period=2y, interval=1d, use_cache=False)
2026-08-15 17:14:54,480 DEBUG AlphaScanner.Data download_history success for NEWGEN.NS rows=500 cols=['adj close', 'Close', 'High', 'Low', 'Open', 'Volume']
2026-08-15 17:14:54,481 DEBUG AlphaScanner.Data download_history(ticker=NFL.NS, period=2y, interval=1d, use_cache=False)
2026-08-15 17:14:54,700 DEBUG AlphaScanner.Data download_history success for NFL.NS rows=500 cols=['adj close', 'Close', 'High', 'Low', 'Open', 'Volume']
2026-08-15 17:14:54,702 DEBUG AlphaScanner.Data download_history(ticker=NSLNISP.NS, period=2y, interval=1d, use_cache=False)
2026-08-15 17:14:54,957 DEBUG AlphaScanner.Data download_history success for NSLNISP.NS rows=500 cols=['adj close', 'Close', 'High', 'Low', 'Open', 'Volume']
2026-08-15 17:14:54,958 DEBUG AlphaScanner.Data download_history(ticker=NUVOCO.NS, period=2y, interval=1d, use_cache=False)
2026-08-15 17:14:55,111 DEBUG AlphaScanner.Data download_history success for NUVOCO.NS rows=500 cols=['adj close', 'Close', 'High', 'Low', 'Open', 'Volume']
2026-08-15 17:14:55,113 DEBUG AlphaScanner.Data download_history(ticker=OLAELEC.NS, period=2y, interval=1d, use_cache=False)
2026-08-15 17:14:55,267 DEBUG AlphaScanner.Data download_history success for OLAELEC.NS rows=500 cols=['adj close', 'Close', 'High', 'Low', 'Open', 'Volume']
2026-08-15 17:14:55,269 DEBUG AlphaScanner.Data download_history(ticker=OLECTRA.NS, period=2y, interval=1d, use_cache=False)
2026-08-15 17:14:55,452 DEBUG AlphaScanner.Data download_history success for OLECTRA.NS rows=500 cols=['adj close', 'Close', 'High', 'Low', 'Open', 'Volume']
2026-08-15 17:14:55,454 DEBUG AlphaScanner.Data download_history(ticker=ONESOURCE.NS, period=2y, interval=1d, use_cache=False)
2026-08-15 17:14:55,600 DEBUG AlphaScanner.Data download_history success for ONESOURCE.NS rows=388 cols=['adj close', 'Close', 'High', 'Low', 'Open', 'Volume']
2026-08-15 17:14:55,602 DEBUG AlphaScanner.Data download_history(ticker=OPTIEMUS.NS, period=2y, interval=1d, use_cache=False)
2026-08-15 17:14:55,804 DEBUG AlphaScanner.Data download_history success for OPTIEMUS.NS rows=499 cols=['adj close', 'Close', 'High', 'Low', 'Open', 'Volume']
2026-08-15 17:14:55,806 DEBUG AlphaScanner.Data download_history(ticker=ORIENTCEM.NS, period=2y, interval=1d, use_cache=False)
2026-08-15 17:14:56,003 DEBUG AlphaScanner.Data download_history success for ORIENTCEM.NS rows=499 cols=['adj close', 'Close', 'High', 'Low', 'Open', 'Volume']
2026-08-15 17:14:56,004 DEBUG AlphaScanner.Data download_history(ticker=ORKLAINDIA.NS, period=2y, interval=1d, use_cache=False)
2026-08-15 17:14:56,129 DEBUG AlphaScanner.Data download_history success for ORKLAINDIA.NS rows=195 cols=['adj close', 'Close', 'High', 'Low', 'Open', 'Volume']
2026-08-15 17:14:56,131 DEBUG AlphaScanner.Data download_history(ticker=OSWALPUMPS.NS, period=2y, interval=1d, use_cache=False)
2026-08-15 17:14:56,259 DEBUG AlphaScanner.Data download_history success for OSWALPUMPS.NS rows=289 cols=['adj close', 'Close', 'High', 'Low', 'Open', 'Volume']
2026-08-15 17:14:56,260 DEBUG AlphaScanner.Data download_history(ticker=PARADEEP.NS, period=2y, interval=1d, use_cache=False)
2026-08-15 17:14:56,448 DEBUG AlphaScanner.Data download_history success for PARADEEP.NS rows=500 cols=['adj close', 'Close', 'High', 'Low', 'Open', 'Volume']
2026-08-15 17:14:56,449 DEBUG AlphaScanner.Data download_history(ticker=PARAS.NS, period=2y, interval=1d, use_cache=False)
2026-08-15 17:14:56,588 DEBUG AlphaScanner.Data download_history success for PARAS.NS rows=500 cols=['adj close', 'Close', 'High', 'Low', 'Open', 'Volume']
2026-08-15 17:14:56,589 DEBUG AlphaScanner.Data download_history(ticker=PARKHOSPS.NS, period=2y, interval=1d, use_cache=False)
2026-08-15 17:14:56,700 DEBUG AlphaScanner.Data download_history success for PARKHOSPS.NS rows=166 cols=['adj close', 'Close', 'High', 'Low', 'Open', 'Volume']
2026-08-15 17:14:56,701 DEBUG AlphaScanner.Data download_history(ticker=PCBL.NS, period=2y, interval=1d, use_cache=False)
2026-08-15 17:14:56,874 DEBUG AlphaScanner.Data download_history success for PCBL.NS rows=500 cols=['adj close', 'Close', 'High', 'Low', 'Open', 'Volume']
2026-08-15 17:14:56,876 DEBUG AlphaScanner.Data download_history(ticker=PGEL.NS, period=2y, interval=1d, use_cache=False)
2026-08-15 17:14:57,092 DEBUG AlphaScanner.Data download_history success for PGEL.NS rows=500 cols=['adj close', 'Close', 'High', 'Low', 'Open', 'Volume']
2026-08-15 17:14:57,093 DEBUG AlphaScanner.Data download_history(ticker=PGIL.NS, period=2y, interval=1d, use_cache=False)
2026-08-15 17:14:57,312 DEBUG AlphaScanner.Data download_history success for PGIL.NS rows=499 cols=['adj close', 'Close', 'High', 'Low', 'Open', 'Volume']
2026-08-15 17:14:57,314 DEBUG AlphaScanner.Data download_history(ticker=PICCADIL.NS, period=2y, interval=1d, use_cache=False)
2026-08-15 17:14:57,435 DEBUG AlphaScanner.Data download_history success for PICCADIL.NS rows=281 cols=['adj close', 'Close', 'High', 'Low', 'Open', 'Volume']
2026-08-15 17:14:57,436 DEBUG AlphaScanner.Data download_history(ticker=PINELABS.NS, period=2y, interval=1d, use_cache=False)
2026-08-15 17:14:57,560 DEBUG AlphaScanner.Data download_history success for PINELABS.NS rows=189 cols=['adj close', 'Close', 'High', 'Low', 'Open', 'Volume']
2026-08-15 17:14:57,562 DEBUG AlphaScanner.Data download_history(ticker=PNCINFRA.NS, period=2y, interval=1d, use_cache=False)
2026-08-15 17:14:57,726 DEBUG AlphaScanner.Data download_history success for PNCINFRA.NS rows=500 cols=['adj close', 'Close', 'High', 'Low', 'Open', 'Volume']
2026-08-15 17:14:57,728 DEBUG AlphaScanner.Data download_history(ticker=PNGJL.NS, period=2y, interval=1d, use_cache=False)
2026-08-15 17:14:57,900 DEBUG AlphaScanner.Data download_history success for PNGJL.NS rows=477 cols=['adj close', 'Close', 'High', 'Low', 'Open', 'Volume']
2026-08-15 17:14:57,902 DEBUG AlphaScanner.Data download_history(ticker=POLYMED.NS, period=2y, interval=1d, use_cache=False)
2026-08-15 17:14:58,247 DEBUG AlphaScanner.Data download_history success for POLYMED.NS rows=500 cols=['adj close', 'Close', 'High', 'Low', 'Open', 'Volume']
2026-08-15 17:14:58,248 DEBUG AlphaScanner.Data download_history(ticker=POWERMECH.NS, period=2y, interval=1d, use_cache=False)
2026-08-15 17:14:58,414 DEBUG AlphaScanner.Data download_history success for POWERMECH.NS rows=499 cols=['adj close', 'Close', 'High', 'Low', 'Open', 'Volume']
2026-08-15 17:14:58,416 DEBUG AlphaScanner.Data download_history(ticker=PRAJIND.NS, period=2y, interval=1d, use_cache=False)
2026-08-15 17:14:58,586 DEBUG AlphaScanner.Data download_history success for PRAJIND.NS rows=500 cols=['adj close', 'Close', 'High', 'Low', 'Open', 'Volume']
2026-08-15 17:14:58,587 DEBUG AlphaScanner.Data download_history(ticker=PRICOLLTD.NS, period=2y, interval=1d, use_cache=False)
2026-08-15 17:14:58,789 DEBUG AlphaScanner.Data download_history success for PRICOLLTD.NS rows=499 cols=['adj close', 'Close', 'High', 'Low', 'Open', 'Volume']
2026-08-15 17:14:58,791 DEBUG AlphaScanner.Data download_history(ticker=PRSMJOHNSN.NS, period=2y, interval=1d, use_cache=False)
2026-08-15 17:14:58,981 DEBUG AlphaScanner.Data download_history success for PRSMJOHNSN.NS rows=498 cols=['adj close', 'Close', 'High', 'Low', 'Open', 'Volume']
2026-08-15 17:14:58,982 DEBUG AlphaScanner.Data download_history(ticker=PRUDENT.NS, period=2y, interval=1d, use_cache=False)
2026-08-15 17:14:59,172 DEBUG AlphaScanner.Data download_history success for PRUDENT.NS rows=499 cols=['adj close', 'Close', 'High', 'Low', 'Open', 'Volume']
2026-08-15 17:14:59,174 DEBUG AlphaScanner.Data download_history(ticker=PTC.NS, period=2y, interval=1d, use_cache=False)
2026-08-15 17:14:59,339 DEBUG AlphaScanner.Data download_history success for PTC.NS rows=500 cols=['adj close', 'Close', 'High', 'Low', 'Open', 'Volume']
2026-08-15 17:14:59,340 DEBUG AlphaScanner.Data download_history(ticker=PURVA.NS, period=2y, interval=1d, use_cache=False)
2026-08-15 17:14:59,554 DEBUG AlphaScanner.Data download_history success for PURVA.NS rows=499 cols=['adj close', 'Close', 'High', 'Low', 'Open', 'Volume']
2026-08-15 17:14:59,557 DEBUG AlphaScanner.Data download_history(ticker=PVRINOX.NS, period=2y, interval=1d, use_cache=False)
2026-08-15 17:14:59,799 DEBUG AlphaScanner.Data download_history success for PVRINOX.NS rows=499 cols=['adj close', 'Close', 'High', 'Low', 'Open', 'Volume']
2026-08-15 17:14:59,801 DEBUG AlphaScanner.Data download_history(ticker=QPOWER.NS, period=2y, interval=1d, use_cache=False)
2026-08-15 17:14:59,979 DEBUG AlphaScanner.Data download_history success for QPOWER.NS rows=366 cols=['adj close', 'Close', 'High', 'Low', 'Open', 'Volume']
2026-08-15 17:14:59,981 DEBUG AlphaScanner.Data download_history(ticker=QUESS.NS, period=2y, interval=1d, use_cache=False)
2026-08-15 17:15:00,140 DEBUG AlphaScanner.Data download_history success for QUESS.NS rows=500 cols=['adj close', 'Close', 'High', 'Low', 'Open', 'Volume']
2026-08-15 17:15:00,142 DEBUG AlphaScanner.Data download_history(ticker=RAIN.NS, period=2y, interval=1d, use_cache=False)
2026-08-15 17:15:00,385 DEBUG AlphaScanner.Data download_history success for RAIN.NS rows=500 cols=['adj close', 'Close', 'High', 'Low', 'Open', 'Volume']
2026-08-15 17:15:00,386 DEBUG AlphaScanner.Data download_history(ticker=RAINBOW.NS, period=2y, interval=1d, use_cache=False)
2026-08-15 17:15:00,639 DEBUG AlphaScanner.Data download_history success for RAINBOW.NS rows=499 cols=['adj close', 'Close', 'High', 'Low', 'Open', 'Volume']
2026-08-15 17:15:00,642 DEBUG AlphaScanner.Data download_history(ticker=RALLIS.NS, period=2y, interval=1d, use_cache=False)
2026-08-15 17:15:00,856 DEBUG AlphaScanner.Data download_history success for RALLIS.NS rows=500 cols=['adj close', 'Close', 'High', 'Low', 'Open', 'Volume']
2026-08-15 17:15:00,860 DEBUG AlphaScanner.Data download_history(ticker=RATEGAIN.NS, period=2y, interval=1d, use_cache=False)
2026-08-15 17:15:01,099 DEBUG AlphaScanner.Data download_history success for RATEGAIN.NS rows=499 cols=['adj close', 'Close', 'High', 'Low', 'Open', 'Volume']
2026-08-15 17:15:01,103 DEBUG AlphaScanner.Data download_history(ticker=RAYMONDLSL.NS, period=2y, interval=1d, use_cache=False)
2026-08-15 17:15:01,252 DEBUG AlphaScanner.Data download_history success for RAYMONDLSL.NS rows=485 cols=['adj close', 'Close', 'High', 'Low', 'Open', 'Volume']
2026-08-15 17:15:01,253 DEBUG AlphaScanner.Data download_history(ticker=RBA.NS, period=2y, interval=1d, use_cache=False)
2026-08-15 17:15:01,456 DEBUG AlphaScanner.Data download_history success for RBA.NS rows=499 cols=['adj close', 'Close', 'High', 'Low', 'Open', 'Volume']
2026-08-15 17:15:01,458 DEBUG AlphaScanner.Data download_history(ticker=REDTAPE.NS, period=2y, interval=1d, use_cache=False)
2026-08-15 17:15:01,669 DEBUG AlphaScanner.Data download_history success for REDTAPE.NS rows=500 cols=['adj close', 'Close', 'High', 'Low', 'Open', 'Volume']
2026-08-15 17:15:01,671 DEBUG AlphaScanner.Data download_history(ticker=RELAXO.NS, period=2y, interval=1d, use_cache=False)
2026-08-15 17:15:01,819 DEBUG AlphaScanner.Data download_history success for RELAXO.NS rows=499 cols=['adj close', 'Close', 'High', 'Low', 'Open', 'Volume']
2026-08-15 17:15:01,824 DEBUG AlphaScanner.Data download_history(ticker=RPOWER.NS, period=2y, interval=1d, use_cache=False)
2026-08-15 17:15:01,974 DEBUG AlphaScanner.Data download_history success for RPOWER.NS rows=500 cols=['adj close', 'Close', 'High', 'Low', 'Open', 'Volume']
2026-08-15 17:15:01,979 DEBUG AlphaScanner.Data download_history(ticker=SAFARI.NS, period=2y, interval=1d, use_cache=False)
2026-08-15 17:15:02,144 DEBUG AlphaScanner.Data download_history success for SAFARI.NS rows=498 cols=['adj close', 'Close', 'High', 'Low', 'Open', 'Volume']
2026-08-15 17:15:02,146 DEBUG AlphaScanner.Data download_history(ticker=SAMHI.NS, period=2y, interval=1d, use_cache=False)
2026-08-15 17:15:02,299 DEBUG AlphaScanner.Data download_history success for SAMHI.NS rows=500 cols=['adj close', 'Close', 'High', 'Low', 'Open', 'Volume']
2026-08-15 17:15:02,302 DEBUG AlphaScanner.Data download_history(ticker=SANOFICONR.NS, period=2y, interval=1d, use_cache=False)
2026-08-15 17:15:02,507 DEBUG AlphaScanner.Data download_history success for SANOFICONR.NS rows=478 cols=['adj close', 'Close', 'High', 'Low', 'Open', 'Volume']
2026-08-15 17:15:02,508 DEBUG AlphaScanner.Data download_history(ticker=SAPPHIRE.NS, period=2y, interval=1d, use_cache=False)
2026-08-15 17:15:02,714 DEBUG AlphaScanner.Data download_history success for SAPPHIRE.NS rows=500 cols=['adj close', 'Close', 'High', 'Low', 'Open', 'Volume']
2026-08-15 17:15:02,715 DEBUG AlphaScanner.Data download_history(ticker=SARDAEN.NS, period=2y, interval=1d, use_cache=False)
2026-08-15 17:15:02,935 DEBUG AlphaScanner.Data download_history success for SARDAEN.NS rows=500 cols=['adj close', 'Close', 'High', 'Low', 'Open', 'Volume']
2026-08-15 17:15:02,936 DEBUG AlphaScanner.Data download_history(ticker=SAREGAMA.NS, period=2y, interval=1d, use_cache=False)
2026-08-15 17:15:03,277 DEBUG AlphaScanner.Data download_history success for SAREGAMA.NS rows=499 cols=['adj close', 'Close', 'High', 'Low', 'Open', 'Volume']
2026-08-15 17:15:03,279 DEBUG AlphaScanner.Data download_history(ticker=SCI.NS, period=2y, interval=1d, use_cache=False)
2026-08-15 17:15:03,582 DEBUG AlphaScanner.Data download_history success for SCI.NS rows=500 cols=['adj close', 'Close', 'High', 'Low', 'Open', 'Volume']
2026-08-15 17:15:03,583 DEBUG AlphaScanner.Data download_history(ticker=SENCO.NS, period=2y, interval=1d, use_cache=False)
2026-08-15 17:15:03,760 DEBUG AlphaScanner.Data download_history success for SENCO.NS rows=500 cols=['adj close', 'Close', 'High', 'Low', 'Open', 'Volume']
2026-08-15 17:15:03,761 DEBUG AlphaScanner.Data download_history(ticker=SFL.NS, period=2y, interval=1d, use_cache=False)
2026-08-15 17:15:03,923 DEBUG AlphaScanner.Data download_history success for SFL.NS rows=500 cols=['adj close', 'Close', 'High', 'Low', 'Open', 'Volume']
2026-08-15 17:15:03,924 DEBUG AlphaScanner.Data download_history(ticker=SHAILY.NS, period=2y, interval=1d, use_cache=False)
2026-08-15 17:15:04,090 DEBUG AlphaScanner.Data download_history success for SHAILY.NS rows=500 cols=['adj close', 'Close', 'High', 'Low', 'Open', 'Volume']
2026-08-15 17:15:04,091 DEBUG AlphaScanner.Data download_history(ticker=SHAKTIPUMP.NS, period=2y, interval=1d, use_cache=False)
2026-08-15 17:15:04,277 DEBUG AlphaScanner.Data download_history success for SHAKTIPUMP.NS rows=500 cols=['adj close', 'Close', 'High', 'Low', 'Open', 'Volume']
2026-08-15 17:15:04,278 DEBUG AlphaScanner.Data download_history(ticker=SHARDACROP.NS, period=2y, interval=1d, use_cache=False)
2026-08-15 17:15:04,512 DEBUG AlphaScanner.Data download_history success for SHARDACROP.NS rows=499 cols=['adj close', 'Close', 'High', 'Low', 'Open', 'Volume']
2026-08-15 17:15:04,513 DEBUG AlphaScanner.Data download_history(ticker=SHAREINDIA.NS, period=2y, interval=1d, use_cache=False)
2026-08-15 17:15:04,816 DEBUG AlphaScanner.Data download_history success for SHAREINDIA.NS rows=500 cols=['adj close', 'Close', 'High', 'Low', 'Open', 'Volume']
2026-08-15 17:15:04,817 DEBUG AlphaScanner.Data download_history(ticker=SHILPAMED.NS, period=2y, interval=1d, use_cache=False)
2026-08-15 17:15:05,133 DEBUG AlphaScanner.Data download_history success for SHILPAMED.NS rows=500 cols=['adj close', 'Close', 'High', 'Low', 'Open', 'Volume']
2026-08-15 17:15:05,145 DEBUG AlphaScanner.Data download_history(ticker=SPLPETRO.NS, period=2y, interval=1d, use_cache=False)
2026-08-15 17:15:05,344 DEBUG AlphaScanner.Data download_history success for SPLPETRO.NS rows=500 cols=['adj close', 'Close', 'High', 'Low', 'Open', 'Volume']
2026-08-15 17:15:05,345 DEBUG AlphaScanner.Data download_history(ticker=STAR.NS, period=2y, interval=1d, use_cache=False)
2026-08-15 17:15:05,546 DEBUG AlphaScanner.Data download_history success for STAR.NS rows=500 cols=['adj close', 'Close', 'High', 'Low', 'Open', 'Volume']
2026-08-15 17:15:05,549 DEBUG AlphaScanner.Data download_history(ticker=SUBROS.NS, period=2y, interval=1d, use_cache=False)
2026-08-15 17:15:05,730 DEBUG AlphaScanner.Data download_history success for SUBROS.NS rows=499 cols=['adj close', 'Close', 'High', 'Low', 'Open', 'Volume']
2026-08-15 17:15:05,731 DEBUG AlphaScanner.Data download_history(ticker=SUDARSCHEM.NS, period=2y, interval=1d, use_cache=False)
2026-08-15 17:15:05,967 DEBUG AlphaScanner.Data download_history success for SUDARSCHEM.NS rows=499 cols=['adj close', 'Close', 'High', 'Low', 'Open', 'Volume']
2026-08-15 17:15:05,968 DEBUG AlphaScanner.Data download_history(ticker=SUDEEPPHRM.NS, period=2y, interval=1d, use_cache=False)
2026-08-15 17:15:06,098 DEBUG AlphaScanner.Data download_history success for SUDEEPPHRM.NS rows=179 cols=['adj close', 'Close', 'High', 'Low', 'Open', 'Volume']
2026-08-15 17:15:06,099 DEBUG AlphaScanner.Data download_history(ticker=SUNTECK.NS, period=2y, interval=1d, use_cache=False)
2026-08-15 17:15:06,287 DEBUG AlphaScanner.Data download_history success for SUNTECK.NS rows=500 cols=['adj close', 'Close', 'High', 'Low', 'Open', 'Volume']
2026-08-15 17:15:06,288 DEBUG AlphaScanner.Data download_history(ticker=SUNTV.NS, period=2y, interval=1d, use_cache=False)
2026-08-15 17:15:06,660 DEBUG AlphaScanner.Data download_history success for SUNTV.NS rows=500 cols=['adj close', 'Close', 'High', 'Low', 'Open', 'Volume']
2026-08-15 17:15:06,661 DEBUG AlphaScanner.Data download_history(ticker=SUPRIYA.NS, period=2y, interval=1d, use_cache=False)
2026-08-15 17:15:06,825 DEBUG AlphaScanner.Data download_history success for SUPRIYA.NS rows=499 cols=['adj close', 'Close', 'High', 'Low', 'Open', 'Volume']
2026-08-15 17:15:06,826 DEBUG AlphaScanner.Data download_history(ticker=SURYAROSNI.NS, period=2y, interval=1d, use_cache=False)
2026-08-15 17:15:07,008 DEBUG AlphaScanner.Data download_history success for SURYAROSNI.NS rows=500 cols=['adj close', 'Close', 'High', 'Low', 'Open', 'Volume']
2026-08-15 17:15:07,009 DEBUG AlphaScanner.Data download_history(ticker=SWANCORP.NS, period=2y, interval=1d, use_cache=False)
2026-08-15 17:15:07,218 DEBUG AlphaScanner.Data download_history success for SWANCORP.NS rows=500 cols=['adj close', 'Close', 'High', 'Low', 'Open', 'Volume']
2026-08-15 17:15:07,220 DEBUG AlphaScanner.Data download_history(ticker=SYNGENE.NS, period=2y, interval=1d, use_cache=False)
2026-08-15 17:15:07,420 DEBUG AlphaScanner.Data download_history success for SYNGENE.NS rows=500 cols=['adj close', 'Close', 'High', 'Low', 'Open', 'Volume']
2026-08-15 17:15:07,429 DEBUG AlphaScanner.Data download_history(ticker=THELEELA.NS, period=2y, interval=1d, use_cache=False)
2026-08-15 17:15:07,583 DEBUG AlphaScanner.Data download_history success for THELEELA.NS rows=302 cols=['adj close', 'Close', 'High', 'Low', 'Open', 'Volume']
2026-08-15 17:15:07,585 DEBUG AlphaScanner.Data download_history(ticker=THOMASCOOK.NS, period=2y, interval=1d, use_cache=False)
2026-08-15 17:15:07,775 DEBUG AlphaScanner.Data download_history success for THOMASCOOK.NS rows=500 cols=['adj close', 'Close', 'High', 'Low', 'Open', 'Volume']
2026-08-15 17:15:07,777 DEBUG AlphaScanner.Data download_history(ticker=THYROCARE.NS, period=2y, interval=1d, use_cache=False)
2026-08-15 17:15:07,971 DEBUG AlphaScanner.Data download_history success for THYROCARE.NS rows=500 cols=['adj close', 'Close', 'High', 'Low', 'Open', 'Volume']
2026-08-15 17:15:07,972 DEBUG AlphaScanner.Data download_history(ticker=TI.NS, period=2y, interval=1d, use_cache=False)
2026-08-15 17:15:08,194 DEBUG AlphaScanner.Data download_history success for TI.NS rows=500 cols=['adj close', 'Close', 'High', 'Low', 'Open', 'Volume']
2026-08-15 17:15:08,195 DEBUG AlphaScanner.Data download_history(ticker=TIMETECHNO.NS, period=2y, interval=1d, use_cache=False)
2026-08-15 17:15:08,385 DEBUG AlphaScanner.Data download_history success for TIMETECHNO.NS rows=500 cols=['adj close', 'Close', 'High', 'Low', 'Open', 'Volume']
2026-08-15 17:15:08,386 DEBUG AlphaScanner.Data download_history(ticker=TITAGARH.NS, period=2y, interval=1d, use_cache=False)
2026-08-15 17:15:08,568 DEBUG AlphaScanner.Data download_history success for TITAGARH.NS rows=500 cols=['adj close', 'Close', 'High', 'Low', 'Open', 'Volume']
2026-08-15 17:15:08,569 DEBUG AlphaScanner.Data download_history(ticker=TMB.NS, period=2y, interval=1d, use_cache=False)
2026-08-15 17:15:08,783 DEBUG AlphaScanner.Data download_history success for TMB.NS rows=499 cols=['adj close', 'Close', 'High', 'Low', 'Open', 'Volume']
2026-08-15 17:15:08,784 DEBUG AlphaScanner.Data download_history(ticker=TRANSRAILL.NS, period=2y, interval=1d, use_cache=False)
2026-08-15 17:15:08,971 DEBUG AlphaScanner.Data download_history success for TRANSRAILL.NS rows=408 cols=['adj close', 'Close', 'High', 'Low', 'Open', 'Volume']
2026-08-15 17:15:08,972 DEBUG AlphaScanner.Data download_history(ticker=TRAVELFOOD.NS, period=2y, interval=1d, use_cache=False)
2026-08-15 17:15:09,141 DEBUG AlphaScanner.Data download_history success for TRAVELFOOD.NS rows=273 cols=['adj close', 'Close', 'High', 'Low', 'Open', 'Volume']
2026-08-15 17:15:09,143 DEBUG AlphaScanner.Data download_history(ticker=TRIDENT.NS, period=2y, interval=1d, use_cache=False)
2026-08-15 17:15:09,365 DEBUG AlphaScanner.Data download_history success for TRIDENT.NS rows=500 cols=['adj close', 'Close', 'High', 'Low', 'Open', 'Volume']
2026-08-15 17:15:09,366 DEBUG AlphaScanner.Data download_history(ticker=TRITURBINE.NS, period=2y, interval=1d, use_cache=False)
2026-08-15 17:15:09,520 DEBUG AlphaScanner.Data download_history success for TRITURBINE.NS rows=500 cols=['adj close', 'Close', 'High', 'Low', 'Open', 'Volume']
2026-08-15 17:15:09,521 DEBUG AlphaScanner.Data download_history(ticker=TRIVENI.NS, period=2y, interval=1d, use_cache=False)
2026-08-15 17:15:09,699 DEBUG AlphaScanner.Data download_history success for TRIVENI.NS rows=500 cols=['adj close', 'Close', 'High', 'Low', 'Open', 'Volume']
2026-08-15 17:15:09,700 DEBUG AlphaScanner.Data download_history(ticker=TSFINV.NS, period=2y, interval=1d, use_cache=False)
2026-08-15 17:15:09,865 DEBUG AlphaScanner.Data download_history success for TSFINV.NS rows=500 cols=['adj close', 'Close', 'High', 'Low', 'Open', 'Volume']
2026-08-15 17:15:09,866 DEBUG AlphaScanner.Data download_history(ticker=TTML.NS, period=2y, interval=1d, use_cache=False)
2026-08-15 17:15:10,212 DEBUG AlphaScanner.Data download_history success for TTML.NS rows=500 cols=['adj close', 'Close', 'High', 'Low', 'Open', 'Volume']
2026-08-15 17:15:10,214 DEBUG AlphaScanner.Data download_history(ticker=UJJIVANSFB.NS, period=2y, interval=1d, use_cache=False)
2026-08-15 17:15:10,357 DEBUG AlphaScanner.Data download_history success for UJJIVANSFB.NS rows=500 cols=['adj close', 'Close', 'High', 'Low', 'Open', 'Volume']
2026-08-15 17:15:10,358 DEBUG AlphaScanner.Data download_history(ticker=USHAMART.NS, period=2y, interval=1d, use_cache=False)
2026-08-15 17:15:10,526 DEBUG AlphaScanner.Data download_history success for USHAMART.NS rows=500 cols=['adj close', 'Close', 'High', 'Low', 'Open', 'Volume']
2026-08-15 17:15:10,527 DEBUG AlphaScanner.Data download_history(ticker=UTIAMC.NS, period=2y, interval=1d, use_cache=False)
2026-08-15 17:15:10,685 DEBUG AlphaScanner.Data download_history success for UTIAMC.NS rows=500 cols=['adj close', 'Close', 'High', 'Low', 'Open', 'Volume']
2026-08-15 17:15:10,687 DEBUG AlphaScanner.Data download_history(ticker=UTLSOLAR.NS, period=2y, interval=1d, use_cache=False)
2026-08-15 17:15:10,826 DEBUG AlphaScanner.Data download_history success for UTLSOLAR.NS rows=185 cols=['adj close', 'Close', 'High', 'Low', 'Open', 'Volume']
2026-08-15 17:15:10,828 DEBUG AlphaScanner.Data download_history(ticker=V2RETAIL.NS, period=2y, interval=1d, use_cache=False)
2026-08-15 17:15:10,980 DEBUG AlphaScanner.Data download_history success for V2RETAIL.NS rows=500 cols=['adj close', 'Close', 'High', 'Low', 'Open', 'Volume']
2026-08-15 17:15:10,981 DEBUG AlphaScanner.Data download_history(ticker=VAIBHAVGBL.NS, period=2y, interval=1d, use_cache=False)
2026-08-15 17:15:11,365 DEBUG AlphaScanner.Data download_history success for VAIBHAVGBL.NS rows=499 cols=['adj close', 'Close', 'High', 'Low', 'Open', 'Volume']
2026-08-15 17:15:11,366 DEBUG AlphaScanner.Data download_history(ticker=VARROC.NS, period=2y, interval=1d, use_cache=False)
2026-08-15 17:15:11,574 DEBUG AlphaScanner.Data download_history success for VARROC.NS rows=499 cols=['adj close', 'Close', 'High', 'Low', 'Open', 'Volume']
2026-08-15 17:15:11,576 DEBUG AlphaScanner.Data download_history(ticker=VIJAYA.NS, period=2y, interval=1d, use_cache=False)
2026-08-15 17:15:11,745 DEBUG AlphaScanner.Data download_history success for VIJAYA.NS rows=499 cols=['adj close', 'Close', 'High', 'Low', 'Open', 'Volume']
2026-08-15 17:15:11,747 DEBUG AlphaScanner.Data download_history(ticker=VIKRAMSOLR.NS, period=2y, interval=1d, use_cache=False)
2026-08-15 17:15:11,888 DEBUG AlphaScanner.Data download_history success for VIKRAMSOLR.NS rows=243 cols=['adj close', 'Close', 'High', 'Low', 'Open', 'Volume']
2026-08-15 17:15:11,890 DEBUG AlphaScanner.Data download_history(ticker=VIPIND.NS, period=2y, interval=1d, use_cache=False)
2026-08-15 17:15:12,040 DEBUG AlphaScanner.Data download_history success for VIPIND.NS rows=499 cols=['adj close', 'Close', 'High', 'Low', 'Open', 'Volume']
2026-08-15 17:15:12,045 DEBUG AlphaScanner.Data download_history(ticker=VOLTAMP.NS, period=2y, interval=1d, use_cache=False)
2026-08-15 17:15:12,218 DEBUG AlphaScanner.Data download_history success for VOLTAMP.NS rows=500 cols=['adj close', 'Close', 'High', 'Low', 'Open', 'Volume']
2026-08-15 17:15:12,220 DEBUG AlphaScanner.Data download_history(ticker=WAAREERTL.NS, period=2y, interval=1d, use_cache=False)
2026-08-15 17:15:12,368 DEBUG AlphaScanner.Data download_history success for WAAREERTL.NS rows=337 cols=['adj close', 'Close', 'High', 'Low', 'Open', 'Volume']
2026-08-15 17:15:12,373 DEBUG AlphaScanner.Data download_history(ticker=WELENT.NS, period=2y, interval=1d, use_cache=False)
2026-08-15 17:15:12,558 DEBUG AlphaScanner.Data download_history success for WELENT.NS rows=500 cols=['adj close', 'Close', 'High', 'Low', 'Open', 'Volume']
2026-08-15 17:15:12,560 DEBUG AlphaScanner.Data download_history(ticker=WESTLIFE.NS, period=2y, interval=1d, use_cache=False)
2026-08-15 17:15:12,769 DEBUG AlphaScanner.Data download_history success for WESTLIFE.NS rows=499 cols=['adj close', 'Close', 'High', 'Low', 'Open', 'Volume']
2026-08-15 17:15:12,773 DEBUG AlphaScanner.Data download_history(ticker=ZEEL.NS, period=2y, interval=1d, use_cache=False)
2026-08-15 17:15:12,949 DEBUG AlphaScanner.Data download_history success for ZEEL.NS rows=500 cols=['adj close', 'Close', 'High', 'Low', 'Open', 'Volume']
2026-08-15 17:15:12,951 DEBUG AlphaScanner.Data download_history(ticker=ZENSARTECH.NS, period=2y, interval=1d, use_cache=False)
2026-08-15 17:15:13,121 DEBUG AlphaScanner.Data download_history success for ZENSARTECH.NS rows=500 cols=['adj close', 'Close', 'High', 'Low', 'Open', 'Volume']
2026-08-15 17:15:13,122 DEBUG AlphaScanner.Data download_history(ticker=ZENTEC.NS, period=2y, interval=1d, use_cache=False)
2026-08-15 17:15:13,341 DEBUG AlphaScanner.Data download_history success for ZENTEC.NS rows=500 cols=['adj close', 'Close', 'High', 'Low', 'Open', 'Volume']
2026-08-15 17:15:13,344 DEBUG AlphaScanner.Engine Legacy scan reached evaluation phase after 62.88s
2026-08-15 17:15:13,460 DEBUG AlphaScanner.Engine Concatenated legacy data shape=(500, 2382)
2026-08-15 17:15:13,498 DEBUG AlphaScanner.Engine Post-align data shape=(496, 2382) benchmark_rows=496
2026-08-15 17:15:21,147 DEBUG AlphaScanner.Engine Legacy scan completed: hits=6 scanned=387 fail_counts={'trend_fail': 241, 'momentum_fail': 20, 'volume_fail': 59, 'breakout_fail': 73, 'rs_fail': 0, 'adx_fail': 9, 'liquidity_fail': 31, 'error_fail': 10}
2026-08-15 17:15:21,148 INFO AlphaScanner.Engine Legacy scan total elapsed 70.68s for universe=Total Market (Cap Focused) timeframe=1d
2026-08-15 17:15:21,164 INFO AlphaScanner.Service Legacy scan finished in 70.70s for universe=Total Market (Cap Focused) interval=1d scanner_type=Breakout
2026-08-15 17:15:21,165 DEBUG AlphaScanner.Service perform_fresh_scan completed: rows=6 stats_keys=['adx_fail', 'bank_nifty_change', 'bb_fail', 'breakout_fail', 'dii_net', 'error_fail', 'fakeout_trap', 'fii_net', 'liquidity_fail', 'macd_fail', 'market_bias', 'market_bias_score', 'market_breadth_50', 'market_health', 'momentum_fail', 'nifty_change', 'rs_fail', 'scanned', 'scanner_type', 'sector_sentiment', 'timeframe', 'trend_fail', 'trending_sectors', 'universe', 'universe_size', 'volume_fail']
2026-08-15 17:15:21,165 DEBUG AlphaScanner.Service perform_fresh_scan total elapsed=70.70s
2026-08-16 13:15:39,521 DEBUG AlphaScanner.UI.Scanner render_tab(scan_type=Breakout, universe=Total Market (Cap Focused), scan_mode=Entry Scanner, timeframe=1d, use_cache=False, run_scan=False)
2026-08-16 13:15:39,651 DEBUG AlphaScanner.UI.Scanner render_tab(scan_type=Breakout, universe=Total Market (Cap Focused), scan_mode=Entry Scanner, timeframe=1d, use_cache=False, run_scan=False)
2026-08-16 13:16:15,496 DEBUG AlphaScanner.UI.Scanner render_tab(scan_type=Breakout, universe=Total Market (Cap Focused), scan_mode=Entry Scanner, timeframe=1d, use_cache=False, run_scan=False)
2026-08-16 13:16:15,591 DEBUG AlphaScanner.UI.Scanner render_tab(scan_type=Breakout, universe=Total Market (Cap Focused), scan_mode=Entry Scanner, timeframe=1d, use_cache=False, run_scan=False)
2026-08-16 13:39:28,343 DEBUG AlphaScanner.UI.Scanner render_tab(scan_type=Pre-Breakout, universe=Total Market (Cap Focused), scan_mode=Entry Scanner, timeframe=1d, use_cache=False, run_scan=False)
2026-08-16 13:39:31,810 DEBUG AlphaScanner.UI.Scanner render_tab(scan_type=Pre-Breakout, universe=Total Market (Cap Focused), scan_mode=Entry Scanner, timeframe=1d, use_cache=False, run_scan=True)
2026-08-16 13:39:31,812 DEBUG AlphaScanner.UI.Scanner Starting fresh scan with min_cap=500 max_cap=20000 sector_map_size=752
2026-08-16 13:39:31,812 DEBUG AlphaScanner.Service perform_fresh_scan(scanner_type=Pre-Breakout, universe=Total Market (Cap Focused), timeframe=1d, scan_mode=Entry Scanner, use_cache=False, vol_thresh=0.6, rsi_min=35, rsi_max=70, dist_thresh=5.0, min_mkt_cap_cr=500, max_mkt_cap_cr=20000)
2026-08-16 13:39:31,812 DEBUG AlphaScanner.Service Routing to legacy breakout scanner with normalized timeframe=1d
2026-08-16 13:39:31,813 DEBUG AlphaScanner.Engine run_scanner(scanner_type=Pre-Breakout, universe=Total Market (Cap Focused), timeframe=1d, use_cache=False, incremental_fetch=False, vol_thresh=0.6, rsi_range=35-70, dist_thresh=5.0, min_cap=500, max_cap=20000)
2026-08-16 13:39:31,813 DEBUG AlphaScanner.Engine Resolved legacy universe 'Total Market (Cap Focused)' to 755 tickers
2026-08-16 13:39:31,813 INFO AlphaScanner.Engine Universe resolution finished in 0.00s for Total Market (Cap Focused)
2026-08-16 13:39:31,813 INFO AlphaScanner.Engine Prefiltering universe of 755 tickers by market cap (Min: 500 Cr, Max: 20000 Cr)...
2026-08-16 13:39:31,816 INFO AlphaScanner.Engine Prefetching missing metadata for 755 tickers...
2026-08-16 13:40:50,395 DEBUG AlphaScanner.UI.Scanner render_tab(scan_type=Pre-Breakout, universe=Total Market (Cap Focused), scan_mode=Entry Scanner, timeframe=1d, use_cache=False, run_scan=True)
2026-08-16 13:40:50,397 DEBUG AlphaScanner.UI.Scanner Starting fresh scan with min_cap=500 max_cap=20000 sector_map_size=752
2026-08-16 13:40:50,397 DEBUG AlphaScanner.Service perform_fresh_scan(scanner_type=Pre-Breakout, universe=Total Market (Cap Focused), timeframe=1d, scan_mode=Entry Scanner, use_cache=False, vol_thresh=0.6, rsi_min=35, rsi_max=70, dist_thresh=5.0, min_mkt_cap_cr=500, max_mkt_cap_cr=20000)
2026-08-16 13:40:50,398 DEBUG AlphaScanner.Service Routing to legacy breakout scanner with normalized timeframe=1d
2026-08-16 13:40:50,398 DEBUG AlphaScanner.Engine run_scanner(scanner_type=Pre-Breakout, universe=Total Market (Cap Focused), timeframe=1d, use_cache=False, incremental_fetch=False, vol_thresh=0.6, rsi_range=35-70, dist_thresh=5.0, min_cap=500, max_cap=20000)
2026-08-16 13:40:50,398 DEBUG AlphaScanner.Engine Resolved legacy universe 'Total Market (Cap Focused)' to 755 tickers
2026-08-16 13:40:50,398 INFO AlphaScanner.Engine Universe resolution finished in 0.00s for Total Market (Cap Focused)
2026-08-16 13:40:50,399 INFO AlphaScanner.Engine Prefiltering universe of 755 tickers by market cap (Min: 500 Cr, Max: 20000 Cr)...
2026-08-16 13:40:50,408 INFO AlphaScanner.Engine Prefetching missing metadata for 429 tickers...
2026-08-16 17:12:11,902 INFO AlphaScanner.Engine Market cap pre-filter reduced universe from 755 to 258 tickers.
2026-08-16 17:12:11,903 INFO AlphaScanner.Engine Market-cap prefilter finished in 1119.26s and reduced universe to 258 tickers
2026-08-16 17:12:12,068 DEBUG AlphaScanner.Engine Loaded benchmark close series with 246 rows
2026-08-16 17:12:12,068 INFO AlphaScanner.Engine Benchmark download finished in 0.16s
2026-08-16 17:12:18,490 INFO AlphaScanner.Engine Market cap pre-filter reduced universe from 755 to 257 tickers.
2026-08-16 17:12:18,490 INFO AlphaScanner.Engine Market-cap prefilter finished in 1047.26s and reduced universe to 257 tickers
2026-08-16 17:12:18,664 DEBUG AlphaScanner.Engine Loaded benchmark close series with 246 rows
2026-08-16 17:12:18,664 INFO AlphaScanner.Engine Benchmark download finished in 0.17s
2026-08-16 17:12:18,670 DEBUG AlphaScanner.Engine Metadata cache is up to date. Skipping prefetch.
2026-08-16 17:12:18,676 DEBUG AlphaScanner.Engine Metadata cache primed with 257 entries
2026-08-16 17:12:18,676 INFO AlphaScanner.Engine Metadata prefetch finished in 0.01s
2026-08-16 17:12:18,677 DEBUG AlphaScanner.Data download_history_batch(size=257, period=1y, interval=1d, use_cache=False, head=['AARTIDRUGS.NS', 'AARTIIND.NS', 'AARTIPHARM.NS', 'AAVAS.NS', 'ABDL.NS'])
2026-08-16 17:12:18,677 INFO AlphaScanner.Data download_history_batch fetching 26 live chunks with 10 workers (chunk_size=10).
2026-08-16 17:12:20,350 DEBUG AlphaScanner.Data No data for ticker DBREALTY.NS in batch result.
2026-08-16 17:12:20,350 DEBUG AlphaScanner.Data No data for ticker DCBBANK.NS in batch result.
2026-08-16 17:12:20,350 DEBUG AlphaScanner.Data No data for ticker DCMSHRIRAM.NS in batch result.
2026-08-16 17:12:20,353 DEBUG AlphaScanner.Data No data for ticker DEVYANI.NS in batch result.
2026-08-16 17:12:20,353 DEBUG AlphaScanner.Data No data for ticker DOMS.NS in batch result.
2026-08-16 17:12:20,353 DEBUG AlphaScanner.Data No data for ticker DYNAMATECH.NS in batch result.
2026-08-16 17:12:20,353 DEBUG AlphaScanner.Data No data for ticker ECLERX.NS in batch result.
2026-08-16 17:12:20,353 DEBUG AlphaScanner.Data No data for ticker EDELWEISS.NS in batch result.
2026-08-16 17:12:20,353 DEBUG AlphaScanner.Data No data for ticker EIDPARRY.NS in batch result.
2026-08-16 17:12:20,358 DEBUG AlphaScanner.Data No data for ticker CMSINFO.NS in batch result.
2026-08-16 17:12:20,359 DEBUG AlphaScanner.Data No data for ticker COHANCE.NS in batch result.
2026-08-16 17:12:20,361 DEBUG AlphaScanner.Data No data for ticker CONCORDBIO.NS in batch result.
2026-08-16 17:12:20,362 DEBUG AlphaScanner.Data No data for ticker CRAMC.NS in batch result.
2026-08-16 17:12:20,375 DEBUG AlphaScanner.Data No data for ticker CRIZAC.NS in batch result.
2026-08-16 17:12:20,375 DEBUG AlphaScanner.Data No data for ticker CROMPTON.NS in batch result.
2026-08-16 17:12:20,376 DEBUG AlphaScanner.Data No data for ticker CSBBANK.NS in batch result.
2026-08-16 17:12:20,376 DEBUG AlphaScanner.Data No data for ticker CYIENT.NS in batch result.
2026-08-16 17:12:20,384 DEBUG AlphaScanner.Data No data for ticker DBL.NS in batch result.
2026-08-16 17:12:20,384 DEBUG AlphaScanner.Data No data for ticker BALAMINES.NS in batch result.
2026-08-16 17:12:20,384 DEBUG AlphaScanner.Data No data for ticker BALRAMCHIN.NS in batch result.
2026-08-16 17:12:20,385 DEBUG AlphaScanner.Data No data for ticker BALUFORGE.NS in batch result.
2026-08-16 17:12:20,385 DEBUG AlphaScanner.Data No data for ticker BANCOINDIA.NS in batch result.
2026-08-16 17:12:20,385 DEBUG AlphaScanner.Data No data for ticker BATAINDIA.NS in batch result.
2026-08-16 17:12:20,385 DEBUG AlphaScanner.Data No data for ticker BAYERCROP.NS in batch result.
2026-08-16 17:12:20,398 DEBUG AlphaScanner.Data No data for ticker BBOX.NS in batch result.
2026-08-16 17:12:20,406 DEBUG AlphaScanner.Data No data for ticker BECTORFOOD.NS in batch result.
2026-08-16 17:12:20,420 DEBUG AlphaScanner.Data No data for ticker BEML.NS in batch result.
2026-08-16 17:12:20,422 DEBUG AlphaScanner.Data No data for ticker CAMPUS.NS in batch result.
2026-08-16 17:12:20,422 DEBUG AlphaScanner.Data No data for ticker CAMS.NS in batch result.
2026-08-16 17:12:20,422 DEBUG AlphaScanner.Data No data for ticker CANFINHOME.NS in batch result.
2026-08-16 17:12:20,424 DEBUG AlphaScanner.Data No data for ticker CAPILLARY.NS in batch result.
2026-08-16 17:12:20,425 DEBUG AlphaScanner.Data No data for ticker CAPLIPOINT.NS in batch result.
2026-08-16 17:12:20,425 DEBUG AlphaScanner.Data No data for ticker CARTRADE.NS in batch result.
2026-08-16 17:12:20,426 DEBUG AlphaScanner.Data No data for ticker CASTROLIND.NS in batch result.
2026-08-16 17:12:20,427 DEBUG AlphaScanner.Data No data for ticker CCAVENUE.NS in batch result.
2026-08-16 17:12:20,427 DEBUG AlphaScanner.Data No data for ticker CCL.NS in batch result.
2026-08-16 17:12:20,427 DEBUG AlphaScanner.Data No data for ticker ADVENZYMES.NS in batch result.
2026-08-16 17:12:20,427 DEBUG AlphaScanner.Data No data for ticker AEQUS.NS in batch result.
2026-08-16 17:12:20,427 DEBUG AlphaScanner.Data No data for ticker AFCONS.NS in batch result.
2026-08-16 17:12:20,427 DEBUG AlphaScanner.Data No data for ticker AGARWALEYE.NS in batch result.
2026-08-16 17:12:20,428 DEBUG AlphaScanner.Data No data for ticker AHLUCONT.NS in batch result.
2026-08-16 17:12:20,441 DEBUG AlphaScanner.Data No data for ticker AKUMS.NS in batch result.
2026-08-16 17:12:20,441 DEBUG AlphaScanner.Data No data for ticker ALIVUS.NS in batch result.
2026-08-16 17:12:20,441 DEBUG AlphaScanner.Data No data for ticker ALKYLAMINE.NS in batch result.
2026-08-16 17:12:20,441 DEBUG AlphaScanner.Data No data for ticker ANUP.NS in batch result.
2026-08-16 17:12:20,467 DEBUG AlphaScanner.Data No data for ticker AARTIDRUGS.NS in batch result.
2026-08-16 17:12:20,468 DEBUG AlphaScanner.Data No data for ticker AARTIIND.NS in batch result.
2026-08-16 17:12:20,469 DEBUG AlphaScanner.Data No data for ticker AARTIPHARM.NS in batch result.
2026-08-16 17:12:20,470 DEBUG AlphaScanner.Data No data for ticker AAVAS.NS in batch result.
2026-08-16 17:12:20,470 DEBUG AlphaScanner.Data No data for ticker ABDL.NS in batch result.
2026-08-16 17:12:20,470 DEBUG AlphaScanner.Data No data for ticker ABFRL.NS in batch result.
2026-08-16 17:12:20,470 DEBUG AlphaScanner.Data No data for ticker ABLBL.NS in batch result.
2026-08-16 17:12:20,470 DEBUG AlphaScanner.Data No data for ticker ABREL.NS in batch result.
2026-08-16 17:12:20,470 DEBUG AlphaScanner.Data No data for ticker ACE.NS in batch result.
2026-08-16 17:12:20,536 DEBUG AlphaScanner.Data No data for ticker APLLTD.NS in batch result.
2026-08-16 17:12:20,536 DEBUG AlphaScanner.Data No data for ticker APOLLO.NS in batch result.
2026-08-16 17:12:20,538 DEBUG AlphaScanner.Data No data for ticker ARE&M.NS in batch result.
2026-08-16 17:12:20,539 DEBUG AlphaScanner.Data No data for ticker ARVIND.NS in batch result.
2026-08-16 17:12:20,539 DEBUG AlphaScanner.Data No data for ticker ARVINDFASN.NS in batch result.
2026-08-16 17:12:20,539 DEBUG AlphaScanner.Data No data for ticker ASHAPURMIN.NS in batch result.
2026-08-16 17:12:20,539 DEBUG AlphaScanner.Data No data for ticker ASHOKA.NS in batch result.
2026-08-16 17:12:20,539 DEBUG AlphaScanner.Data No data for ticker ASKAUTOLTD.NS in batch result.
2026-08-16 17:12:20,539 DEBUG AlphaScanner.Data No data for ticker ASTRAMICRO.NS in batch result.
2026-08-16 17:12:20,879 DEBUG AlphaScanner.Data No data for ticker CEATLTD.NS in batch result.
2026-08-16 17:12:20,880 DEBUG AlphaScanner.Data No data for ticker CELLO.NS in batch result.
2026-08-16 17:12:20,885 DEBUG AlphaScanner.Data No data for ticker CHALET.NS in batch result.
2026-08-16 17:12:20,897 DEBUG AlphaScanner.Data No data for ticker CHAMBLFERT.NS in batch result.
2026-08-16 17:12:20,897 DEBUG AlphaScanner.Data No data for ticker CHENNPETRO.NS in batch result.
2026-08-16 17:12:20,897 DEBUG AlphaScanner.Data No data for ticker CHOICEIN.NS in batch result.
2026-08-16 17:12:20,904 DEBUG AlphaScanner.Data No data for ticker CIEINDIA.NS in batch result.
2026-08-16 17:12:20,905 DEBUG AlphaScanner.Data No data for ticker CLEAN.NS in batch result.
2026-08-16 17:12:21,974 DEBUG AlphaScanner.Data No data for ticker HONASA.NS in batch result.
2026-08-16 17:12:21,978 DEBUG AlphaScanner.Data No data for ticker IFBIND.NS in batch result.
2026-08-16 17:12:21,982 DEBUG AlphaScanner.Data No data for ticker IMFA.NS in batch result.
2026-08-16 17:12:22,080 DEBUG AlphaScanner.Data No data for ticker GNFC.NS in batch result.
2026-08-16 17:12:22,080 DEBUG AlphaScanner.Data No data for ticker GODREJAGRO.NS in batch result.
2026-08-16 17:12:22,081 DEBUG AlphaScanner.Data No data for ticker GOKEX.NS in batch result.
2026-08-16 17:12:22,084 DEBUG AlphaScanner.Data No data for ticker GOKULAGRO.NS in batch result.
2026-08-16 17:12:22,086 DEBUG AlphaScanner.Data No data for ticker GPPL.NS in batch result.
2026-08-16 17:12:22,087 DEBUG AlphaScanner.Data No data for ticker GRAPHITE.NS in batch result.
2026-08-16 17:12:22,087 DEBUG AlphaScanner.Data No data for ticker GRAVITA.NS in batch result.
2026-08-16 17:12:22,087 DEBUG AlphaScanner.Data No data for ticker GREAVESCOT.NS in batch result.
2026-08-16 17:12:22,087 DEBUG AlphaScanner.Data No data for ticker GRWRHITECH.NS in batch result.
2026-08-16 17:12:22,095 DEBUG AlphaScanner.Data No data for ticker INDIASHLTR.NS in batch result.
2026-08-16 17:12:22,096 DEBUG AlphaScanner.Data No data for ticker INDIGOPNTS.NS in batch result.
2026-08-16 17:12:22,096 DEBUG AlphaScanner.Data No data for ticker INOXINDIA.NS in batch result.
2026-08-16 17:12:22,096 DEBUG AlphaScanner.Data No data for ticker INOXWIND.NS in batch result.
2026-08-16 17:12:22,098 DEBUG AlphaScanner.Data No data for ticker SCI.NS in batch result.
2026-08-16 17:12:22,100 DEBUG AlphaScanner.Data No data for ticker SENCO.NS in batch result.
2026-08-16 17:12:22,100 DEBUG AlphaScanner.Data No data for ticker SFL.NS in batch result.
2026-08-16 17:12:22,100 DEBUG AlphaScanner.Data No data for ticker SHAILY.NS in batch result.
2026-08-16 17:12:22,100 DEBUG AlphaScanner.Data No data for ticker SHAKTIPUMP.NS in batch result.
2026-08-16 17:12:22,125 DEBUG AlphaScanner.Data No data for ticker FIRSTCRY.NS in batch result.
2026-08-16 17:12:22,134 DEBUG AlphaScanner.Data No data for ticker FIVESTAR.NS in batch result.
2026-08-16 17:12:22,140 DEBUG AlphaScanner.Data No data for ticker FSL.NS in batch result.
2026-08-16 17:12:22,140 DEBUG AlphaScanner.Data No data for ticker GAEL.NS in batch result.
2026-08-16 17:12:22,140 DEBUG AlphaScanner.Data No data for ticker GALLANTT.NS in batch result.
2026-08-16 17:12:22,141 DEBUG AlphaScanner.Data No data for ticker GESHIP.NS in batch result.
2026-08-16 17:12:22,141 DEBUG AlphaScanner.Data No data for ticker GHCL.NS in batch result.
2026-08-16 17:12:22,141 DEBUG AlphaScanner.Data No data for ticker GMDCLTD.NS in batch result.
2026-08-16 17:12:22,144 DEBUG AlphaScanner.Data No data for ticker GMRP&UI.NS in batch result.
2026-08-16 17:12:22,157 DEBUG AlphaScanner.Data No data for ticker EIEL.NS in batch result.
2026-08-16 17:12:22,158 DEBUG AlphaScanner.Data No data for ticker EIHOTEL.NS in batch result.
2026-08-16 17:12:22,162 DEBUG AlphaScanner.Data No data for ticker ELECON.NS in batch result.
2026-08-16 17:12:22,162 DEBUG AlphaScanner.Data No data for ticker ELECTCAST.NS in batch result.
2026-08-16 17:12:22,165 DEBUG AlphaScanner.Data No data for ticker ELGIEQUIP.NS in batch result.
2026-08-16 17:12:22,167 DEBUG AlphaScanner.Data No data for ticker ELLEN.NS in batch result.
2026-08-16 17:12:22,170 DEBUG AlphaScanner.Data No data for ticker EMBDL.NS in batch result.
2026-08-16 17:12:22,175 DEBUG AlphaScanner.Data No data for ticker EMIL.NS in batch result.
2026-08-16 17:12:22,187 DEBUG AlphaScanner.Data No data for ticker ENGINERSIN.NS in batch result.
2026-08-16 17:12:22,187 DEBUG AlphaScanner.Data No data for ticker ENTERO.NS in batch result.
2026-08-16 17:12:22,200 DEBUG AlphaScanner.Data No data for ticker EQUITASBNK.NS in batch result.
2026-08-16 17:12:22,201 DEBUG AlphaScanner.Data No data for ticker ERIS.NS in batch result.
2026-08-16 17:12:22,201 DEBUG AlphaScanner.Data No data for ticker ETHOSLTD.NS in batch result.
2026-08-16 17:12:22,201 DEBUG AlphaScanner.Data No data for ticker EUREKAFORB.NS in batch result.
2026-08-16 17:12:22,201 DEBUG AlphaScanner.Data No data for ticker FEDFINA.NS in batch result.
2026-08-16 17:12:22,201 DEBUG AlphaScanner.Data No data for ticker FIEMIND.NS in batch result.
2026-08-16 17:12:22,201 DEBUG AlphaScanner.Data No data for ticker FINCABLES.NS in batch result.
2026-08-16 17:12:22,201 DEBUG AlphaScanner.Data No data for ticker FINPIPE.NS in batch result.
2026-08-16 17:12:22,214 DEBUG AlphaScanner.Data No data for ticker SMLMAH.NS in batch result.
2026-08-16 17:12:22,216 DEBUG AlphaScanner.Data No data for ticker SOBHA.NS in batch result.
2026-08-16 17:12:22,225 DEBUG AlphaScanner.Data No data for ticker SOUTHBANK.NS in batch result.
2026-08-16 17:12:22,225 DEBUG AlphaScanner.Data No data for ticker SPARC.NS in batch result.
2026-08-16 17:12:22,225 DEBUG AlphaScanner.Data No data for ticker SPLPETRO.NS in batch result.
2026-08-16 17:12:22,225 DEBUG AlphaScanner.Data No data for ticker STAR.NS in batch result.
2026-08-16 17:12:22,225 DEBUG AlphaScanner.Data No data for ticker STARCEMENT.NS in batch result.
2026-08-16 17:12:22,225 DEBUG AlphaScanner.Data No data for ticker STYL.NS in batch result.
2026-08-16 17:12:22,226 DEBUG AlphaScanner.Data No data for ticker STYRENIX.NS in batch result.
2026-08-16 17:12:22,433 DEBUG AlphaScanner.Data No data for ticker SHARDACROP.NS in batch result.
2026-08-16 17:12:22,434 DEBUG AlphaScanner.Data No data for ticker SHAREINDIA.NS in batch result.
2026-08-16 17:12:22,436 DEBUG AlphaScanner.Data No data for ticker SHILPAMED.NS in batch result.
2026-08-16 17:12:22,439 DEBUG AlphaScanner.Data No data for ticker SIGNATURE.NS in batch result.
2026-08-16 17:12:22,453 DEBUG AlphaScanner.Data No data for ticker SKFINDIA.NS in batch result.
2026-08-16 17:12:22,453 DEBUG AlphaScanner.Data No data for ticker SKFINDUS.NS in batch result.
2026-08-16 17:12:22,466 DEBUG AlphaScanner.Data No data for ticker SKYGOLD.NS in batch result.
2026-08-16 17:12:22,466 DEBUG AlphaScanner.Data No data for ticker SMARTWORKS.NS in batch result.
2026-08-16 17:12:22,518 DEBUG AlphaScanner.Data No data for ticker SUDARSCHEM.NS in batch result.
2026-08-16 17:12:22,518 DEBUG AlphaScanner.Data No data for ticker SUDEEPPHRM.NS in batch result.
2026-08-16 17:12:22,518 DEBUG AlphaScanner.Data No data for ticker SUNTECK.NS in batch result.
2026-08-16 17:12:22,518 DEBUG AlphaScanner.Data No data for ticker SUNTV.NS in batch result.
2026-08-16 17:12:22,518 DEBUG AlphaScanner.Data No data for ticker SUPRIYA.NS in batch result.
2026-08-16 17:12:22,518 DEBUG AlphaScanner.Data No data for ticker SURYAROSNI.NS in batch result.
2026-08-16 17:12:22,521 DEBUG AlphaScanner.Data No data for ticker SYNGENE.NS in batch result.
2026-08-16 17:12:22,650 DEBUG AlphaScanner.Data No data for ticker GSFC.NS in batch result.
2026-08-16 17:12:22,658 DEBUG AlphaScanner.Data No data for ticker HAPPSTMNDS.NS in batch result.
2026-08-16 17:12:22,658 DEBUG AlphaScanner.Data No data for ticker HBLENGINE.NS in batch result.
2026-08-16 17:12:22,658 DEBUG AlphaScanner.Data No data for ticker HCC.NS in batch result.
2026-08-16 17:12:22,661 DEBUG AlphaScanner.Data No data for ticker HEMIPROP.NS in batch result.
2026-08-16 17:12:22,664 DEBUG AlphaScanner.Data No data for ticker HGINFRA.NS in batch result.
2026-08-16 17:12:24,023 DEBUG AlphaScanner.Data download_history_batch result count=108
2026-08-16 17:12:24,025 INFO AlphaScanner.Engine Batch history download finished in 5.35s for 257 tickers
2026-08-16 17:12:24,025 DEBUG AlphaScanner.Data download_history(ticker=AARTIDRUGS.NS, period=1y, interval=1d, use_cache=False)
2026-08-16 17:12:24,208 DEBUG AlphaScanner.Data download_history success for AARTIDRUGS.NS rows=250 cols=['adj close', 'Close', 'High', 'Low', 'Open', 'Volume']
2026-08-16 17:12:24,209 DEBUG AlphaScanner.Data download_history(ticker=AARTIIND.NS, period=1y, interval=1d, use_cache=False)
2026-08-16 17:12:24,382 DEBUG AlphaScanner.Data download_history success for AARTIIND.NS rows=250 cols=['adj close', 'Close', 'High', 'Low', 'Open', 'Volume']
2026-08-16 17:12:24,384 DEBUG AlphaScanner.Data download_history(ticker=AARTIPHARM.NS, period=1y, interval=1d, use_cache=False)
2026-08-16 17:12:24,681 DEBUG AlphaScanner.Data download_history success for AARTIPHARM.NS rows=250 cols=['adj close', 'Close', 'High', 'Low', 'Open', 'Volume']
2026-08-16 17:12:24,683 DEBUG AlphaScanner.Data download_history(ticker=AAVAS.NS, period=1y, interval=1d, use_cache=False)
2026-08-16 17:12:24,750 DEBUG AlphaScanner.Data download_history success for AAVAS.NS rows=250 cols=['adj close', 'Close', 'High', 'Low', 'Open', 'Volume']
2026-08-16 17:12:24,751 DEBUG AlphaScanner.Data download_history(ticker=ABDL.NS, period=1y, interval=1d, use_cache=False)
2026-08-16 17:12:24,802 DEBUG AlphaScanner.Data download_history success for ABDL.NS rows=249 cols=['adj close', 'Close', 'High', 'Low', 'Open', 'Volume']
2026-08-16 17:12:24,803 DEBUG AlphaScanner.Data download_history(ticker=ABFRL.NS, period=1y, interval=1d, use_cache=False)
2026-08-16 17:12:24,869 DEBUG AlphaScanner.Data download_history success for ABFRL.NS rows=250 cols=['adj close', 'Close', 'High', 'Low', 'Open', 'Volume']
2026-08-16 17:12:24,870 DEBUG AlphaScanner.Data download_history(ticker=ABLBL.NS, period=1y, interval=1d, use_cache=False)
2026-08-16 17:12:24,950 DEBUG AlphaScanner.Data download_history success for ABLBL.NS rows=250 cols=['adj close', 'Close', 'High', 'Low', 'Open', 'Volume']
2026-08-16 17:12:24,951 DEBUG AlphaScanner.Data download_history(ticker=ABREL.NS, period=1y, interval=1d, use_cache=False)
2026-08-16 17:12:25,117 DEBUG AlphaScanner.Data download_history success for ABREL.NS rows=250 cols=['adj close', 'Close', 'High', 'Low', 'Open', 'Volume']
2026-08-16 17:12:25,119 DEBUG AlphaScanner.Data download_history(ticker=ACE.NS, period=1y, interval=1d, use_cache=False)
2026-08-16 17:12:25,286 DEBUG AlphaScanner.Data download_history success for ACE.NS rows=250 cols=['adj close', 'Close', 'High', 'Low', 'Open', 'Volume']
2026-08-16 17:12:25,288 DEBUG AlphaScanner.Data download_history(ticker=ADVENZYMES.NS, period=1y, interval=1d, use_cache=False)
2026-08-16 17:12:25,370 DEBUG AlphaScanner.Data download_history success for ADVENZYMES.NS rows=250 cols=['adj close', 'Close', 'High', 'Low', 'Open', 'Volume']
2026-08-16 17:12:25,371 DEBUG AlphaScanner.Data download_history(ticker=AEQUS.NS, period=1y, interval=1d, use_cache=False)
2026-08-16 17:12:25,512 DEBUG AlphaScanner.Data download_history success for AEQUS.NS rows=171 cols=['adj close', 'Close', 'High', 'Low', 'Open', 'Volume']
2026-08-16 17:12:25,514 DEBUG AlphaScanner.Data download_history(ticker=AFCONS.NS, period=1y, interval=1d, use_cache=False)
2026-08-16 17:12:25,678 DEBUG AlphaScanner.Data download_history success for AFCONS.NS rows=250 cols=['adj close', 'Close', 'High', 'Low', 'Open', 'Volume']
2026-08-16 17:12:25,679 DEBUG AlphaScanner.Data download_history(ticker=AGARWALEYE.NS, period=1y, interval=1d, use_cache=False)
2026-08-16 17:12:26,102 DEBUG AlphaScanner.Data download_history success for AGARWALEYE.NS rows=248 cols=['adj close', 'Close', 'High', 'Low', 'Open', 'Volume']
2026-08-16 17:12:26,104 DEBUG AlphaScanner.Data download_history(ticker=AHLUCONT.NS, period=1y, interval=1d, use_cache=False)
2026-08-16 17:12:26,181 DEBUG AlphaScanner.Data download_history success for AHLUCONT.NS rows=250 cols=['adj close', 'Close', 'High', 'Low', 'Open', 'Volume']
2026-08-16 17:12:26,182 DEBUG AlphaScanner.Data download_history(ticker=AKUMS.NS, period=1y, interval=1d, use_cache=False)
2026-08-16 17:12:26,331 DEBUG AlphaScanner.Data download_history success for AKUMS.NS rows=248 cols=['adj close', 'Close', 'High', 'Low', 'Open', 'Volume']
2026-08-16 17:12:26,332 DEBUG AlphaScanner.Data download_history(ticker=ALIVUS.NS, period=1y, interval=1d, use_cache=False)
2026-08-16 17:12:26,483 DEBUG AlphaScanner.Data download_history success for ALIVUS.NS rows=249 cols=['adj close', 'Close', 'High', 'Low', 'Open', 'Volume']
2026-08-16 17:12:26,484 DEBUG AlphaScanner.Data download_history(ticker=ALKYLAMINE.NS, period=1y, interval=1d, use_cache=False)
2026-08-16 17:12:26,635 DEBUG AlphaScanner.Data download_history success for ALKYLAMINE.NS rows=250 cols=['adj close', 'Close', 'High', 'Low', 'Open', 'Volume']
2026-08-16 17:12:26,637 DEBUG AlphaScanner.Data download_history(ticker=ANUP.NS, period=1y, interval=1d, use_cache=False)
2026-08-16 17:12:26,762 DEBUG AlphaScanner.Data download_history success for ANUP.NS rows=249 cols=['adj close', 'Close', 'High', 'Low', 'Open', 'Volume']
2026-08-16 17:12:26,764 DEBUG AlphaScanner.Data download_history(ticker=APLLTD.NS, period=1y, interval=1d, use_cache=False)
2026-08-16 17:12:26,940 DEBUG AlphaScanner.Data download_history success for APLLTD.NS rows=250 cols=['adj close', 'Close', 'High', 'Low', 'Open', 'Volume']
2026-08-16 17:12:26,942 DEBUG AlphaScanner.Data download_history(ticker=APOLLO.NS, period=1y, interval=1d, use_cache=False)
2026-08-16 17:12:26,988 DEBUG AlphaScanner.Data download_history success for APOLLO.NS rows=250 cols=['adj close', 'Close', 'High', 'Low', 'Open', 'Volume']
2026-08-16 17:12:26,989 DEBUG AlphaScanner.Data download_history(ticker=ARE&M.NS, period=1y, interval=1d, use_cache=False)
2026-08-16 17:12:27,160 DEBUG AlphaScanner.Data download_history success for ARE&M.NS rows=250 cols=['adj close', 'Close', 'High', 'Low', 'Open', 'Volume']
2026-08-16 17:12:27,161 DEBUG AlphaScanner.Data download_history(ticker=ARVIND.NS, period=1y, interval=1d, use_cache=False)
2026-08-16 17:12:27,322 DEBUG AlphaScanner.Data download_history success for ARVIND.NS rows=250 cols=['adj close', 'Close', 'High', 'Low', 'Open', 'Volume']
2026-08-16 17:12:27,324 DEBUG AlphaScanner.Data download_history(ticker=ARVINDFASN.NS, period=1y, interval=1d, use_cache=False)
2026-08-16 17:12:27,475 DEBUG AlphaScanner.Data download_history success for ARVINDFASN.NS rows=250 cols=['adj close', 'Close', 'High', 'Low', 'Open', 'Volume']
2026-08-16 17:12:27,477 DEBUG AlphaScanner.Data download_history(ticker=ASHAPURMIN.NS, period=1y, interval=1d, use_cache=False)
2026-08-16 17:12:27,654 DEBUG AlphaScanner.Data download_history success for ASHAPURMIN.NS rows=250 cols=['adj close', 'Close', 'High', 'Low', 'Open', 'Volume']
2026-08-16 17:12:27,656 DEBUG AlphaScanner.Data download_history(ticker=ASHOKA.NS, period=1y, interval=1d, use_cache=False)
2026-08-16 17:12:27,954 DEBUG AlphaScanner.Data download_history success for ASHOKA.NS rows=250 cols=['adj close', 'Close', 'High', 'Low', 'Open', 'Volume']
2026-08-16 17:12:27,956 DEBUG AlphaScanner.Data download_history(ticker=ASKAUTOLTD.NS, period=1y, interval=1d, use_cache=False)
2026-08-16 17:12:28,108 DEBUG AlphaScanner.Data download_history success for ASKAUTOLTD.NS rows=250 cols=['adj close', 'Close', 'High', 'Low', 'Open', 'Volume']
2026-08-16 17:12:28,109 DEBUG AlphaScanner.Data download_history(ticker=ASTRAMICRO.NS, period=1y, interval=1d, use_cache=False)
2026-08-16 17:12:28,284 DEBUG AlphaScanner.Data download_history success for ASTRAMICRO.NS rows=250 cols=['adj close', 'Close', 'High', 'Low', 'Open', 'Volume']
2026-08-16 17:12:28,294 DEBUG AlphaScanner.Data download_history(ticker=BALAMINES.NS, period=1y, interval=1d, use_cache=False)
2026-08-16 17:12:28,472 DEBUG AlphaScanner.Data download_history success for BALAMINES.NS rows=250 cols=['adj close', 'Close', 'High', 'Low', 'Open', 'Volume']
2026-08-16 17:12:28,473 DEBUG AlphaScanner.Data download_history(ticker=BALRAMCHIN.NS, period=1y, interval=1d, use_cache=False)
2026-08-16 17:12:28,781 DEBUG AlphaScanner.Data download_history success for BALRAMCHIN.NS rows=250 cols=['adj close', 'Close', 'High', 'Low', 'Open', 'Volume']
2026-08-16 17:12:28,783 DEBUG AlphaScanner.Data download_history(ticker=BALUFORGE.NS, period=1y, interval=1d, use_cache=False)
2026-08-16 17:12:28,829 DEBUG AlphaScanner.Data download_history success for BALUFORGE.NS rows=250 cols=['adj close', 'Close', 'High', 'Low', 'Open', 'Volume']
2026-08-16 17:12:28,830 DEBUG AlphaScanner.Data download_history(ticker=BANCOINDIA.NS, period=1y, interval=1d, use_cache=False)
2026-08-16 17:12:29,082 DEBUG AlphaScanner.Data download_history success for BANCOINDIA.NS rows=249 cols=['adj close', 'Close', 'High', 'Low', 'Open', 'Volume']
2026-08-16 17:12:29,083 DEBUG AlphaScanner.Data download_history(ticker=BATAINDIA.NS, period=1y, interval=1d, use_cache=False)
2026-08-16 17:12:29,253 DEBUG AlphaScanner.Data download_history success for BATAINDIA.NS rows=250 cols=['adj close', 'Close', 'High', 'Low', 'Open', 'Volume']
2026-08-16 17:12:29,254 DEBUG AlphaScanner.Data download_history(ticker=BAYERCROP.NS, period=1y, interval=1d, use_cache=False)
2026-08-16 17:12:29,568 DEBUG AlphaScanner.Data download_history success for BAYERCROP.NS rows=250 cols=['adj close', 'Close', 'High', 'Low', 'Open', 'Volume']
2026-08-16 17:12:29,569 DEBUG AlphaScanner.Data download_history(ticker=BBOX.NS, period=1y, interval=1d, use_cache=False)
2026-08-16 17:12:29,735 DEBUG AlphaScanner.Data download_history success for BBOX.NS rows=250 cols=['adj close', 'Close', 'High', 'Low', 'Open', 'Volume']
2026-08-16 17:12:29,738 DEBUG AlphaScanner.Data download_history(ticker=BECTORFOOD.NS, period=1y, interval=1d, use_cache=False)
2026-08-16 17:12:29,891 DEBUG AlphaScanner.Data download_history success for BECTORFOOD.NS rows=250 cols=['adj close', 'Close', 'High', 'Low', 'Open', 'Volume']
2026-08-16 17:12:29,892 DEBUG AlphaScanner.Data download_history(ticker=BEML.NS, period=1y, interval=1d, use_cache=False)
2026-08-16 17:12:30,046 DEBUG AlphaScanner.Data download_history success for BEML.NS rows=250 cols=['adj close', 'Close', 'High', 'Low', 'Open', 'Volume']
2026-08-16 17:12:30,055 DEBUG AlphaScanner.Data download_history(ticker=CAMPUS.NS, period=1y, interval=1d, use_cache=False)
2026-08-16 17:12:30,227 DEBUG AlphaScanner.Data download_history success for CAMPUS.NS rows=250 cols=['adj close', 'Close', 'High', 'Low', 'Open', 'Volume']
2026-08-16 17:12:30,229 DEBUG AlphaScanner.Data download_history(ticker=CAMS.NS, period=1y, interval=1d, use_cache=False)
2026-08-16 17:12:30,379 DEBUG AlphaScanner.Data download_history success for CAMS.NS rows=250 cols=['adj close', 'Close', 'High', 'Low', 'Open', 'Volume']
2026-08-16 17:12:30,380 DEBUG AlphaScanner.Data download_history(ticker=CANFINHOME.NS, period=1y, interval=1d, use_cache=False)
2026-08-16 17:12:30,540 DEBUG AlphaScanner.Data download_history success for CANFINHOME.NS rows=250 cols=['adj close', 'Close', 'High', 'Low', 'Open', 'Volume']
2026-08-16 17:12:30,541 DEBUG AlphaScanner.Data download_history(ticker=CAPILLARY.NS, period=1y, interval=1d, use_cache=False)
2026-08-16 17:12:30,693 DEBUG AlphaScanner.Data download_history success for CAPILLARY.NS rows=184 cols=['adj close', 'Close', 'High', 'Low', 'Open', 'Volume']
2026-08-16 17:12:30,694 DEBUG AlphaScanner.Data download_history(ticker=CAPLIPOINT.NS, period=1y, interval=1d, use_cache=False)
2026-08-16 17:12:30,854 DEBUG AlphaScanner.Data download_history success for CAPLIPOINT.NS rows=249 cols=['adj close', 'Close', 'High', 'Low', 'Open', 'Volume']
2026-08-16 17:12:30,855 DEBUG AlphaScanner.Data download_history(ticker=CARTRADE.NS, period=1y, interval=1d, use_cache=False)
2026-08-16 17:12:31,010 DEBUG AlphaScanner.Data download_history success for CARTRADE.NS rows=250 cols=['adj close', 'Close', 'High', 'Low', 'Open', 'Volume']
2026-08-16 17:12:31,012 DEBUG AlphaScanner.Data download_history(ticker=CASTROLIND.NS, period=1y, interval=1d, use_cache=False)
2026-08-16 17:12:31,157 DEBUG AlphaScanner.Data download_history success for CASTROLIND.NS rows=250 cols=['adj close', 'Close', 'High', 'Low', 'Open', 'Volume']
2026-08-16 17:12:31,158 DEBUG AlphaScanner.Data download_history(ticker=CCAVENUE.NS, period=1y, interval=1d, use_cache=False)
2026-08-16 17:12:31,312 DEBUG AlphaScanner.Data download_history success for CCAVENUE.NS rows=250 cols=['adj close', 'Close', 'High', 'Low', 'Open', 'Volume']
2026-08-16 17:12:31,314 DEBUG AlphaScanner.Data download_history(ticker=CCL.NS, period=1y, interval=1d, use_cache=False)
2026-08-16 17:12:31,635 DEBUG AlphaScanner.Data download_history success for CCL.NS rows=250 cols=['adj close', 'Close', 'High', 'Low', 'Open', 'Volume']
2026-08-16 17:12:31,637 DEBUG AlphaScanner.Data download_history(ticker=CEATLTD.NS, period=1y, interval=1d, use_cache=False)
2026-08-16 17:12:31,812 DEBUG AlphaScanner.Data download_history success for CEATLTD.NS rows=250 cols=['adj close', 'Close', 'High', 'Low', 'Open', 'Volume']
2026-08-16 17:12:31,813 DEBUG AlphaScanner.Data download_history(ticker=CELLO.NS, period=1y, interval=1d, use_cache=False)
2026-08-16 17:12:31,972 DEBUG AlphaScanner.Data download_history success for CELLO.NS rows=248 cols=['adj close', 'Close', 'High', 'Low', 'Open', 'Volume']
2026-08-16 17:12:31,975 DEBUG AlphaScanner.Data download_history(ticker=CHALET.NS, period=1y, interval=1d, use_cache=False)
2026-08-16 17:12:32,128 DEBUG AlphaScanner.Data download_history success for CHALET.NS rows=250 cols=['adj close', 'Close', 'High', 'Low', 'Open', 'Volume']
2026-08-16 17:12:32,129 DEBUG AlphaScanner.Data download_history(ticker=CHAMBLFERT.NS, period=1y, interval=1d, use_cache=False)
2026-08-16 17:12:32,299 DEBUG AlphaScanner.Data download_history success for CHAMBLFERT.NS rows=250 cols=['adj close', 'Close', 'High', 'Low', 'Open', 'Volume']
2026-08-16 17:12:32,300 DEBUG AlphaScanner.Data download_history(ticker=CHENNPETRO.NS, period=1y, interval=1d, use_cache=False)
2026-08-16 17:12:32,669 DEBUG AlphaScanner.Data download_history success for CHENNPETRO.NS rows=250 cols=['adj close', 'Close', 'High', 'Low', 'Open', 'Volume']
2026-08-16 17:12:32,670 DEBUG AlphaScanner.Data download_history(ticker=CHOICEIN.NS, period=1y, interval=1d, use_cache=False)
2026-08-16 17:12:32,795 DEBUG AlphaScanner.Data download_history success for CHOICEIN.NS rows=249 cols=['adj close', 'Close', 'High', 'Low', 'Open', 'Volume']
2026-08-16 17:12:32,796 DEBUG AlphaScanner.Data download_history(ticker=CIEINDIA.NS, period=1y, interval=1d, use_cache=False)
2026-08-16 17:12:32,946 DEBUG AlphaScanner.Data download_history success for CIEINDIA.NS rows=248 cols=['adj close', 'Close', 'High', 'Low', 'Open', 'Volume']
2026-08-16 17:12:32,947 DEBUG AlphaScanner.Data download_history(ticker=CLEAN.NS, period=1y, interval=1d, use_cache=False)
2026-08-16 17:12:33,097 DEBUG AlphaScanner.Data download_history success for CLEAN.NS rows=250 cols=['adj close', 'Close', 'High', 'Low', 'Open', 'Volume']
2026-08-16 17:12:33,098 DEBUG AlphaScanner.Data download_history(ticker=CMSINFO.NS, period=1y, interval=1d, use_cache=False)
2026-08-16 17:12:33,386 DEBUG AlphaScanner.Data download_history success for CMSINFO.NS rows=250 cols=['adj close', 'Close', 'High', 'Low', 'Open', 'Volume']
2026-08-16 17:12:33,387 DEBUG AlphaScanner.Data download_history(ticker=COHANCE.NS, period=1y, interval=1d, use_cache=False)
2026-08-16 17:12:33,537 DEBUG AlphaScanner.Data download_history success for COHANCE.NS rows=250 cols=['adj close', 'Close', 'High', 'Low', 'Open', 'Volume']
2026-08-16 17:12:33,538 DEBUG AlphaScanner.Data download_history(ticker=CONCORDBIO.NS, period=1y, interval=1d, use_cache=False)
2026-08-16 17:12:33,698 DEBUG AlphaScanner.Data download_history success for CONCORDBIO.NS rows=250 cols=['adj close', 'Close', 'High', 'Low', 'Open', 'Volume']
2026-08-16 17:12:33,700 DEBUG AlphaScanner.Data download_history(ticker=CRAMC.NS, period=1y, interval=1d, use_cache=False)
2026-08-16 17:12:33,817 DEBUG AlphaScanner.Data download_history success for CRAMC.NS rows=208 cols=['adj close', 'Close', 'High', 'Low', 'Open', 'Volume']
2026-08-16 17:12:33,818 DEBUG AlphaScanner.Data download_history(ticker=CRIZAC.NS, period=1y, interval=1d, use_cache=False)
2026-08-16 17:12:33,978 DEBUG AlphaScanner.Data download_history success for CRIZAC.NS rows=250 cols=['adj close', 'Close', 'High', 'Low', 'Open', 'Volume']
2026-08-16 17:12:33,979 DEBUG AlphaScanner.Data download_history(ticker=CROMPTON.NS, period=1y, interval=1d, use_cache=False)
2026-08-16 17:12:34,305 DEBUG AlphaScanner.Data download_history success for CROMPTON.NS rows=250 cols=['adj close', 'Close', 'High', 'Low', 'Open', 'Volume']
2026-08-16 17:12:34,306 DEBUG AlphaScanner.Data download_history(ticker=CSBBANK.NS, period=1y, interval=1d, use_cache=False)
2026-08-16 17:12:34,457 DEBUG AlphaScanner.Data download_history success for CSBBANK.NS rows=250 cols=['adj close', 'Close', 'High', 'Low', 'Open', 'Volume']
2026-08-16 17:12:34,459 DEBUG AlphaScanner.Data download_history(ticker=CYIENT.NS, period=1y, interval=1d, use_cache=False)
2026-08-16 17:12:34,623 DEBUG AlphaScanner.Data download_history success for CYIENT.NS rows=250 cols=['adj close', 'Close', 'High', 'Low', 'Open', 'Volume']
2026-08-16 17:12:34,626 DEBUG AlphaScanner.Data download_history(ticker=DBL.NS, period=1y, interval=1d, use_cache=False)
2026-08-16 17:12:34,790 DEBUG AlphaScanner.Data download_history success for DBL.NS rows=248 cols=['adj close', 'Close', 'High', 'Low', 'Open', 'Volume']
2026-08-16 17:12:34,791 DEBUG AlphaScanner.Data download_history(ticker=DBREALTY.NS, period=1y, interval=1d, use_cache=False)
2026-08-16 17:12:34,932 DEBUG AlphaScanner.Data download_history success for DBREALTY.NS rows=250 cols=['adj close', 'Close', 'High', 'Low', 'Open', 'Volume']
2026-08-16 17:12:34,933 DEBUG AlphaScanner.Data download_history(ticker=DCBBANK.NS, period=1y, interval=1d, use_cache=False)
2026-08-16 17:12:35,086 DEBUG AlphaScanner.Data download_history success for DCBBANK.NS rows=250 cols=['adj close', 'Close', 'High', 'Low', 'Open', 'Volume']
2026-08-16 17:12:35,088 DEBUG AlphaScanner.Data download_history(ticker=DCMSHRIRAM.NS, period=1y, interval=1d, use_cache=False)
2026-08-16 17:12:35,261 DEBUG AlphaScanner.Data download_history success for DCMSHRIRAM.NS rows=249 cols=['adj close', 'Close', 'High', 'Low', 'Open', 'Volume']
2026-08-16 17:12:35,263 DEBUG AlphaScanner.Data download_history(ticker=DEVYANI.NS, period=1y, interval=1d, use_cache=False)
2026-08-16 17:12:35,413 DEBUG AlphaScanner.Data download_history success for DEVYANI.NS rows=250 cols=['adj close', 'Close', 'High', 'Low', 'Open', 'Volume']
2026-08-16 17:12:35,415 DEBUG AlphaScanner.Data download_history(ticker=DOMS.NS, period=1y, interval=1d, use_cache=False)
2026-08-16 17:12:35,539 DEBUG AlphaScanner.Data download_history success for DOMS.NS rows=249 cols=['adj close', 'Close', 'High', 'Low', 'Open', 'Volume']
2026-08-16 17:12:35,540 DEBUG AlphaScanner.Data download_history(ticker=DYNAMATECH.NS, period=1y, interval=1d, use_cache=False)
2026-08-16 17:12:35,703 DEBUG AlphaScanner.Data download_history success for DYNAMATECH.NS rows=249 cols=['adj close', 'Close', 'High', 'Low', 'Open', 'Volume']
2026-08-16 17:12:35,704 DEBUG AlphaScanner.Data download_history(ticker=ECLERX.NS, period=1y, interval=1d, use_cache=False)
2026-08-16 17:12:35,878 DEBUG AlphaScanner.Data download_history success for ECLERX.NS rows=250 cols=['adj close', 'Close', 'High', 'Low', 'Open', 'Volume']
2026-08-16 17:12:35,879 DEBUG AlphaScanner.Data download_history(ticker=EDELWEISS.NS, period=1y, interval=1d, use_cache=False)
2026-08-16 17:12:36,327 DEBUG AlphaScanner.Data download_history success for EDELWEISS.NS rows=250 cols=['adj close', 'Close', 'High', 'Low', 'Open', 'Volume']
2026-08-16 17:12:36,328 DEBUG AlphaScanner.Data download_history(ticker=EIDPARRY.NS, period=1y, interval=1d, use_cache=False)
2026-08-16 17:12:36,490 DEBUG AlphaScanner.Data download_history success for EIDPARRY.NS rows=249 cols=['adj close', 'Close', 'High', 'Low', 'Open', 'Volume']
2026-08-16 17:12:36,492 DEBUG AlphaScanner.Data download_history(ticker=EIEL.NS, period=1y, interval=1d, use_cache=False)
2026-08-16 17:12:36,609 DEBUG AlphaScanner.Data download_history success for EIEL.NS rows=250 cols=['adj close', 'Close', 'High', 'Low', 'Open', 'Volume']
2026-08-16 17:12:36,610 DEBUG AlphaScanner.Data download_history(ticker=EIHOTEL.NS, period=1y, interval=1d, use_cache=False)
2026-08-16 17:12:36,783 DEBUG AlphaScanner.Data download_history success for EIHOTEL.NS rows=250 cols=['adj close', 'Close', 'High', 'Low', 'Open', 'Volume']
2026-08-16 17:12:36,784 DEBUG AlphaScanner.Data download_history(ticker=ELECON.NS, period=1y, interval=1d, use_cache=False)
2026-08-16 17:12:36,936 DEBUG AlphaScanner.Data download_history success for ELECON.NS rows=250 cols=['adj close', 'Close', 'High', 'Low', 'Open', 'Volume']
2026-08-16 17:12:36,937 DEBUG AlphaScanner.Data download_history(ticker=ELECTCAST.NS, period=1y, interval=1d, use_cache=False)
2026-08-16 17:12:37,102 DEBUG AlphaScanner.Data download_history success for ELECTCAST.NS rows=250 cols=['adj close', 'Close', 'High', 'Low', 'Open', 'Volume']
2026-08-16 17:12:37,103 DEBUG AlphaScanner.Data download_history(ticker=ELGIEQUIP.NS, period=1y, interval=1d, use_cache=False)
2026-08-16 17:12:37,277 DEBUG AlphaScanner.Data download_history success for ELGIEQUIP.NS rows=250 cols=['adj close', 'Close', 'High', 'Low', 'Open', 'Volume']
2026-08-16 17:12:37,278 DEBUG AlphaScanner.Data download_history(ticker=ELLEN.NS, period=1y, interval=1d, use_cache=False)
2026-08-16 17:12:37,425 DEBUG AlphaScanner.Data download_history success for ELLEN.NS rows=249 cols=['adj close', 'Close', 'High', 'Low', 'Open', 'Volume']
2026-08-16 17:12:37,428 DEBUG AlphaScanner.Data download_history(ticker=EMBDL.NS, period=1y, interval=1d, use_cache=False)
2026-08-16 17:12:37,577 DEBUG AlphaScanner.Data download_history success for EMBDL.NS rows=250 cols=['adj close', 'Close', 'High', 'Low', 'Open', 'Volume']
2026-08-16 17:12:37,578 DEBUG AlphaScanner.Data download_history(ticker=EMIL.NS, period=1y, interval=1d, use_cache=False)
2026-08-16 17:12:37,714 DEBUG AlphaScanner.Data download_history success for EMIL.NS rows=250 cols=['adj close', 'Close', 'High', 'Low', 'Open', 'Volume']
2026-08-16 17:12:37,714 DEBUG AlphaScanner.Data download_history(ticker=ENGINERSIN.NS, period=1y, interval=1d, use_cache=False)
2026-08-16 17:12:37,889 DEBUG AlphaScanner.Data download_history success for ENGINERSIN.NS rows=250 cols=['adj close', 'Close', 'High', 'Low', 'Open', 'Volume']
2026-08-16 17:12:37,891 DEBUG AlphaScanner.Data download_history(ticker=ENTERO.NS, period=1y, interval=1d, use_cache=False)
2026-08-16 17:12:38,190 DEBUG AlphaScanner.Data download_history success for ENTERO.NS rows=249 cols=['adj close', 'Close', 'High', 'Low', 'Open', 'Volume']
2026-08-16 17:12:38,193 DEBUG AlphaScanner.Data download_history(ticker=EQUITASBNK.NS, period=1y, interval=1d, use_cache=False)
2026-08-16 17:12:38,340 DEBUG AlphaScanner.Data download_history success for EQUITASBNK.NS rows=250 cols=['adj close', 'Close', 'High', 'Low', 'Open', 'Volume']
2026-08-16 17:12:38,342 DEBUG AlphaScanner.Data download_history(ticker=ERIS.NS, period=1y, interval=1d, use_cache=False)
2026-08-16 17:12:38,502 DEBUG AlphaScanner.Data download_history success for ERIS.NS rows=248 cols=['adj close', 'Close', 'High', 'Low', 'Open', 'Volume']
2026-08-16 17:12:38,503 DEBUG AlphaScanner.Data download_history(ticker=ETHOSLTD.NS, period=1y, interval=1d, use_cache=False)
2026-08-16 17:12:38,708 DEBUG AlphaScanner.Data download_history success for ETHOSLTD.NS rows=249 cols=['adj close', 'Close', 'High', 'Low', 'Open', 'Volume']
2026-08-16 17:12:38,708 DEBUG AlphaScanner.Data download_history(ticker=EUREKAFORB.NS, period=1y, interval=1d, use_cache=False)
2026-08-16 17:12:38,848 DEBUG AlphaScanner.Data download_history success for EUREKAFORB.NS rows=250 cols=['adj close', 'Close', 'High', 'Low', 'Open', 'Volume']
2026-08-16 17:12:38,849 DEBUG AlphaScanner.Data download_history(ticker=FEDFINA.NS, period=1y, interval=1d, use_cache=False)
2026-08-16 17:12:39,199 DEBUG AlphaScanner.Data download_history success for FEDFINA.NS rows=250 cols=['adj close', 'Close', 'High', 'Low', 'Open', 'Volume']
2026-08-16 17:12:39,200 DEBUG AlphaScanner.Data download_history(ticker=FIEMIND.NS, period=1y, interval=1d, use_cache=False)
2026-08-16 17:12:39,390 DEBUG AlphaScanner.Data download_history success for FIEMIND.NS rows=250 cols=['adj close', 'Close', 'High', 'Low', 'Open', 'Volume']
2026-08-16 17:12:39,391 DEBUG AlphaScanner.Data download_history(ticker=FINCABLES.NS, period=1y, interval=1d, use_cache=False)
2026-08-16 17:12:39,559 DEBUG AlphaScanner.Data download_history success for FINCABLES.NS rows=250 cols=['adj close', 'Close', 'High', 'Low', 'Open', 'Volume']
2026-08-16 17:12:39,560 DEBUG AlphaScanner.Data download_history(ticker=FINPIPE.NS, period=1y, interval=1d, use_cache=False)
2026-08-16 17:12:39,708 DEBUG AlphaScanner.Data download_history success for FINPIPE.NS rows=248 cols=['adj close', 'Close', 'High', 'Low', 'Open', 'Volume']
2026-08-16 17:12:39,709 DEBUG AlphaScanner.Data download_history(ticker=FIRSTCRY.NS, period=1y, interval=1d, use_cache=False)
2026-08-16 17:12:39,852 DEBUG AlphaScanner.Data download_history success for FIRSTCRY.NS rows=250 cols=['adj close', 'Close', 'High', 'Low', 'Open', 'Volume']
2026-08-16 17:12:39,854 DEBUG AlphaScanner.Data download_history(ticker=FIVESTAR.NS, period=1y, interval=1d, use_cache=False)
2026-08-16 17:12:39,994 DEBUG AlphaScanner.Data download_history success for FIVESTAR.NS rows=249 cols=['adj close', 'Close', 'High', 'Low', 'Open', 'Volume']
2026-08-16 17:12:39,996 DEBUG AlphaScanner.Data download_history(ticker=FSL.NS, period=1y, interval=1d, use_cache=False)
2026-08-16 17:12:40,348 DEBUG AlphaScanner.Data download_history success for FSL.NS rows=250 cols=['adj close', 'Close', 'High', 'Low', 'Open', 'Volume']
2026-08-16 17:12:40,350 DEBUG AlphaScanner.Data download_history(ticker=GAEL.NS, period=1y, interval=1d, use_cache=False)
2026-08-16 17:12:40,522 DEBUG AlphaScanner.Data download_history success for GAEL.NS rows=250 cols=['adj close', 'Close', 'High', 'Low', 'Open', 'Volume']
2026-08-16 17:12:40,524 DEBUG AlphaScanner.Data download_history(ticker=GALLANTT.NS, period=1y, interval=1d, use_cache=False)
2026-08-16 17:12:40,692 DEBUG AlphaScanner.Data download_history success for GALLANTT.NS rows=249 cols=['adj close', 'Close', 'High', 'Low', 'Open', 'Volume']
2026-08-16 17:12:40,693 DEBUG AlphaScanner.Data download_history(ticker=GESHIP.NS, period=1y, interval=1d, use_cache=False)
2026-08-16 17:12:40,960 DEBUG AlphaScanner.Data download_history success for GESHIP.NS rows=250 cols=['adj close', 'Close', 'High', 'Low', 'Open', 'Volume']
2026-08-16 17:12:40,961 DEBUG AlphaScanner.Data download_history(ticker=GHCL.NS, period=1y, interval=1d, use_cache=False)
2026-08-16 17:12:41,266 DEBUG AlphaScanner.Data download_history success for GHCL.NS rows=250 cols=['adj close', 'Close', 'High', 'Low', 'Open', 'Volume']
2026-08-16 17:12:41,268 DEBUG AlphaScanner.Data download_history(ticker=GMDCLTD.NS, period=1y, interval=1d, use_cache=False)
2026-08-16 17:12:41,442 DEBUG AlphaScanner.Data download_history success for GMDCLTD.NS rows=250 cols=['adj close', 'Close', 'High', 'Low', 'Open', 'Volume']
2026-08-16 17:12:41,444 DEBUG AlphaScanner.Data download_history(ticker=GMRP&UI.NS, period=1y, interval=1d, use_cache=False)
2026-08-16 17:12:41,561 DEBUG AlphaScanner.Data download_history success for GMRP&UI.NS rows=250 cols=['adj close', 'Close', 'High', 'Low', 'Open', 'Volume']
2026-08-16 17:12:41,562 DEBUG AlphaScanner.Data download_history(ticker=GNFC.NS, period=1y, interval=1d, use_cache=False)
2026-08-16 17:12:41,718 DEBUG AlphaScanner.Data download_history success for GNFC.NS rows=250 cols=['adj close', 'Close', 'High', 'Low', 'Open', 'Volume']
2026-08-16 17:12:41,719 DEBUG AlphaScanner.Data download_history(ticker=GODREJAGRO.NS, period=1y, interval=1d, use_cache=False)
2026-08-16 17:12:41,879 DEBUG AlphaScanner.Data download_history success for GODREJAGRO.NS rows=250 cols=['adj close', 'Close', 'High', 'Low', 'Open', 'Volume']
2026-08-16 17:12:41,881 DEBUG AlphaScanner.Data download_history(ticker=GOKEX.NS, period=1y, interval=1d, use_cache=False)
2026-08-16 17:12:42,048 DEBUG AlphaScanner.Data download_history success for GOKEX.NS rows=250 cols=['adj close', 'Close', 'High', 'Low', 'Open', 'Volume']
2026-08-16 17:12:42,049 DEBUG AlphaScanner.Data download_history(ticker=GOKULAGRO.NS, period=1y, interval=1d, use_cache=False)
2026-08-16 17:12:42,201 DEBUG AlphaScanner.Data download_history success for GOKULAGRO.NS rows=250 cols=['adj close', 'Close', 'High', 'Low', 'Open', 'Volume']
2026-08-16 17:12:42,203 DEBUG AlphaScanner.Data download_history(ticker=GPPL.NS, period=1y, interval=1d, use_cache=False)
2026-08-16 17:12:42,350 DEBUG AlphaScanner.Data download_history success for GPPL.NS rows=250 cols=['adj close', 'Close', 'High', 'Low', 'Open', 'Volume']
2026-08-16 17:12:42,351 DEBUG AlphaScanner.Data download_history(ticker=GRAPHITE.NS, period=1y, interval=1d, use_cache=False)
2026-08-16 17:12:42,515 DEBUG AlphaScanner.Data download_history success for GRAPHITE.NS rows=250 cols=['adj close', 'Close', 'High', 'Low', 'Open', 'Volume']
2026-08-16 17:12:42,517 DEBUG AlphaScanner.Data download_history(ticker=GRAVITA.NS, period=1y, interval=1d, use_cache=False)
2026-08-16 17:12:42,681 DEBUG AlphaScanner.Data download_history success for GRAVITA.NS rows=250 cols=['adj close', 'Close', 'High', 'Low', 'Open', 'Volume']
2026-08-16 17:12:42,683 DEBUG AlphaScanner.Data download_history(ticker=GREAVESCOT.NS, period=1y, interval=1d, use_cache=False)
2026-08-16 17:12:42,845 DEBUG AlphaScanner.Data download_history success for GREAVESCOT.NS rows=250 cols=['adj close', 'Close', 'High', 'Low', 'Open', 'Volume']
2026-08-16 17:12:42,846 DEBUG AlphaScanner.Data download_history(ticker=GRWRHITECH.NS, period=1y, interval=1d, use_cache=False)
2026-08-16 17:12:43,009 DEBUG AlphaScanner.Data download_history success for GRWRHITECH.NS rows=250 cols=['adj close', 'Close', 'High', 'Low', 'Open', 'Volume']
2026-08-16 17:12:43,010 DEBUG AlphaScanner.Data download_history(ticker=GSFC.NS, period=1y, interval=1d, use_cache=False)
2026-08-16 17:12:43,218 DEBUG AlphaScanner.Data download_history success for GSFC.NS rows=250 cols=['adj close', 'Close', 'High', 'Low', 'Open', 'Volume']
2026-08-16 17:12:43,220 DEBUG AlphaScanner.Data download_history(ticker=HAPPSTMNDS.NS, period=1y, interval=1d, use_cache=False)
2026-08-16 17:12:43,371 DEBUG AlphaScanner.Data download_history success for HAPPSTMNDS.NS rows=250 cols=['adj close', 'Close', 'High', 'Low', 'Open', 'Volume']
2026-08-16 17:12:43,372 DEBUG AlphaScanner.Data download_history(ticker=HBLENGINE.NS, period=1y, interval=1d, use_cache=False)
2026-08-16 17:12:43,707 DEBUG AlphaScanner.Data download_history success for HBLENGINE.NS rows=250 cols=['adj close', 'Close', 'High', 'Low', 'Open', 'Volume']
2026-08-16 17:12:43,709 DEBUG AlphaScanner.Data download_history(ticker=HCC.NS, period=1y, interval=1d, use_cache=False)
2026-08-16 17:12:43,867 DEBUG AlphaScanner.Data download_history success for HCC.NS rows=250 cols=['adj close', 'Close', 'High', 'Low', 'Open', 'Volume']
2026-08-16 17:12:43,871 DEBUG AlphaScanner.Data download_history(ticker=HEMIPROP.NS, period=1y, interval=1d, use_cache=False)
2026-08-16 17:12:44,016 DEBUG AlphaScanner.Data download_history success for HEMIPROP.NS rows=250 cols=['adj close', 'Close', 'High', 'Low', 'Open', 'Volume']
2026-08-16 17:12:44,019 DEBUG AlphaScanner.Data download_history(ticker=HGINFRA.NS, period=1y, interval=1d, use_cache=False)
2026-08-16 17:12:44,176 DEBUG AlphaScanner.Data download_history success for HGINFRA.NS rows=250 cols=['adj close', 'Close', 'High', 'Low', 'Open', 'Volume']
2026-08-16 17:12:44,178 DEBUG AlphaScanner.Data download_history(ticker=HONASA.NS, period=1y, interval=1d, use_cache=False)
2026-08-16 17:12:44,410 DEBUG AlphaScanner.Data download_history success for HONASA.NS rows=249 cols=['adj close', 'Close', 'High', 'Low', 'Open', 'Volume']
2026-08-16 17:12:44,414 DEBUG AlphaScanner.Data download_history(ticker=IFBIND.NS, period=1y, interval=1d, use_cache=False)
2026-08-16 17:12:44,533 DEBUG AlphaScanner.Data download_history success for IFBIND.NS rows=250 cols=['adj close', 'Close', 'High', 'Low', 'Open', 'Volume']
2026-08-16 17:12:44,536 DEBUG AlphaScanner.Data download_history(ticker=IMFA.NS, period=1y, interval=1d, use_cache=False)
2026-08-16 17:12:44,703 DEBUG AlphaScanner.Data download_history success for IMFA.NS rows=250 cols=['adj close', 'Close', 'High', 'Low', 'Open', 'Volume']
2026-08-16 17:12:44,707 DEBUG AlphaScanner.Data download_history(ticker=INDIASHLTR.NS, period=1y, interval=1d, use_cache=False)
2026-08-16 17:12:44,851 DEBUG AlphaScanner.Data download_history success for INDIASHLTR.NS rows=248 cols=['adj close', 'Close', 'High', 'Low', 'Open', 'Volume']
2026-08-16 17:12:44,852 DEBUG AlphaScanner.Data download_history(ticker=INDIGOPNTS.NS, period=1y, interval=1d, use_cache=False)
2026-08-16 17:12:45,008 DEBUG AlphaScanner.Data download_history success for INDIGOPNTS.NS rows=250 cols=['adj close', 'Close', 'High', 'Low', 'Open', 'Volume']
2026-08-16 17:12:45,010 DEBUG AlphaScanner.Data download_history(ticker=INOXINDIA.NS, period=1y, interval=1d, use_cache=False)
2026-08-16 17:12:45,157 DEBUG AlphaScanner.Data download_history success for INOXINDIA.NS rows=249 cols=['adj close', 'Close', 'High', 'Low', 'Open', 'Volume']
2026-08-16 17:12:45,159 DEBUG AlphaScanner.Data download_history(ticker=INOXWIND.NS, period=1y, interval=1d, use_cache=False)
2026-08-16 17:12:45,300 DEBUG AlphaScanner.Data download_history success for INOXWIND.NS rows=250 cols=['adj close', 'Close', 'High', 'Low', 'Open', 'Volume']
2026-08-16 17:12:45,301 DEBUG AlphaScanner.Data download_history(ticker=SCI.NS, period=1y, interval=1d, use_cache=False)
2026-08-16 17:12:45,476 DEBUG AlphaScanner.Data download_history success for SCI.NS rows=250 cols=['adj close', 'Close', 'High', 'Low', 'Open', 'Volume']
2026-08-16 17:12:45,478 DEBUG AlphaScanner.Data download_history(ticker=SENCO.NS, period=1y, interval=1d, use_cache=False)
2026-08-16 17:12:45,632 DEBUG AlphaScanner.Data download_history success for SENCO.NS rows=250 cols=['adj close', 'Close', 'High', 'Low', 'Open', 'Volume']
2026-08-16 17:12:45,633 DEBUG AlphaScanner.Data download_history(ticker=SFL.NS, period=1y, interval=1d, use_cache=False)
2026-08-16 17:12:45,979 DEBUG AlphaScanner.Data download_history success for SFL.NS rows=250 cols=['adj close', 'Close', 'High', 'Low', 'Open', 'Volume']
2026-08-16 17:12:45,980 DEBUG AlphaScanner.Data download_history(ticker=SHAILY.NS, period=1y, interval=1d, use_cache=False)
2026-08-16 17:12:46,132 DEBUG AlphaScanner.Data download_history success for SHAILY.NS rows=250 cols=['adj close', 'Close', 'High', 'Low', 'Open', 'Volume']
2026-08-16 17:12:46,134 DEBUG AlphaScanner.Data download_history(ticker=SHAKTIPUMP.NS, period=1y, interval=1d, use_cache=False)
2026-08-16 17:12:46,312 DEBUG AlphaScanner.Data download_history success for SHAKTIPUMP.NS rows=250 cols=['adj close', 'Close', 'High', 'Low', 'Open', 'Volume']
2026-08-16 17:12:46,313 DEBUG AlphaScanner.Data download_history(ticker=SHARDACROP.NS, period=1y, interval=1d, use_cache=False)
2026-08-16 17:12:46,492 DEBUG AlphaScanner.Data download_history success for SHARDACROP.NS rows=249 cols=['adj close', 'Close', 'High', 'Low', 'Open', 'Volume']
2026-08-16 17:12:46,493 DEBUG AlphaScanner.Data download_history(ticker=SHAREINDIA.NS, period=1y, interval=1d, use_cache=False)
2026-08-16 17:12:46,649 DEBUG AlphaScanner.Data download_history success for SHAREINDIA.NS rows=250 cols=['adj close', 'Close', 'High', 'Low', 'Open', 'Volume']
2026-08-16 17:12:46,650 DEBUG AlphaScanner.Data download_history(ticker=SHILPAMED.NS, period=1y, interval=1d, use_cache=False)
2026-08-16 17:12:46,815 DEBUG AlphaScanner.Data download_history success for SHILPAMED.NS rows=250 cols=['adj close', 'Close', 'High', 'Low', 'Open', 'Volume']
2026-08-16 17:12:46,817 DEBUG AlphaScanner.Data download_history(ticker=SIGNATURE.NS, period=1y, interval=1d, use_cache=False)
2026-08-16 17:12:46,936 DEBUG AlphaScanner.Data download_history success for SIGNATURE.NS rows=248 cols=['adj close', 'Close', 'High', 'Low', 'Open', 'Volume']
2026-08-16 17:12:46,937 DEBUG AlphaScanner.Data download_history(ticker=SKFINDIA.NS, period=1y, interval=1d, use_cache=False)
2026-08-16 17:12:47,308 DEBUG AlphaScanner.Data download_history success for SKFINDIA.NS rows=250 cols=['adj close', 'Close', 'High', 'Low', 'Open', 'Volume']
2026-08-16 17:12:47,310 DEBUG AlphaScanner.Data download_history(ticker=SKFINDUS.NS, period=1y, interval=1d, use_cache=False)
2026-08-16 17:12:47,455 DEBUG AlphaScanner.Data download_history success for SKFINDUS.NS rows=171 cols=['adj close', 'Close', 'High', 'Low', 'Open', 'Volume']
2026-08-16 17:12:47,457 DEBUG AlphaScanner.Data download_history(ticker=SKYGOLD.NS, period=1y, interval=1d, use_cache=False)
2026-08-16 17:12:47,604 DEBUG AlphaScanner.Data download_history success for SKYGOLD.NS rows=250 cols=['adj close', 'Close', 'High', 'Low', 'Open', 'Volume']
2026-08-16 17:12:47,606 DEBUG AlphaScanner.Data download_history(ticker=SMARTWORKS.NS, period=1y, interval=1d, use_cache=False)
2026-08-16 17:12:47,835 DEBUG AlphaScanner.Data download_history success for SMARTWORKS.NS rows=249 cols=['adj close', 'Close', 'High', 'Low', 'Open', 'Volume']
2026-08-16 17:12:47,836 DEBUG AlphaScanner.Data download_history(ticker=SMLMAH.NS, period=1y, interval=1d, use_cache=False)
2026-08-16 17:12:47,996 DEBUG AlphaScanner.Data download_history success for SMLMAH.NS rows=250 cols=['adj close', 'Close', 'High', 'Low', 'Open', 'Volume']
2026-08-16 17:12:47,996 DEBUG AlphaScanner.Data download_history(ticker=SOBHA.NS, period=1y, interval=1d, use_cache=False)
2026-08-16 17:12:48,305 DEBUG AlphaScanner.Data download_history success for SOBHA.NS rows=249 cols=['adj close', 'Close', 'High', 'Low', 'Open', 'Volume']
2026-08-16 17:12:48,306 DEBUG AlphaScanner.Data download_history(ticker=SOUTHBANK.NS, period=1y, interval=1d, use_cache=False)
2026-08-16 17:12:48,482 DEBUG AlphaScanner.Data download_history success for SOUTHBANK.NS rows=250 cols=['adj close', 'Close', 'High', 'Low', 'Open', 'Volume']
2026-08-16 17:12:48,483 DEBUG AlphaScanner.Data download_history(ticker=SPARC.NS, period=1y, interval=1d, use_cache=False)
2026-08-16 17:12:48,645 DEBUG AlphaScanner.Data download_history success for SPARC.NS rows=250 cols=['adj close', 'Close', 'High', 'Low', 'Open', 'Volume']
2026-08-16 17:12:48,647 DEBUG AlphaScanner.Data download_history(ticker=SPLPETRO.NS, period=1y, interval=1d, use_cache=False)
2026-08-16 17:12:48,800 DEBUG AlphaScanner.Data download_history success for SPLPETRO.NS rows=250 cols=['adj close', 'Close', 'High', 'Low', 'Open', 'Volume']
2026-08-16 17:12:48,801 DEBUG AlphaScanner.Data download_history(ticker=STAR.NS, period=1y, interval=1d, use_cache=False)
2026-08-16 17:12:48,951 DEBUG AlphaScanner.Data download_history success for STAR.NS rows=250 cols=['adj close', 'Close', 'High', 'Low', 'Open', 'Volume']
2026-08-16 17:12:48,952 DEBUG AlphaScanner.Data download_history(ticker=STARCEMENT.NS, period=1y, interval=1d, use_cache=False)
2026-08-16 17:12:49,103 DEBUG AlphaScanner.Data download_history success for STARCEMENT.NS rows=249 cols=['adj close', 'Close', 'High', 'Low', 'Open', 'Volume']
2026-08-16 17:12:49,104 DEBUG AlphaScanner.Data download_history(ticker=STYL.NS, period=1y, interval=1d, use_cache=False)
2026-08-16 17:12:49,248 DEBUG AlphaScanner.Data download_history success for STYL.NS rows=219 cols=['adj close', 'Close', 'High', 'Low', 'Open', 'Volume']
2026-08-16 17:12:49,250 DEBUG AlphaScanner.Data download_history(ticker=STYRENIX.NS, period=1y, interval=1d, use_cache=False)
2026-08-16 17:12:49,430 DEBUG AlphaScanner.Data download_history success for STYRENIX.NS rows=250 cols=['adj close', 'Close', 'High', 'Low', 'Open', 'Volume']
2026-08-16 17:12:49,432 DEBUG AlphaScanner.Data download_history(ticker=SUDARSCHEM.NS, period=1y, interval=1d, use_cache=False)
2026-08-16 17:12:49,579 DEBUG AlphaScanner.Data download_history success for SUDARSCHEM.NS rows=249 cols=['adj close', 'Close', 'High', 'Low', 'Open', 'Volume']
2026-08-16 17:12:49,581 DEBUG AlphaScanner.Data download_history(ticker=SUDEEPPHRM.NS, period=1y, interval=1d, use_cache=False)
2026-08-16 17:12:49,699 DEBUG AlphaScanner.Data download_history success for SUDEEPPHRM.NS rows=179 cols=['adj close', 'Close', 'High', 'Low', 'Open', 'Volume']
2026-08-16 17:12:49,700 DEBUG AlphaScanner.Data download_history(ticker=SUNTECK.NS, period=1y, interval=1d, use_cache=False)
2026-08-16 17:12:49,862 DEBUG AlphaScanner.Data download_history success for SUNTECK.NS rows=250 cols=['adj close', 'Close', 'High', 'Low', 'Open', 'Volume']
2026-08-16 17:12:49,863 DEBUG AlphaScanner.Data download_history(ticker=SUNTV.NS, period=1y, interval=1d, use_cache=False)
2026-08-16 17:12:50,182 DEBUG AlphaScanner.Data download_history success for SUNTV.NS rows=250 cols=['adj close', 'Close', 'High', 'Low', 'Open', 'Volume']
2026-08-16 17:12:50,183 DEBUG AlphaScanner.Data download_history(ticker=SUPRIYA.NS, period=1y, interval=1d, use_cache=False)
2026-08-16 17:12:50,319 DEBUG AlphaScanner.Data download_history success for SUPRIYA.NS rows=249 cols=['adj close', 'Close', 'High', 'Low', 'Open', 'Volume']
2026-08-16 17:12:50,321 DEBUG AlphaScanner.Data download_history(ticker=SURYAROSNI.NS, period=1y, interval=1d, use_cache=False)
2026-08-16 17:12:50,484 DEBUG AlphaScanner.Data download_history success for SURYAROSNI.NS rows=250 cols=['adj close', 'Close', 'High', 'Low', 'Open', 'Volume']
2026-08-16 17:12:50,488 DEBUG AlphaScanner.Data download_history(ticker=SYNGENE.NS, period=1y, interval=1d, use_cache=False)
2026-08-16 17:12:50,653 DEBUG AlphaScanner.Data download_history success for SYNGENE.NS rows=250 cols=['adj close', 'Close', 'High', 'Low', 'Open', 'Volume']
2026-08-16 17:12:50,699 DEBUG AlphaScanner.Engine Legacy scan reached evaluation phase after 1079.47s
2026-08-16 17:12:50,833 DEBUG AlphaScanner.Engine Concatenated legacy data shape=(250, 1542)
2026-08-16 17:12:50,855 DEBUG AlphaScanner.Engine Post-align data shape=(246, 1542) benchmark_rows=246
2026-08-16 17:12:56,561 DEBUG AlphaScanner.Engine Legacy scan completed: hits=7 scanned=250 fail_counts={'trend_fail': 148, 'momentum_fail': 21, 'volume_fail': 0, 'breakout_fail': 39, 'rs_fail': 0, 'adx_fail': 0, 'liquidity_fail': 18, 'error_fail': 7}
2026-08-16 17:12:56,561 INFO AlphaScanner.Engine Legacy scan total elapsed 1085.33s for universe=Total Market (Cap Focused) timeframe=1d
2026-08-16 17:12:56,572 INFO AlphaScanner.Service Legacy scan finished in 1085.34s for universe=Total Market (Cap Focused) interval=1d scanner_type=Pre-Breakout
2026-08-16 17:12:56,573 DEBUG AlphaScanner.Service perform_fresh_scan completed: rows=7 stats_keys=['adx_fail', 'bank_nifty_change', 'bb_fail', 'breakout_fail', 'dii_net', 'error_fail', 'fakeout_trap', 'fii_net', 'liquidity_fail', 'macd_fail', 'market_bias', 'market_bias_score', 'market_breadth_50', 'market_health', 'momentum_fail', 'nifty_change', 'rs_fail', 'scanned', 'scanner_type', 'sector_sentiment', 'timeframe', 'trend_fail', 'trending_sectors', 'universe', 'universe_size', 'volume_fail']
2026-08-16 17:12:56,573 DEBUG AlphaScanner.Service perform_fresh_scan total elapsed=1085.34s
2026-08-17 10:44:16,678 DEBUG AlphaScanner.UI.Scanner render_tab(scan_type=Pre-Breakout, universe=Total Market (Cap Focused), scan_mode=Entry Scanner, timeframe=1d, use_cache=False, run_scan=True)
2026-08-17 10:44:16,679 DEBUG AlphaScanner.UI.Scanner Starting fresh scan with min_cap=500 max_cap=20000 sector_map_size=752
2026-08-17 10:44:16,680 DEBUG AlphaScanner.Service perform_fresh_scan(scanner_type=Pre-Breakout, universe=Total Market (Cap Focused), timeframe=1d, scan_mode=Entry Scanner, use_cache=False, vol_thresh=0.6, rsi_min=35, rsi_max=70, dist_thresh=5.0, min_mkt_cap_cr=500, max_mkt_cap_cr=20000)
2026-08-17 10:44:16,680 DEBUG AlphaScanner.Service Routing to legacy breakout scanner with normalized timeframe=1d
2026-08-17 10:44:16,681 DEBUG AlphaScanner.Engine run_scanner(scanner_type=Pre-Breakout, universe=Total Market (Cap Focused), timeframe=1d, use_cache=False, incremental_fetch=False, vol_thresh=0.6, rsi_range=35-70, dist_thresh=5.0, min_cap=500, max_cap=20000)
2026-08-17 10:44:16,681 DEBUG AlphaScanner.Engine Resolved legacy universe 'Total Market (Cap Focused)' to 755 tickers
2026-08-17 10:44:16,681 INFO AlphaScanner.Engine Universe resolution finished in 0.00s for Total Market (Cap Focused)
2026-08-17 10:44:16,681 INFO AlphaScanner.Engine Prefiltering universe of 755 tickers by market cap (Min: 500 Cr, Max: 20000 Cr)...
2026-08-17 10:44:16,685 INFO AlphaScanner.Engine Prefetching missing metadata for 340 tickers...
2026-08-17 10:46:12,098 INFO AlphaScanner.Engine Market cap pre-filter reduced universe from 755 to 257 tickers.
2026-08-17 10:46:12,099 INFO AlphaScanner.Engine Market-cap prefilter finished in 115.42s and reduced universe to 257 tickers
2026-08-17 10:46:13,666 DEBUG AlphaScanner.Engine Loaded benchmark close series with 246 rows
2026-08-17 10:46:13,666 INFO AlphaScanner.Engine Benchmark download finished in 0.23s
2026-08-17 10:46:13,688 INFO AlphaScanner.Engine Prefetching missing metadata for 3 tickers...
2026-08-17 10:46:17,060 DEBUG AlphaScanner.Engine Metadata cache primed with 257 entries
2026-08-17 10:46:17,060 INFO AlphaScanner.Engine Metadata prefetch finished in 3.39s
2026-08-17 10:46:17,063 DEBUG AlphaScanner.Data download_history_batch(size=257, period=1y, interval=1d, use_cache=False, head=['AARTIDRUGS.NS', 'AARTIIND.NS', 'AARTIPHARM.NS', 'AAVAS.NS', 'ABB.NS'])
2026-08-17 10:46:17,064 INFO AlphaScanner.Data download_history_batch fetching 26 live chunks with 10 workers (chunk_size=10).
2026-08-17 10:46:18,924 WARNING AlphaScanner.Data Batch download attempt 1/3 failed for chunk size=10: dictionary changed size during iteration
2026-08-17 10:46:19,123 DEBUG AlphaScanner.Data No data for ticker AARTIIND.NS in batch result.
2026-08-17 10:46:19,124 DEBUG AlphaScanner.Data No data for ticker AARTIPHARM.NS in batch result.
2026-08-17 10:46:19,126 DEBUG AlphaScanner.Data No data for ticker AAVAS.NS in batch result.
2026-08-17 10:46:19,127 DEBUG AlphaScanner.Data No data for ticker ABB.NS in batch result.
2026-08-17 10:46:19,127 DEBUG AlphaScanner.Data No data for ticker ABDL.NS in batch result.
2026-08-17 10:46:19,127 DEBUG AlphaScanner.Data No data for ticker ABFRL.NS in batch result.
2026-08-17 10:46:19,127 DEBUG AlphaScanner.Data No data for ticker ABLBL.NS in batch result.
2026-08-17 10:46:19,127 DEBUG AlphaScanner.Data No data for ticker ABREL.NS in batch result.
2026-08-17 10:46:19,127 DEBUG AlphaScanner.Data No data for ticker ACE.NS in batch result.
2026-08-17 10:46:19,127 DEBUG AlphaScanner.Data No data for ticker BEML.NS in batch result.
2026-08-17 10:46:19,127 DEBUG AlphaScanner.Data No data for ticker BIKAJI.NS in batch result.
2026-08-17 10:46:19,127 DEBUG AlphaScanner.Data No data for ticker BIRLACORPN.NS in batch result.
2026-08-17 10:46:19,128 DEBUG AlphaScanner.Data No data for ticker BLACKBUCK.NS in batch result.
2026-08-17 10:46:19,131 DEBUG AlphaScanner.Data No data for ticker BLS.NS in batch result.
2026-08-17 10:46:19,131 DEBUG AlphaScanner.Data No data for ticker BLUEDART.NS in batch result.
2026-08-17 10:46:19,131 DEBUG AlphaScanner.Data No data for ticker BLUEJET.NS in batch result.
2026-08-17 10:46:19,131 DEBUG AlphaScanner.Data No data for ticker BLUESTONE.NS in batch result.
2026-08-17 10:46:19,134 DEBUG AlphaScanner.Data No data for ticker BRIGADE.NS in batch result.
2026-08-17 10:46:19,261 DEBUG AlphaScanner.Data No data for ticker BAJAJELEC.NS in batch result.
2026-08-17 10:46:19,261 DEBUG AlphaScanner.Data No data for ticker BALAMINES.NS in batch result.
2026-08-17 10:46:19,262 DEBUG AlphaScanner.Data No data for ticker BALRAMCHIN.NS in batch result.
2026-08-17 10:46:19,274 DEBUG AlphaScanner.Data No data for ticker BALUFORGE.NS in batch result.
2026-08-17 10:46:19,274 DEBUG AlphaScanner.Data No data for ticker BANCOINDIA.NS in batch result.
2026-08-17 10:46:19,274 DEBUG AlphaScanner.Data No data for ticker BATAINDIA.NS in batch result.
2026-08-17 10:46:19,290 DEBUG AlphaScanner.Data No data for ticker BAYERCROP.NS in batch result.
2026-08-17 10:46:19,292 DEBUG AlphaScanner.Data No data for ticker BBOX.NS in batch result.
2026-08-17 10:46:19,295 DEBUG AlphaScanner.Data No data for ticker BECTORFOOD.NS in batch result.
2026-08-17 10:46:19,306 DEBUG AlphaScanner.Data No data for ticker CMSINFO.NS in batch result.
2026-08-17 10:46:19,306 DEBUG AlphaScanner.Data No data for ticker COHANCE.NS in batch result.
2026-08-17 10:46:19,306 DEBUG AlphaScanner.Data No data for ticker CONCORDBIO.NS in batch result.
2026-08-17 10:46:19,307 DEBUG AlphaScanner.Data No data for ticker CRAMC.NS in batch result.
2026-08-17 10:46:19,319 DEBUG AlphaScanner.Data No data for ticker CRIZAC.NS in batch result.
2026-08-17 10:46:19,319 DEBUG AlphaScanner.Data No data for ticker CROMPTON.NS in batch result.
2026-08-17 10:46:19,323 DEBUG AlphaScanner.Data No data for ticker CSBBANK.NS in batch result.
2026-08-17 10:46:19,323 DEBUG AlphaScanner.Data No data for ticker CYIENT.NS in batch result.
2026-08-17 10:46:19,326 DEBUG AlphaScanner.Data No data for ticker DBL.NS in batch result.
2026-08-17 10:46:19,326 DEBUG AlphaScanner.Data No data for ticker BSOFT.NS in batch result.
2026-08-17 10:46:19,327 DEBUG AlphaScanner.Data No data for ticker CAMPUS.NS in batch result.
2026-08-17 10:46:19,327 DEBUG AlphaScanner.Data No data for ticker CAMS.NS in batch result.
2026-08-17 10:46:19,328 DEBUG AlphaScanner.Data No data for ticker CANFINHOME.NS in batch result.
2026-08-17 10:46:19,334 DEBUG AlphaScanner.Data No data for ticker CAPILLARY.NS in batch result.
2026-08-17 10:46:19,334 DEBUG AlphaScanner.Data No data for ticker CAPLIPOINT.NS in batch result.
2026-08-17 10:46:19,334 DEBUG AlphaScanner.Data No data for ticker CARTRADE.NS in batch result.
2026-08-17 10:46:19,334 DEBUG AlphaScanner.Data No data for ticker CASTROLIND.NS in batch result.
2026-08-17 10:46:19,334 DEBUG AlphaScanner.Data No data for ticker CCAVENUE.NS in batch result.
2026-08-17 10:46:19,377 DEBUG AlphaScanner.Data No data for ticker CCL.NS in batch result.
2026-08-17 10:46:19,377 DEBUG AlphaScanner.Data No data for ticker CEATLTD.NS in batch result.
2026-08-17 10:46:19,378 DEBUG AlphaScanner.Data No data for ticker CELLO.NS in batch result.
2026-08-17 10:46:19,379 DEBUG AlphaScanner.Data No data for ticker CENTURYPLY.NS in batch result.
2026-08-17 10:46:19,382 DEBUG AlphaScanner.Data No data for ticker CHALET.NS in batch result.
2026-08-17 10:46:19,383 DEBUG AlphaScanner.Data No data for ticker CHAMBLFERT.NS in batch result.
2026-08-17 10:46:19,384 DEBUG AlphaScanner.Data No data for ticker CHOICEIN.NS in batch result.
2026-08-17 10:46:19,384 DEBUG AlphaScanner.Data No data for ticker CIEINDIA.NS in batch result.
2026-08-17 10:46:19,384 DEBUG AlphaScanner.Data No data for ticker CLEAN.NS in batch result.
2026-08-17 10:46:20,886 DEBUG AlphaScanner.Data No data for ticker GSFC.NS in batch result.
2026-08-17 10:46:20,891 DEBUG AlphaScanner.Data No data for ticker HAPPSTMNDS.NS in batch result.
2026-08-17 10:46:20,891 DEBUG AlphaScanner.Data No data for ticker HBLENGINE.NS in batch result.
2026-08-17 10:46:20,907 DEBUG AlphaScanner.Data No data for ticker HCC.NS in batch result.
2026-08-17 10:46:20,923 DEBUG AlphaScanner.Data No data for ticker INDIASHLTR.NS in batch result.
2026-08-17 10:46:20,923 DEBUG AlphaScanner.Data No data for ticker INDIGOPNTS.NS in batch result.
2026-08-17 10:46:20,923 DEBUG AlphaScanner.Data No data for ticker INOXINDIA.NS in batch result.
2026-08-17 10:46:20,923 DEBUG AlphaScanner.Data No data for ticker INOXWIND.NS in batch result.
2026-08-17 10:46:20,931 DEBUG AlphaScanner.Data No data for ticker SCI.NS in batch result.
2026-08-17 10:46:20,944 DEBUG AlphaScanner.Data No data for ticker SENCO.NS in batch result.
2026-08-17 10:46:20,944 DEBUG AlphaScanner.Data No data for ticker SFL.NS in batch result.
2026-08-17 10:46:20,945 DEBUG AlphaScanner.Data No data for ticker SHAILY.NS in batch result.
2026-08-17 10:46:20,945 DEBUG AlphaScanner.Data No data for ticker SHAKTIPUMP.NS in batch result.
2026-08-17 10:46:20,989 DEBUG AlphaScanner.Data No data for ticker FIRSTCRY.NS in batch result.
2026-08-17 10:46:20,992 DEBUG AlphaScanner.Data No data for ticker FSL.NS in batch result.
2026-08-17 10:46:20,993 DEBUG AlphaScanner.Data No data for ticker GAEL.NS in batch result.
2026-08-17 10:46:21,009 DEBUG AlphaScanner.Data No data for ticker GESHIP.NS in batch result.
2026-08-17 10:46:21,025 DEBUG AlphaScanner.Data No data for ticker SHARDACROP.NS in batch result.
2026-08-17 10:46:21,026 DEBUG AlphaScanner.Data No data for ticker SHAREINDIA.NS in batch result.
2026-08-17 10:46:21,054 DEBUG AlphaScanner.Data No data for ticker SHILPAMED.NS in batch result.
2026-08-17 10:46:21,057 DEBUG AlphaScanner.Data No data for ticker SIGNATURE.NS in batch result.
2026-08-17 10:46:21,057 DEBUG AlphaScanner.Data No data for ticker SKFINDIA.NS in batch result.
2026-08-17 10:46:21,058 DEBUG AlphaScanner.Data No data for ticker SKFINDUS.NS in batch result.
2026-08-17 10:46:21,058 DEBUG AlphaScanner.Data No data for ticker SKIPPER.NS in batch result.
2026-08-17 10:46:21,058 DEBUG AlphaScanner.Data No data for ticker SKYGOLD.NS in batch result.
2026-08-17 10:46:21,058 DEBUG AlphaScanner.Data No data for ticker SMARTWORKS.NS in batch result.
2026-08-17 10:46:21,226 DEBUG AlphaScanner.Data No data for ticker GNFC.NS in batch result.
2026-08-17 10:46:21,226 DEBUG AlphaScanner.Data No data for ticker GODREJAGRO.NS in batch result.
2026-08-17 10:46:21,226 DEBUG AlphaScanner.Data No data for ticker GOKEX.NS in batch result.
2026-08-17 10:46:21,226 DEBUG AlphaScanner.Data No data for ticker GOKULAGRO.NS in batch result.
2026-08-17 10:46:21,228 DEBUG AlphaScanner.Data No data for ticker GPPL.NS in batch result.
2026-08-17 10:46:21,229 DEBUG AlphaScanner.Data No data for ticker GRAPHITE.NS in batch result.
2026-08-17 10:46:21,229 DEBUG AlphaScanner.Data No data for ticker GRAVITA.NS in batch result.
2026-08-17 10:46:21,230 DEBUG AlphaScanner.Data No data for ticker GREAVESCOT.NS in batch result.
2026-08-17 10:46:21,231 DEBUG AlphaScanner.Data No data for ticker GRWRHITECH.NS in batch result.
2026-08-17 10:46:21,235 DEBUG AlphaScanner.Data No data for ticker SMLMAH.NS in batch result.
2026-08-17 10:46:21,235 DEBUG AlphaScanner.Data No data for ticker SOBHA.NS in batch result.
2026-08-17 10:46:21,238 DEBUG AlphaScanner.Data No data for ticker SOUTHBANK.NS in batch result.
2026-08-17 10:46:21,239 DEBUG AlphaScanner.Data No data for ticker SPARC.NS in batch result.
2026-08-17 10:46:21,239 DEBUG AlphaScanner.Data No data for ticker SPLPETRO.NS in batch result.
2026-08-17 10:46:21,239 DEBUG AlphaScanner.Data No data for ticker STAR.NS in batch result.
2026-08-17 10:46:21,239 DEBUG AlphaScanner.Data No data for ticker STARCEMENT.NS in batch result.
2026-08-17 10:46:21,242 DEBUG AlphaScanner.Data No data for ticker STYL.NS in batch result.
2026-08-17 10:46:21,243 DEBUG AlphaScanner.Data No data for ticker STYRENIX.NS in batch result.
2026-08-17 10:46:21,321 DEBUG AlphaScanner.Data No data for ticker HONASA.NS in batch result.
2026-08-17 10:46:21,322 DEBUG AlphaScanner.Data No data for ticker ICIL.NS in batch result.
2026-08-17 10:46:21,323 DEBUG AlphaScanner.Data No data for ticker IEX.NS in batch result.
2026-08-17 10:46:21,323 DEBUG AlphaScanner.Data No data for ticker IFBIND.NS in batch result.
2026-08-17 10:46:21,323 DEBUG AlphaScanner.Data No data for ticker IGIL.NS in batch result.
2026-08-17 10:46:21,324 DEBUG AlphaScanner.Data No data for ticker IIFLCAPS.NS in batch result.
2026-08-17 10:46:21,324 DEBUG AlphaScanner.Data No data for ticker IMFA.NS in batch result.
2026-08-17 10:46:21,325 DEBUG AlphaScanner.Data No data for ticker INDGN.NS in batch result.
2026-08-17 10:46:21,328 DEBUG AlphaScanner.Data No data for ticker INDIAGLYCO.NS in batch result.
2026-08-17 10:46:21,329 DEBUG AlphaScanner.Data No data for ticker ENTERO.NS in batch result.
2026-08-17 10:46:21,346 DEBUG AlphaScanner.Data No data for ticker EQUITASBNK.NS in batch result.
2026-08-17 10:46:21,347 DEBUG AlphaScanner.Data No data for ticker ERIS.NS in batch result.
2026-08-17 10:46:21,347 DEBUG AlphaScanner.Data No data for ticker ETHOSLTD.NS in batch result.
2026-08-17 10:46:21,347 DEBUG AlphaScanner.Data No data for ticker EUREKAFORB.NS in batch result.
2026-08-17 10:46:21,347 DEBUG AlphaScanner.Data No data for ticker FEDFINA.NS in batch result.
2026-08-17 10:46:21,347 DEBUG AlphaScanner.Data No data for ticker FIEMIND.NS in batch result.
2026-08-17 10:46:21,348 DEBUG AlphaScanner.Data No data for ticker FINCABLES.NS in batch result.
2026-08-17 10:46:21,348 DEBUG AlphaScanner.Data No data for ticker FINPIPE.NS in batch result.
2026-08-17 10:46:21,662 DEBUG AlphaScanner.Data No data for ticker EIEL.NS in batch result.
2026-08-17 10:46:21,671 DEBUG AlphaScanner.Data No data for ticker EIHOTEL.NS in batch result.
2026-08-17 10:46:21,675 DEBUG AlphaScanner.Data No data for ticker ELECON.NS in batch result.
2026-08-17 10:46:21,679 DEBUG AlphaScanner.Data No data for ticker ELGIEQUIP.NS in batch result.
2026-08-17 10:46:21,679 DEBUG AlphaScanner.Data No data for ticker ELLEN.NS in batch result.
2026-08-17 10:46:21,682 DEBUG AlphaScanner.Data No data for ticker EMBDL.NS in batch result.
2026-08-17 10:46:21,682 DEBUG AlphaScanner.Data No data for ticker EMIL.NS in batch result.
2026-08-17 10:46:21,682 DEBUG AlphaScanner.Data No data for ticker ENGINERSIN.NS in batch result.
2026-08-17 10:46:21,779 DEBUG AlphaScanner.Data No data for ticker APLLTD.NS in batch result.
2026-08-17 10:46:21,779 DEBUG AlphaScanner.Data No data for ticker APOLLO.NS in batch result.
2026-08-17 10:46:21,781 DEBUG AlphaScanner.Data No data for ticker ARE&M.NS in batch result.
2026-08-17 10:46:21,783 DEBUG AlphaScanner.Data No data for ticker ARVINDFASN.NS in batch result.
2026-08-17 10:46:21,783 DEBUG AlphaScanner.Data No data for ticker ASHAPURMIN.NS in batch result.
2026-08-17 10:46:21,784 DEBUG AlphaScanner.Data No data for ticker ASHOKA.NS in batch result.
2026-08-17 10:46:21,784 DEBUG AlphaScanner.Data No data for ticker ASKAUTOLTD.NS in batch result.
2026-08-17 10:46:22,629 DEBUG AlphaScanner.Data No data for ticker SUNTV.NS in batch result.
2026-08-17 10:46:22,629 DEBUG AlphaScanner.Data No data for ticker SUPRIYA.NS in batch result.
2026-08-17 10:46:22,880 DEBUG AlphaScanner.Data No data for ticker TRANSRAILL.NS in batch result.
2026-08-17 10:46:22,938 DEBUG AlphaScanner.Data No data for ticker TATACHEM.NS in batch result.
2026-08-17 10:46:23,115 DEBUG AlphaScanner.Data No data for ticker UJJIVANSFB.NS in batch result.
2026-08-17 10:46:23,342 DEBUG AlphaScanner.Data download_history_batch result count=121
2026-08-17 10:46:23,345 INFO AlphaScanner.Engine Batch history download finished in 6.28s for 257 tickers
2026-08-17 10:46:23,346 DEBUG AlphaScanner.Data download_history(ticker=AARTIIND.NS, period=1y, interval=1d, use_cache=False)
2026-08-17 10:46:23,540 DEBUG AlphaScanner.Data download_history success for AARTIIND.NS rows=250 cols=['adj close', 'Close', 'High', 'Low', 'Open', 'Volume']
2026-08-17 10:46:23,541 DEBUG AlphaScanner.Data download_history(ticker=AARTIPHARM.NS, period=1y, interval=1d, use_cache=False)
2026-08-17 10:46:23,736 DEBUG AlphaScanner.Data download_history success for AARTIPHARM.NS rows=250 cols=['adj close', 'Close', 'High', 'Low', 'Open', 'Volume']
2026-08-17 10:46:23,737 DEBUG AlphaScanner.Data download_history(ticker=AAVAS.NS, period=1y, interval=1d, use_cache=False)
2026-08-17 10:46:23,858 DEBUG AlphaScanner.Data download_history success for AAVAS.NS rows=250 cols=['adj close', 'Close', 'High', 'Low', 'Open', 'Volume']
2026-08-17 10:46:23,859 DEBUG AlphaScanner.Data download_history(ticker=ABB.NS, period=1y, interval=1d, use_cache=False)
2026-08-17 10:46:24,064 DEBUG AlphaScanner.Data download_history success for ABB.NS rows=250 cols=['adj close', 'Close', 'High', 'Low', 'Open', 'Volume']
2026-08-17 10:46:24,065 DEBUG AlphaScanner.Data download_history(ticker=ABDL.NS, period=1y, interval=1d, use_cache=False)
2026-08-17 10:46:24,238 DEBUG AlphaScanner.Data download_history success for ABDL.NS rows=249 cols=['adj close', 'Close', 'High', 'Low', 'Open', 'Volume']
2026-08-17 10:46:24,239 DEBUG AlphaScanner.Data download_history(ticker=ABFRL.NS, period=1y, interval=1d, use_cache=False)
2026-08-17 10:46:24,469 DEBUG AlphaScanner.Data download_history success for ABFRL.NS rows=250 cols=['adj close', 'Close', 'High', 'Low', 'Open', 'Volume']
2026-08-17 10:46:24,471 DEBUG AlphaScanner.Data download_history(ticker=ABLBL.NS, period=1y, interval=1d, use_cache=False)
2026-08-17 10:46:24,690 DEBUG AlphaScanner.Data download_history success for ABLBL.NS rows=250 cols=['adj close', 'Close', 'High', 'Low', 'Open', 'Volume']
2026-08-17 10:46:24,698 DEBUG AlphaScanner.Data download_history(ticker=ABREL.NS, period=1y, interval=1d, use_cache=False)
2026-08-17 10:46:24,917 DEBUG AlphaScanner.Data download_history success for ABREL.NS rows=250 cols=['adj close', 'Close', 'High', 'Low', 'Open', 'Volume']
2026-08-17 10:46:24,919 DEBUG AlphaScanner.Data download_history(ticker=ACE.NS, period=1y, interval=1d, use_cache=False)
2026-08-17 10:46:25,312 DEBUG AlphaScanner.Data download_history success for ACE.NS rows=250 cols=['adj close', 'Close', 'High', 'Low', 'Open', 'Volume']
2026-08-17 10:46:25,324 DEBUG AlphaScanner.Data download_history(ticker=APLLTD.NS, period=1y, interval=1d, use_cache=False)
2026-08-17 10:46:25,441 DEBUG AlphaScanner.Data download_history success for APLLTD.NS rows=250 cols=['adj close', 'Close', 'High', 'Low', 'Open', 'Volume']
2026-08-17 10:46:25,442 DEBUG AlphaScanner.Data download_history(ticker=APOLLO.NS, period=1y, interval=1d, use_cache=False)
2026-08-17 10:46:25,637 DEBUG AlphaScanner.Data download_history success for APOLLO.NS rows=250 cols=['adj close', 'Close', 'High', 'Low', 'Open', 'Volume']
2026-08-17 10:46:25,639 DEBUG AlphaScanner.Data download_history(ticker=ARE&M.NS, period=1y, interval=1d, use_cache=False)
2026-08-17 10:46:25,780 DEBUG AlphaScanner.Data download_history success for ARE&M.NS rows=250 cols=['adj close', 'Close', 'High', 'Low', 'Open', 'Volume']
2026-08-17 10:46:25,782 DEBUG AlphaScanner.Data download_history(ticker=ARVINDFASN.NS, period=1y, interval=1d, use_cache=False)
2026-08-17 10:46:25,892 DEBUG AlphaScanner.Data download_history success for ARVINDFASN.NS rows=250 cols=['adj close', 'Close', 'High', 'Low', 'Open', 'Volume']
2026-08-17 10:46:25,893 DEBUG AlphaScanner.Data download_history(ticker=ASHAPURMIN.NS, period=1y, interval=1d, use_cache=False)
2026-08-17 10:46:26,091 DEBUG AlphaScanner.Data download_history success for ASHAPURMIN.NS rows=250 cols=['adj close', 'Close', 'High', 'Low', 'Open', 'Volume']
2026-08-17 10:46:26,092 DEBUG AlphaScanner.Data download_history(ticker=ASHOKA.NS, period=1y, interval=1d, use_cache=False)
2026-08-17 10:46:26,250 DEBUG AlphaScanner.Data download_history success for ASHOKA.NS rows=250 cols=['adj close', 'Close', 'High', 'Low', 'Open', 'Volume']
2026-08-17 10:46:26,252 DEBUG AlphaScanner.Data download_history(ticker=ASKAUTOLTD.NS, period=1y, interval=1d, use_cache=False)
2026-08-17 10:46:26,401 DEBUG AlphaScanner.Data download_history success for ASKAUTOLTD.NS rows=250 cols=['adj close', 'Close', 'High', 'Low', 'Open', 'Volume']
2026-08-17 10:46:26,411 DEBUG AlphaScanner.Data download_history(ticker=BAJAJELEC.NS, period=1y, interval=1d, use_cache=False)
2026-08-17 10:46:26,495 DEBUG AlphaScanner.Data download_history success for BAJAJELEC.NS rows=250 cols=['adj close', 'Close', 'High', 'Low', 'Open', 'Volume']
2026-08-17 10:46:26,497 DEBUG AlphaScanner.Data download_history(ticker=BALAMINES.NS, period=1y, interval=1d, use_cache=False)
2026-08-17 10:46:26,683 DEBUG AlphaScanner.Data download_history success for BALAMINES.NS rows=250 cols=['adj close', 'Close', 'High', 'Low', 'Open', 'Volume']
2026-08-17 10:46:26,684 DEBUG AlphaScanner.Data download_history(ticker=BALRAMCHIN.NS, period=1y, interval=1d, use_cache=False)
2026-08-17 10:46:26,855 DEBUG AlphaScanner.Data download_history success for BALRAMCHIN.NS rows=250 cols=['adj close', 'Close', 'High', 'Low', 'Open', 'Volume']
2026-08-17 10:46:26,857 DEBUG AlphaScanner.Data download_history(ticker=BALUFORGE.NS, period=1y, interval=1d, use_cache=False)
2026-08-17 10:46:27,245 DEBUG AlphaScanner.Data download_history success for BALUFORGE.NS rows=250 cols=['adj close', 'Close', 'High', 'Low', 'Open', 'Volume']
2026-08-17 10:46:27,246 DEBUG AlphaScanner.Data download_history(ticker=BANCOINDIA.NS, period=1y, interval=1d, use_cache=False)
2026-08-17 10:46:27,829 DEBUG AlphaScanner.Data download_history success for BANCOINDIA.NS rows=249 cols=['adj close', 'Close', 'High', 'Low', 'Open', 'Volume']
2026-08-17 10:46:27,830 DEBUG AlphaScanner.Data download_history(ticker=BATAINDIA.NS, period=1y, interval=1d, use_cache=False)
2026-08-17 10:46:28,220 DEBUG AlphaScanner.Data download_history success for BATAINDIA.NS rows=250 cols=['adj close', 'Close', 'High', 'Low', 'Open', 'Volume']
2026-08-17 10:46:28,221 DEBUG AlphaScanner.Data download_history(ticker=BAYERCROP.NS, period=1y, interval=1d, use_cache=False)
2026-08-17 10:46:28,617 DEBUG AlphaScanner.Data download_history success for BAYERCROP.NS rows=250 cols=['adj close', 'Close', 'High', 'Low', 'Open', 'Volume']
2026-08-17 10:46:28,618 DEBUG AlphaScanner.Data download_history(ticker=BBOX.NS, period=1y, interval=1d, use_cache=False)
2026-08-17 10:46:29,031 DEBUG AlphaScanner.Data download_history success for BBOX.NS rows=250 cols=['adj close', 'Close', 'High', 'Low', 'Open', 'Volume']
2026-08-17 10:46:29,033 DEBUG AlphaScanner.Data download_history(ticker=BECTORFOOD.NS, period=1y, interval=1d, use_cache=False)
2026-08-17 10:46:29,434 DEBUG AlphaScanner.Data download_history success for BECTORFOOD.NS rows=250 cols=['adj close', 'Close', 'High', 'Low', 'Open', 'Volume']
2026-08-17 10:46:29,434 DEBUG AlphaScanner.Data download_history(ticker=BEML.NS, period=1y, interval=1d, use_cache=False)
2026-08-17 10:46:29,843 DEBUG AlphaScanner.Data download_history success for BEML.NS rows=250 cols=['adj close', 'Close', 'High', 'Low', 'Open', 'Volume']
2026-08-17 10:46:29,844 DEBUG AlphaScanner.Data download_history(ticker=BIKAJI.NS, period=1y, interval=1d, use_cache=False)
2026-08-17 10:46:30,231 DEBUG AlphaScanner.Data download_history success for BIKAJI.NS rows=249 cols=['adj close', 'Close', 'High', 'Low', 'Open', 'Volume']
2026-08-17 10:46:30,232 DEBUG AlphaScanner.Data download_history(ticker=BIRLACORPN.NS, period=1y, interval=1d, use_cache=False)
2026-08-17 10:46:30,639 DEBUG AlphaScanner.Data download_history success for BIRLACORPN.NS rows=249 cols=['adj close', 'Close', 'High', 'Low', 'Open', 'Volume']
2026-08-17 10:46:30,641 DEBUG AlphaScanner.Data download_history(ticker=BLACKBUCK.NS, period=1y, interval=1d, use_cache=False)
2026-08-17 10:46:31,019 DEBUG AlphaScanner.Data download_history success for BLACKBUCK.NS rows=250 cols=['adj close', 'Close', 'High', 'Low', 'Open', 'Volume']
2026-08-17 10:46:31,020 DEBUG AlphaScanner.Data download_history(ticker=BLS.NS, period=1y, interval=1d, use_cache=False)
2026-08-17 10:46:31,415 DEBUG AlphaScanner.Data download_history success for BLS.NS rows=250 cols=['adj close', 'Close', 'High', 'Low', 'Open', 'Volume']
2026-08-17 10:46:31,416 DEBUG AlphaScanner.Data download_history(ticker=BLUEDART.NS, period=1y, interval=1d, use_cache=False)
2026-08-17 10:46:31,823 DEBUG AlphaScanner.Data download_history success for BLUEDART.NS rows=250 cols=['adj close', 'Close', 'High', 'Low', 'Open', 'Volume']
2026-08-17 10:46:31,825 DEBUG AlphaScanner.Data download_history(ticker=BLUEJET.NS, period=1y, interval=1d, use_cache=False)
2026-08-17 10:46:32,226 DEBUG AlphaScanner.Data download_history success for BLUEJET.NS rows=250 cols=['adj close', 'Close', 'High', 'Low', 'Open', 'Volume']
2026-08-17 10:46:32,227 DEBUG AlphaScanner.Data download_history(ticker=BLUESTONE.NS, period=1y, interval=1d, use_cache=False)
2026-08-17 10:46:32,623 DEBUG AlphaScanner.Data download_history success for BLUESTONE.NS rows=248 cols=['adj close', 'Close', 'High', 'Low', 'Open', 'Volume']
2026-08-17 10:46:32,626 DEBUG AlphaScanner.Data download_history(ticker=BRIGADE.NS, period=1y, interval=1d, use_cache=False)
2026-08-17 10:46:33,009 DEBUG AlphaScanner.Data download_history success for BRIGADE.NS rows=250 cols=['adj close', 'Close', 'High', 'Low', 'Open', 'Volume']
2026-08-17 10:46:33,010 DEBUG AlphaScanner.Data download_history(ticker=BSOFT.NS, period=1y, interval=1d, use_cache=False)
2026-08-17 10:46:33,541 DEBUG AlphaScanner.Data download_history success for BSOFT.NS rows=250 cols=['adj close', 'Close', 'High', 'Low', 'Open', 'Volume']
2026-08-17 10:46:33,542 DEBUG AlphaScanner.Data download_history(ticker=CAMPUS.NS, period=1y, interval=1d, use_cache=False)
2026-08-17 10:46:34,065 DEBUG AlphaScanner.Data download_history success for CAMPUS.NS rows=250 cols=['adj close', 'Close', 'High', 'Low', 'Open', 'Volume']
2026-08-17 10:46:34,067 DEBUG AlphaScanner.Data download_history(ticker=CAMS.NS, period=1y, interval=1d, use_cache=False)
2026-08-17 10:46:34,456 DEBUG AlphaScanner.Data download_history success for CAMS.NS rows=250 cols=['adj close', 'Close', 'High', 'Low', 'Open', 'Volume']
2026-08-17 10:46:34,457 DEBUG AlphaScanner.Data download_history(ticker=CANFINHOME.NS, period=1y, interval=1d, use_cache=False)
2026-08-17 10:46:34,868 DEBUG AlphaScanner.Data download_history success for CANFINHOME.NS rows=250 cols=['adj close', 'Close', 'High', 'Low', 'Open', 'Volume']
2026-08-17 10:46:34,870 DEBUG AlphaScanner.Data download_history(ticker=CAPILLARY.NS, period=1y, interval=1d, use_cache=False)
2026-08-17 10:46:35,223 DEBUG AlphaScanner.Data download_history success for CAPILLARY.NS rows=185 cols=['adj close', 'Close', 'High', 'Low', 'Open', 'Volume']
2026-08-17 10:46:35,225 DEBUG AlphaScanner.Data download_history(ticker=CAPLIPOINT.NS, period=1y, interval=1d, use_cache=False)
2026-08-17 10:46:35,633 DEBUG AlphaScanner.Data download_history success for CAPLIPOINT.NS rows=249 cols=['adj close', 'Close', 'High', 'Low', 'Open', 'Volume']
2026-08-17 10:46:35,634 DEBUG AlphaScanner.Data download_history(ticker=CARTRADE.NS, period=1y, interval=1d, use_cache=False)
2026-08-17 10:46:36,070 DEBUG AlphaScanner.Data download_history success for CARTRADE.NS rows=250 cols=['adj close', 'Close', 'High', 'Low', 'Open', 'Volume']
2026-08-17 10:46:36,072 DEBUG AlphaScanner.Data download_history(ticker=CASTROLIND.NS, period=1y, interval=1d, use_cache=False)
2026-08-17 10:46:36,626 DEBUG AlphaScanner.Data download_history success for CASTROLIND.NS rows=250 cols=['adj close', 'Close', 'High', 'Low', 'Open', 'Volume']
2026-08-17 10:46:36,627 DEBUG AlphaScanner.Data download_history(ticker=CCAVENUE.NS, period=1y, interval=1d, use_cache=False)
2026-08-17 10:46:37,142 DEBUG AlphaScanner.Data download_history success for CCAVENUE.NS rows=250 cols=['adj close', 'Close', 'High', 'Low', 'Open', 'Volume']
2026-08-17 10:46:37,144 DEBUG AlphaScanner.Data download_history(ticker=CCL.NS, period=1y, interval=1d, use_cache=False)
2026-08-17 10:46:37,570 DEBUG AlphaScanner.Data download_history success for CCL.NS rows=250 cols=['adj close', 'Close', 'High', 'Low', 'Open', 'Volume']
2026-08-17 10:46:37,571 DEBUG AlphaScanner.Data download_history(ticker=CEATLTD.NS, period=1y, interval=1d, use_cache=False)
2026-08-17 10:46:37,977 DEBUG AlphaScanner.Data download_history success for CEATLTD.NS rows=250 cols=['adj close', 'Close', 'High', 'Low', 'Open', 'Volume']
2026-08-17 10:46:37,978 DEBUG AlphaScanner.Data download_history(ticker=CELLO.NS, period=1y, interval=1d, use_cache=False)
2026-08-17 10:46:38,358 DEBUG AlphaScanner.Data download_history success for CELLO.NS rows=248 cols=['adj close', 'Close', 'High', 'Low', 'Open', 'Volume']
2026-08-17 10:46:38,359 DEBUG AlphaScanner.Data download_history(ticker=CENTURYPLY.NS, period=1y, interval=1d, use_cache=False)
2026-08-17 10:46:38,775 DEBUG AlphaScanner.Data download_history success for CENTURYPLY.NS rows=249 cols=['adj close', 'Close', 'High', 'Low', 'Open', 'Volume']
2026-08-17 10:46:38,777 DEBUG AlphaScanner.Data download_history(ticker=CHALET.NS, period=1y, interval=1d, use_cache=False)
2026-08-17 10:46:39,163 DEBUG AlphaScanner.Data download_history success for CHALET.NS rows=250 cols=['adj close', 'Close', 'High', 'Low', 'Open', 'Volume']
2026-08-17 10:46:39,165 DEBUG AlphaScanner.Data download_history(ticker=CHAMBLFERT.NS, period=1y, interval=1d, use_cache=False)
2026-08-17 10:46:39,564 DEBUG AlphaScanner.Data download_history success for CHAMBLFERT.NS rows=250 cols=['adj close', 'Close', 'High', 'Low', 'Open', 'Volume']
2026-08-17 10:46:39,566 DEBUG AlphaScanner.Data download_history(ticker=CHOICEIN.NS, period=1y, interval=1d, use_cache=False)
2026-08-17 10:46:39,931 DEBUG AlphaScanner.Data download_history success for CHOICEIN.NS rows=249 cols=['adj close', 'Close', 'High', 'Low', 'Open', 'Volume']
2026-08-17 10:46:39,932 DEBUG AlphaScanner.Data download_history(ticker=CIEINDIA.NS, period=1y, interval=1d, use_cache=False)
2026-08-17 10:46:40,322 DEBUG AlphaScanner.Data download_history success for CIEINDIA.NS rows=248 cols=['adj close', 'Close', 'High', 'Low', 'Open', 'Volume']
2026-08-17 10:46:40,323 DEBUG AlphaScanner.Data download_history(ticker=CLEAN.NS, period=1y, interval=1d, use_cache=False)
2026-08-17 10:46:40,833 DEBUG AlphaScanner.Data download_history success for CLEAN.NS rows=250 cols=['adj close', 'Close', 'High', 'Low', 'Open', 'Volume']
2026-08-17 10:46:40,834 DEBUG AlphaScanner.Data download_history(ticker=CMSINFO.NS, period=1y, interval=1d, use_cache=False)
2026-08-17 10:46:41,213 DEBUG AlphaScanner.Data download_history success for CMSINFO.NS rows=250 cols=['adj close', 'Close', 'High', 'Low', 'Open', 'Volume']
2026-08-17 10:46:41,215 DEBUG AlphaScanner.Data download_history(ticker=COHANCE.NS, period=1y, interval=1d, use_cache=False)
2026-08-17 10:46:41,569 DEBUG AlphaScanner.Data download_history success for COHANCE.NS rows=250 cols=['adj close', 'Close', 'High', 'Low', 'Open', 'Volume']
2026-08-17 10:46:41,571 DEBUG AlphaScanner.Data download_history(ticker=CONCORDBIO.NS, period=1y, interval=1d, use_cache=False)
2026-08-17 10:46:42,096 DEBUG AlphaScanner.Data download_history success for CONCORDBIO.NS rows=250 cols=['adj close', 'Close', 'High', 'Low', 'Open', 'Volume']
2026-08-17 10:46:42,098 DEBUG AlphaScanner.Data download_history(ticker=CRAMC.NS, period=1y, interval=1d, use_cache=False)
2026-08-17 10:46:42,482 DEBUG AlphaScanner.Data download_history success for CRAMC.NS rows=209 cols=['adj close', 'Close', 'High', 'Low', 'Open', 'Volume']
2026-08-17 10:46:42,483 DEBUG AlphaScanner.Data download_history(ticker=CRIZAC.NS, period=1y, interval=1d, use_cache=False)
2026-08-17 10:46:42,997 DEBUG AlphaScanner.Data download_history success for CRIZAC.NS rows=250 cols=['adj close', 'Close', 'High', 'Low', 'Open', 'Volume']
2026-08-17 10:46:42,998 DEBUG AlphaScanner.Data download_history(ticker=CROMPTON.NS, period=1y, interval=1d, use_cache=False)
2026-08-17 10:46:43,376 DEBUG AlphaScanner.Data download_history success for CROMPTON.NS rows=250 cols=['adj close', 'Close', 'High', 'Low', 'Open', 'Volume']
2026-08-17 10:46:43,377 DEBUG AlphaScanner.Data download_history(ticker=CSBBANK.NS, period=1y, interval=1d, use_cache=False)
2026-08-17 10:46:43,737 DEBUG AlphaScanner.Data download_history success for CSBBANK.NS rows=250 cols=['adj close', 'Close', 'High', 'Low', 'Open', 'Volume']
2026-08-17 10:46:43,739 DEBUG AlphaScanner.Data download_history(ticker=CYIENT.NS, period=1y, interval=1d, use_cache=False)
2026-08-17 10:46:44,143 DEBUG AlphaScanner.Data download_history success for CYIENT.NS rows=250 cols=['adj close', 'Close', 'High', 'Low', 'Open', 'Volume']
2026-08-17 10:46:44,146 DEBUG AlphaScanner.Data download_history(ticker=DBL.NS, period=1y, interval=1d, use_cache=False)
2026-08-17 10:46:44,539 DEBUG AlphaScanner.Data download_history success for DBL.NS rows=248 cols=['adj close', 'Close', 'High', 'Low', 'Open', 'Volume']
2026-08-17 10:46:44,552 DEBUG AlphaScanner.Data download_history(ticker=EIEL.NS, period=1y, interval=1d, use_cache=False)
2026-08-17 10:46:44,949 DEBUG AlphaScanner.Data download_history success for EIEL.NS rows=250 cols=['adj close', 'Close', 'High', 'Low', 'Open', 'Volume']
2026-08-17 10:46:44,951 DEBUG AlphaScanner.Data download_history(ticker=EIHOTEL.NS, period=1y, interval=1d, use_cache=False)
2026-08-17 10:46:45,378 DEBUG AlphaScanner.Data download_history success for EIHOTEL.NS rows=250 cols=['adj close', 'Close', 'High', 'Low', 'Open', 'Volume']
2026-08-17 10:46:45,379 DEBUG AlphaScanner.Data download_history(ticker=ELECON.NS, period=1y, interval=1d, use_cache=False)
2026-08-17 10:46:45,792 DEBUG AlphaScanner.Data download_history success for ELECON.NS rows=250 cols=['adj close', 'Close', 'High', 'Low', 'Open', 'Volume']
2026-08-17 10:46:45,795 DEBUG AlphaScanner.Data download_history(ticker=ELGIEQUIP.NS, period=1y, interval=1d, use_cache=False)
2026-08-17 10:46:46,197 DEBUG AlphaScanner.Data download_history success for ELGIEQUIP.NS rows=250 cols=['adj close', 'Close', 'High', 'Low', 'Open', 'Volume']
2026-08-17 10:46:46,198 DEBUG AlphaScanner.Data download_history(ticker=ELLEN.NS, period=1y, interval=1d, use_cache=False)
2026-08-17 10:46:46,590 DEBUG AlphaScanner.Data download_history success for ELLEN.NS rows=249 cols=['adj close', 'Close', 'High', 'Low', 'Open', 'Volume']
2026-08-17 10:46:46,592 DEBUG AlphaScanner.Data download_history(ticker=EMBDL.NS, period=1y, interval=1d, use_cache=False)
2026-08-17 10:46:47,177 DEBUG AlphaScanner.Data download_history success for EMBDL.NS rows=250 cols=['adj close', 'Close', 'High', 'Low', 'Open', 'Volume']
2026-08-17 10:46:47,178 DEBUG AlphaScanner.Data download_history(ticker=EMIL.NS, period=1y, interval=1d, use_cache=False)
2026-08-17 10:46:47,634 DEBUG AlphaScanner.Data download_history success for EMIL.NS rows=250 cols=['adj close', 'Close', 'High', 'Low', 'Open', 'Volume']
2026-08-17 10:46:47,636 DEBUG AlphaScanner.Data download_history(ticker=ENGINERSIN.NS, period=1y, interval=1d, use_cache=False)
2026-08-17 10:46:48,141 DEBUG AlphaScanner.Data download_history success for ENGINERSIN.NS rows=250 cols=['adj close', 'Close', 'High', 'Low', 'Open', 'Volume']
2026-08-17 10:46:48,143 DEBUG AlphaScanner.Data download_history(ticker=ENTERO.NS, period=1y, interval=1d, use_cache=False)
2026-08-17 10:46:48,809 DEBUG AlphaScanner.Data download_history success for ENTERO.NS rows=249 cols=['adj close', 'Close', 'High', 'Low', 'Open', 'Volume']
2026-08-17 10:46:48,812 DEBUG AlphaScanner.Data download_history(ticker=EQUITASBNK.NS, period=1y, interval=1d, use_cache=False)
2026-08-17 10:46:49,187 DEBUG AlphaScanner.Data download_history success for EQUITASBNK.NS rows=250 cols=['adj close', 'Close', 'High', 'Low', 'Open', 'Volume']
2026-08-17 10:46:49,189 DEBUG AlphaScanner.Data download_history(ticker=ERIS.NS, period=1y, interval=1d, use_cache=False)
2026-08-17 10:46:49,689 DEBUG AlphaScanner.Data download_history success for ERIS.NS rows=248 cols=['adj close', 'Close', 'High', 'Low', 'Open', 'Volume']
2026-08-17 10:46:49,691 DEBUG AlphaScanner.Data download_history(ticker=ETHOSLTD.NS, period=1y, interval=1d, use_cache=False)
2026-08-17 10:46:50,240 DEBUG AlphaScanner.Data download_history success for ETHOSLTD.NS rows=249 cols=['adj close', 'Close', 'High', 'Low', 'Open', 'Volume']
2026-08-17 10:46:50,241 DEBUG AlphaScanner.Data download_history(ticker=EUREKAFORB.NS, period=1y, interval=1d, use_cache=False)
2026-08-17 10:46:50,623 DEBUG AlphaScanner.Data download_history success for EUREKAFORB.NS rows=250 cols=['adj close', 'Close', 'High', 'Low', 'Open', 'Volume']
2026-08-17 10:46:50,625 DEBUG AlphaScanner.Data download_history(ticker=FEDFINA.NS, period=1y, interval=1d, use_cache=False)
2026-08-17 10:46:51,017 DEBUG AlphaScanner.Data download_history success for FEDFINA.NS rows=250 cols=['adj close', 'Close', 'High', 'Low', 'Open', 'Volume']
2026-08-17 10:46:51,019 DEBUG AlphaScanner.Data download_history(ticker=FIEMIND.NS, period=1y, interval=1d, use_cache=False)
2026-08-17 10:46:51,410 DEBUG AlphaScanner.Data download_history success for FIEMIND.NS rows=250 cols=['adj close', 'Close', 'High', 'Low', 'Open', 'Volume']
2026-08-17 10:46:51,411 DEBUG AlphaScanner.Data download_history(ticker=FINCABLES.NS, period=1y, interval=1d, use_cache=False)
2026-08-17 10:46:51,988 DEBUG AlphaScanner.Data download_history success for FINCABLES.NS rows=250 cols=['adj close', 'Close', 'High', 'Low', 'Open', 'Volume']
2026-08-17 10:46:51,990 DEBUG AlphaScanner.Data download_history(ticker=FINPIPE.NS, period=1y, interval=1d, use_cache=False)
2026-08-17 10:46:52,409 DEBUG AlphaScanner.Data download_history success for FINPIPE.NS rows=248 cols=['adj close', 'Close', 'High', 'Low', 'Open', 'Volume']
2026-08-17 10:46:52,410 DEBUG AlphaScanner.Data download_history(ticker=FIRSTCRY.NS, period=1y, interval=1d, use_cache=False)
2026-08-17 10:46:52,762 DEBUG AlphaScanner.Data download_history success for FIRSTCRY.NS rows=250 cols=['adj close', 'Close', 'High', 'Low', 'Open', 'Volume']
2026-08-17 10:46:52,764 DEBUG AlphaScanner.Data download_history(ticker=FSL.NS, period=1y, interval=1d, use_cache=False)
2026-08-17 10:46:53,169 DEBUG AlphaScanner.Data download_history success for FSL.NS rows=250 cols=['adj close', 'Close', 'High', 'Low', 'Open', 'Volume']
2026-08-17 10:46:53,170 DEBUG AlphaScanner.Data download_history(ticker=GAEL.NS, period=1y, interval=1d, use_cache=False)
2026-08-17 10:46:53,993 DEBUG AlphaScanner.Data download_history success for GAEL.NS rows=250 cols=['adj close', 'Close', 'High', 'Low', 'Open', 'Volume']
2026-08-17 10:46:53,995 DEBUG AlphaScanner.Data download_history(ticker=GESHIP.NS, period=1y, interval=1d, use_cache=False)
2026-08-17 10:46:54,832 DEBUG AlphaScanner.Data download_history success for GESHIP.NS rows=250 cols=['adj close', 'Close', 'High', 'Low', 'Open', 'Volume']
2026-08-17 10:46:54,838 DEBUG AlphaScanner.Data download_history(ticker=GNFC.NS, period=1y, interval=1d, use_cache=False)
2026-08-17 10:46:55,785 DEBUG AlphaScanner.Data download_history success for GNFC.NS rows=250 cols=['adj close', 'Close', 'High', 'Low', 'Open', 'Volume']
2026-08-17 10:46:55,786 DEBUG AlphaScanner.Data download_history(ticker=GODREJAGRO.NS, period=1y, interval=1d, use_cache=False)
2026-08-17 10:46:56,691 DEBUG AlphaScanner.Data download_history success for GODREJAGRO.NS rows=250 cols=['adj close', 'Close', 'High', 'Low', 'Open', 'Volume']
2026-08-17 10:46:56,692 DEBUG AlphaScanner.Data download_history(ticker=GOKEX.NS, period=1y, interval=1d, use_cache=False)
2026-08-17 10:46:57,581 DEBUG AlphaScanner.Data download_history success for GOKEX.NS rows=250 cols=['adj close', 'Close', 'High', 'Low', 'Open', 'Volume']
2026-08-17 10:46:57,583 DEBUG AlphaScanner.Data download_history(ticker=GOKULAGRO.NS, period=1y, interval=1d, use_cache=False)
2026-08-17 10:46:58,445 DEBUG AlphaScanner.Data download_history success for GOKULAGRO.NS rows=250 cols=['adj close', 'Close', 'High', 'Low', 'Open', 'Volume']
2026-08-17 10:46:58,447 DEBUG AlphaScanner.Data download_history(ticker=GPPL.NS, period=1y, interval=1d, use_cache=False)
2026-08-17 10:46:59,358 DEBUG AlphaScanner.Data download_history success for GPPL.NS rows=250 cols=['adj close', 'Close', 'High', 'Low', 'Open', 'Volume']
2026-08-17 10:46:59,360 DEBUG AlphaScanner.Data download_history(ticker=GRAPHITE.NS, period=1y, interval=1d, use_cache=False)
2026-08-17 10:46:59,801 DEBUG AlphaScanner.Data download_history success for GRAPHITE.NS rows=250 cols=['adj close', 'Close', 'High', 'Low', 'Open', 'Volume']
2026-08-17 10:46:59,802 DEBUG AlphaScanner.Data download_history(ticker=GRAVITA.NS, period=1y, interval=1d, use_cache=False)
2026-08-17 10:47:00,689 DEBUG AlphaScanner.Data download_history success for GRAVITA.NS rows=250 cols=['adj close', 'Close', 'High', 'Low', 'Open', 'Volume']
2026-08-17 10:47:00,690 DEBUG AlphaScanner.Data download_history(ticker=GREAVESCOT.NS, period=1y, interval=1d, use_cache=False)
2026-08-17 10:47:01,626 DEBUG AlphaScanner.Data download_history success for GREAVESCOT.NS rows=250 cols=['adj close', 'Close', 'High', 'Low', 'Open', 'Volume']
2026-08-17 10:47:01,628 DEBUG AlphaScanner.Data download_history(ticker=GRWRHITECH.NS, period=1y, interval=1d, use_cache=False)
2026-08-17 10:47:02,536 DEBUG AlphaScanner.Data download_history success for GRWRHITECH.NS rows=250 cols=['adj close', 'Close', 'High', 'Low', 'Open', 'Volume']
2026-08-17 10:47:02,537 DEBUG AlphaScanner.Data download_history(ticker=GSFC.NS, period=1y, interval=1d, use_cache=False)
2026-08-17 10:47:03,463 DEBUG AlphaScanner.Data download_history success for GSFC.NS rows=250 cols=['adj close', 'Close', 'High', 'Low', 'Open', 'Volume']
2026-08-17 10:47:03,464 DEBUG AlphaScanner.Data download_history(ticker=HAPPSTMNDS.NS, period=1y, interval=1d, use_cache=False)
2026-08-17 10:47:04,295 DEBUG AlphaScanner.Data download_history success for HAPPSTMNDS.NS rows=250 cols=['adj close', 'Close', 'High', 'Low', 'Open', 'Volume']
2026-08-17 10:47:04,296 DEBUG AlphaScanner.Data download_history(ticker=HBLENGINE.NS, period=1y, interval=1d, use_cache=False)
2026-08-17 10:47:05,112 DEBUG AlphaScanner.Data download_history success for HBLENGINE.NS rows=250 cols=['adj close', 'Close', 'High', 'Low', 'Open', 'Volume']
2026-08-17 10:47:05,114 DEBUG AlphaScanner.Data download_history(ticker=HCC.NS, period=1y, interval=1d, use_cache=False)
2026-08-17 10:47:06,021 DEBUG AlphaScanner.Data download_history success for HCC.NS rows=250 cols=['adj close', 'Close', 'High', 'Low', 'Open', 'Volume']
2026-08-17 10:47:06,027 DEBUG AlphaScanner.Data download_history(ticker=HONASA.NS, period=1y, interval=1d, use_cache=False)
2026-08-17 10:47:06,891 DEBUG AlphaScanner.Data download_history success for HONASA.NS rows=249 cols=['adj close', 'Close', 'High', 'Low', 'Open', 'Volume']
2026-08-17 10:47:06,892 DEBUG AlphaScanner.Data download_history(ticker=ICIL.NS, period=1y, interval=1d, use_cache=False)
2026-08-17 10:47:07,760 DEBUG AlphaScanner.Data download_history success for ICIL.NS rows=250 cols=['adj close', 'Close', 'High', 'Low', 'Open', 'Volume']
2026-08-17 10:47:07,762 DEBUG AlphaScanner.Data download_history(ticker=IEX.NS, period=1y, interval=1d, use_cache=False)
2026-08-17 10:47:08,679 DEBUG AlphaScanner.Data download_history success for IEX.NS rows=250 cols=['adj close', 'Close', 'High', 'Low', 'Open', 'Volume']
2026-08-17 10:47:08,680 DEBUG AlphaScanner.Data download_history(ticker=IFBIND.NS, period=1y, interval=1d, use_cache=False)
2026-08-17 10:47:09,586 DEBUG AlphaScanner.Data download_history success for IFBIND.NS rows=250 cols=['adj close', 'Close', 'High', 'Low', 'Open', 'Volume']
2026-08-17 10:47:09,587 DEBUG AlphaScanner.Data download_history(ticker=IGIL.NS, period=1y, interval=1d, use_cache=False)
2026-08-17 10:47:10,404 DEBUG AlphaScanner.Data download_history success for IGIL.NS rows=250 cols=['adj close', 'Close', 'High', 'Low', 'Open', 'Volume']
2026-08-17 10:47:10,406 DEBUG AlphaScanner.Data download_history(ticker=IIFLCAPS.NS, period=1y, interval=1d, use_cache=False)
2026-08-17 10:47:11,325 DEBUG AlphaScanner.Data download_history success for IIFLCAPS.NS rows=250 cols=['adj close', 'Close', 'High', 'Low', 'Open', 'Volume']
2026-08-17 10:47:11,326 DEBUG AlphaScanner.Data download_history(ticker=IMFA.NS, period=1y, interval=1d, use_cache=False)
2026-08-17 10:47:12,246 DEBUG AlphaScanner.Data download_history success for IMFA.NS rows=250 cols=['adj close', 'Close', 'High', 'Low', 'Open', 'Volume']
2026-08-17 10:47:12,248 DEBUG AlphaScanner.Data download_history(ticker=INDGN.NS, period=1y, interval=1d, use_cache=False)
2026-08-17 10:47:13,190 DEBUG AlphaScanner.Data download_history success for INDGN.NS rows=250 cols=['adj close', 'Close', 'High', 'Low', 'Open', 'Volume']
2026-08-17 10:47:13,194 DEBUG AlphaScanner.Data download_history(ticker=INDIAGLYCO.NS, period=1y, interval=1d, use_cache=False)
2026-08-17 10:47:14,107 DEBUG AlphaScanner.Data download_history success for INDIAGLYCO.NS rows=250 cols=['adj close', 'Close', 'High', 'Low', 'Open', 'Volume']
2026-08-17 10:47:14,108 DEBUG AlphaScanner.Data download_history(ticker=INDIASHLTR.NS, period=1y, interval=1d, use_cache=False)
2026-08-17 10:47:15,017 DEBUG AlphaScanner.Data download_history success for INDIASHLTR.NS rows=248 cols=['adj close', 'Close', 'High', 'Low', 'Open', 'Volume']
2026-08-17 10:47:15,019 DEBUG AlphaScanner.Data download_history(ticker=INDIGOPNTS.NS, period=1y, interval=1d, use_cache=False)
2026-08-17 10:47:15,810 DEBUG AlphaScanner.Data download_history success for INDIGOPNTS.NS rows=250 cols=['adj close', 'Close', 'High', 'Low', 'Open', 'Volume']
2026-08-17 10:47:15,811 DEBUG AlphaScanner.Data download_history(ticker=INOXINDIA.NS, period=1y, interval=1d, use_cache=False)
2026-08-17 10:47:16,619 DEBUG AlphaScanner.Data download_history success for INOXINDIA.NS rows=249 cols=['adj close', 'Close', 'High', 'Low', 'Open', 'Volume']
2026-08-17 10:47:16,620 DEBUG AlphaScanner.Data download_history(ticker=INOXWIND.NS, period=1y, interval=1d, use_cache=False)
2026-08-17 10:47:17,418 DEBUG AlphaScanner.Data download_history success for INOXWIND.NS rows=250 cols=['adj close', 'Close', 'High', 'Low', 'Open', 'Volume']
2026-08-17 10:47:17,420 DEBUG AlphaScanner.Data download_history(ticker=SCI.NS, period=1y, interval=1d, use_cache=False)
2026-08-17 10:47:18,314 DEBUG AlphaScanner.Data download_history success for SCI.NS rows=250 cols=['adj close', 'Close', 'High', 'Low', 'Open', 'Volume']
2026-08-17 10:47:18,315 DEBUG AlphaScanner.Data download_history(ticker=SENCO.NS, period=1y, interval=1d, use_cache=False)
2026-08-17 10:47:19,228 DEBUG AlphaScanner.Data download_history success for SENCO.NS rows=250 cols=['adj close', 'Close', 'High', 'Low', 'Open', 'Volume']
2026-08-17 10:47:19,229 DEBUG AlphaScanner.Data download_history(ticker=SFL.NS, period=1y, interval=1d, use_cache=False)
2026-08-17 10:47:20,053 DEBUG AlphaScanner.Data download_history success for SFL.NS rows=250 cols=['adj close', 'Close', 'High', 'Low', 'Open', 'Volume']
2026-08-17 10:47:20,055 DEBUG AlphaScanner.Data download_history(ticker=SHAILY.NS, period=1y, interval=1d, use_cache=False)
2026-08-17 10:47:20,880 DEBUG AlphaScanner.Data download_history success for SHAILY.NS rows=250 cols=['adj close', 'Close', 'High', 'Low', 'Open', 'Volume']
2026-08-17 10:47:20,881 DEBUG AlphaScanner.Data download_history(ticker=SHAKTIPUMP.NS, period=1y, interval=1d, use_cache=False)
2026-08-17 10:47:21,793 DEBUG AlphaScanner.Data download_history success for SHAKTIPUMP.NS rows=250 cols=['adj close', 'Close', 'High', 'Low', 'Open', 'Volume']
2026-08-17 10:47:21,794 DEBUG AlphaScanner.Data download_history(ticker=SHARDACROP.NS, period=1y, interval=1d, use_cache=False)
2026-08-17 10:47:22,713 DEBUG AlphaScanner.Data download_history success for SHARDACROP.NS rows=249 cols=['adj close', 'Close', 'High', 'Low', 'Open', 'Volume']
2026-08-17 10:47:22,715 DEBUG AlphaScanner.Data download_history(ticker=SHAREINDIA.NS, period=1y, interval=1d, use_cache=False)
2026-08-17 10:47:23,635 DEBUG AlphaScanner.Data download_history success for SHAREINDIA.NS rows=250 cols=['adj close', 'Close', 'High', 'Low', 'Open', 'Volume']
2026-08-17 10:47:23,636 DEBUG AlphaScanner.Data download_history(ticker=SHILPAMED.NS, period=1y, interval=1d, use_cache=False)
2026-08-17 10:47:24,562 DEBUG AlphaScanner.Data download_history success for SHILPAMED.NS rows=250 cols=['adj close', 'Close', 'High', 'Low', 'Open', 'Volume']
2026-08-17 10:47:24,564 DEBUG AlphaScanner.Data download_history(ticker=SIGNATURE.NS, period=1y, interval=1d, use_cache=False)
2026-08-17 10:47:25,466 DEBUG AlphaScanner.Data download_history success for SIGNATURE.NS rows=248 cols=['adj close', 'Close', 'High', 'Low', 'Open', 'Volume']
2026-08-17 10:47:25,467 DEBUG AlphaScanner.Data download_history(ticker=SKFINDIA.NS, period=1y, interval=1d, use_cache=False)
2026-08-17 10:47:26,286 DEBUG AlphaScanner.Data download_history success for SKFINDIA.NS rows=250 cols=['adj close', 'Close', 'High', 'Low', 'Open', 'Volume']
2026-08-17 10:47:26,288 DEBUG AlphaScanner.Data download_history(ticker=SKFINDUS.NS, period=1y, interval=1d, use_cache=False)
2026-08-17 10:47:27,224 DEBUG AlphaScanner.Data download_history success for SKFINDUS.NS rows=172 cols=['adj close', 'Close', 'High', 'Low', 'Open', 'Volume']
2026-08-17 10:47:27,226 DEBUG AlphaScanner.Data download_history(ticker=SKIPPER.NS, period=1y, interval=1d, use_cache=False)
2026-08-17 10:47:28,126 DEBUG AlphaScanner.Data download_history success for SKIPPER.NS rows=249 cols=['adj close', 'Close', 'High', 'Low', 'Open', 'Volume']
2026-08-17 10:47:28,128 DEBUG AlphaScanner.Data download_history(ticker=SKYGOLD.NS, period=1y, interval=1d, use_cache=False)
2026-08-17 10:47:28,931 DEBUG AlphaScanner.Data download_history success for SKYGOLD.NS rows=250 cols=['adj close', 'Close', 'High', 'Low', 'Open', 'Volume']
2026-08-17 10:47:28,933 DEBUG AlphaScanner.Data download_history(ticker=SMARTWORKS.NS, period=1y, interval=1d, use_cache=False)
2026-08-17 10:47:29,770 DEBUG AlphaScanner.Data download_history success for SMARTWORKS.NS rows=249 cols=['adj close', 'Close', 'High', 'Low', 'Open', 'Volume']
2026-08-17 10:47:29,772 DEBUG AlphaScanner.Data download_history(ticker=SMLMAH.NS, period=1y, interval=1d, use_cache=False)
2026-08-17 10:47:30,673 DEBUG AlphaScanner.Data download_history success for SMLMAH.NS rows=250 cols=['adj close', 'Close', 'High', 'Low', 'Open', 'Volume']
2026-08-17 10:47:30,675 DEBUG AlphaScanner.Data download_history(ticker=SOBHA.NS, period=1y, interval=1d, use_cache=False)
2026-08-17 10:47:31,497 DEBUG AlphaScanner.Data download_history success for SOBHA.NS rows=249 cols=['adj close', 'Close', 'High', 'Low', 'Open', 'Volume']
2026-08-17 10:47:31,499 DEBUG AlphaScanner.Data download_history(ticker=SOUTHBANK.NS, period=1y, interval=1d, use_cache=False)
2026-08-17 10:47:32,748 DEBUG AlphaScanner.Data download_history success for SOUTHBANK.NS rows=250 cols=['adj close', 'Close', 'High', 'Low', 'Open', 'Volume']
2026-08-17 10:47:32,749 DEBUG AlphaScanner.Data download_history(ticker=SPARC.NS, period=1y, interval=1d, use_cache=False)
2026-08-17 10:47:33,601 DEBUG AlphaScanner.Data download_history success for SPARC.NS rows=250 cols=['adj close', 'Close', 'High', 'Low', 'Open', 'Volume']
2026-08-17 10:47:33,603 DEBUG AlphaScanner.Data download_history(ticker=SPLPETRO.NS, period=1y, interval=1d, use_cache=False)
2026-08-17 10:47:34,485 DEBUG AlphaScanner.Data download_history success for SPLPETRO.NS rows=250 cols=['adj close', 'Close', 'High', 'Low', 'Open', 'Volume']
2026-08-17 10:47:34,487 DEBUG AlphaScanner.Data download_history(ticker=STAR.NS, period=1y, interval=1d, use_cache=False)
2026-08-17 10:47:35,403 DEBUG AlphaScanner.Data download_history success for STAR.NS rows=250 cols=['adj close', 'Close', 'High', 'Low', 'Open', 'Volume']
2026-08-17 10:47:35,404 DEBUG AlphaScanner.Data download_history(ticker=STARCEMENT.NS, period=1y, interval=1d, use_cache=False)
2026-08-17 10:47:36,325 DEBUG AlphaScanner.Data download_history success for STARCEMENT.NS rows=249 cols=['adj close', 'Close', 'High', 'Low', 'Open', 'Volume']
2026-08-17 10:47:36,326 DEBUG AlphaScanner.Data download_history(ticker=STYL.NS, period=1y, interval=1d, use_cache=False)
2026-08-17 10:47:37,249 DEBUG AlphaScanner.Data download_history success for STYL.NS rows=220 cols=['adj close', 'Close', 'High', 'Low', 'Open', 'Volume']
2026-08-17 10:47:37,250 DEBUG AlphaScanner.Data download_history(ticker=STYRENIX.NS, period=1y, interval=1d, use_cache=False)
2026-08-17 10:47:38,075 DEBUG AlphaScanner.Data download_history success for STYRENIX.NS rows=250 cols=['adj close', 'Close', 'High', 'Low', 'Open', 'Volume']
2026-08-17 10:47:38,080 DEBUG AlphaScanner.Data download_history(ticker=SUNTV.NS, period=1y, interval=1d, use_cache=False)
2026-08-17 10:47:38,916 DEBUG AlphaScanner.Data download_history success for SUNTV.NS rows=250 cols=['adj close', 'Close', 'High', 'Low', 'Open', 'Volume']
2026-08-17 10:47:38,918 DEBUG AlphaScanner.Data download_history(ticker=SUPRIYA.NS, period=1y, interval=1d, use_cache=False)
2026-08-17 10:47:39,814 DEBUG AlphaScanner.Data download_history success for SUPRIYA.NS rows=249 cols=['adj close', 'Close', 'High', 'Low', 'Open', 'Volume']
2026-08-17 10:47:39,822 DEBUG AlphaScanner.Data download_history(ticker=TATACHEM.NS, period=1y, interval=1d, use_cache=False)
2026-08-17 10:47:40,880 DEBUG AlphaScanner.Data download_history success for TATACHEM.NS rows=250 cols=['adj close', 'Close', 'High', 'Low', 'Open', 'Volume']
2026-08-17 10:47:40,894 DEBUG AlphaScanner.Data download_history(ticker=TRANSRAILL.NS, period=1y, interval=1d, use_cache=False)
2026-08-17 10:47:41,757 DEBUG AlphaScanner.Data download_history success for TRANSRAILL.NS rows=250 cols=['adj close', 'Close', 'High', 'Low', 'Open', 'Volume']
2026-08-17 10:47:41,764 DEBUG AlphaScanner.Data download_history(ticker=UJJIVANSFB.NS, period=1y, interval=1d, use_cache=False)
2026-08-17 10:47:42,576 DEBUG AlphaScanner.Data download_history success for UJJIVANSFB.NS rows=250 cols=['adj close', 'Close', 'High', 'Low', 'Open', 'Volume']
2026-08-17 10:47:42,669 DEBUG AlphaScanner.Engine Legacy scan reached evaluation phase after 205.99s
2026-08-17 10:47:42,750 DEBUG AlphaScanner.Engine Concatenated legacy data shape=(250, 1542)
2026-08-17 10:47:42,792 DEBUG AlphaScanner.Engine Post-align data shape=(246, 1542) benchmark_rows=246
2026-08-17 10:47:49,129 DEBUG AlphaScanner.Engine Legacy scan completed: hits=8 scanned=250 fail_counts={'trend_fail': 149, 'momentum_fail': 29, 'volume_fail': 0, 'breakout_fail': 31, 'rs_fail': 0, 'adx_fail': 0, 'liquidity_fail': 17, 'error_fail': 7}
2026-08-17 10:47:49,130 INFO AlphaScanner.Engine Legacy scan total elapsed 212.45s for universe=Total Market (Cap Focused) timeframe=1d
2026-08-17 10:47:49,150 INFO AlphaScanner.Service Legacy scan finished in 212.47s for universe=Total Market (Cap Focused) interval=1d scanner_type=Pre-Breakout
2026-08-17 10:47:49,151 DEBUG AlphaScanner.Service perform_fresh_scan completed: rows=8 stats_keys=['adx_fail', 'bank_nifty_change', 'bb_fail', 'breakout_fail', 'dii_net', 'error_fail', 'fakeout_trap', 'fii_net', 'liquidity_fail', 'macd_fail', 'market_bias', 'market_bias_score', 'market_breadth_50', 'market_health', 'momentum_fail', 'nifty_change', 'rs_fail', 'scanned', 'scanner_type', 'sector_sentiment', 'timeframe', 'trend_fail', 'trending_sectors', 'universe', 'universe_size', 'volume_fail']
2026-08-17 10:47:49,151 DEBUG AlphaScanner.Service perform_fresh_scan total elapsed=212.47s
